;FLAVOR:Marlin
;TIME:2288
;Filament used: 1.06856m
;Layer height: 0.1
;MINX:62.932
;MINY:91.4
;MINZ:0.3
;MAXX:137.068
;MAXY:108.6
;MAXZ:7
;Generated with Cura_SteamEngine 4.4.1
M140 S70
M105
M190 S70
M104 S190
M105
M109 S190
M82 ;absolute extrusion mode
G28 ;Home
G1 Z15.0 F6000 ;Move the platform down 15mm
;Prime the extruder
G92 E0
G1 F200 E3
G92 E0
G92 E0
G92 E0
G1 F1500 E-6.5
;LAYER_COUNT:68
;LAYER:0
M107
G0 F3600 X66.665 Y92.917 Z0.3
;TYPE:SKIRT
G1 F1500 E0
G1 X67.326 Y92.517 E0.03855
G1 X67.432 Y92.455 E0.04467
G1 X67.659 Y92.328 E0.05765
G1 X68.237 Y92.069 E0.08925
G1 X68.972 Y91.814 E0.12806
G1 X69.087 Y91.776 E0.1341
G1 X69.342 Y91.697 E0.14742
G1 X69.962 Y91.564 E0.17906
G1 X70.732 Y91.468 E0.21777
G1 X70.85 Y91.455 E0.22369
G1 X71.179 Y91.425 E0.24018
G1 X71.382 Y91.412 E0.25032
G1 X71.614 Y91.404 E0.26191
G1 X71.705 Y91.402 E0.26645
G1 X71.923 Y91.4 E0.27732
G1 X127.593 Y91.4 E3.05471
G1 X128.299 Y91.41 E3.08994
G1 X128.498 Y91.419 E3.09988
G1 X129.145 Y91.464 E3.13223
G1 X129.249 Y91.472 E3.13744
G1 X129.876 Y91.534 E3.16887
G1 X130.582 Y91.677 E3.20481
G1 X131.176 Y91.86 E3.23582
G1 X131.275 Y91.892 E3.24101
G1 X131.631 Y92.013 E3.25977
G1 X132.209 Y92.268 E3.29128
G1 X132.888 Y92.642 E3.32996
G1 X132.996 Y92.703 E3.33615
G1 X133.234 Y92.845 E3.34997
G1 X133.744 Y93.214 E3.38138
G1 X134.335 Y93.725 E3.42036
G1 X134.421 Y93.802 E3.42612
G1 X134.601 Y93.968 E3.43833
G1 X135.031 Y94.442 E3.47026
G1 X135.516 Y95.083 E3.51036
G1 X135.589 Y95.183 E3.51654
G1 X135.734 Y95.389 E3.52911
G1 X136.05 Y95.935 E3.56058
G1 X136.38 Y96.64 E3.59942
G1 X136.42 Y96.728 E3.60424
G1 X136.525 Y96.969 E3.61735
G1 X136.731 Y97.59 E3.65
G1 X136.905 Y98.337 E3.68826
G1 X136.929 Y98.445 E3.69378
G1 X136.982 Y98.709 E3.70722
G1 X137.051 Y99.344 E3.73908
G1 X137.067 Y100.125 E3.77805
G1 X137.068 Y100.255 E3.78454
G1 X137.064 Y100.512 E3.79736
G1 X137 Y101.133 E3.82851
G1 X136.849 Y101.922 E3.86859
G1 X136.823 Y102.045 E3.87486
G1 X136.766 Y102.295 E3.88765
G1 X136.571 Y102.898 E3.91927
G1 X136.285 Y103.574 E3.95589
G1 X136.245 Y103.666 E3.9609
G1 X136.119 Y103.942 E3.97603
G1 X135.796 Y104.508 E4.00854
G1 X135.352 Y105.144 E4.04724
G1 X135.294 Y105.225 E4.05221
G1 X135.143 Y105.429 E4.06487
G1 X134.711 Y105.913 E4.09724
G1 X134.119 Y106.468 E4.13773
G1 X134.013 Y106.564 E4.14486
G1 X133.827 Y106.725 E4.15713
G1 X133.335 Y107.083 E4.18749
G1 X132.674 Y107.483 E4.22604
G1 X132.568 Y107.545 E4.23216
G1 X132.341 Y107.672 E4.24514
G1 X131.763 Y107.931 E4.27674
G1 X131.028 Y108.186 E4.31555
G1 X130.913 Y108.224 E4.32159
G1 X130.658 Y108.303 E4.33491
G1 X130.038 Y108.436 E4.36655
G1 X129.268 Y108.532 E4.40526
G1 X129.15 Y108.545 E4.41118
G1 X128.821 Y108.575 E4.42767
G1 X128.618 Y108.588 E4.43781
G1 X128.386 Y108.596 E4.4494
G1 X128.295 Y108.598 E4.45394
G1 X128.077 Y108.6 E4.46481
G1 X72.407 Y108.6 E7.2422
G1 X71.702 Y108.59 E7.27738
G1 X71.504 Y108.581 E7.28727
G1 X70.856 Y108.536 E7.31967
G1 X70.759 Y108.528 E7.32453
G1 X70.127 Y108.467 E7.3562
G1 X69.4 Y108.32 E7.39321
G1 X68.811 Y108.136 E7.42399
G1 X68.725 Y108.108 E7.42851
G1 X68.369 Y107.987 E7.44727
G1 X67.791 Y107.732 E7.47878
G1 X67.112 Y107.358 E7.51746
G1 X67.004 Y107.297 E7.52365
G1 X66.766 Y107.155 E7.53747
G1 X66.256 Y106.786 E7.56888
G1 X65.665 Y106.275 E7.60786
G1 X65.579 Y106.198 E7.61362
G1 X65.398 Y106.031 E7.6259
G1 X64.968 Y105.557 E7.65783
G1 X64.48 Y104.912 E7.69818
G1 X64.406 Y104.81 E7.70447
G1 X64.264 Y104.608 E7.71679
G1 X63.948 Y104.062 E7.74826
G1 X63.619 Y103.358 E7.78703
G1 X63.578 Y103.268 E7.79196
G1 X63.472 Y103.024 E7.80524
G1 X63.268 Y102.405 E7.83775
G1 X63.095 Y101.661 E7.87586
G1 X63.071 Y101.555 E7.88128
G1 X63.018 Y101.291 E7.89472
G1 X62.949 Y100.656 E7.92658
G1 X62.933 Y99.873 E7.96566
G1 X62.932 Y99.743 E7.97214
G1 X62.936 Y99.488 E7.98487
G1 X63.001 Y98.865 E8.01612
G1 X63.156 Y98.058 E8.05711
G1 X63.181 Y97.935 E8.06338
G1 X63.234 Y97.703 E8.07525
G1 X63.429 Y97.102 E8.10677
G1 X63.715 Y96.426 E8.14339
G1 X63.755 Y96.334 E8.1484
G1 X63.881 Y96.058 E8.16353
G1 X64.205 Y95.49 E8.19616
G1 X64.658 Y94.842 E8.2356
G1 X64.715 Y94.764 E8.24042
G1 X64.857 Y94.572 E8.25234
G1 X65.289 Y94.087 E8.28474
G1 X65.881 Y93.532 E8.32522
G1 X65.987 Y93.436 E8.33236
G1 X66.173 Y93.275 E8.34463
G1 X66.665 Y92.917 E8.37499
G0 F3600 X66.872 Y93.259
G1 F1500 X67.533 Y92.859 E8.41353
G1 X67.628 Y92.804 E8.41901
G1 X67.855 Y92.677 E8.43199
G1 X68.368 Y92.447 E8.46004
G1 X69.103 Y92.192 E8.49885
G1 X69.205 Y92.158 E8.50421
G1 X69.46 Y92.079 E8.51753
G1 X70.011 Y91.961 E8.54564
G1 X70.781 Y91.865 E8.58436
G1 X70.886 Y91.853 E8.58963
G1 X71.215 Y91.823 E8.60611
G1 X71.396 Y91.812 E8.61516
G1 X71.628 Y91.804 E8.62674
G1 X71.709 Y91.802 E8.63078
G1 X71.927 Y91.8 E8.64166
G1 X127.587 Y91.8 E11.41855
G1 X128.293 Y91.81 E11.45377
G1 X128.47 Y91.818 E11.46261
G1 X129.117 Y91.863 E11.49497
G1 X129.21 Y91.871 E11.49963
G1 X129.837 Y91.933 E11.53106
G1 X130.464 Y92.059 E11.56297
G1 X131.058 Y92.242 E11.59398
G1 X131.146 Y92.27 E11.59858
G1 X131.502 Y92.391 E11.61734
G1 X132.016 Y92.618 E11.64538
G1 X132.695 Y92.992 E11.68405
G1 X132.791 Y93.047 E11.68957
G1 X133.029 Y93.189 E11.7034
G1 X133.482 Y93.516 E11.73127
G1 X134.073 Y94.027 E11.77025
G1 X134.149 Y94.096 E11.77537
G1 X134.329 Y94.262 E11.78759
G1 X134.712 Y94.683 E11.81598
G1 X135.197 Y95.324 E11.85608
G1 X135.262 Y95.413 E11.86158
G1 X135.407 Y95.619 E11.87415
G1 X135.688 Y96.104 E11.90211
G1 X136.018 Y96.809 E11.94095
G1 X136.054 Y96.888 E11.94528
G1 X136.159 Y97.129 E11.95839
G1 X136.342 Y97.681 E11.98741
G1 X136.516 Y98.428 E12.02567
G1 X136.536 Y98.524 E12.03057
G1 X136.589 Y98.788 E12.044
G1 X136.651 Y99.352 E12.07231
G1 X136.667 Y100.133 E12.11128
G1 X136.668 Y100.249 E12.11707
G1 X136.664 Y100.506 E12.12989
G1 X136.607 Y101.058 E12.15758
G1 X136.456 Y101.847 E12.19765
G1 X136.433 Y101.956 E12.20321
G1 X136.376 Y102.206 E12.216
G1 X136.203 Y102.742 E12.2441
G1 X135.917 Y103.418 E12.28072
G1 X135.881 Y103.5 E12.28519
G1 X135.755 Y103.776 E12.30033
G1 X135.468 Y104.279 E12.32922
G1 X135.024 Y104.915 E12.36792
G1 X134.972 Y104.987 E12.37235
G1 X134.821 Y105.191 E12.38501
G1 X134.438 Y105.622 E12.41378
G1 X133.846 Y106.177 E12.45426
G1 X133.751 Y106.261 E12.46059
G1 X133.565 Y106.422 E12.47286
G1 X133.128 Y106.741 E12.49985
G1 X132.467 Y107.141 E12.5384
G1 X132.372 Y107.196 E12.54388
G1 X132.145 Y107.323 E12.55685
G1 X131.632 Y107.553 E12.5849
G1 X130.897 Y107.808 E12.62372
G1 X130.795 Y107.842 E12.62908
G1 X130.54 Y107.921 E12.6424
G1 X129.989 Y108.039 E12.67051
G1 X129.219 Y108.135 E12.70922
G1 X129.114 Y108.147 E12.7145
G1 X128.785 Y108.177 E12.73098
G1 X128.604 Y108.188 E12.74003
G1 X128.372 Y108.196 E12.75161
G1 X128.291 Y108.198 E12.75565
G1 X128.073 Y108.2 E12.76653
G1 X72.413 Y108.2 E15.54341
G1 X71.708 Y108.19 E15.57859
G1 X71.531 Y108.182 E15.58743
G1 X70.883 Y108.137 E15.61984
G1 X70.798 Y108.13 E15.62409
G1 X70.166 Y108.069 E15.65577
G1 X69.519 Y107.938 E15.6887
G1 X68.93 Y107.754 E15.71949
G1 X68.854 Y107.73 E15.72346
G1 X68.498 Y107.609 E15.74222
G1 X67.984 Y107.382 E15.77026
G1 X67.305 Y107.008 E15.80893
G1 X67.209 Y106.953 E15.81445
G1 X66.971 Y106.811 E15.82828
G1 X66.518 Y106.484 E15.85615
G1 X65.927 Y105.973 E15.89513
G1 X65.85 Y105.904 E15.90029
G1 X65.669 Y105.737 E15.91257
G1 X65.287 Y105.316 E15.94094
G1 X64.799 Y104.671 E15.98129
G1 X64.733 Y104.58 E15.9869
G1 X64.591 Y104.378 E15.99921
G1 X64.31 Y103.893 E16.02718
G1 X63.981 Y103.189 E16.06595
G1 X63.945 Y103.109 E16.07032
G1 X63.839 Y102.865 E16.0836
G1 X63.657 Y102.315 E16.1125
G1 X63.484 Y101.571 E16.15061
G1 X63.464 Y101.476 E16.15545
G1 X63.411 Y101.212 E16.16889
G1 X63.349 Y100.647 E16.19724
G1 X63.333 Y99.864 E16.23631
G1 X63.332 Y99.749 E16.24205
G1 X63.336 Y99.494 E16.25478
G1 X63.393 Y98.94 E16.28256
G1 X63.548 Y98.133 E16.32356
G1 X63.571 Y98.024 E16.32912
G1 X63.624 Y97.792 E16.34099
G1 X63.797 Y97.258 E16.36899
G1 X64.083 Y96.582 E16.40561
G1 X64.119 Y96.5 E16.41008
G1 X64.245 Y96.224 E16.42522
G1 X64.533 Y95.72 E16.45418
G1 X64.986 Y95.072 E16.49362
G1 X65.036 Y95.002 E16.49792
G1 X65.178 Y94.81 E16.50983
G1 X65.562 Y94.378 E16.53867
G1 X66.154 Y93.823 E16.57915
G1 X66.249 Y93.739 E16.58548
G1 X66.435 Y93.578 E16.59775
G1 X66.872 Y93.259 E16.62474
G0 F3600 X79.4 Y97.9
;TYPE:SUPPORT
G1 F1500 X120.6 Y97.9 E18.68022
G1 X120.6 Y102.1 E18.88976
G1 X79.4 Y102.1 E20.94523
G1 X79.4 Y97.9 E21.15477
G0 F3600 X80.01 Y98.06
G1 F1500 X80.01 Y101.94 E21.34835
G0 F3600 X79.56 Y101.346
G1 F1500 X120.44 Y101.346 E23.38786
G0 F3600 X120.015 Y101.94
G1 F1500 X120.015 Y98.06 E23.58143
G0 F3600 X120.44 Y98.679
G1 F1500 X79.56 Y98.679 E25.62094
G0 F3600 X82.677 Y98.06
G1 F1500 X82.677 Y101.94 E25.81452
G0 F3600 X85.344 Y101.94
G1 F1500 X85.344 Y98.06 E26.00809
G0 F3600 X88.011 Y98.06
G1 F1500 X88.011 Y101.94 E26.20167
G0 F3600 X90.678 Y101.94
G1 F1500 X90.678 Y98.06 E26.39524
G0 F3600 X93.345 Y98.06
G1 F1500 X93.345 Y101.94 E26.58881
G0 F3600 X96.012 Y101.94
G1 F1500 X96.012 Y98.06 E26.78239
G0 F3600 X98.679 Y98.06
G1 F1500 X98.679 Y101.94 E26.97596
G0 F3600 X101.346 Y101.94
G1 F1500 X101.346 Y98.06 E27.16954
G0 F3600 X104.013 Y98.06
G1 F1500 X104.013 Y101.94 E27.36311
G0 F3600 X106.68 Y101.94
G1 F1500 X106.68 Y98.06 E27.55668
G0 F3600 X109.347 Y98.06
G1 F1500 X109.347 Y101.94 E27.75026
G0 F3600 X112.014 Y101.94
G1 F1500 X112.014 Y98.06 E27.94383
G0 F3600 X114.681 Y98.06
G1 F1500 X114.681 Y101.94 E28.13741
G0 F3600 X117.348 Y101.94
G1 F1500 X117.348 Y98.06 E28.33098
G1 F1500 E21.83098
;MESH:reed_holder.stl
G0 F3600 X120.835 Y98.06
G0 X122.1 Y98.06
G0 X128.985 Y97.851
G0 X128.964 Y97.948
;TYPE:WALL-INNER
G1 F1500 E28.33098
G1 X128.465 Y97.9 E28.35599
G1 X127.998 Y97.96 E28.37948
G1 X127.557 Y98.122 E28.40292
G1 X127.163 Y98.379 E28.42639
G1 X126.835 Y98.717 E28.44989
G1 X126.592 Y99.121 E28.47341
G1 X126.446 Y99.562 E28.49658
G1 X126.396 Y100 E28.51858
G1 X126.45 Y100.469 E28.54213
G1 X126.605 Y100.913 E28.56559
G1 X126.855 Y101.311 E28.58904
G1 X127.189 Y101.645 E28.61261
G1 X127.587 Y101.895 E28.63605
G1 X128.031 Y102.05 E28.65952
G1 X128.5 Y102.104 E28.68307
G1 X128.969 Y102.05 E28.70662
G1 X129.413 Y101.895 E28.73008
G1 X129.811 Y101.645 E28.75353
G1 X130.145 Y101.311 E28.7771
G1 X130.395 Y100.913 E28.80055
G1 X130.55 Y100.469 E28.82401
G1 X130.604 Y100 E28.84756
G1 X130.55 Y99.531 E28.87112
G1 X130.395 Y99.087 E28.89458
G1 X130.145 Y98.689 E28.91803
G1 X129.811 Y98.355 E28.94159
G1 X129.413 Y98.105 E28.96504
G1 X128.964 Y97.948 E28.98877
G0 F3600 X128.985 Y97.851
G0 X130.245 Y96.073
G0 X130.285 Y95.982
G1 F1500 X131.084 Y96.443 E29.03479
G1 X131.768 Y97.059 E29.08072
G1 X132.308 Y97.802 E29.12654
G1 X132.681 Y98.64 E29.1723
G1 X132.873 Y99.541 E29.21826
G1 X132.873 Y100.459 E29.26406
G1 X132.681 Y101.36 E29.31002
G1 X132.308 Y102.198 E29.35579
G1 X131.768 Y102.941 E29.40161
G1 X131.084 Y103.557 E29.44753
G1 X130.285 Y104.018 E29.49356
G1 X129.418 Y104.3 E29.53904
G1 X128.466 Y104.4 E29.5868
G1 X71.778 Y104.4 E32.41497
G1 X70.577 Y104.299 E32.4751
G1 X69.715 Y104.018 E32.52034
G1 X68.916 Y103.557 E32.56636
G1 X68.232 Y102.941 E32.61228
G1 X67.692 Y102.198 E32.65811
G1 X67.319 Y101.36 E32.70387
G1 X67.127 Y100.459 E32.74983
G1 X67.127 Y99.541 E32.79563
G1 X67.319 Y98.64 E32.84159
G1 X67.692 Y97.802 E32.88735
G1 X68.232 Y97.059 E32.93317
G1 X68.916 Y96.443 E32.9791
G1 X69.715 Y95.982 E33.02512
G1 X70.582 Y95.7 E33.0706
G1 X71.534 Y95.6 E33.11836
G1 X128.222 Y95.6 E35.94654
G1 X129.423 Y95.701 E36.00667
G1 X130.285 Y95.982 E36.0519
G0 F3600 X130.245 Y96.073
G0 X122.13 Y101.82
G0 X122.128 Y103.628
G0 X77.83 Y103.67
G0 X77.9 Y103.6
G1 F1500 X122.1 Y103.6 E38.25705
G1 X122.1 Y96.4 E38.61626
G1 X77.9 Y96.4 E40.8214
G1 X77.9 Y103.6 E41.18061
G0 F3600 X77.83 Y103.67
G0 X72.835 Y98.324
G0 X72.06 Y97.94
G0 X70.967 Y97.862
G0 X70.991 Y97.958
G1 F1500 X70.492 Y98.156 E41.2074
G1 X70.078 Y98.452 E41.23279
G1 X69.749 Y98.838 E41.25809
G1 X69.522 Y99.29 E41.28332
G1 X69.41 Y99.783 E41.30855
G1 X69.418 Y100.29 E41.33384
G1 X69.549 Y100.781 E41.3592
G1 X69.793 Y101.224 E41.38443
G1 X70.134 Y101.597 E41.40964
G1 X70.558 Y101.878 E41.43502
G1 X71.029 Y102.047 E41.45999
G1 X71.497 Y102.104 E41.48351
G1 X71.969 Y102.05 E41.50721
G1 X72.413 Y101.895 E41.53067
G1 X72.811 Y101.645 E41.55412
G1 X73.145 Y101.311 E41.57769
G1 X73.395 Y100.913 E41.60113
G1 X73.55 Y100.469 E41.6246
G1 X73.604 Y100 E41.64815
G1 X73.55 Y99.531 E41.6717
G1 X73.395 Y99.087 E41.69516
G1 X73.145 Y98.689 E41.71861
G1 X72.811 Y98.355 E41.74218
G1 X72.413 Y98.105 E41.76563
G1 X71.964 Y97.947 E41.78937
G1 X71.464 Y97.9 E41.81443
G1 X70.991 Y97.958 E41.8382
G0 F3600 X71.091 Y98.349
;TYPE:WALL-OUTER
G1 F1500 X70.685 Y98.51 E41.85999
G1 X70.351 Y98.749 E41.88048
G1 X70.085 Y99.061 E41.90094
G1 X69.901 Y99.426 E41.92133
G1 X69.811 Y99.825 E41.94174
G1 X69.817 Y100.235 E41.9622
G1 X69.923 Y100.631 E41.98265
G1 X70.12 Y100.989 E42.00303
G1 X70.396 Y101.291 E42.02345
G1 X70.738 Y101.518 E42.04392
G1 X71.122 Y101.655 E42.06426
G1 X71.499 Y101.701 E42.08321
G1 X71.879 Y101.658 E42.10229
G1 X72.238 Y101.532 E42.12127
G1 X72.56 Y101.33 E42.14024
G1 X72.83 Y101.06 E42.15929
G1 X73.032 Y100.738 E42.17825
G1 X73.158 Y100.379 E42.19723
G1 X73.201 Y100 E42.21626
G1 X73.158 Y99.621 E42.23529
G1 X73.032 Y99.262 E42.25427
G1 X72.83 Y98.94 E42.27324
G1 X72.56 Y98.67 E42.29229
G1 X72.238 Y98.468 E42.31125
G1 X71.877 Y98.341 E42.33034
G1 X71.47 Y98.302 E42.35074
G1 X71.091 Y98.349 E42.3698
G0 F3600 X70.905 Y98.422
G0 X70.722 Y97.957
G0 X71.972 Y97.908
G0 X72.757 Y98.275
G0 X77.8 Y103.2
G0 X78.3 Y103.2
G1 F1500 X121.7 Y103.2 E44.53503
G1 X121.7 Y96.8 E44.85433
G1 X78.3 Y96.8 E47.01956
G1 X78.3 Y103.2 E47.33886
G0 F3600 X78.5 Y103.2
G0 X78.5 Y103.7
G0 X122.128 Y103.628
G0 X122.139 Y98.631
G0 X128.925 Y97.845
G0 X128.877 Y98.341
G1 F1500 X128.472 Y98.302 E47.35916
G1 X128.094 Y98.351 E47.37818
G1 X127.738 Y98.482 E47.3971
G1 X127.419 Y98.69 E47.4161
G1 X127.154 Y98.963 E47.43508
G1 X126.958 Y99.289 E47.45406
G1 X126.839 Y99.648 E47.47293
G1 X126.799 Y100 E47.4906
G1 X126.842 Y100.379 E47.50963
G1 X126.968 Y100.738 E47.52861
G1 X127.17 Y101.06 E47.54758
G1 X127.44 Y101.33 E47.56663
G1 X127.762 Y101.532 E47.58559
G1 X128.121 Y101.658 E47.60457
G1 X128.5 Y101.701 E47.6236
G1 X128.879 Y101.658 E47.64263
G1 X129.238 Y101.532 E47.66161
G1 X129.56 Y101.33 E47.68058
G1 X129.83 Y101.06 E47.69963
G1 X130.032 Y100.738 E47.71859
G1 X130.158 Y100.379 E47.73757
G1 X130.201 Y100 E47.7566
G1 X130.158 Y99.621 E47.77563
G1 X130.032 Y99.262 E47.79462
G1 X129.83 Y98.94 E47.81358
G1 X129.56 Y98.67 E47.83263
G1 X129.238 Y98.468 E47.85159
G1 X128.877 Y98.341 E47.87069
G0 F3600 X128.678 Y98.322
G0 X128.726 Y97.826
G0 X130.245 Y96.073
G0 X130.452 Y95.616
G1 F1500 X131.319 Y96.116 E47.92062
G1 X132.068 Y96.791 E47.97092
G1 X132.655 Y97.599 E48.02075
G1 X133.063 Y98.516 E48.07082
G1 X133.273 Y99.5 E48.12102
G1 X133.273 Y100.5 E48.17091
G1 X133.063 Y101.484 E48.22111
G1 X132.655 Y102.401 E48.27118
G1 X132.068 Y103.209 E48.32101
G1 X131.319 Y103.884 E48.37131
G1 X130.452 Y104.384 E48.42124
G1 X129.499 Y104.694 E48.47124
G1 X128.489 Y104.8 E48.5219
G1 X71.756 Y104.8 E51.35233
G1 X70.5 Y104.694 E51.41521
G1 X69.548 Y104.384 E51.46516
G1 X68.681 Y103.884 E51.51509
G1 X67.932 Y103.209 E51.5654
G1 X67.345 Y102.401 E51.61522
G1 X66.937 Y101.484 E51.6653
G1 X66.727 Y100.5 E51.71549
G1 X66.727 Y99.5 E51.76538
G1 X66.937 Y98.516 E51.81558
G1 X67.345 Y97.599 E51.86565
G1 X67.932 Y96.791 E51.91548
G1 X68.681 Y96.116 E51.96578
G1 X69.548 Y95.616 E52.01572
G1 X70.501 Y95.306 E52.06571
G1 X71.511 Y95.2 E52.11638
G1 X128.244 Y95.2 E54.9468
G1 X129.5 Y95.306 E55.00968
G1 X130.452 Y95.616 E55.05963
G0 F3600 X130.625 Y95.716
G0 X130.125 Y96.341
;TYPE:SKIN
G1 F1500 X130.854 Y96.76 E55.10158
G1 X131.474 Y97.319 E55.14323
G1 X131.969 Y98 E55.18523
G1 X132.307 Y98.76 E55.22673
G1 X132.483 Y99.585 E55.26882
G1 X132.483 Y100.415 E55.31023
G1 X132.307 Y101.24 E55.35231
G1 X131.969 Y102 E55.39381
G1 X131.474 Y102.681 E55.43581
G1 X130.854 Y103.24 E55.47746
G1 X130.125 Y103.659 E55.51941
G1 X129.336 Y103.916 E55.56081
G1 X128.445 Y104.01 E55.60551
G1 X71.787 Y104.01 E58.43219
G1 X70.658 Y103.915 E58.48871
G1 X69.875 Y103.659 E58.52981
G1 X69.146 Y103.24 E58.57176
G1 X68.526 Y102.681 E58.61341
G1 X68.031 Y102 E58.65541
G1 X67.693 Y101.24 E58.69691
G1 X67.517 Y100.415 E58.73899
G1 X67.517 Y99.585 E58.7804
G1 X67.693 Y98.76 E58.82249
G1 X68.031 Y98 E58.86398
G1 X68.526 Y97.319 E58.90599
G1 X69.146 Y96.76 E58.94763
G1 X69.875 Y96.341 E58.98958
G1 X70.664 Y96.084 E59.03098
G1 X71.555 Y95.99 E59.07568
G1 X128.213 Y95.99 E61.90236
G1 X129.342 Y96.085 E61.95889
G1 X130.125 Y96.341 E61.99998
G0 F3600 X129.583 Y97.752
G1 F1500 X129.048 Y97.564 E62.02828
G1 X128.459 Y97.508 E62.05779
G1 X127.905 Y97.579 E62.08566
G1 X127.381 Y97.771 E62.1135
G1 X126.914 Y98.076 E62.14133
G1 X126.523 Y98.477 E62.16927
G1 X126.235 Y98.957 E62.1972
G1 X126.063 Y99.478 E62.22457
G1 X126.004 Y100 E62.25078
G1 X126.068 Y100.557 E62.27875
G1 X126.252 Y101.083 E62.30655
G1 X126.549 Y101.555 E62.33437
G1 X126.945 Y101.951 E62.36231
G1 X127.417 Y102.248 E62.39014
G1 X127.943 Y102.432 E62.41794
G1 X128.5 Y102.496 E62.44591
G1 X129.057 Y102.432 E62.47388
G1 X129.583 Y102.248 E62.50168
G1 X130.055 Y101.951 E62.5295
G1 X130.451 Y101.555 E62.55744
G1 X130.748 Y101.083 E62.58527
G1 X130.932 Y100.557 E62.61307
G1 X130.996 Y100 E62.64104
G1 X130.932 Y99.443 E62.66901
G1 X130.748 Y98.917 E62.69681
G1 X130.451 Y98.445 E62.72464
G1 X130.055 Y98.049 E62.75258
G1 X129.583 Y97.752 E62.7804
G0 F3600 X122.49 Y96.01
G1 F1500 X77.51 Y96.01 E65.02446
G1 X77.51 Y103.99 E65.42258
G1 X122.49 Y103.99 E67.66664
G1 X122.49 Y96.01 E68.06477
G0 F3600 X77.872 Y96.372
G0 X73.996 Y100
G1 F1500 X73.932 Y99.443 E68.09274
G1 X73.748 Y98.917 E68.12054
G1 X73.451 Y98.445 E68.14836
G1 X73.055 Y98.049 E68.1763
G1 X72.583 Y97.752 E68.20413
G1 X72.048 Y97.563 E68.23243
G1 X71.458 Y97.508 E68.262
G1 X70.894 Y97.577 E68.29034
G1 X70.304 Y97.811 E68.32201
G1 X69.813 Y98.163 E68.35215
G1 X69.422 Y98.621 E68.38219
G1 X69.152 Y99.157 E68.41214
G1 X69.02 Y99.742 E68.44206
G1 X69.028 Y100.344 E68.47209
G1 X69.184 Y100.927 E68.5022
G1 X69.473 Y101.452 E68.5321
G1 X69.879 Y101.895 E68.56208
G1 X70.382 Y102.229 E68.5922
G1 X70.939 Y102.429 E68.62173
G1 X71.495 Y102.496 E68.64967
G1 X72.057 Y102.432 E68.67789
G1 X72.583 Y102.248 E68.70569
G1 X73.055 Y101.951 E68.73351
G1 X73.451 Y101.555 E68.76145
G1 X73.748 Y101.083 E68.78927
G1 X73.932 Y100.557 E68.81708
G1 X73.996 Y100 E68.84505
G0 F3600 X73.176 Y101.335
G0 X72.43 Y101.931
G0 X71.497 Y102.144
G0 X69.476 Y101.72
G1 F1500 X67.696 Y99.941 E68.9706
G0 F3600 X67.737 Y99.415
G1 F1500 X68.905 Y100.583 E69.05301
G0 F3600 X68.843 Y99.955
G1 F1500 X67.836 Y98.949 E69.12402
G0 F3600 X67.989 Y98.536
G1 F1500 X68.902 Y99.449 E69.18844
G0 F3600 X69.026 Y99.007
G1 F1500 X68.163 Y98.145 E69.24929
G0 F3600 X68.392 Y97.808
G1 F1500 X69.215 Y98.63 E69.30733
G0 F3600 X69.454 Y98.304
G1 F1500 X68.63 Y97.48 E69.36546
G0 F3600 X68.92 Y97.205
G1 F1500 X69.721 Y98.005 E69.42194
G0 F3600 X70.05 Y97.769
G1 F1500 X69.218 Y96.937 E69.48065
G0 F3600 X69.57 Y96.723
G1 F1500 X70.418 Y97.571 E69.54048
G0 F3600 X70.824 Y97.411
G1 F1500 X69.93 Y96.517 E69.60355
G0 F3600 X70.352 Y96.374
G1 F1500 X71.32 Y97.342 E69.67185
G0 F3600 X71.912 Y97.368
G1 F1500 X70.794 Y96.25 E69.75073
G0 F3600 X71.306 Y96.196
G1 F1500 X72.76 Y97.65 E69.85332
G1 X72.83 Y97.72
G0 F3600 X72.976 Y96.169
G1 F1500 X77.33 Y100.523 E70.16052
G0 F3600 X77.33 Y99.958
G1 F1500 X73.541 Y96.169 E70.42785
G0 F3600 X74.107 Y96.169
G1 F1500 X77.33 Y99.392 E70.65525
G0 F3600 X77.33 Y98.826
G1 F1500 X74.673 Y96.169 E70.84272
G0 F3600 X75.238 Y96.169
G1 F1500 X77.33 Y98.26 E70.99028
G0 F3600 X77.33 Y97.695
G1 F1500 X75.804 Y96.169 E71.09795
G0 F3600 X76.37 Y96.169
G1 F1500 X77.33 Y97.129 E71.16568
G0 F3600 X77.33 Y96.563
G1 F1500 X76.936 Y96.169 E71.19348
G0 F3600 X73.848 Y98.738
G1 F1500 X77.33 Y102.22 E71.43916
G0 F3600 X77.33 Y101.655
G1 F1500 X71.844 Y96.169 E71.82622
G0 F3600 X72.41 Y96.169
G1 F1500 X77.33 Y101.089 E72.17336
G1 X77.4 Y101.159
G0 F3600 X77.33 Y102.786
G1 F1500 X74.129 Y99.585 E72.3992
G0 F3600 X74.155 Y100.177
G1 F1500 X77.33 Y103.352 E72.62322
G0 F3600 X77.241 Y103.828
G1 F1500 X74.082 Y100.669 E72.8461
G0 F3600 X73.935 Y101.088
G1 F1500 X76.675 Y103.828 E73.03942
G0 F3600 X76.11 Y103.828
G1 F1500 X73.729 Y101.447 E73.20742
G0 F3600 X73.488 Y101.772
G1 F1500 X75.544 Y103.828 E73.35248
G0 F3600 X74.978 Y103.828
G1 F1500 X73.205 Y102.055 E73.47757
G0 F3600 X72.865 Y102.281
G1 F1500 X74.413 Y103.828 E73.58676
G0 F3600 X73.847 Y103.828
G1 F1500 X72.489 Y102.471 E73.68254
G0 F3600 X72.064 Y102.611
G1 F1500 X73.281 Y103.828 E73.7684
G0 F3600 X72.716 Y103.828
G1 F1500 X71.556 Y102.669 E73.85021
G0 F3600 X70.93 Y102.608
G1 F1500 X72.15 Y103.828 E73.93629
G0 F3600 X71.565 Y103.809
G1 F1500 X69.842 Y102.086 E74.05786
G1 X69.772 Y102.016
G0 F3600 X70.198 Y103.574
G1 F1500 X67.911 Y101.286 E74.21925
G0 F3600 X67.727 Y100.537
G1 F1500 X70.948 Y103.758 E74.44651
G1 X71.018 Y103.828
G0 F3600 X122.128 Y103.628
G0 X122.668 Y103.435
G1 F1500 X123.063 Y103.83 E74.47438
G0 F3600 X123.629 Y103.83
G1 F1500 X122.668 Y102.869 E74.54218
G0 F3600 X122.668 Y102.304
G1 F1500 X124.194 Y103.83 E74.64985
G0 F3600 X124.76 Y103.83
G1 F1500 X122.668 Y101.738 E74.79745
G0 F3600 X122.668 Y101.172
G1 F1500 X125.326 Y103.83 E74.98499
G0 F3600 X125.891 Y103.83
G1 F1500 X122.668 Y100.607 E75.21239
G0 F3600 X122.668 Y100.041
G1 F1500 X126.457 Y103.83 E75.47972
G0 F3600 X127.023 Y103.83
G1 F1500 X122.668 Y99.475 E75.78699
G0 F3600 X122.668 Y98.91
G1 F1500 X127.588 Y103.83 E76.13413
G0 F3600 X128.154 Y103.83
G1 F1500 X122.668 Y98.344 E76.52119
G0 F3600 X122.668 Y97.778
G1 F1500 X126.151 Y101.261 E76.76694
G1 X126.221 Y101.331
G0 F3600 X125.869 Y100.413
G1 F1500 X122.668 Y97.213 E76.99275
G0 F3600 X122.668 Y96.647
G1 F1500 X125.843 Y99.821 E77.21673
G0 F3600 X125.92 Y99.333
G1 F1500 X122.757 Y96.17 E77.43989
G0 F3600 X123.322 Y96.17
G1 F1500 X126.06 Y98.907 E77.63304
G0 F3600 X126.268 Y98.55
G1 F1500 X123.888 Y96.17 E77.80096
G0 F3600 X124.454 Y96.17
G1 F1500 X126.513 Y98.229 E77.94624
G0 F3600 X126.792 Y97.942
G1 F1500 X125.02 Y96.17 E78.07126
G0 F3600 X125.585 Y96.17
G1 F1500 X127.132 Y97.717 E78.18041
G0 F3600 X127.511 Y97.53
G1 F1500 X126.151 Y96.17 E78.27636
G0 F3600 X126.717 Y96.17
G1 F1500 X127.939 Y97.392 E78.36258
G0 F3600 X128.44 Y97.328
G1 F1500 X127.282 Y96.17 E78.44429
G0 F3600 X127.848 Y96.17
G1 F1500 X129.063 Y97.384 E78.52998
G1 X129.133 Y97.454
G0 F3600 X129.05 Y96.24
G1 F1500 X132.272 Y99.462 E78.7573
G0 F3600 X132.302 Y100.058
G1 F1500 X130.616 Y98.371 E78.8763
G0 F3600 X130.126 Y97.882
G1 F1500 X128.433 Y96.189 E78.99575
G1 X128.363 Y96.119
G0 F3600 X129.8 Y96.425
G1 F1500 X132.088 Y98.712 E79.15714
G1 X132.158 Y98.782
G0 F3600 X131.111 Y99.433
G1 F1500 X132.262 Y100.583 E79.23832
G0 F3600 X132.162 Y101.049
G1 F1500 X131.169 Y100.056 E79.30838
G0 F3600 X131.111 Y100.564
G1 F1500 X132.009 Y101.462 E79.37174
G0 F3600 X131.835 Y101.853
G1 F1500 X130.97 Y100.988 E79.43277
G0 F3600 X130.78 Y101.365
G1 F1500 X131.606 Y102.19 E79.49101
G0 F3600 X131.368 Y102.518
G1 F1500 X130.555 Y101.705 E79.54837
G0 F3600 X130.272 Y101.988
G1 F1500 X131.077 Y102.793 E79.60517
G0 F3600 X130.78 Y103.062
G1 F1500 X129.948 Y102.229 E79.66391
G0 F3600 X129.589 Y102.436
G1 F1500 X130.428 Y103.275 E79.7231
G0 F3600 X130.069 Y103.482
G1 F1500 X129.17 Y102.582 E79.78657
G0 F3600 X128.677 Y102.656
G1 F1500 X129.646 Y103.625 E79.85494
G0 F3600 X129.203 Y103.748
G1 F1500 X128.084 Y102.628 E79.93392
G1 X128.014 Y102.558
G0 F3600 X127.238 Y102.348
G1 F1500 X128.692 Y103.802 E80.03651
G1 X128.762 Y103.872
G1 F1500 E73.53651
;MESH:NONMESH
G0 F600 X128.762 Y103.872 Z0.4
G0 F3600 X122.1 Y97.9
G0 X120.835 Y97.9
G0 X80.01 Y97.9
;TIME_ELAPSED:76.722158
;LAYER:1
M140 S70
M106 S255
;TYPE:SUPPORT
G1 F1500 E80.03651
G1 F2250 X79.4 Y97.9 E80.04665
G1 X79.4 Y102.1 E80.1165
G1 X80.01 Y102.1 E80.12664
G1 X80.01 Y97.9 E80.19649
G1 X82.677 Y97.9 E80.24084
G1 X82.677 Y102.1 E80.31069
G1 X85.344 Y102.1 E80.35504
G1 X85.344 Y97.9 E80.42489
G1 X88.011 Y97.9 E80.46924
G1 X88.011 Y102.1 E80.53909
G1 X90.678 Y102.1 E80.58344
G1 X90.678 Y97.9 E80.65329
G1 X93.345 Y97.9 E80.69764
G1 X93.345 Y102.1 E80.76748
G1 X96.012 Y102.1 E80.81184
G1 X96.012 Y97.9 E80.88168
G1 X98.679 Y97.9 E80.92604
G1 X98.679 Y102.1 E80.99588
G1 X101.346 Y102.1 E81.04023
G1 X101.346 Y97.9 E81.11008
G1 X104.013 Y97.9 E81.15443
G1 X104.013 Y102.1 E81.22428
G1 X106.68 Y102.1 E81.26863
G1 X106.68 Y97.9 E81.33848
G1 X109.347 Y97.9 E81.38283
G1 X109.347 Y102.1 E81.45268
G1 X112.014 Y102.1 E81.49703
G1 X112.014 Y97.9 E81.56687
G1 X114.681 Y97.9 E81.61123
G1 X114.681 Y102.1 E81.68107
G1 X117.348 Y102.1 E81.72543
G1 X117.348 Y97.9 E81.79527
G1 X120.015 Y97.9 E81.83962
G1 X120.015 Y102.1 E81.90947
G1 X120.6 Y102.1 E81.9192
G1 X120.6 Y97.9 E81.98905
G1 X120.015 Y97.9 E81.99877
G1 F1500 E75.49877
;MESH:reed_holder.stl
G0 F5400 X122.1 Y97.9
G0 X128.979 Y97.849
G0 X128.959 Y97.946
;TYPE:WALL-INNER
G1 F1500 E81.99877
G1 F2250 X128.421 Y97.904 E82.00775
G1 X127.955 Y97.974 E82.01559
G1 X127.517 Y98.146 E82.02341
G1 X127.128 Y98.413 E82.03126
G1 X126.809 Y98.758 E82.03907
G1 X126.577 Y99.163 E82.04683
G1 X126.441 Y99.601 E82.05446
G1 X126.397 Y100.001 E82.06115
G1 X126.45 Y100.469 E82.06898
G1 X126.605 Y100.913 E82.07681
G1 X126.855 Y101.311 E82.08462
G1 X127.189 Y101.645 E82.09248
G1 X127.587 Y101.895 E82.10029
G1 X128.031 Y102.05 E82.10811
G1 X128.5 Y102.104 E82.11596
G1 X128.969 Y102.05 E82.12382
G1 X129.413 Y101.895 E82.13164
G1 X129.811 Y101.645 E82.13945
G1 X130.145 Y101.311 E82.14731
G1 X130.395 Y100.913 E82.15512
G1 X130.55 Y100.469 E82.16295
G1 X130.604 Y100 E82.1708
G1 X130.55 Y99.531 E82.17865
G1 X130.395 Y99.087 E82.18647
G1 X130.145 Y98.689 E82.19428
G1 X129.811 Y98.355 E82.20214
G1 X129.413 Y98.105 E82.20996
G1 X128.959 Y97.946 E82.21796
G0 F5400 X128.979 Y97.849
G0 X130.245 Y96.073
G0 X130.285 Y95.982
G1 F2250 X131.084 Y96.443 E82.2333
G1 X131.768 Y97.059 E82.2486
G1 X132.308 Y97.802 E82.26388
G1 X132.681 Y98.64 E82.27913
G1 X132.873 Y99.541 E82.29445
G1 X132.873 Y100.459 E82.30972
G1 X132.681 Y101.36 E82.32504
G1 X132.308 Y102.198 E82.34029
G1 X131.768 Y102.941 E82.35557
G1 X131.084 Y103.557 E82.37088
G1 X130.285 Y104.018 E82.38622
G1 X129.418 Y104.3 E82.40138
G1 X128.466 Y104.4 E82.4173
G1 X71.534 Y104.4 E83.36408
G1 X70.582 Y104.3 E83.38
G1 X69.715 Y104.018 E83.39516
G1 X68.916 Y103.557 E83.4105
G1 X68.232 Y102.941 E83.42581
G1 X67.692 Y102.198 E83.44108
G1 X67.319 Y101.36 E83.45634
G1 X67.127 Y100.459 E83.47166
G1 X67.127 Y99.541 E83.48692
G1 X67.319 Y98.64 E83.50224
G1 X67.692 Y97.802 E83.5175
G1 X68.232 Y97.059 E83.53277
G1 X68.916 Y96.443 E83.54808
G1 X69.715 Y95.982 E83.56342
G1 X70.582 Y95.7 E83.57858
G1 X71.534 Y95.6 E83.5945
G1 X128.466 Y95.6 E84.54129
G1 X129.418 Y95.7 E84.5572
G1 X130.285 Y95.982 E84.57237
G0 F5400 X130.245 Y96.073
G0 X122.13 Y101.82
G0 X122.128 Y103.628
G0 X77.83 Y103.67
G0 X77.9 Y103.6
G1 F2250 X122.1 Y103.6 E85.30742
G1 X122.1 Y96.4 E85.42715
G1 X77.9 Y96.4 E86.1622
G1 X77.9 Y103.6 E86.28194
G0 F5400 X77.83 Y103.67
G0 X72.835 Y98.324
G0 X72.055 Y97.939
G0 X70.96 Y97.863
G0 X70.985 Y97.959
G1 F2250 X70.451 Y98.183 E86.29157
G1 X70.043 Y98.489 E86.30005
G1 X69.725 Y98.883 E86.30847
G1 X69.509 Y99.339 E86.31686
G1 X69.408 Y99.834 E86.32526
G1 X69.429 Y100.341 E86.3337
G1 X69.572 Y100.826 E86.34211
G1 X69.825 Y101.262 E86.35049
G1 X70.176 Y101.628 E86.35893
G1 X70.604 Y101.896 E86.36732
G1 X71.072 Y102.052 E86.37553
G1 X71.497 Y102.104 E86.38265
G1 X71.969 Y102.05 E86.39055
G1 X72.413 Y101.895 E86.39837
G1 X72.811 Y101.645 E86.40619
G1 X73.145 Y101.311 E86.41404
G1 X73.395 Y100.913 E86.42186
G1 X73.55 Y100.469 E86.42968
G1 X73.604 Y100 E86.43753
G1 X73.55 Y99.531 E86.44538
G1 X73.395 Y99.087 E86.4532
G1 X73.145 Y98.689 E86.46102
G1 X72.811 Y98.355 E86.46887
G1 X72.413 Y98.105 E86.47669
G1 X71.958 Y97.946 E86.4847
G1 X71.423 Y97.905 E86.49363
G1 X70.985 Y97.959 E86.50097
G0 F5400 X71.089 Y98.349
;TYPE:WALL-OUTER
G1 F1500 X70.651 Y98.533 E86.50887
G1 X70.323 Y98.779 E86.51568
G1 X70.066 Y99.097 E86.52248
G1 X69.891 Y99.466 E86.52928
G1 X69.81 Y99.866 E86.53606
G1 X69.827 Y100.275 E86.54287
G1 X69.942 Y100.667 E86.54966
G1 X70.147 Y101.02 E86.55645
G1 X70.43 Y101.315 E86.56325
G1 X70.776 Y101.532 E86.57004
G1 X71.16 Y101.66 E86.57677
G1 X71.499 Y101.701 E86.58245
G1 X71.879 Y101.658 E86.58881
G1 X72.238 Y101.532 E86.59514
G1 X72.56 Y101.33 E86.60146
G1 X72.83 Y101.06 E86.60781
G1 X73.032 Y100.738 E86.61413
G1 X73.158 Y100.379 E86.62046
G1 X73.201 Y100 E86.6268
G1 X73.158 Y99.621 E86.63315
G1 X73.032 Y99.262 E86.63947
G1 X72.83 Y98.94 E86.64579
G1 X72.56 Y98.67 E86.65214
G1 X72.238 Y98.468 E86.65847
G1 X71.875 Y98.341 E86.66486
G1 X71.432 Y98.307 E86.67225
G1 X71.089 Y98.349 E86.678
G0 F5400 X70.905 Y98.426
G0 X70.713 Y97.965
G0 X71.966 Y97.907
G0 X72.757 Y98.275
G0 X77.8 Y103.2
G0 X78.3 Y103.2
G1 F1500 X121.7 Y103.2 E87.39974
G1 X121.7 Y96.8 E87.50617
G1 X78.3 Y96.8 E88.22792
G1 X78.3 Y103.2 E88.33435
G0 F5400 X78.5 Y103.2
G0 X78.5 Y103.7
G0 X122.128 Y103.628
G0 X122.138 Y98.666
G0 X128.42 Y97.865
G0 X128.876 Y98.341
G1 F1500 X128.435 Y98.306 E88.34171
G1 X128.059 Y98.363 E88.34803
G1 X127.705 Y98.502 E88.35436
G1 X127.391 Y98.717 E88.36069
G1 X127.134 Y98.996 E88.36699
G1 X126.946 Y99.324 E88.37328
G1 X126.834 Y99.683 E88.37954
G1 X126.799 Y100 E88.38484
G1 X126.842 Y100.379 E88.39118
G1 X126.968 Y100.738 E88.39751
G1 X127.17 Y101.06 E88.40383
G1 X127.44 Y101.33 E88.41018
G1 X127.762 Y101.532 E88.4165
G1 X128.121 Y101.658 E88.42283
G1 X128.5 Y101.701 E88.42917
G1 X128.879 Y101.658 E88.43552
G1 X129.238 Y101.532 E88.44184
G1 X129.56 Y101.33 E88.44816
G1 X129.83 Y101.06 E88.45451
G1 X130.032 Y100.738 E88.46084
G1 X130.158 Y100.379 E88.46716
G1 X130.201 Y100 E88.47351
G1 X130.158 Y99.621 E88.47985
G1 X130.032 Y99.262 E88.48618
G1 X129.83 Y98.94 E88.4925
G1 X129.56 Y98.67 E88.49885
G1 X129.238 Y98.468 E88.50517
G1 X128.876 Y98.341 E88.51155
G0 F5400 X128.677 Y98.326
G0 X128.716 Y97.828
G0 X130.245 Y96.073
G0 X130.452 Y95.616
G1 F1500 X131.319 Y96.116 E88.52819
G1 X132.068 Y96.791 E88.54496
G1 X132.655 Y97.599 E88.56157
G1 X133.063 Y98.516 E88.57826
G1 X133.273 Y99.5 E88.59499
G1 X133.273 Y100.5 E88.61162
G1 X133.063 Y101.484 E88.62836
G1 X132.655 Y102.401 E88.64505
G1 X132.068 Y103.209 E88.66166
G1 X131.319 Y103.884 E88.67842
G1 X130.452 Y104.384 E88.69507
G1 X129.499 Y104.694 E88.71173
G1 X128.489 Y104.8 E88.72862
G1 X71.511 Y104.8 E89.67617
G1 X70.501 Y104.694 E89.69306
G1 X69.548 Y104.384 E89.70972
G1 X68.681 Y103.884 E89.72637
G1 X67.932 Y103.209 E89.74314
G1 X67.345 Y102.401 E89.75975
G1 X66.937 Y101.484 E89.77644
G1 X66.727 Y100.5 E89.79317
G1 X66.727 Y99.5 E89.8098
G1 X66.937 Y98.516 E89.82653
G1 X67.345 Y97.599 E89.84322
G1 X67.932 Y96.791 E89.85983
G1 X68.681 Y96.116 E89.8766
G1 X69.548 Y95.616 E89.89324
G1 X70.501 Y95.306 E89.90991
G1 X71.511 Y95.2 E89.9268
G1 X128.489 Y95.2 E90.87435
G1 X129.499 Y95.306 E90.89123
G1 X130.452 Y95.616 E90.9079
G0 F5400 X130.625 Y95.716
G0 X130.125 Y96.341
;TYPE:SKIN
G1 F1500 X130.854 Y96.76 E90.92188
G1 X131.474 Y97.319 E90.93577
G1 X131.969 Y98 E90.94977
G1 X132.307 Y98.76 E90.9636
G1 X132.483 Y99.585 E90.97763
G1 X132.483 Y100.415 E90.99143
G1 X132.307 Y101.24 E91.00546
G1 X131.969 Y102 E91.01929
G1 X131.474 Y102.681 E91.03329
G1 X130.854 Y103.24 E91.04717
G1 X130.125 Y103.659 E91.06116
G1 X129.336 Y103.916 E91.07496
G1 X128.445 Y104.01 E91.08986
G1 X71.555 Y104.01 E92.03594
G1 X70.664 Y103.916 E92.05084
G1 X69.875 Y103.659 E92.06464
G1 X69.146 Y103.24 E92.07862
G1 X68.526 Y102.681 E92.09251
G1 X68.031 Y102 E92.10651
G1 X67.693 Y101.24 E92.12034
G1 X67.517 Y100.415 E92.13437
G1 X67.517 Y99.585 E92.14817
G1 X67.693 Y98.76 E92.1622
G1 X68.031 Y98 E92.17603
G1 X68.526 Y97.319 E92.19003
G1 X69.146 Y96.76 E92.20392
G1 X69.875 Y96.341 E92.2179
G1 X70.664 Y96.084 E92.2317
G1 X71.555 Y95.99 E92.2466
G1 X128.445 Y95.99 E93.19268
G1 X129.336 Y96.084 E93.20758
G1 X130.125 Y96.341 E93.22138
G0 F5400 X129.583 Y97.752
G1 F1500 X129.041 Y97.562 E93.23093
G1 X128.407 Y97.512 E93.24151
G1 X127.854 Y97.595 E93.25081
G1 X127.333 Y97.799 E93.26011
G1 X126.871 Y98.116 E93.26943
G1 X126.493 Y98.526 E93.27871
G1 X126.218 Y99.007 E93.28792
G1 X126.057 Y99.521 E93.29688
G1 X126.005 Y100.001 E93.30491
G1 X126.068 Y100.557 E93.31421
G1 X126.252 Y101.083 E93.32348
G1 X126.549 Y101.555 E93.33275
G1 X126.945 Y101.951 E93.34207
G1 X127.417 Y102.248 E93.35134
G1 X127.943 Y102.432 E93.36061
G1 X128.5 Y102.496 E93.36993
G1 X129.057 Y102.432 E93.37926
G1 X129.583 Y102.248 E93.38852
G1 X130.055 Y101.951 E93.3978
G1 X130.451 Y101.555 E93.40711
G1 X130.748 Y101.083 E93.41638
G1 X130.932 Y100.557 E93.42565
G1 X130.996 Y100 E93.43497
G1 X130.932 Y99.443 E93.4443
G1 X130.748 Y98.917 E93.45357
G1 X130.451 Y98.445 E93.46284
G1 X130.055 Y98.049 E93.47215
G1 X129.583 Y97.752 E93.48143
G0 F5400 X122.49 Y96.01
G1 F1500 X77.51 Y96.01 E94.22945
G1 X77.51 Y103.99 E94.36216
G1 X122.49 Y103.99 E95.11018
G1 X122.49 Y96.01 E95.24288
G0 F5400 X77.872 Y96.372
G0 X73.996 Y100
G1 F1500 X73.932 Y99.443 E95.25221
G1 X73.748 Y98.917 E95.26148
G1 X73.451 Y98.445 E95.27075
G1 X73.055 Y98.049 E95.28006
G1 X72.583 Y97.752 E95.28934
G1 X72.038 Y97.561 E95.29894
G1 X71.414 Y97.513 E95.30935
G1 X70.884 Y97.579 E95.31823
G1 X70.256 Y97.842 E95.32955
G1 X69.77 Y98.206 E95.33965
G1 X69.392 Y98.674 E95.34966
G1 X69.136 Y99.214 E95.35959
G1 X69.016 Y99.803 E95.36959
G1 X69.041 Y100.405 E95.37961
G1 X69.211 Y100.982 E95.38961
G1 X69.511 Y101.498 E95.39954
G1 X69.928 Y101.933 E95.40956
G1 X70.436 Y102.251 E95.41953
G1 X70.986 Y102.434 E95.42917
G1 X71.495 Y102.496 E95.43769
G1 X72.057 Y102.432 E95.4471
G1 X72.583 Y102.248 E95.45637
G1 X73.055 Y101.951 E95.46564
G1 X73.451 Y101.555 E95.47495
G1 X73.748 Y101.083 E95.48423
G1 X73.932 Y100.557 E95.4935
G1 X73.996 Y100 E95.50282
G0 F5400 X73.176 Y98.665
G0 X72.43 Y98.069
G0 X68.162 Y98.149
G1 F1500 X69.612 Y96.698 E95.53693
G1 X69.682 Y96.628
G0 F5400 X70.577 Y96.3
G1 F1500 X67.812 Y99.064 E95.60195
G0 F5400 X67.696 Y99.745
G1 F1500 X71.239 Y96.203 E95.68526
G0 F5400 X71.839 Y96.169
G1 F1500 X70.439 Y97.569 E95.71819
G1 X70.369 Y97.639
G0 F5400 X71.219 Y97.355
G1 F1500 X72.404 Y96.169 E95.74607
G0 F5400 X72.97 Y96.169
G1 F1500 X71.779 Y97.36 E95.77408
G0 F5400 X72.257 Y97.447
G1 F1500 X73.536 Y96.169 E95.80415
G0 F5400 X74.101 Y96.169
G1 F1500 X72.674 Y97.596 E95.83771
G0 F5400 X73.021 Y97.815
G1 F1500 X74.667 Y96.169 E95.87642
G0 F5400 X75.233 Y96.169
G1 F1500 X73.331 Y98.07 E95.92114
G0 F5400 X73.609 Y98.358
G1 F1500 X75.799 Y96.169 E95.97264
G0 F5400 X76.364 Y96.169
G1 F1500 X73.828 Y98.705 E96.03228
G0 F5400 X74.002 Y99.097
G1 F1500 X76.93 Y96.169 E96.10114
G0 F5400 X77.329 Y96.335
G1 F1500 X74.125 Y99.54 E96.17651
G0 F5400 X74.169 Y100.061
G1 F1500 X77.329 Y96.901 E96.25082
G0 F5400 X77.329 Y97.466
G1 F1500 X74.058 Y100.737 E96.32775
G1 X73.988 Y100.807
G0 F5400 X72.239 Y102.557
G1 F1500 X71.023 Y103.772 E96.35634
G0 F5400 X70.543 Y103.687
G1 F1500 X71.563 Y102.667 E96.38033
G0 F5400 X71.044 Y102.62
G1 F1500 X70.117 Y103.548 E96.40214
G0 F5400 X69.731 Y103.368
G1 F1500 X70.604 Y102.495 E96.42267
G0 F5400 X70.212 Y102.321
G1 F1500 X69.371 Y103.162 E96.44245
G0 F5400 X69.053 Y102.914
G1 F1500 X69.864 Y102.104 E96.46151
G0 F5400 X69.576 Y101.826
G1 F1500 X68.756 Y102.645 E96.48079
G0 F5400 X68.5 Y102.336
G1 F1500 X69.316 Y101.52 E96.49998
G0 F5400 X69.107 Y101.163
G1 F1500 X68.262 Y102.008 E96.51985
G0 F5400 X68.068 Y101.637
G1 F1500 X68.954 Y100.75 E96.5407
G0 F5400 X68.855 Y100.284
G1 F1500 X67.893 Y101.246 E96.56333
G0 F5400 X67.782 Y100.791
G1 F1500 X68.847 Y99.726 E96.58837
G1 X68.917 Y99.656
G0 F5400 X69.063 Y98.944
G1 F1500 X67.696 Y100.311 E96.62052
G1 X67.626 Y100.381
G0 F5400 X71.535 Y103.826
G1 F1500 X77.329 Y98.032 E96.75679
G0 F5400 X77.329 Y98.598
G1 F1500 X72.098 Y103.829 E96.87981
G0 F5400 X72.664 Y103.829
G1 F1500 X77.329 Y99.163 E96.98954
G0 F5400 X77.329 Y99.729
G1 F1500 X73.23 Y103.829 E97.08595
G0 F5400 X73.795 Y103.829
G1 F1500 X77.329 Y100.295 E97.16907
G0 F5400 X77.329 Y100.861
G1 F1500 X74.361 Y103.829 E97.23887
G0 F5400 X74.927 Y103.829
G1 F1500 X77.329 Y101.426 E97.29537
G0 F5400 X77.329 Y101.992
G1 F1500 X75.492 Y103.829 E97.33858
G0 F5400 X76.058 Y103.829
G1 F1500 X77.329 Y102.558 E97.36847
G0 F5400 X77.329 Y103.123
G1 F1500 X76.624 Y103.829 E97.38506
G0 F5400 X77.189 Y103.829
G1 F1500 X77.329 Y103.689 E97.38835
G0 F5400 X122.669 Y103.604
G1 F1500 X125.867 Y100.406 E97.46357
G0 F5400 X125.981 Y100.858
G1 F1500 X123.009 Y103.83 E97.53346
G0 F5400 X123.575 Y103.83
G1 F1500 X126.148 Y101.256 E97.59399
G0 F5400 X126.367 Y101.604
G1 F1500 X124.141 Y103.83 E97.64634
G0 F5400 X124.706 Y103.83
G1 F1500 X126.637 Y101.899 E97.69175
G0 F5400 X126.941 Y102.16
G1 F1500 X125.272 Y103.83 E97.73102
G0 F5400 X125.838 Y103.83
G1 F1500 X127.289 Y102.379 E97.76514
G0 F5400 X127.697 Y102.536
G1 F1500 X126.403 Y103.83 E97.79558
G0 F5400 X126.969 Y103.83
G1 F1500 X128.162 Y102.637 E97.82363
G0 F5400 X128.713 Y102.652
G1 F1500 X127.535 Y103.83 E97.85134
G0 F5400 X128.1 Y103.83
G1 F1500 X129.445 Y102.485 E97.88297
G1 X129.515 Y102.415
G0 F5400 X130.246 Y103.381
G1 F1500 X131.883 Y101.744 E97.92147
G1 X131.953 Y101.674
G0 F5400 X132.202 Y100.859
G1 F1500 X129.335 Y103.726 E97.9889
G0 F5400 X128.693 Y103.803
G1 F1500 X132.302 Y100.194 E98.07378
G0 F5400 X132.302 Y99.628
G1 F1500 X130.985 Y100.945 E98.10475
G0 F5400 X131.152 Y100.213
G1 F1500 X132.206 Y99.158 E98.12955
G0 F5400 X132.087 Y98.712
G1 F1500 X131.138 Y99.661 E98.15187
G0 F5400 X131.036 Y99.197
G1 F1500 X131.912 Y98.321 E98.17247
G0 F5400 X131.712 Y97.956
G1 F1500 X130.879 Y98.789 E98.19206
G0 F5400 X130.66 Y98.441
G1 F1500 X131.473 Y97.628 E98.21118
G0 F5400 X131.211 Y97.325
G1 F1500 X130.398 Y98.138 E98.2303
G0 F5400 X130.102 Y97.868
G1 F1500 X130.914 Y97.056 E98.2494
G0 F5400 X130.589 Y96.815
G1 F1500 X129.755 Y97.65 E98.26903
G0 F5400 X129.356 Y97.483
G1 F1500 X130.23 Y96.609 E98.28958
G0 F5400 X129.837 Y96.436
G1 F1500 X128.902 Y97.371 E98.31157
G0 F5400 X128.373 Y97.335
G1 F1500 X129.411 Y96.297 E98.33598
G0 F5400 X128.921 Y96.22
G1 F1500 X127.667 Y97.475 E98.36549
G1 X127.597 Y97.545
G0 F5400 X127.841 Y96.17
G1 F1500 X122.669 Y101.341 E98.48711
G0 F5400 X122.669 Y100.776
G1 F1500 X127.275 Y96.17 E98.59544
G0 F5400 X126.709 Y96.17
G1 F1500 X122.669 Y100.21 E98.69045
G0 F5400 X122.669 Y99.644
G1 F1500 X126.144 Y96.17 E98.77217
G0 F5400 X125.578 Y96.17
G1 F1500 X122.669 Y99.079 E98.84058
G0 F5400 X122.669 Y98.513
G1 F1500 X125.012 Y96.17 E98.89569
G0 F5400 X124.447 Y96.17
G1 F1500 X122.669 Y97.947 E98.93749
G0 F5400 X122.669 Y97.382
G1 F1500 X123.881 Y96.17 E98.966
G0 F5400 X123.315 Y96.17
G1 F1500 X122.669 Y96.816 E98.98119
G0 F5400 X122.669 Y96.25
G1 F1500 X122.75 Y96.17 E98.98308
G0 F5400 X125.979 Y99.163
G1 F1500 X122.669 Y102.473 E99.06093
G0 F5400 X122.669 Y103.038
G1 F1500 X125.836 Y99.871 E99.13541
G1 X125.906 Y99.801
G0 F5400 X122.669 Y101.907
G1 F1500 X128.407 Y96.17 E99.27035
G1 X128.477 Y96.1
G1 F1500 E92.77035
;MESH:NONMESH
G0 F600 X128.477 Y96.1 Z0.5
G0 F5400 X80.01 Y96.4
G0 X80.01 Y97.9
;TIME_ELAPSED:124.401732
;LAYER:2
;TYPE:SUPPORT
G1 F1500 E99.27035
G1 F3000 X79.4 Y97.9 E99.28049
G1 X79.4 Y102.1 E99.35034
G1 X80.01 Y102.1 E99.36048
G1 X80.01 Y97.9 E99.43033
G1 X82.677 Y97.9 E99.47468
G1 X82.677 Y102.1 E99.54453
G1 X85.344 Y102.1 E99.58888
G1 X85.344 Y97.9 E99.65873
G1 X88.011 Y97.9 E99.70308
G1 X88.011 Y102.1 E99.77293
G1 X90.678 Y102.1 E99.81728
G1 X90.678 Y97.9 E99.88712
G1 X93.345 Y97.9 E99.93148
G1 X93.345 Y102.1 E100.00132
G1 X96.012 Y102.1 E100.04568
G1 X96.012 Y97.9 E100.11552
G1 X98.679 Y97.9 E100.15987
G1 X98.679 Y102.1 E100.22972
G1 X101.346 Y102.1 E100.27407
G1 X101.346 Y97.9 E100.34392
G1 X104.013 Y97.9 E100.38827
G1 X104.013 Y102.1 E100.45812
G1 X106.68 Y102.1 E100.50247
G1 X106.68 Y97.9 E100.57232
G1 X109.347 Y97.9 E100.61667
G1 X109.347 Y102.1 E100.68652
G1 X112.014 Y102.1 E100.73087
G1 X112.014 Y97.9 E100.80071
G1 X114.681 Y97.9 E100.84507
G1 X114.681 Y102.1 E100.91491
G1 X117.348 Y102.1 E100.95927
G1 X117.348 Y97.9 E101.02911
G1 X120.015 Y97.9 E101.07346
G1 X120.015 Y102.1 E101.14331
G1 X120.6 Y102.1 E101.15304
G1 X120.6 Y97.9 E101.22289
G1 X120.015 Y97.9 E101.23261
G1 F1500 E94.73261
;MESH:reed_holder.stl
G0 F7200 X122.1 Y97.9
G0 X128.977 Y97.848
G0 X128.957 Y97.945
;TYPE:WALL-INNER
G1 F1500 E101.23261
G1 F3000 X128.398 Y97.906 E101.24193
G1 X127.932 Y97.981 E101.24978
G1 X127.496 Y98.158 E101.25761
G1 X127.111 Y98.429 E101.26544
G1 X126.797 Y98.777 E101.27323
G1 X126.568 Y99.185 E101.28101
G1 X126.438 Y99.621 E101.28858
G1 X126.397 Y100.001 E101.29493
G1 X126.45 Y100.469 E101.30277
G1 X126.605 Y100.913 E101.31059
G1 X126.855 Y101.311 E101.3184
G1 X127.189 Y101.645 E101.32626
G1 X127.587 Y101.895 E101.33408
G1 X128.031 Y102.05 E101.3419
G1 X128.5 Y102.104 E101.34975
G1 X128.969 Y102.05 E101.3576
G1 X129.413 Y101.895 E101.36542
G1 X129.811 Y101.645 E101.37324
G1 X130.145 Y101.311 E101.38109
G1 X130.395 Y100.913 E101.38891
G1 X130.55 Y100.469 E101.39673
G1 X130.604 Y100 E101.40458
G1 X130.55 Y99.531 E101.41243
G1 X130.395 Y99.087 E101.42025
G1 X130.145 Y98.689 E101.42807
G1 X129.811 Y98.355 E101.43592
G1 X129.413 Y98.106 E101.44373
G1 X128.957 Y97.945 E101.45177
G0 F7200 X128.977 Y97.848
G0 X130.245 Y96.073
G0 X130.285 Y95.982
G1 F3000 X131.084 Y96.443 E101.46711
G1 X131.768 Y97.059 E101.48242
G1 X132.308 Y97.802 E101.49769
G1 X132.681 Y98.64 E101.51295
G1 X132.873 Y99.541 E101.52827
G1 X132.873 Y100.459 E101.54354
G1 X132.681 Y101.36 E101.55886
G1 X132.308 Y102.198 E101.57411
G1 X131.768 Y102.941 E101.58938
G1 X131.084 Y103.557 E101.60469
G1 X130.285 Y104.018 E101.62003
G1 X129.418 Y104.3 E101.63519
G1 X128.466 Y104.4 E101.65111
G1 X71.534 Y104.4 E102.5979
G1 X70.582 Y104.3 E102.61382
G1 X69.715 Y104.018 E102.62898
G1 X68.916 Y103.557 E102.64432
G1 X68.232 Y102.941 E102.65963
G1 X67.692 Y102.198 E102.6749
G1 X67.319 Y101.36 E102.69015
G1 X67.127 Y100.459 E102.70547
G1 X67.127 Y99.541 E102.72074
G1 X67.319 Y98.64 E102.73606
G1 X67.692 Y97.802 E102.75132
G1 X68.232 Y97.059 E102.76659
G1 X68.916 Y96.443 E102.7819
G1 X69.715 Y95.982 E102.79724
G1 X70.582 Y95.7 E102.8124
G1 X71.534 Y95.6 E102.82832
G1 X128.466 Y95.6 E103.7751
G1 X129.418 Y95.7 E103.79102
G1 X130.285 Y95.982 E103.80618
G0 F7200 X130.245 Y96.073
G0 X122.13 Y101.82
G0 X122.128 Y103.628
G0 X77.83 Y103.67
G0 X77.9 Y103.6
G1 F3000 X122.1 Y103.6 E104.54123
G1 X122.1 Y96.4 E104.66097
G1 X77.9 Y96.4 E105.39602
G1 X77.9 Y103.6 E105.51575
G0 F7200 X77.83 Y103.67
G0 X72.835 Y98.324
G0 X72.053 Y97.938
G0 X70.957 Y97.863
G0 X70.983 Y97.959
G1 F3000 X70.43 Y98.196 E105.52576
G1 X70.026 Y98.508 E105.53425
G1 X69.712 Y98.905 E105.54267
G1 X69.502 Y99.364 E105.55106
G1 X69.408 Y99.859 E105.55944
G1 X69.435 Y100.365 E105.56787
G1 X69.583 Y100.85 E105.5763
G1 X69.842 Y101.283 E105.58469
G1 X70.196 Y101.642 E105.59307
G1 X70.628 Y101.907 E105.6015
G1 X71.094 Y102.055 E105.60963
G1 X71.497 Y102.104 E105.61638
G1 X71.969 Y102.05 E105.62428
G1 X72.413 Y101.895 E105.63211
G1 X72.811 Y101.645 E105.63992
G1 X73.145 Y101.311 E105.64778
G1 X73.395 Y100.913 E105.65559
G1 X73.55 Y100.469 E105.66341
G1 X73.604 Y100 E105.67126
G1 X73.55 Y99.531 E105.67912
G1 X73.395 Y99.087 E105.68694
G1 X73.145 Y98.689 E105.69475
G1 X72.811 Y98.355 E105.70261
G1 X72.413 Y98.106 E105.71042
G1 X71.956 Y97.945 E105.71847
G1 X71.403 Y97.907 E105.72769
G1 X70.983 Y97.959 E105.73473
G0 F7200 X71.088 Y98.349
;TYPE:WALL-OUTER
G1 F1500 X70.634 Y98.544 E105.74295
G1 X70.309 Y98.795 E105.74978
G1 X70.056 Y99.115 E105.75656
G1 X69.886 Y99.486 E105.76335
G1 X69.81 Y99.886 E105.77012
G1 X69.832 Y100.295 E105.77693
G1 X69.951 Y100.686 E105.78372
G1 X70.161 Y101.036 E105.79051
G1 X70.447 Y101.327 E105.7973
G1 X70.795 Y101.54 E105.80408
G1 X71.179 Y101.662 E105.81078
G1 X71.499 Y101.701 E105.81614
G1 X71.879 Y101.658 E105.8225
G1 X72.238 Y101.532 E105.82883
G1 X72.56 Y101.33 E105.83515
G1 X72.83 Y101.06 E105.8415
G1 X73.032 Y100.738 E105.84782
G1 X73.158 Y100.379 E105.85415
G1 X73.201 Y100 E105.8605
G1 X73.158 Y99.621 E105.86684
G1 X73.032 Y99.262 E105.87317
G1 X72.83 Y98.94 E105.87949
G1 X72.56 Y98.67 E105.88584
G1 X72.238 Y98.468 E105.89216
G1 X71.875 Y98.34 E105.89856
G1 X71.414 Y98.309 E105.90624
G1 X71.088 Y98.349 E105.91171
G0 F7200 X70.905 Y98.427
G0 X70.709 Y97.967
G0 X71.964 Y97.906
G0 X72.757 Y98.275
G0 X77.8 Y103.2
G0 X78.3 Y103.2
G1 F1500 X121.7 Y103.2 E106.63345
G1 X121.7 Y96.8 E106.73988
G1 X78.3 Y96.8 E107.46163
G1 X78.3 Y103.2 E107.56806
G0 F7200 X78.5 Y103.2
G0 X78.5 Y103.7
G0 X122.128 Y103.628
G0 X122.139 Y98.628
G0 X128.909 Y97.843
G0 X128.875 Y98.34
G1 F1500 X128.416 Y98.308 E107.57571
G1 X128.041 Y98.369 E107.58203
G1 X127.689 Y98.512 E107.58835
G1 X127.378 Y98.73 E107.59466
G1 X127.124 Y99.012 E107.60098
G1 X126.939 Y99.342 E107.60727
G1 X126.832 Y99.701 E107.6135
G1 X126.799 Y100 E107.6185
G1 X126.842 Y100.379 E107.62484
G1 X126.968 Y100.738 E107.63117
G1 X127.17 Y101.06 E107.63749
G1 X127.44 Y101.33 E107.64384
G1 X127.762 Y101.532 E107.65016
G1 X128.121 Y101.658 E107.65649
G1 X128.5 Y101.701 E107.66283
G1 X128.879 Y101.658 E107.66918
G1 X129.238 Y101.532 E107.6755
G1 X129.56 Y101.33 E107.68182
G1 X129.83 Y101.06 E107.68817
G1 X130.032 Y100.738 E107.6945
G1 X130.158 Y100.379 E107.70082
G1 X130.201 Y100 E107.70717
G1 X130.158 Y99.621 E107.71351
G1 X130.032 Y99.262 E107.71984
G1 X129.83 Y98.94 E107.72616
G1 X129.56 Y98.67 E107.73251
G1 X129.238 Y98.468 E107.73883
G1 X128.875 Y98.34 E107.74523
G0 F7200 X128.676 Y98.327
G0 X128.71 Y97.829
G0 X130.245 Y96.073
G0 X130.452 Y95.616
G1 F1500 X131.319 Y96.116 E107.76188
G1 X132.068 Y96.791 E107.77864
G1 X132.655 Y97.599 E107.79525
G1 X133.063 Y98.516 E107.81194
G1 X133.273 Y99.5 E107.82868
G1 X133.273 Y100.5 E107.84531
G1 X133.063 Y101.484 E107.86204
G1 X132.655 Y102.401 E107.87873
G1 X132.068 Y103.209 E107.89534
G1 X131.319 Y103.884 E107.91211
G1 X130.452 Y104.384 E107.92875
G1 X129.499 Y104.694 E107.94542
G1 X128.489 Y104.8 E107.9623
G1 X71.511 Y104.8 E108.90985
G1 X70.501 Y104.694 E108.92674
G1 X69.548 Y104.384 E108.94341
G1 X68.681 Y103.884 E108.96005
G1 X67.932 Y103.209 E108.97682
G1 X67.345 Y102.401 E108.99343
G1 X66.937 Y101.484 E109.01012
G1 X66.727 Y100.5 E109.02685
G1 X66.727 Y99.5 E109.04348
G1 X66.937 Y98.516 E109.06021
G1 X67.345 Y97.599 E109.0769
G1 X67.932 Y96.791 E109.09351
G1 X68.681 Y96.116 E109.11028
G1 X69.548 Y95.616 E109.12692
G1 X70.501 Y95.306 E109.14359
G1 X71.511 Y95.2 E109.16048
G1 X128.489 Y95.2 E110.10803
G1 X129.499 Y95.306 E110.12492
G1 X130.452 Y95.616 E110.14158
G0 F7200 X130.625 Y95.716
G0 X130.125 Y96.341
;TYPE:SKIN
G1 F1500 X130.854 Y96.76 E110.15556
G1 X131.474 Y97.319 E110.16945
G1 X131.969 Y98 E110.18345
G1 X132.307 Y98.76 E110.19728
G1 X132.483 Y99.585 E110.21131
G1 X132.483 Y100.415 E110.22511
G1 X132.307 Y101.24 E110.23914
G1 X131.969 Y102 E110.25297
G1 X131.474 Y102.681 E110.26697
G1 X130.854 Y103.24 E110.28086
G1 X130.125 Y103.659 E110.29484
G1 X129.336 Y103.916 E110.30864
G1 X128.445 Y104.01 E110.32354
G1 X71.555 Y104.01 E111.26962
G1 X70.664 Y103.916 E111.28452
G1 X69.875 Y103.659 E111.29832
G1 X69.146 Y103.24 E111.31231
G1 X68.526 Y102.681 E111.32619
G1 X68.031 Y102 E111.34019
G1 X67.693 Y101.24 E111.35402
G1 X67.517 Y100.415 E111.36805
G1 X67.517 Y99.585 E111.38185
G1 X67.693 Y98.76 E111.39588
G1 X68.031 Y98 E111.40971
G1 X68.526 Y97.319 E111.42371
G1 X69.146 Y96.76 E111.4376
G1 X69.875 Y96.341 E111.45158
G1 X70.664 Y96.084 E111.46538
G1 X71.555 Y95.99 E111.48028
G1 X128.445 Y95.99 E112.42636
G1 X129.336 Y96.084 E112.44126
G1 X130.125 Y96.341 E112.45506
G0 F7200 X129.583 Y97.753
G1 F1500 X129.037 Y97.559 E112.4647
G1 X128.38 Y97.514 E112.47565
G1 X127.827 Y97.603 E112.48497
G1 X127.308 Y97.813 E112.49428
G1 X126.851 Y98.135 E112.50357
G1 X126.479 Y98.549 E112.51283
G1 X126.207 Y99.032 E112.52205
G1 X126.054 Y99.543 E112.53092
G1 X126.005 Y100.003 E112.53861
G1 X126.068 Y100.557 E112.54788
G1 X126.252 Y101.083 E112.55715
G1 X126.549 Y101.555 E112.56643
G1 X126.945 Y101.951 E112.57574
G1 X127.417 Y102.248 E112.58501
G1 X127.943 Y102.432 E112.59428
G1 X128.5 Y102.496 E112.6036
G1 X129.057 Y102.432 E112.61293
G1 X129.583 Y102.248 E112.6222
G1 X130.055 Y101.951 E112.63147
G1 X130.451 Y101.555 E112.64078
G1 X130.748 Y101.083 E112.65006
G1 X130.932 Y100.557 E112.65932
G1 X130.996 Y100 E112.66865
G1 X130.932 Y99.443 E112.67797
G1 X130.748 Y98.917 E112.68724
G1 X130.451 Y98.445 E112.69651
G1 X130.055 Y98.048 E112.70584
G1 X129.583 Y97.753 E112.71509
G0 F7200 X122.49 Y96.01
G1 F1500 X77.51 Y96.01 E113.46311
G1 X77.51 Y103.99 E113.59582
G1 X122.49 Y103.99 E114.34384
G1 X122.49 Y96.01 E114.47655
G0 F7200 X77.872 Y96.372
G0 X73.996 Y100
G1 F1500 X73.932 Y99.443 E114.48587
G1 X73.748 Y98.917 E114.49514
G1 X73.451 Y98.445 E114.50442
G1 X73.055 Y98.048 E114.51374
G1 X72.583 Y97.753 E114.523
G1 X72.036 Y97.559 E114.53265
G1 X71.393 Y97.515 E114.54337
G1 X70.88 Y97.579 E114.55196
G1 X70.231 Y97.857 E114.56371
G1 X69.749 Y98.229 E114.57383
G1 X69.377 Y98.7 E114.58381
G1 X69.128 Y99.245 E114.59378
G1 X69.016 Y99.832 E114.60372
G1 X69.049 Y100.433 E114.61373
G1 X69.224 Y101.01 E114.62375
G1 X69.532 Y101.523 E114.6337
G1 X69.952 Y101.95 E114.64366
G1 X70.464 Y102.264 E114.65365
G1 X71.01 Y102.437 E114.66318
G1 X71.495 Y102.496 E114.6713
G1 X72.057 Y102.432 E114.68071
G1 X72.583 Y102.248 E114.68998
G1 X73.055 Y101.951 E114.69925
G1 X73.451 Y101.555 E114.70856
G1 X73.748 Y101.083 E114.71784
G1 X73.932 Y100.557 E114.7271
G1 X73.996 Y100 E114.73643
G0 F7200 X73.176 Y101.335
G0 X72.43 Y101.931
G0 X71.497 Y102.144
G0 X69.389 Y101.633
G1 F1500 X67.696 Y99.941 E114.77623
G0 F7200 X67.737 Y99.415
G1 F1500 X68.908 Y100.586 E114.80377
G0 F7200 X68.843 Y99.955
G1 F1500 X67.836 Y98.949 E114.82744
G0 F7200 X67.989 Y98.536
G1 F1500 X68.906 Y99.453 E114.84901
G0 F7200 X69.034 Y99.015
G1 F1500 X68.163 Y98.145 E114.86948
G0 F7200 X68.392 Y97.808
G1 F1500 X69.211 Y98.627 E114.88875
G0 F7200 X69.457 Y98.307
G1 F1500 X68.63 Y97.48 E114.90819
G0 F7200 X68.92 Y97.205
G1 F1500 X69.729 Y98.014 E114.92722
G0 F7200 X70.049 Y97.768
G1 F1500 X69.218 Y96.937 E114.94677
G0 F7200 X69.57 Y96.723
G1 F1500 X70.424 Y97.577 E114.96685
G0 F7200 X70.82 Y97.407
G1 F1500 X69.93 Y96.517 E114.98778
G0 F7200 X70.352 Y96.374
G1 F1500 X71.32 Y97.341 E115.01054
G0 F7200 X71.913 Y97.369
G1 F1500 X70.794 Y96.25 E115.03685
G0 F7200 X71.306 Y96.196
G1 F1500 X72.762 Y97.652 E115.0711
G1 X72.832 Y97.722
G0 F7200 X72.976 Y96.169
G1 F1500 X77.33 Y100.523 E115.17349
G0 F7200 X77.33 Y99.958
G1 F1500 X73.541 Y96.169 E115.26261
G0 F7200 X74.107 Y96.169
G1 F1500 X77.33 Y99.392 E115.33841
G0 F7200 X77.33 Y98.826
G1 F1500 X74.673 Y96.169 E115.40089
G0 F7200 X75.238 Y96.169
G1 F1500 X77.33 Y98.26 E115.45008
G0 F7200 X77.33 Y97.695
G1 F1500 X75.804 Y96.169 E115.48597
G0 F7200 X76.37 Y96.169
G1 F1500 X77.33 Y97.129 E115.50855
G0 F7200 X77.33 Y96.563
G1 F1500 X76.936 Y96.169 E115.51782
G0 F7200 X73.848 Y98.738
G1 F1500 X77.33 Y102.22 E115.59971
G0 F7200 X77.33 Y101.655
G1 F1500 X71.844 Y96.169 E115.72873
G0 F7200 X72.41 Y96.169
G1 F1500 X77.33 Y101.089 E115.84444
G1 X77.4 Y101.159
G0 F7200 X77.33 Y102.786
G1 F1500 X74.129 Y99.585 E115.91972
G0 F7200 X74.155 Y100.177
G1 F1500 X77.33 Y103.352 E115.9944
G0 F7200 X77.242 Y103.829
G1 F1500 X74.082 Y100.669 E116.06871
G0 F7200 X73.935 Y101.088
G1 F1500 X76.676 Y103.829 E116.13318
G0 F7200 X76.11 Y103.829
G1 F1500 X73.729 Y101.447 E116.18919
G0 F7200 X73.488 Y101.772
G1 F1500 X75.545 Y103.829 E116.23756
G0 F7200 X74.979 Y103.829
G1 F1500 X73.205 Y102.055 E116.27929
G0 F7200 X72.865 Y102.281
G1 F1500 X74.413 Y103.829 E116.31569
G0 F7200 X73.848 Y103.829
G1 F1500 X72.489 Y102.471 E116.34764
G0 F7200 X72.064 Y102.611
G1 F1500 X73.282 Y103.829 E116.37629
G0 F7200 X72.716 Y103.829
G1 F1500 X71.556 Y102.669 E116.40357
G0 F7200 X70.916 Y102.594
G1 F1500 X72.151 Y103.829 E116.43261
G0 F7200 X71.585 Y103.829
G1 F1500 X69.861 Y102.105 E116.47316
G1 X69.791 Y102.035
G0 F7200 X70.198 Y103.573
G1 F1500 X67.911 Y101.286 E116.52695
G0 F7200 X67.727 Y100.537
G1 F1500 X70.954 Y103.764 E116.60284
G1 X71.024 Y103.834
G0 F7200 X122.128 Y103.628
G0 X122.668 Y103.435
G1 F1500 X123.063 Y103.83 E116.61213
G0 F7200 X123.629 Y103.83
G1 F1500 X122.668 Y102.869 E116.63473
G0 F7200 X122.668 Y102.304
G1 F1500 X124.194 Y103.83 E116.67062
G0 F7200 X124.76 Y103.83
G1 F1500 X122.668 Y101.738 E116.71982
G0 F7200 X122.668 Y101.172
G1 F1500 X125.326 Y103.83 E116.78233
G0 F7200 X125.891 Y103.83
G1 F1500 X122.668 Y100.607 E116.85813
G0 F7200 X122.668 Y100.041
G1 F1500 X126.457 Y103.83 E116.94725
G0 F7200 X127.023 Y103.83
G1 F1500 X122.668 Y99.475 E117.04967
G0 F7200 X122.668 Y98.91
G1 F1500 X127.588 Y103.83 E117.16538
G0 F7200 X128.154 Y103.83
G1 F1500 X122.668 Y98.344 E117.2944
G0 F7200 X122.668 Y97.778
G1 F1500 X126.151 Y101.261 E117.37632
G1 X126.221 Y101.331
G0 F7200 X125.869 Y100.414
G1 F1500 X122.668 Y97.213 E117.4516
G0 F7200 X122.668 Y96.647
G1 F1500 X125.843 Y99.821 E117.52626
G0 F7200 X125.926 Y99.339
G1 F1500 X122.757 Y96.17 E117.60079
G0 F7200 X123.322 Y96.17
G1 F1500 X126.066 Y98.913 E117.66531
G0 F7200 X126.27 Y98.551
G1 F1500 X123.888 Y96.17 E117.72132
G0 F7200 X124.454 Y96.17
G1 F1500 X126.519 Y98.234 E117.76987
G0 F7200 X126.799 Y97.949
G1 F1500 X125.02 Y96.17 E117.81171
G0 F7200 X125.585 Y96.17
G1 F1500 X127.131 Y97.715 E117.84806
G0 F7200 X127.515 Y97.534
G1 F1500 X126.151 Y96.17 E117.88014
G0 F7200 X126.717 Y96.17
G1 F1500 X127.947 Y97.4 E117.90907
G0 F7200 X128.45 Y97.338
G1 F1500 X127.282 Y96.17 E117.93654
G0 F7200 X127.848 Y96.17
G1 F1500 X129.058 Y97.379 E117.96498
G1 X129.128 Y97.449
G0 F7200 X129.044 Y96.235
G1 F1500 X132.272 Y99.462 E118.04089
G0 F7200 X132.302 Y100.058
G1 F1500 X130.616 Y98.372 E118.08054
G0 F7200 X130.125 Y97.881
G1 F1500 X128.414 Y96.17 E118.12078
G1 X128.344 Y96.1
G0 F7200 X129.801 Y96.426
G1 F1500 X132.088 Y98.712 E118.17456
G1 X132.158 Y98.782
G0 F7200 X131.111 Y99.433
G1 F1500 X132.262 Y100.583 E118.20162
G0 F7200 X132.162 Y101.049
G1 F1500 X131.169 Y100.056 E118.22497
G0 F7200 X131.111 Y100.564
G1 F1500 X132.009 Y101.462 E118.24609
G0 F7200 X131.835 Y101.853
G1 F1500 X130.97 Y100.988 E118.26643
G0 F7200 X130.78 Y101.365
G1 F1500 X131.606 Y102.19 E118.28585
G0 F7200 X131.368 Y102.518
G1 F1500 X130.555 Y101.705 E118.30497
G0 F7200 X130.272 Y101.988
G1 F1500 X131.077 Y102.793 E118.3239
G0 F7200 X130.78 Y103.062
G1 F1500 X129.948 Y102.229 E118.34348
G0 F7200 X129.589 Y102.436
G1 F1500 X130.428 Y103.275 E118.36321
G0 F7200 X130.069 Y103.482
G1 F1500 X129.17 Y102.582 E118.38437
G0 F7200 X128.677 Y102.656
G1 F1500 X129.646 Y103.625 E118.40715
G0 F7200 X129.203 Y103.748
G1 F1500 X128.084 Y102.628 E118.43348
G1 X128.014 Y102.558
G0 F7200 X127.238 Y102.348
G1 F1500 X128.692 Y103.802 E118.46768
G1 X128.762 Y103.872
G1 F1500 E111.96768
;MESH:NONMESH
G0 F600 X128.762 Y103.872 Z0.6
G0 F7200 X122.1 Y97.9
G0 X120.835 Y97.9
G0 X80.01 Y97.9
;TIME_ELAPSED:168.851052
;LAYER:3
;TYPE:SUPPORT
G1 F1500 E118.46768
G1 F3000 X79.4 Y97.9 E118.47782
G1 X79.4 Y102.1 E118.54767
G1 X80.01 Y102.1 E118.55781
G1 X80.01 Y97.9 E118.62766
G1 X82.677 Y97.9 E118.67201
G1 X82.677 Y102.1 E118.74186
G1 X85.344 Y102.1 E118.78621
G1 X85.344 Y97.9 E118.85606
G1 X88.011 Y97.9 E118.90041
G1 X88.011 Y102.1 E118.97026
G1 X90.678 Y102.1 E119.01461
G1 X90.678 Y97.9 E119.08446
G1 X93.345 Y97.9 E119.12881
G1 X93.345 Y102.1 E119.19865
G1 X96.012 Y102.1 E119.24301
G1 X96.012 Y97.9 E119.31285
G1 X98.679 Y97.9 E119.35721
G1 X98.679 Y102.1 E119.42705
G1 X101.346 Y102.1 E119.4714
G1 X101.346 Y97.9 E119.54125
G1 X104.013 Y97.9 E119.5856
G1 X104.013 Y102.1 E119.65545
G1 X106.68 Y102.1 E119.6998
G1 X106.68 Y97.9 E119.76965
G1 X109.347 Y97.9 E119.814
G1 X109.347 Y102.1 E119.88385
G1 X112.014 Y102.1 E119.9282
G1 X112.014 Y97.9 E119.99804
G1 X114.681 Y97.9 E120.0424
G1 X114.681 Y102.1 E120.11224
G1 X117.348 Y102.1 E120.1566
G1 X117.348 Y97.9 E120.22644
G1 X120.015 Y97.9 E120.27079
G1 X120.015 Y102.1 E120.34064
G1 X120.6 Y102.1 E120.35037
G1 X120.6 Y97.9 E120.42022
G1 X120.015 Y97.9 E120.42994
G1 F1500 E113.92994
;MESH:reed_holder.stl
G0 F7200 X122.1 Y97.9
G0 X128.974 Y97.847
G0 X128.955 Y97.944
;TYPE:WALL-INNER
G1 F1500 E120.42994
G1 F3000 X128.374 Y97.907 E120.43963
G1 X127.908 Y97.99 E120.4475
G1 X127.477 Y98.171 E120.45527
G1 X127.095 Y98.444 E120.46308
G1 X126.783 Y98.796 E120.4709
G1 X126.559 Y99.208 E120.4787
G1 X126.437 Y99.642 E120.4862
G1 X126.396 Y100 E120.49219
G1 X126.45 Y100.469 E120.50004
G1 X126.605 Y100.913 E120.50786
G1 X126.855 Y101.311 E120.51568
G1 X127.189 Y101.645 E120.52353
G1 X127.587 Y101.895 E120.53135
G1 X128.031 Y102.05 E120.53917
G1 X128.5 Y102.104 E120.54702
G1 X128.969 Y102.05 E120.55487
G1 X129.413 Y101.895 E120.56269
G1 X129.811 Y101.645 E120.57051
G1 X130.145 Y101.311 E120.57836
G1 X130.395 Y100.913 E120.58618
G1 X130.55 Y100.469 E120.594
G1 X130.604 Y100 E120.60185
G1 X130.55 Y99.531 E120.6097
G1 X130.395 Y99.087 E120.61752
G1 X130.145 Y98.689 E120.62534
G1 X129.811 Y98.355 E120.6332
G1 X129.413 Y98.105 E120.64101
G1 X128.955 Y97.944 E120.64909
G0 F7200 X128.974 Y97.847
G0 X130.245 Y96.073
G0 X130.285 Y95.982
G1 F3000 X131.084 Y96.443 E120.66443
G1 X131.768 Y97.059 E120.67973
G1 X132.308 Y97.802 E120.69501
G1 X132.681 Y98.64 E120.71026
G1 X132.873 Y99.541 E120.72558
G1 X132.873 Y100.459 E120.74085
G1 X132.681 Y101.36 E120.75617
G1 X132.308 Y102.198 E120.77142
G1 X131.768 Y102.941 E120.7867
G1 X131.084 Y103.557 E120.80201
G1 X130.285 Y104.018 E120.81735
G1 X129.418 Y104.3 E120.83251
G1 X128.466 Y104.4 E120.84843
G1 X71.534 Y104.4 E121.79521
G1 X70.582 Y104.3 E121.81113
G1 X69.715 Y104.018 E121.82629
G1 X68.916 Y103.557 E121.84163
G1 X68.232 Y102.941 E121.85694
G1 X67.692 Y102.198 E121.87221
G1 X67.319 Y101.36 E121.88747
G1 X67.127 Y100.459 E121.90279
G1 X67.127 Y99.541 E121.91806
G1 X67.319 Y98.64 E121.93338
G1 X67.692 Y97.802 E121.94863
G1 X68.232 Y97.059 E121.9639
G1 X68.916 Y96.443 E121.97921
G1 X69.715 Y95.982 E121.99455
G1 X70.582 Y95.7 E122.00971
G1 X71.534 Y95.6 E122.02563
G1 X128.466 Y95.6 E122.97242
G1 X129.418 Y95.7 E122.98834
G1 X130.285 Y95.982 E123.0035
G0 F7200 X130.245 Y96.073
G0 X122.13 Y101.82
G0 X122.128 Y103.628
G0 X77.83 Y103.67
G0 X77.9 Y103.6
G1 F3000 X122.1 Y103.6 E123.73855
G1 X122.1 Y96.4 E123.85828
G1 X77.9 Y96.4 E124.59333
G1 X77.9 Y103.6 E124.71307
G0 F7200 X77.83 Y103.67
G0 X72.835 Y98.324
G0 X72.051 Y97.937
G0 X70.955 Y97.863
G0 X70.981 Y97.959
G1 F3000 X70.409 Y98.21 E124.72346
G1 X70.009 Y98.528 E124.73195
G1 X69.701 Y98.926 E124.74032
G1 X69.495 Y99.388 E124.74874
G1 X69.408 Y99.887 E124.75716
G1 X69.441 Y100.39 E124.76554
G1 X69.593 Y100.872 E124.77395
G1 X69.859 Y101.303 E124.78237
G1 X70.217 Y101.657 E124.79074
G1 X70.651 Y101.915 E124.79914
G1 X71.115 Y102.057 E124.80721
G1 X71.497 Y102.104 E124.81361
G1 X71.969 Y102.05 E124.82151
G1 X72.413 Y101.895 E124.82933
G1 X72.811 Y101.645 E124.83715
G1 X73.145 Y101.311 E124.845
G1 X73.395 Y100.913 E124.85282
G1 X73.55 Y100.469 E124.86064
G1 X73.604 Y100 E124.86849
G1 X73.55 Y99.531 E124.87634
G1 X73.395 Y99.087 E124.88416
G1 X73.145 Y98.689 E124.89198
G1 X72.811 Y98.355 E124.89983
G1 X72.413 Y98.105 E124.90765
G1 X71.954 Y97.944 E124.91574
G1 X71.382 Y97.91 E124.92527
G1 X70.981 Y97.959 E124.93199
G0 F7200 X71.088 Y98.349
;TYPE:WALL-OUTER
G1 F1500 X70.617 Y98.555 E124.94053
G1 X70.296 Y98.811 E124.94736
G1 X70.047 Y99.133 E124.95413
G1 X69.88 Y99.506 E124.96093
G1 X69.81 Y99.908 E124.96771
G1 X69.837 Y100.315 E124.9745
G1 X69.96 Y100.704 E124.98128
G1 X70.174 Y101.052 E124.98808
G1 X70.464 Y101.338 E124.99485
G1 X70.814 Y101.547 E125.00163
G1 X71.198 Y101.664 E125.0083
G1 X71.499 Y101.701 E125.01335
G1 X71.879 Y101.658 E125.01971
G1 X72.238 Y101.532 E125.02603
G1 X72.56 Y101.33 E125.03236
G1 X72.83 Y101.06 E125.03871
G1 X73.032 Y100.738 E125.04503
G1 X73.158 Y100.379 E125.05135
G1 X73.201 Y100 E125.0577
G1 X73.158 Y99.621 E125.06404
G1 X73.032 Y99.262 E125.07037
G1 X72.83 Y98.94 E125.07669
G1 X72.56 Y98.67 E125.08304
G1 X72.238 Y98.468 E125.08936
G1 X71.874 Y98.34 E125.09578
G1 X71.395 Y98.311 E125.10376
G1 X71.088 Y98.349 E125.1089
G0 F7200 X70.905 Y98.429
G0 X70.705 Y97.971
G0 X71.961 Y97.905
G0 X72.757 Y98.275
G0 X77.8 Y103.2
G0 X78.3 Y103.2
G1 F1500 X121.7 Y103.2 E125.83065
G1 X121.7 Y96.8 E125.93708
G1 X78.3 Y96.8 E126.65882
G1 X78.3 Y103.2 E126.76526
G0 F7200 X78.5 Y103.2
G0 X78.5 Y103.7
G0 X122.128 Y103.628
G0 X122.138 Y98.664
G0 X128.372 Y97.868
G0 X128.874 Y98.34
G1 F1500 X128.397 Y98.309 E126.77321
G1 X128.022 Y98.376 E126.77954
G1 X127.673 Y98.522 E126.78583
G1 X127.365 Y98.743 E126.79214
G1 X127.113 Y99.027 E126.79845
G1 X126.932 Y99.36 E126.80475
G1 X126.831 Y99.719 E126.81096
G1 X126.799 Y100 E126.81566
G1 X126.842 Y100.379 E126.822
G1 X126.968 Y100.738 E126.82833
G1 X127.17 Y101.06 E126.83465
G1 X127.44 Y101.33 E126.841
G1 X127.762 Y101.532 E126.84732
G1 X128.121 Y101.658 E126.85365
G1 X128.5 Y101.701 E126.85999
G1 X128.879 Y101.658 E126.86634
G1 X129.238 Y101.532 E126.87266
G1 X129.56 Y101.33 E126.87898
G1 X129.83 Y101.06 E126.88533
G1 X130.032 Y100.738 E126.89166
G1 X130.158 Y100.379 E126.89798
G1 X130.201 Y100 E126.90433
G1 X130.158 Y99.621 E126.91067
G1 X130.032 Y99.262 E126.917
G1 X129.83 Y98.94 E126.92332
G1 X129.56 Y98.67 E126.92967
G1 X129.238 Y98.468 E126.93599
G1 X128.874 Y98.34 E126.94241
G0 F7200 X128.675 Y98.328
G0 X128.707 Y97.829
G0 X130.245 Y96.073
G0 X130.452 Y95.616
G1 F1500 X131.319 Y96.116 E126.95905
G1 X132.068 Y96.791 E126.97582
G1 X132.655 Y97.599 E126.99243
G1 X133.063 Y98.516 E127.00912
G1 X133.273 Y99.5 E127.02585
G1 X133.273 Y100.5 E127.04248
G1 X133.063 Y101.484 E127.05921
G1 X132.655 Y102.401 E127.0759
G1 X132.068 Y103.209 E127.09251
G1 X131.319 Y103.884 E127.10928
G1 X130.452 Y104.384 E127.12593
G1 X129.499 Y104.694 E127.14259
G1 X128.489 Y104.8 E127.15948
G1 X71.511 Y104.8 E128.10703
G1 X70.501 Y104.694 E128.12392
G1 X69.548 Y104.384 E128.14058
G1 X68.681 Y103.884 E128.15723
G1 X67.932 Y103.209 E128.17399
G1 X67.345 Y102.401 E128.1906
G1 X66.937 Y101.484 E128.20729
G1 X66.727 Y100.5 E128.22403
G1 X66.727 Y99.5 E128.24066
G1 X66.937 Y98.516 E128.25739
G1 X67.345 Y97.599 E128.27408
G1 X67.932 Y96.791 E128.29069
G1 X68.681 Y96.116 E128.30746
G1 X69.548 Y95.616 E128.3241
G1 X70.501 Y95.306 E128.34077
G1 X71.511 Y95.2 E128.35765
G1 X128.489 Y95.2 E129.3052
G1 X129.499 Y95.306 E129.32209
G1 X130.452 Y95.616 E129.33876
G0 F7200 X130.625 Y95.716
G0 X130.125 Y96.341
;TYPE:SKIN
G1 F1500 X130.854 Y96.76 E129.35274
G1 X131.474 Y97.319 E129.36662
G1 X131.969 Y98 E129.38062
G1 X132.307 Y98.76 E129.39446
G1 X132.483 Y99.585 E129.40848
G1 X132.483 Y100.415 E129.42229
G1 X132.307 Y101.24 E129.43632
G1 X131.969 Y102 E129.45015
G1 X131.474 Y102.681 E129.46415
G1 X130.854 Y103.24 E129.47803
G1 X130.125 Y103.659 E129.49202
G1 X129.336 Y103.916 E129.50581
G1 X128.445 Y104.01 E129.52071
G1 X71.555 Y104.01 E130.4668
G1 X70.664 Y103.916 E130.4817
G1 X69.875 Y103.659 E130.4955
G1 X69.146 Y103.24 E130.50948
G1 X68.526 Y102.681 E130.52336
G1 X68.031 Y102 E130.53736
G1 X67.693 Y101.24 E130.5512
G1 X67.517 Y100.415 E130.56523
G1 X67.517 Y99.585 E130.57903
G1 X67.693 Y98.76 E130.59306
G1 X68.031 Y98 E130.60689
G1 X68.526 Y97.319 E130.62089
G1 X69.146 Y96.76 E130.63477
G1 X69.875 Y96.341 E130.64876
G1 X70.664 Y96.084 E130.66256
G1 X71.555 Y95.99 E130.67746
G1 X128.445 Y95.99 E131.62354
G1 X129.336 Y96.084 E131.63844
G1 X130.125 Y96.341 E131.65224
G0 F7200 X129.583 Y97.752
G1 F1500 X129.033 Y97.558 E131.66194
G1 X128.352 Y97.515 E131.67329
G1 X127.797 Y97.614 E131.68266
G1 X127.286 Y97.828 E131.69187
G1 X126.832 Y98.152 E131.70115
G1 X126.461 Y98.57 E131.71044
G1 X126.196 Y99.06 E131.71971
G1 X126.053 Y99.566 E131.72845
G1 X126.004 Y100 E131.73572
G1 X126.068 Y100.557 E131.74504
G1 X126.252 Y101.083 E131.75431
G1 X126.549 Y101.555 E131.76358
G1 X126.945 Y101.951 E131.77289
G1 X127.417 Y102.248 E131.78217
G1 X127.943 Y102.432 E131.79144
G1 X128.5 Y102.496 E131.80076
G1 X129.057 Y102.432 E131.81008
G1 X129.583 Y102.248 E131.81935
G1 X130.055 Y101.951 E131.82862
G1 X130.451 Y101.555 E131.83794
G1 X130.748 Y101.083 E131.84721
G1 X130.932 Y100.557 E131.85648
G1 X130.996 Y100 E131.8658
G1 X130.932 Y99.443 E131.87513
G1 X130.748 Y98.917 E131.88439
G1 X130.451 Y98.445 E131.89367
G1 X130.055 Y98.049 E131.90298
G1 X129.583 Y97.752 E131.91226
G0 F7200 X122.49 Y96.01
G1 F1500 X77.51 Y96.01 E132.66028
G1 X77.51 Y103.99 E132.79298
G1 X122.49 Y103.99 E133.541
G1 X122.49 Y96.01 E133.67371
G0 F7200 X77.872 Y96.372
G0 X73.996 Y100
G1 F1500 X73.932 Y99.443 E133.68304
G1 X73.748 Y98.917 E133.6923
G1 X73.451 Y98.445 E133.70158
G1 X73.055 Y98.049 E133.71089
G1 X72.583 Y97.752 E133.72016
G1 X72.032 Y97.558 E133.72988
G1 X71.37 Y97.518 E133.74091
G1 X70.877 Y97.579 E133.74917
G1 X70.206 Y97.873 E133.76135
G1 X69.73 Y98.252 E133.77147
G1 X69.364 Y98.725 E133.78142
G1 X69.119 Y99.273 E133.7914
G1 X69.016 Y99.866 E133.80141
G1 X69.055 Y100.462 E133.81134
G1 X69.236 Y101.036 E133.82135
G1 X69.551 Y101.547 E133.83133
G1 X69.977 Y101.967 E133.84128
G1 X70.491 Y102.274 E133.85124
G1 X71.033 Y102.44 E133.86067
G1 X71.495 Y102.496 E133.8684
G1 X72.057 Y102.432 E133.87781
G1 X72.583 Y102.248 E133.88708
G1 X73.055 Y101.951 E133.89635
G1 X73.451 Y101.555 E133.90567
G1 X73.748 Y101.083 E133.91494
G1 X73.932 Y100.557 E133.92421
G1 X73.996 Y100 E133.93353
G0 F7200 X73.176 Y98.665
G0 X72.43 Y98.069
G0 X71.633 Y97.887
G0 X68.162 Y98.149
G1 F1500 X69.612 Y96.698 E133.96764
G1 X69.682 Y96.628
G0 F7200 X70.577 Y96.3
G1 F1500 X67.812 Y99.064 E134.03266
G0 F7200 X67.696 Y99.745
G1 F1500 X71.239 Y96.203 E134.11598
G0 F7200 X71.839 Y96.169
G1 F1500 X70.432 Y97.576 E134.14907
G1 X70.362 Y97.646
G0 F7200 X71.219 Y97.354
G1 F1500 X72.404 Y96.169 E134.17694
G0 F7200 X72.97 Y96.169
G1 F1500 X71.778 Y97.361 E134.20497
G0 F7200 X72.258 Y97.447
G1 F1500 X73.536 Y96.169 E134.23503
G0 F7200 X74.101 Y96.169
G1 F1500 X72.674 Y97.596 E134.26859
G0 F7200 X73.021 Y97.815
G1 F1500 X74.667 Y96.169 E134.3073
G0 F7200 X75.233 Y96.169
G1 F1500 X73.331 Y98.07 E134.35202
G0 F7200 X73.609 Y98.358
G1 F1500 X75.799 Y96.169 E134.40351
G0 F7200 X76.364 Y96.169
G1 F1500 X73.828 Y98.705 E134.46316
G0 F7200 X74.002 Y99.097
G1 F1500 X76.93 Y96.169 E134.53202
G0 F7200 X77.329 Y96.335
G1 F1500 X74.125 Y99.54 E134.60738
G0 F7200 X74.169 Y100.061
G1 F1500 X77.329 Y96.901 E134.6817
G0 F7200 X77.329 Y97.466
G1 F1500 X74.058 Y100.737 E134.75863
G1 X73.988 Y100.807
G0 F7200 X72.239 Y102.557
G1 F1500 X71.023 Y103.772 E134.78722
G0 F7200 X70.543 Y103.687
G1 F1500 X71.563 Y102.667 E134.8112
G0 F7200 X71.044 Y102.62
G1 F1500 X70.117 Y103.548 E134.83302
G0 F7200 X69.731 Y103.368
G1 F1500 X70.604 Y102.495 E134.85355
G0 F7200 X70.216 Y102.317
G1 F1500 X69.371 Y103.162 E134.87342
G0 F7200 X69.053 Y102.914
G1 F1500 X69.862 Y102.105 E134.89245
G0 F7200 X69.577 Y101.824
G1 F1500 X68.756 Y102.645 E134.91176
G0 F7200 X68.5 Y102.336
G1 F1500 X69.32 Y101.516 E134.93104
G0 F7200 X69.105 Y101.165
G1 F1500 X68.262 Y102.008 E134.95087
G0 F7200 X68.068 Y101.637
G1 F1500 X68.956 Y100.749 E134.97175
G0 F7200 X68.861 Y100.278
G1 F1500 X67.893 Y101.246 E134.99452
G0 F7200 X67.782 Y100.791
G1 F1500 X68.859 Y99.714 E135.01985
G1 X68.929 Y99.644
G0 F7200 X69.07 Y98.938
G1 F1500 X67.696 Y100.311 E135.05215
G1 X67.626 Y100.381
G0 F7200 X71.535 Y103.826
G1 F1500 X77.329 Y98.032 E135.18842
G0 F7200 X77.329 Y98.598
G1 F1500 X72.098 Y103.829 E135.31144
G0 F7200 X72.664 Y103.829
G1 F1500 X77.329 Y99.163 E135.42117
G0 F7200 X77.329 Y99.729
G1 F1500 X73.23 Y103.829 E135.51758
G0 F7200 X73.795 Y103.829
G1 F1500 X77.329 Y100.295 E135.6007
G0 F7200 X77.329 Y100.861
G1 F1500 X74.361 Y103.829 E135.6705
G0 F7200 X74.927 Y103.829
G1 F1500 X77.329 Y101.426 E135.727
G0 F7200 X77.329 Y101.992
G1 F1500 X75.492 Y103.829 E135.77021
G0 F7200 X76.058 Y103.829
G1 F1500 X77.329 Y102.558 E135.8001
G0 F7200 X77.329 Y103.123
G1 F1500 X76.624 Y103.829 E135.81669
G0 F7200 X77.189 Y103.829
G1 F1500 X77.329 Y103.689 E135.81998
G0 F7200 X122.669 Y103.604
G1 F1500 X125.867 Y100.406 E135.89519
G0 F7200 X125.981 Y100.858
G1 F1500 X123.009 Y103.83 E135.96509
G0 F7200 X123.575 Y103.83
G1 F1500 X126.148 Y101.256 E136.02562
G0 F7200 X126.367 Y101.604
G1 F1500 X124.141 Y103.83 E136.07797
G0 F7200 X124.706 Y103.83
G1 F1500 X126.637 Y101.899 E136.12338
G0 F7200 X126.941 Y102.16
G1 F1500 X125.272 Y103.83 E136.16265
G0 F7200 X125.838 Y103.83
G1 F1500 X127.289 Y102.379 E136.19677
G0 F7200 X127.697 Y102.536
G1 F1500 X126.403 Y103.83 E136.2272
G0 F7200 X126.969 Y103.83
G1 F1500 X128.162 Y102.637 E136.25526
G0 F7200 X128.713 Y102.652
G1 F1500 X127.535 Y103.83 E136.28297
G0 F7200 X128.1 Y103.83
G1 F1500 X129.445 Y102.485 E136.3146
G1 X129.515 Y102.415
G0 F7200 X130.246 Y103.381
G1 F1500 X131.883 Y101.744 E136.3531
G1 X131.953 Y101.674
G0 F7200 X132.202 Y100.859
G1 F1500 X129.335 Y103.726 E136.42053
G0 F7200 X128.693 Y103.803
G1 F1500 X132.302 Y100.194 E136.5054
G0 F7200 X132.302 Y99.628
G1 F1500 X130.985 Y100.945 E136.53638
G0 F7200 X131.152 Y100.213
G1 F1500 X132.206 Y99.158 E136.56118
G0 F7200 X132.087 Y98.712
G1 F1500 X131.138 Y99.661 E136.5835
G0 F7200 X131.036 Y99.197
G1 F1500 X131.912 Y98.321 E136.6041
G0 F7200 X131.712 Y97.956
G1 F1500 X130.879 Y98.789 E136.62369
G0 F7200 X130.66 Y98.441
G1 F1500 X131.473 Y97.628 E136.64281
G0 F7200 X131.211 Y97.325
G1 F1500 X130.398 Y98.138 E136.66193
G0 F7200 X130.102 Y97.868
G1 F1500 X130.914 Y97.056 E136.68103
G0 F7200 X130.589 Y96.815
G1 F1500 X129.756 Y97.649 E136.70063
G0 F7200 X129.357 Y97.482
G1 F1500 X130.23 Y96.609 E136.72116
G0 F7200 X129.837 Y96.436
G1 F1500 X128.904 Y97.37 E136.74312
G0 F7200 X128.372 Y97.336
G1 F1500 X129.411 Y96.297 E136.76755
G0 F7200 X128.921 Y96.22
G1 F1500 X127.672 Y97.47 E136.79694
G1 X127.602 Y97.54
G0 F7200 X127.841 Y96.17
G1 F1500 X122.669 Y101.341 E136.91857
G0 F7200 X122.669 Y100.776
G1 F1500 X127.275 Y96.17 E137.02689
G0 F7200 X126.709 Y96.17
G1 F1500 X122.669 Y100.21 E137.12191
G0 F7200 X122.669 Y99.644
G1 F1500 X126.144 Y96.17 E137.20362
G0 F7200 X125.578 Y96.17
G1 F1500 X122.669 Y99.079 E137.27204
G0 F7200 X122.669 Y98.513
G1 F1500 X125.012 Y96.17 E137.32714
G0 F7200 X124.447 Y96.17
G1 F1500 X122.669 Y97.947 E137.36894
G0 F7200 X122.669 Y97.382
G1 F1500 X123.881 Y96.17 E137.39745
G0 F7200 X123.315 Y96.17
G1 F1500 X122.669 Y96.816 E137.41264
G0 F7200 X122.669 Y96.25
G1 F1500 X122.75 Y96.17 E137.41453
G0 F7200 X125.978 Y99.163
G1 F1500 X122.669 Y102.473 E137.49237
G0 F7200 X122.669 Y103.038
G1 F1500 X125.836 Y99.871 E137.56685
G1 X125.906 Y99.801
G0 F7200 X122.669 Y101.907
G1 F1500 X128.407 Y96.17 E137.70179
G1 X128.477 Y96.1
G1 F1500 E131.20179
;MESH:NONMESH
G0 F600 X128.477 Y96.1 Z0.7
G0 F7200 X80.01 Y96.4
G0 X80.01 Y97.9
;TIME_ELAPSED:213.391687
;LAYER:4
;TYPE:SUPPORT
G1 F1500 E137.70179
G1 F3000 X79.4 Y97.9 E137.71193
G1 X79.4 Y102.1 E137.78178
G1 X80.01 Y102.1 E137.79192
G1 X80.01 Y97.9 E137.86177
G1 X82.677 Y97.9 E137.90612
G1 X82.677 Y102.1 E137.97597
G1 X85.344 Y102.1 E138.02032
G1 X85.344 Y97.9 E138.09017
G1 X88.011 Y97.9 E138.13452
G1 X88.011 Y102.1 E138.20437
G1 X90.678 Y102.1 E138.24872
G1 X90.678 Y97.9 E138.31857
G1 X93.345 Y97.9 E138.36292
G1 X93.345 Y102.1 E138.43276
G1 X96.012 Y102.1 E138.47712
G1 X96.012 Y97.9 E138.54696
G1 X98.679 Y97.9 E138.59131
G1 X98.679 Y102.1 E138.66116
G1 X101.346 Y102.1 E138.70551
G1 X101.346 Y97.9 E138.77536
G1 X104.013 Y97.9 E138.81971
G1 X104.013 Y102.1 E138.88956
G1 X106.68 Y102.1 E138.93391
G1 X106.68 Y97.9 E139.00376
G1 X109.347 Y97.9 E139.04811
G1 X109.347 Y102.1 E139.11796
G1 X112.014 Y102.1 E139.16231
G1 X112.014 Y97.9 E139.23215
G1 X114.681 Y97.9 E139.27651
G1 X114.681 Y102.1 E139.34635
G1 X117.348 Y102.1 E139.39071
G1 X117.348 Y97.9 E139.46055
G1 X120.015 Y97.9 E139.5049
G1 X120.015 Y102.1 E139.57475
G1 X120.6 Y102.1 E139.58448
G1 X120.6 Y97.9 E139.65433
G1 X120.015 Y97.9 E139.66405
G1 F1500 E133.16405
;MESH:reed_holder.stl
G0 F7200 X122.1 Y97.9
G0 X128.973 Y97.846
G0 X128.954 Y97.944
;TYPE:WALL-INNER
G1 F1500 E139.66405
G1 F3000 X128.352 Y97.909 E139.67408
G1 X127.886 Y97.997 E139.68197
G1 X127.457 Y98.183 E139.68974
G1 X127.079 Y98.46 E139.69754
G1 X126.771 Y98.816 E139.70537
G1 X126.551 Y99.231 E139.71318
G1 X126.435 Y99.662 E139.7206
G1 X126.396 Y100 E139.72626
G1 X126.45 Y100.469 E139.73411
G1 X126.605 Y100.913 E139.74193
G1 X126.855 Y101.311 E139.74975
G1 X127.189 Y101.645 E139.7576
G1 X127.587 Y101.895 E139.76542
G1 X128.031 Y102.05 E139.77324
G1 X128.5 Y102.104 E139.78109
G1 X128.969 Y102.05 E139.78894
G1 X129.413 Y101.895 E139.79676
G1 X129.811 Y101.645 E139.80458
G1 X130.145 Y101.311 E139.81243
G1 X130.395 Y100.913 E139.82025
G1 X130.55 Y100.469 E139.82807
G1 X130.604 Y100 E139.83592
G1 X130.55 Y99.531 E139.84377
G1 X130.395 Y99.087 E139.85159
G1 X130.145 Y98.689 E139.85941
G1 X129.811 Y98.355 E139.86726
G1 X129.413 Y98.105 E139.87508
G1 X128.954 Y97.944 E139.88317
G0 F7200 X128.973 Y97.846
G0 X130.245 Y96.073
G0 X130.285 Y95.982
G1 F3000 X131.084 Y96.443 E139.89851
G1 X131.768 Y97.059 E139.91382
G1 X132.308 Y97.802 E139.92909
G1 X132.681 Y98.64 E139.94435
G1 X132.873 Y99.541 E139.95967
G1 X132.873 Y100.459 E139.97493
G1 X132.681 Y101.36 E139.99025
G1 X132.308 Y102.198 E140.00551
G1 X131.768 Y102.941 E140.02078
G1 X131.084 Y103.557 E140.03609
G1 X130.285 Y104.018 E140.05143
G1 X129.418 Y104.3 E140.06659
G1 X128.466 Y104.4 E140.08251
G1 X71.534 Y104.4 E141.02929
G1 X70.582 Y104.3 E141.04521
G1 X69.715 Y104.018 E141.06038
G1 X68.916 Y103.557 E141.07572
G1 X68.232 Y102.941 E141.09102
G1 X67.692 Y102.198 E141.1063
G1 X67.319 Y101.36 E141.12155
G1 X67.127 Y100.459 E141.13687
G1 X67.127 Y99.541 E141.15214
G1 X67.319 Y98.64 E141.16746
G1 X67.692 Y97.802 E141.18271
G1 X68.232 Y97.059 E141.19799
G1 X68.916 Y96.443 E141.2133
G1 X69.715 Y95.982 E141.22864
G1 X70.582 Y95.7 E141.2438
G1 X71.534 Y95.6 E141.25972
G1 X128.466 Y95.6 E142.2065
G1 X129.418 Y95.7 E142.22242
G1 X130.285 Y95.982 E142.23758
G0 F7200 X130.245 Y96.073
G0 X122.13 Y101.82
G0 X122.128 Y103.628
G0 X77.83 Y103.67
G0 X77.9 Y103.6
G1 F3000 X122.1 Y103.6 E142.97263
G1 X122.1 Y96.4 E143.09237
G1 X77.9 Y96.4 E143.82742
G1 X77.9 Y103.6 E143.94715
G0 F7200 X77.83 Y103.67
G0 X72.835 Y98.324
G0 X72.05 Y97.937
G0 X70.952 Y97.863
G0 X70.978 Y97.959
G1 F3000 X70.389 Y98.223 E143.95789
G1 X69.992 Y98.545 E143.96639
G1 X69.688 Y98.949 E143.97479
G1 X69.489 Y99.413 E143.98319
G1 X69.407 Y99.912 E143.9916
G1 X69.447 Y100.415 E143.99999
G1 X69.606 Y100.894 E144.00839
G1 X69.875 Y101.321 E144.01678
G1 X70.238 Y101.673 E144.02519
G1 X70.676 Y101.925 E144.03359
G1 X71.137 Y102.06 E144.04158
G1 X71.497 Y102.104 E144.04761
G1 X71.969 Y102.05 E144.05551
G1 X72.413 Y101.895 E144.06333
G1 X72.811 Y101.645 E144.07115
G1 X73.145 Y101.311 E144.079
G1 X73.395 Y100.913 E144.08682
G1 X73.55 Y100.469 E144.09464
G1 X73.604 Y100 E144.10249
G1 X73.55 Y99.531 E144.11034
G1 X73.395 Y99.087 E144.11816
G1 X73.145 Y98.689 E144.12598
G1 X72.811 Y98.355 E144.13383
G1 X72.413 Y98.105 E144.14165
G1 X71.952 Y97.944 E144.14977
G1 X71.362 Y97.912 E144.1596
G1 X70.978 Y97.959 E144.16603
G0 F7200 X71.087 Y98.349
;TYPE:WALL-OUTER
G1 F1500 X70.6 Y98.567 E144.1749
G1 X70.282 Y98.825 E144.18171
G1 X70.037 Y99.151 E144.1885
G1 X69.876 Y99.526 E144.19528
G1 X69.81 Y99.929 E144.20207
G1 X69.842 Y100.335 E144.20885
G1 X69.97 Y100.722 E144.21562
G1 X70.188 Y101.067 E144.22241
G1 X70.481 Y101.351 E144.2292
G1 X70.834 Y101.555 E144.23598
G1 X71.218 Y101.667 E144.24263
G1 X71.499 Y101.701 E144.24734
G1 X71.879 Y101.658 E144.2537
G1 X72.238 Y101.532 E144.26002
G1 X72.56 Y101.33 E144.26634
G1 X72.83 Y101.06 E144.27269
G1 X73.032 Y100.738 E144.27902
G1 X73.158 Y100.379 E144.28534
G1 X73.201 Y100 E144.29169
G1 X73.158 Y99.621 E144.29803
G1 X73.032 Y99.262 E144.30436
G1 X72.83 Y98.94 E144.31068
G1 X72.56 Y98.67 E144.31703
G1 X72.238 Y98.468 E144.32335
G1 X71.873 Y98.34 E144.32978
G1 X71.376 Y98.313 E144.33806
G1 X71.087 Y98.349 E144.3429
G0 F7200 X70.905 Y98.43
G0 X70.702 Y97.974
G0 X71.959 Y97.905
G0 X72.757 Y98.275
G0 X77.8 Y103.2
G0 X78.3 Y103.2
G1 F1500 X121.7 Y103.2 E145.06465
G1 X121.7 Y96.8 E145.17108
G1 X78.3 Y96.8 E145.89283
G1 X78.3 Y103.2 E145.99926
G0 F7200 X78.5 Y103.2
G0 X78.5 Y103.7
G0 X122.128 Y103.628
G0 X122.138 Y98.627
G0 X128.903 Y97.842
G0 X128.874 Y98.34
G1 F1500 X128.378 Y98.311 E146.00752
G1 X128.004 Y98.382 E146.01385
G1 X127.657 Y98.532 E146.02014
G1 X127.352 Y98.756 E146.02643
G1 X127.103 Y99.043 E146.03275
G1 X126.926 Y99.378 E146.03905
G1 X126.829 Y99.737 E146.04523
G1 X126.799 Y100 E146.04964
G1 X126.842 Y100.379 E146.05598
G1 X126.968 Y100.738 E146.06231
G1 X127.17 Y101.06 E146.06863
G1 X127.44 Y101.33 E146.07498
G1 X127.762 Y101.532 E146.0813
G1 X128.121 Y101.658 E146.08763
G1 X128.5 Y101.701 E146.09397
G1 X128.879 Y101.658 E146.10031
G1 X129.238 Y101.532 E146.10664
G1 X129.56 Y101.33 E146.11296
G1 X129.83 Y101.06 E146.11931
G1 X130.032 Y100.738 E146.12563
G1 X130.158 Y100.379 E146.13196
G1 X130.201 Y100 E146.1383
G1 X130.158 Y99.621 E146.14465
G1 X130.032 Y99.262 E146.15097
G1 X129.83 Y98.94 E146.1573
G1 X129.56 Y98.67 E146.16365
G1 X129.238 Y98.468 E146.16997
G1 X128.874 Y98.34 E146.17638
G0 F7200 X128.674 Y98.329
G0 X128.703 Y97.831
G0 X130.245 Y96.073
G0 X130.452 Y95.616
G1 F1500 X131.319 Y96.116 E146.19303
G1 X132.068 Y96.791 E146.2098
G1 X132.655 Y97.599 E146.2264
G1 X133.063 Y98.516 E146.2431
G1 X133.273 Y99.5 E146.25983
G1 X133.273 Y100.5 E146.27646
G1 X133.063 Y101.484 E146.29319
G1 X132.655 Y102.401 E146.30988
G1 X132.068 Y103.209 E146.32649
G1 X131.319 Y103.884 E146.34326
G1 X130.452 Y104.384 E146.3599
G1 X129.499 Y104.694 E146.37657
G1 X128.489 Y104.8 E146.39346
G1 X71.511 Y104.8 E147.341
G1 X70.501 Y104.694 E147.35789
G1 X69.548 Y104.384 E147.37456
G1 X68.681 Y103.884 E147.3912
G1 X67.932 Y103.209 E147.40797
G1 X67.345 Y102.401 E147.42458
G1 X66.937 Y101.484 E147.44127
G1 X66.727 Y100.5 E147.458
G1 X66.727 Y99.5 E147.47463
G1 X66.937 Y98.516 E147.49137
G1 X67.345 Y97.599 E147.50806
G1 X67.932 Y96.791 E147.52467
G1 X68.681 Y96.116 E147.54143
G1 X69.548 Y95.616 E147.55808
G1 X70.501 Y95.306 E147.57474
G1 X71.511 Y95.2 E147.59163
G1 X128.489 Y95.2 E148.53918
G1 X129.499 Y95.306 E148.55607
G1 X130.452 Y95.616 E148.57273
G0 F7200 X130.625 Y95.716
G0 X130.125 Y96.341
;TYPE:SKIN
G1 F1500 X130.854 Y96.76 E148.58672
G1 X131.474 Y97.319 E148.6006
G1 X131.969 Y98 E148.6146
G1 X132.307 Y98.76 E148.62843
G1 X132.483 Y99.585 E148.64246
G1 X132.483 Y100.415 E148.65626
G1 X132.307 Y101.24 E148.67029
G1 X131.969 Y102 E148.68413
G1 X131.474 Y102.681 E148.69813
G1 X130.854 Y103.24 E148.71201
G1 X130.125 Y103.659 E148.72599
G1 X129.336 Y103.916 E148.73979
G1 X128.445 Y104.01 E148.75469
G1 X71.555 Y104.01 E149.70078
G1 X70.664 Y103.916 E149.71568
G1 X69.875 Y103.659 E149.72948
G1 X69.146 Y103.24 E149.74346
G1 X68.526 Y102.681 E149.75734
G1 X68.031 Y102 E149.77134
G1 X67.693 Y101.24 E149.78517
G1 X67.517 Y100.415 E149.7992
G1 X67.517 Y99.585 E149.81301
G1 X67.693 Y98.76 E149.82703
G1 X68.031 Y98 E149.84087
G1 X68.526 Y97.319 E149.85487
G1 X69.146 Y96.76 E149.86875
G1 X69.875 Y96.341 E149.88273
G1 X70.664 Y96.084 E149.89653
G1 X71.555 Y95.99 E149.91143
G1 X128.445 Y95.99 E150.85752
G1 X129.336 Y96.084 E150.87242
G1 X130.125 Y96.341 E150.88622
G0 F7200 X129.583 Y97.752
G1 F1500 X129.032 Y97.558 E150.89593
G1 X128.327 Y97.517 E150.90768
G1 X127.771 Y97.622 E150.91708
G1 X127.262 Y97.842 E150.92631
G1 X126.813 Y98.171 E150.93556
G1 X126.447 Y98.594 E150.94487
G1 X126.186 Y99.087 E150.95414
G1 X126.051 Y99.588 E150.96277
G1 X126.004 Y100 E150.96967
G1 X126.068 Y100.557 E150.97899
G1 X126.252 Y101.083 E150.98826
G1 X126.549 Y101.555 E150.99753
G1 X126.945 Y101.951 E151.00685
G1 X127.417 Y102.248 E151.01612
G1 X127.943 Y102.432 E151.02539
G1 X128.5 Y102.496 E151.03471
G1 X129.057 Y102.432 E151.04403
G1 X129.583 Y102.248 E151.0533
G1 X130.055 Y101.951 E151.06258
G1 X130.451 Y101.555 E151.07189
G1 X130.748 Y101.083 E151.08116
G1 X130.932 Y100.557 E151.09043
G1 X130.996 Y100 E151.09975
G1 X130.932 Y99.443 E151.10908
G1 X130.748 Y98.917 E151.11835
G1 X130.451 Y98.445 E151.12762
G1 X130.055 Y98.049 E151.13693
G1 X129.583 Y97.752 E151.14621
G0 F7200 X122.49 Y96.01
G1 F1500 X77.51 Y96.01 E151.89423
G1 X77.51 Y103.99 E152.02694
G1 X122.49 Y103.99 E152.77496
G1 X122.49 Y96.01 E152.90766
G0 F7200 X77.872 Y96.372
G0 X73.996 Y100
G1 F1500 X73.932 Y99.443 E152.91699
G1 X73.748 Y98.917 E152.92625
G1 X73.451 Y98.445 E152.93553
G1 X73.055 Y98.049 E152.94484
G1 X72.583 Y97.752 E152.95412
G1 X72.028 Y97.558 E152.96389
G1 X71.349 Y97.52 E152.9752
G1 X70.872 Y97.579 E152.9832
G1 X70.183 Y97.888 E152.99575
G1 X69.709 Y98.272 E153.0059
G1 X69.348 Y98.752 E153.01589
G1 X69.112 Y99.303 E153.02585
G1 X69.015 Y99.896 E153.03585
G1 X69.062 Y100.493 E153.04581
G1 X69.251 Y101.062 E153.05578
G1 X69.57 Y101.569 E153.06574
G1 X70.002 Y101.987 E153.07574
G1 X70.522 Y102.286 E153.08571
G1 X71.058 Y102.444 E153.095
G1 X71.495 Y102.496 E153.10232
G1 X72.057 Y102.432 E153.11173
G1 X72.583 Y102.248 E153.121
G1 X73.055 Y101.951 E153.13027
G1 X73.451 Y101.555 E153.13958
G1 X73.748 Y101.083 E153.14886
G1 X73.932 Y100.557 E153.15812
G1 X73.996 Y100 E153.16745
G0 F7200 X73.176 Y101.335
G0 X72.43 Y101.931
G0 X71.497 Y102.144
G0 X69.414 Y101.658
G1 F1500 X67.696 Y99.941 E153.20784
G0 F7200 X67.737 Y99.415
G1 F1500 X68.901 Y100.58 E153.23523
G0 F7200 X68.838 Y99.951
G1 F1500 X67.836 Y98.949 E153.25879
G0 F7200 X67.989 Y98.536
G1 F1500 X68.906 Y99.453 E153.28036
G0 F7200 X69.037 Y99.018
G1 F1500 X68.163 Y98.145 E153.3009
G0 F7200 X68.392 Y97.808
G1 F1500 X69.214 Y98.63 E153.32024
G0 F7200 X69.456 Y98.306
G1 F1500 X68.63 Y97.48 E153.33966
G0 F7200 X68.92 Y97.205
G1 F1500 X69.734 Y98.019 E153.35881
G0 F7200 X70.047 Y97.765
G1 F1500 X69.218 Y96.937 E153.37829
G0 F7200 X69.57 Y96.723
G1 F1500 X70.427 Y97.58 E153.39845
G0 F7200 X70.817 Y97.404
G1 F1500 X69.93 Y96.517 E153.41931
G0 F7200 X70.352 Y96.374
G1 F1500 X71.319 Y97.341 E153.44205
G0 F7200 X71.914 Y97.37
G1 F1500 X70.794 Y96.25 E153.46839
G0 F7200 X71.306 Y96.196
G1 F1500 X72.759 Y97.65 E153.50257
G1 X72.829 Y97.72
G0 F7200 X72.976 Y96.169
G1 F1500 X77.33 Y100.523 E153.60497
G0 F7200 X77.33 Y99.958
G1 F1500 X73.541 Y96.169 E153.69409
G0 F7200 X74.107 Y96.169
G1 F1500 X77.33 Y99.392 E153.76989
G0 F7200 X77.33 Y98.826
G1 F1500 X74.673 Y96.169 E153.83237
G0 F7200 X75.238 Y96.169
G1 F1500 X77.33 Y98.26 E153.88156
G0 F7200 X77.33 Y97.695
G1 F1500 X75.804 Y96.169 E153.91745
G0 F7200 X76.37 Y96.169
G1 F1500 X77.33 Y97.129 E153.94003
G0 F7200 X77.33 Y96.563
G1 F1500 X76.936 Y96.169 E153.9493
G0 F7200 X73.848 Y98.738
G1 F1500 X77.33 Y102.22 E154.03119
G0 F7200 X77.33 Y101.655
G1 F1500 X71.844 Y96.169 E154.16021
G0 F7200 X72.41 Y96.169
G1 F1500 X77.33 Y101.089 E154.27592
G1 X77.4 Y101.159
G0 F7200 X77.33 Y102.786
G1 F1500 X74.129 Y99.585 E154.3512
G0 F7200 X74.155 Y100.177
G1 F1500 X77.33 Y103.352 E154.42587
G0 F7200 X77.242 Y103.829
G1 F1500 X74.082 Y100.669 E154.50019
G0 F7200 X73.935 Y101.088
G1 F1500 X76.676 Y103.829 E154.56466
G0 F7200 X76.11 Y103.829
G1 F1500 X73.729 Y101.447 E154.62067
G0 F7200 X73.488 Y101.772
G1 F1500 X75.545 Y103.829 E154.66904
G0 F7200 X74.979 Y103.829
G1 F1500 X73.205 Y102.055 E154.71077
G0 F7200 X72.865 Y102.281
G1 F1500 X74.413 Y103.829 E154.74717
G0 F7200 X73.848 Y103.829
G1 F1500 X72.489 Y102.471 E154.77912
G0 F7200 X72.064 Y102.611
G1 F1500 X73.282 Y103.829 E154.80777
G0 F7200 X72.716 Y103.829
G1 F1500 X71.556 Y102.669 E154.83505
G0 F7200 X70.908 Y102.587
G1 F1500 X72.151 Y103.829 E154.86427
G0 F7200 X71.585 Y103.829
G1 F1500 X69.725 Y101.969 E154.90801
G1 X69.655 Y101.899
G0 F7200 X70.198 Y103.573
G1 F1500 X67.911 Y101.286 E154.9618
G0 F7200 X67.727 Y100.537
G1 F1500 X70.954 Y103.764 E155.0377
G1 X71.024 Y103.834
G0 F7200 X122.128 Y103.628
G0 X122.668 Y103.435
G1 F1500 X123.063 Y103.83 E155.04699
G0 F7200 X123.629 Y103.83
G1 F1500 X122.668 Y102.869 E155.06959
G0 F7200 X122.668 Y102.304
G1 F1500 X124.194 Y103.83 E155.10548
G0 F7200 X124.76 Y103.83
G1 F1500 X122.668 Y101.738 E155.15468
G0 F7200 X122.668 Y101.172
G1 F1500 X125.326 Y103.83 E155.21719
G0 F7200 X125.891 Y103.83
G1 F1500 X122.668 Y100.607 E155.29299
G0 F7200 X122.668 Y100.041
G1 F1500 X126.457 Y103.83 E155.3821
G0 F7200 X127.023 Y103.83
G1 F1500 X122.668 Y99.475 E155.48452
G0 F7200 X122.668 Y98.91
G1 F1500 X127.588 Y103.83 E155.60023
G0 F7200 X128.154 Y103.83
G1 F1500 X122.668 Y98.344 E155.72926
G0 F7200 X122.668 Y97.778
G1 F1500 X126.151 Y101.261 E155.81117
G1 X126.221 Y101.331
G0 F7200 X125.869 Y100.413
G1 F1500 X122.668 Y97.213 E155.88644
G0 F7200 X122.668 Y96.647
G1 F1500 X125.843 Y99.821 E155.9611
G0 F7200 X125.93 Y99.342
G1 F1500 X122.757 Y96.17 E156.03571
G0 F7200 X123.322 Y96.17
G1 F1500 X126.071 Y98.918 E156.10035
G0 F7200 X126.267 Y98.548
G1 F1500 X123.888 Y96.17 E156.15629
G0 F7200 X124.454 Y96.17
G1 F1500 X126.519 Y98.234 E156.20485
G0 F7200 X126.803 Y97.953
G1 F1500 X125.02 Y96.17 E156.24678
G0 F7200 X125.585 Y96.17
G1 F1500 X127.13 Y97.714 E156.2831
G0 F7200 X127.516 Y97.534
G1 F1500 X126.151 Y96.17 E156.3152
G0 F7200 X126.717 Y96.17
G1 F1500 X127.951 Y97.404 E156.34422
G0 F7200 X128.456 Y97.343
G1 F1500 X127.282 Y96.17 E156.37182
G0 F7200 X127.848 Y96.17
G1 F1500 X129.057 Y97.379 E156.40025
G1 X129.127 Y97.449
G0 F7200 X129.044 Y96.235
G1 F1500 X132.272 Y99.462 E156.47616
G0 F7200 X132.302 Y100.058
G1 F1500 X130.616 Y98.371 E156.51582
G0 F7200 X130.126 Y97.882
G1 F1500 X128.414 Y96.17 E156.55608
G1 X128.344 Y96.1
G0 F7200 X129.801 Y96.426
G1 F1500 X132.088 Y98.712 E156.60986
G1 X132.158 Y98.782
G0 F7200 X131.111 Y99.433
G1 F1500 X132.262 Y100.583 E156.63692
G0 F7200 X132.162 Y101.049
G1 F1500 X131.169 Y100.056 E156.66027
G0 F7200 X131.111 Y100.564
G1 F1500 X132.009 Y101.462 E156.68139
G0 F7200 X131.835 Y101.853
G1 F1500 X130.97 Y100.988 E156.70173
G0 F7200 X130.78 Y101.365
G1 F1500 X131.606 Y102.19 E156.72115
G0 F7200 X131.368 Y102.518
G1 F1500 X130.555 Y101.705 E156.74027
G0 F7200 X130.272 Y101.988
G1 F1500 X131.077 Y102.793 E156.7592
G0 F7200 X130.78 Y103.062
G1 F1500 X129.948 Y102.229 E156.77878
G0 F7200 X129.589 Y102.436
G1 F1500 X130.428 Y103.275 E156.79851
G0 F7200 X130.069 Y103.482
G1 F1500 X129.17 Y102.582 E156.81967
G0 F7200 X128.677 Y102.656
G1 F1500 X129.646 Y103.625 E156.84246
G0 F7200 X129.203 Y103.748
G1 F1500 X128.084 Y102.628 E156.86878
G1 X128.014 Y102.558
G0 F7200 X127.238 Y102.348
G1 F1500 X128.692 Y103.802 E156.90298
G1 X128.762 Y103.872
G1 F1500 E150.40298
;MESH:NONMESH
G0 F600 X128.762 Y103.872 Z0.8
G0 F7200 X122.1 Y97.9
G0 X120.835 Y97.9
G0 X80.01 Y97.9
;TIME_ELAPSED:257.852639
;LAYER:5
;TYPE:SUPPORT
G1 F1500 E156.90298
G1 F3000 X79.4 Y97.9 E156.91312
G1 X79.4 Y102.1 E156.98297
G1 X80.01 Y102.1 E156.99312
G1 X80.01 Y97.9 E157.06296
G1 X82.677 Y97.9 E157.10731
G1 X82.677 Y102.1 E157.17716
G1 X85.344 Y102.1 E157.22151
G1 X85.344 Y97.9 E157.29136
G1 X88.011 Y97.9 E157.33571
G1 X88.011 Y102.1 E157.40556
G1 X90.678 Y102.1 E157.44991
G1 X90.678 Y97.9 E157.51976
G1 X93.345 Y97.9 E157.56411
G1 X93.345 Y102.1 E157.63395
G1 X96.012 Y102.1 E157.67831
G1 X96.012 Y97.9 E157.74815
G1 X98.679 Y97.9 E157.79251
G1 X98.679 Y102.1 E157.86235
G1 X101.346 Y102.1 E157.9067
G1 X101.346 Y97.9 E157.97655
G1 X104.013 Y97.9 E158.0209
G1 X104.013 Y102.1 E158.09075
G1 X106.68 Y102.1 E158.1351
G1 X106.68 Y97.9 E158.20495
G1 X109.347 Y97.9 E158.2493
G1 X109.347 Y102.1 E158.31915
G1 X112.014 Y102.1 E158.3635
G1 X112.014 Y97.9 E158.43335
G1 X114.681 Y97.9 E158.4777
G1 X114.681 Y102.1 E158.54754
G1 X117.348 Y102.1 E158.5919
G1 X117.348 Y97.9 E158.66174
G1 X120.015 Y97.9 E158.7061
G1 X120.015 Y102.1 E158.77594
G1 X120.6 Y102.1 E158.78567
G1 X120.6 Y97.9 E158.85552
G1 X120.015 Y97.9 E158.86525
G1 F1500 E152.36525
;MESH:reed_holder.stl
G0 F7200 X122.1 Y97.9
G0 X126.504 Y100.938
G0 X126.595 Y100.898
;TYPE:WALL-INNER
G1 F1500 E158.86525
G1 F3000 X126.855 Y101.311 E158.87336
G1 X127.189 Y101.645 E158.88122
G1 X127.587 Y101.895 E158.88903
G1 X128.031 Y102.05 E158.89685
G1 X128.5 Y102.104 E158.9047
G1 X128.969 Y102.05 E158.91256
G1 X129.413 Y101.895 E158.92038
G1 X129.811 Y101.645 E158.92819
G1 X130.145 Y101.311 E158.93605
G1 X130.395 Y100.913 E158.94386
G1 X130.55 Y100.469 E158.95168
G1 X130.604 Y100 E158.95954
G1 X130.55 Y99.531 E158.96739
G1 X130.395 Y99.087 E158.97521
G1 X130.145 Y98.689 E158.98302
G1 X129.811 Y98.355 E158.99088
G1 X129.413 Y98.105 E158.99869
G1 X128.951 Y97.944 E159.00683
G1 X128.331 Y97.911 E159.01716
G1 X127.863 Y98.005 E159.02509
G1 X127.436 Y98.196 E159.03287
G1 X127.062 Y98.477 E159.04065
G1 X126.758 Y98.836 E159.04848
G1 X126.543 Y99.252 E159.05626
G1 X126.424 Y99.714 E159.0642
G1 X126.423 Y100.291 E159.07379
G1 X126.595 Y100.898 E159.08428
G0 F7200 X126.504 Y100.938
G0 X126.385 Y99.709
G0 X126.725 Y98.814
G0 X130.245 Y96.073
G0 X130.285 Y95.982
G1 F3000 X131.084 Y96.443 E159.09963
G1 X131.768 Y97.059 E159.11493
G1 X132.308 Y97.802 E159.13021
G1 X132.681 Y98.64 E159.14546
G1 X132.873 Y99.541 E159.16078
G1 X132.873 Y100.459 E159.17605
G1 X132.681 Y101.36 E159.19137
G1 X132.308 Y102.198 E159.20662
G1 X131.768 Y102.941 E159.2219
G1 X131.084 Y103.557 E159.23721
G1 X130.285 Y104.018 E159.25255
G1 X129.418 Y104.3 E159.26771
G1 X128.466 Y104.4 E159.28363
G1 X71.534 Y104.4 E160.23041
G1 X70.582 Y104.3 E160.24633
G1 X69.715 Y104.018 E160.26149
G1 X68.916 Y103.557 E160.27683
G1 X68.232 Y102.941 E160.29214
G1 X67.692 Y102.198 E160.30741
G1 X67.319 Y101.36 E160.32267
G1 X67.127 Y100.459 E160.33799
G1 X67.127 Y99.541 E160.35325
G1 X67.319 Y98.64 E160.36857
G1 X67.692 Y97.802 E160.38383
G1 X68.232 Y97.059 E160.3991
G1 X68.916 Y96.443 E160.41441
G1 X69.715 Y95.982 E160.42975
G1 X70.582 Y95.7 E160.44491
G1 X71.534 Y95.6 E160.46083
G1 X128.466 Y95.6 E161.40762
G1 X129.418 Y95.7 E161.42353
G1 X130.285 Y95.982 E161.4387
G0 F7200 X130.245 Y96.073
G0 X122.13 Y101.82
G0 X122.128 Y103.628
G0 X77.83 Y103.67
G0 X77.9 Y103.6
G1 F3000 X122.1 Y103.6 E162.17375
G1 X122.1 Y96.4 E162.29348
G1 X77.9 Y96.4 E163.02853
G1 X77.9 Y103.6 E163.14827
G0 F7200 X77.83 Y103.67
G0 X72.835 Y98.324
G0 X72.047 Y97.936
G0 X70.949 Y97.863
G0 X70.976 Y97.959
G1 F3000 X70.369 Y98.236 E163.15936
G1 X69.974 Y98.565 E163.16791
G1 X69.677 Y98.971 E163.17628
G1 X69.483 Y99.438 E163.18469
G1 X69.407 Y99.937 E163.19308
G1 X69.452 Y100.439 E163.20146
G1 X69.617 Y100.917 E163.20987
G1 X69.892 Y101.341 E163.21828
G1 X70.259 Y101.687 E163.22667
G1 X70.699 Y101.934 E163.23506
G1 X71.191 Y102.073 E163.24356
G1 X71.789 Y102.077 E163.2535
G1 X72.397 Y101.905 E163.26401
G1 X72.811 Y101.645 E163.27214
G1 X73.145 Y101.311 E163.28
G1 X73.395 Y100.913 E163.28781
G1 X73.55 Y100.469 E163.29563
G1 X73.604 Y100 E163.30348
G1 X73.55 Y99.531 E163.31134
G1 X73.395 Y99.087 E163.31916
G1 X73.145 Y98.689 E163.32697
G1 X72.811 Y98.355 E163.33483
G1 X72.412 Y98.105 E163.34266
G1 X71.949 Y97.943 E163.35082
G1 X71.342 Y97.915 E163.36092
G1 X70.976 Y97.959 E163.36705
G0 F7200 X71.086 Y98.349
;TYPE:WALL-OUTER
G1 F1500 X70.584 Y98.578 E163.37623
G1 X70.268 Y98.841 E163.38306
G1 X70.028 Y99.169 E163.38982
G1 X69.871 Y99.546 E163.39661
G1 X69.81 Y99.949 E163.40339
G1 X69.846 Y100.355 E163.41017
G1 X69.979 Y100.74 E163.41694
G1 X70.201 Y101.083 E163.42374
G1 X70.498 Y101.362 E163.43052
G1 X70.853 Y101.562 E163.43729
G1 X71.248 Y101.673 E163.44412
G1 X71.735 Y101.677 E163.45221
G1 X72.233 Y101.536 E163.46082
G1 X72.56 Y101.33 E163.46725
G1 X72.83 Y101.06 E163.4736
G1 X73.032 Y100.738 E163.47992
G1 X73.158 Y100.379 E163.48625
G1 X73.201 Y100 E163.49259
G1 X73.158 Y99.621 E163.49893
G1 X73.032 Y99.262 E163.50526
G1 X72.83 Y98.94 E163.51158
G1 X72.56 Y98.67 E163.51793
G1 X72.238 Y98.468 E163.52425
G1 X71.872 Y98.34 E163.5307
G1 X71.357 Y98.316 E163.53928
G1 X71.086 Y98.349 E163.54382
G0 F7200 X70.904 Y98.432
G0 X70.697 Y97.976
G0 X71.956 Y97.904
G0 X72.757 Y98.275
G0 X77.8 Y103.2
G0 X78.3 Y103.2
G1 F1500 X121.7 Y103.2 E164.26556
G1 X121.7 Y96.8 E164.37199
G1 X78.3 Y96.8 E165.09374
G1 X78.3 Y103.2 E165.20017
G0 F7200 X78.5 Y103.2
G0 X78.5 Y103.7
G0 X122.128 Y103.628
G0 X126.483 Y100.869
G0 X126.964 Y100.733
G1 F1500 X127.17 Y101.06 E165.2066
G1 X127.44 Y101.33 E165.21295
G1 X127.762 Y101.532 E165.21927
G1 X128.121 Y101.658 E165.2256
G1 X128.5 Y101.701 E165.23194
G1 X128.879 Y101.658 E165.23828
G1 X129.238 Y101.532 E165.24461
G1 X129.56 Y101.33 E165.25093
G1 X129.83 Y101.06 E165.25728
G1 X130.032 Y100.738 E165.2636
G1 X130.158 Y100.379 E165.26993
G1 X130.201 Y100 E165.27627
G1 X130.158 Y99.621 E165.28262
G1 X130.032 Y99.262 E165.28894
G1 X129.83 Y98.94 E165.29527
G1 X129.56 Y98.67 E165.30162
G1 X129.238 Y98.468 E165.30794
G1 X128.873 Y98.34 E165.31437
G1 X128.36 Y98.313 E165.32291
G1 X127.986 Y98.388 E165.32926
G1 X127.64 Y98.543 E165.33556
G1 X127.338 Y98.77 E165.34184
G1 X127.093 Y99.06 E165.34816
G1 X126.919 Y99.396 E165.35445
G1 X126.824 Y99.765 E165.36079
G1 X126.823 Y100.236 E165.36862
G1 X126.964 Y100.733 E165.37721
G0 F7200 X127.07 Y100.902
G0 X126.647 Y101.168
G0 X126.384 Y100.296
G0 X126.506 Y99.238
G0 X126.976 Y98.518
G0 X130.245 Y96.073
G0 X130.452 Y95.616
G1 F1500 X131.319 Y96.116 E165.39385
G1 X132.068 Y96.791 E165.41062
G1 X132.655 Y97.599 E165.42723
G1 X133.063 Y98.516 E165.44392
G1 X133.273 Y99.5 E165.46065
G1 X133.273 Y100.5 E165.47728
G1 X133.063 Y101.484 E165.49402
G1 X132.655 Y102.401 E165.51071
G1 X132.068 Y103.209 E165.52732
G1 X131.319 Y103.884 E165.54408
G1 X130.452 Y104.384 E165.56073
G1 X129.499 Y104.694 E165.57739
G1 X128.489 Y104.8 E165.59428
G1 X71.511 Y104.8 E166.54183
G1 X70.501 Y104.694 E166.55872
G1 X69.548 Y104.384 E166.57539
G1 X68.681 Y103.884 E166.59203
G1 X67.932 Y103.209 E166.6088
G1 X67.345 Y102.401 E166.62541
G1 X66.937 Y101.484 E166.6421
G1 X66.727 Y100.5 E166.65883
G1 X66.727 Y99.5 E166.67546
G1 X66.937 Y98.516 E166.69219
G1 X67.345 Y97.599 E166.70888
G1 X67.932 Y96.791 E166.72549
G1 X68.681 Y96.116 E166.74226
G1 X69.548 Y95.616 E166.7589
G1 X70.501 Y95.306 E166.77557
G1 X71.511 Y95.2 E166.79246
G1 X128.489 Y95.2 E167.74001
G1 X129.499 Y95.306 E167.75689
G1 X130.452 Y95.616 E167.77356
G0 F7200 X130.625 Y95.716
G0 X130.125 Y96.341
;TYPE:SKIN
G1 F1500 X130.854 Y96.76 E167.78754
G1 X131.474 Y97.319 E167.80143
G1 X131.969 Y98 E167.81543
G1 X132.307 Y98.76 E167.82926
G1 X132.483 Y99.585 E167.84329
G1 X132.483 Y100.415 E167.85709
G1 X132.307 Y101.24 E167.87112
G1 X131.969 Y102 E167.88495
G1 X131.474 Y102.681 E167.89895
G1 X130.854 Y103.24 E167.91284
G1 X130.125 Y103.659 E167.92682
G1 X129.336 Y103.916 E167.94062
G1 X128.445 Y104.01 E167.95552
G1 X71.555 Y104.01 E168.9016
G1 X70.664 Y103.916 E168.9165
G1 X69.875 Y103.659 E168.9303
G1 X69.146 Y103.24 E168.94428
G1 X68.526 Y102.681 E168.95817
G1 X68.031 Y102 E168.97217
G1 X67.693 Y101.24 E168.986
G1 X67.517 Y100.415 E169.00003
G1 X67.517 Y99.585 E169.01383
G1 X67.693 Y98.76 E169.02786
G1 X68.031 Y98 E169.04169
G1 X68.526 Y97.319 E169.05569
G1 X69.146 Y96.76 E169.06958
G1 X69.875 Y96.341 E169.08356
G1 X70.664 Y96.084 E169.09736
G1 X71.555 Y95.99 E169.11226
G1 X128.445 Y95.99 E170.05834
G1 X129.336 Y96.084 E170.07324
G1 X130.125 Y96.341 E170.08704
G0 F7200 X129.583 Y97.752
G1 F1500 X129.027 Y97.558 E170.09684
G1 X128.302 Y97.519 E170.10891
G1 X127.744 Y97.631 E170.11837
G1 X127.237 Y97.858 E170.12761
G1 X126.793 Y98.192 E170.13685
G1 X126.432 Y98.618 E170.14614
G1 X126.176 Y99.112 E170.15539
G1 X126.034 Y99.664 E170.16487
G1 X126.033 Y100.345 E170.17619
G1 X126.235 Y101.058 E170.18852
G1 X126.549 Y101.556 E170.19831
G1 X126.945 Y101.952 E170.20762
G1 X127.417 Y102.248 E170.21689
G1 X127.943 Y102.432 E170.22615
G1 X128.5 Y102.496 E170.23548
G1 X129.057 Y102.432 E170.2448
G1 X129.583 Y102.248 E170.25407
G1 X130.055 Y101.951 E170.26334
G1 X130.451 Y101.555 E170.27266
G1 X130.748 Y101.083 E170.28193
G1 X130.932 Y100.557 E170.2912
G1 X130.996 Y100 E170.30052
G1 X130.932 Y99.443 E170.30985
G1 X130.748 Y98.917 E170.31911
G1 X130.451 Y98.445 E170.32839
G1 X130.055 Y98.049 E170.3377
G1 X129.583 Y97.752 E170.34697
G0 F7200 X122.49 Y96.01
G1 F1500 X77.51 Y96.01 E171.095
G1 X77.51 Y103.99 E171.2277
G1 X122.49 Y103.99 E171.97572
G1 X122.49 Y96.01 E172.10843
G0 F7200 X77.872 Y96.372
G0 X73.996 Y100
G1 F1500 X73.932 Y99.443 E172.11776
G1 X73.748 Y98.917 E172.12702
G1 X73.451 Y98.445 E172.1363
G1 X73.055 Y98.048 E172.14562
G1 X72.582 Y97.752 E172.1549
G1 X72.024 Y97.557 E172.16473
G1 X71.328 Y97.523 E172.17632
G1 X70.869 Y97.579 E172.18401
G1 X70.16 Y97.903 E172.19697
G1 X69.688 Y98.296 E172.20719
G1 X69.334 Y98.778 E172.21713
G1 X69.105 Y99.333 E172.22712
G1 X69.015 Y99.925 E172.23707
G1 X69.068 Y100.521 E172.24703
G1 X69.264 Y101.089 E172.25702
G1 X69.59 Y101.593 E172.267
G1 X70.027 Y102.003 E172.27696
G1 X70.549 Y102.297 E172.28693
G1 X71.136 Y102.463 E172.29707
G1 X71.842 Y102.467 E172.30881
G1 X72.557 Y102.265 E172.32117
G1 X73.055 Y101.951 E172.33096
G1 X73.451 Y101.555 E172.34027
G1 X73.748 Y101.083 E172.34955
G1 X73.932 Y100.557 E172.35881
G1 X73.996 Y100 E172.36814
G0 F7200 X73.176 Y98.665
G0 X72.429 Y98.069
G0 X71.155 Y97.917
G0 X68.162 Y98.149
G1 F1500 X69.612 Y96.698 E172.40225
G1 X69.682 Y96.628
G0 F7200 X70.577 Y96.3
G1 F1500 X67.812 Y99.064 E172.46727
G0 F7200 X67.696 Y99.745
G1 F1500 X71.239 Y96.203 E172.55058
G0 F7200 X71.839 Y96.169
G1 F1500 X70.425 Y97.582 E172.58383
G1 X70.355 Y97.652
G0 F7200 X71.22 Y97.353
G1 F1500 X72.404 Y96.169 E172.61167
G0 F7200 X72.97 Y96.169
G1 F1500 X71.775 Y97.364 E172.63978
G0 F7200 X72.257 Y97.448
G1 F1500 X73.536 Y96.169 E172.66986
G0 F7200 X74.101 Y96.169
G1 F1500 X72.673 Y97.597 E172.70344
G0 F7200 X73.021 Y97.815
G1 F1500 X74.667 Y96.169 E172.74215
G0 F7200 X75.233 Y96.169
G1 F1500 X73.331 Y98.07 E172.78687
G0 F7200 X73.609 Y98.358
G1 F1500 X75.799 Y96.169 E172.83837
G0 F7200 X76.364 Y96.169
G1 F1500 X73.828 Y98.705 E172.89801
G0 F7200 X74.002 Y99.097
G1 F1500 X76.93 Y96.169 E172.96687
G0 F7200 X77.329 Y96.335
G1 F1500 X74.125 Y99.54 E173.04224
G0 F7200 X74.169 Y100.061
G1 F1500 X77.329 Y96.901 E173.11655
G0 F7200 X77.329 Y97.466
G1 F1500 X74.058 Y100.737 E173.19348
G1 X73.988 Y100.807
G0 F7200 X72.262 Y102.534
G1 F1500 X71.023 Y103.772 E173.22261
G0 F7200 X70.543 Y103.687
G1 F1500 X71.586 Y102.644 E173.24714
G0 F7200 X71.042 Y102.623
G1 F1500 X70.117 Y103.548 E173.2689
G0 F7200 X69.731 Y103.368
G1 F1500 X70.601 Y102.497 E173.28937
G0 F7200 X70.218 Y102.315
G1 F1500 X69.371 Y103.162 E173.30929
G0 F7200 X69.053 Y102.914
G1 F1500 X69.869 Y102.099 E173.32847
G0 F7200 X69.577 Y101.825
G1 F1500 X68.756 Y102.645 E173.34777
G0 F7200 X68.5 Y102.336
G1 F1500 X69.324 Y101.512 E173.36714
G0 F7200 X69.102 Y101.169
G1 F1500 X68.262 Y102.008 E173.38689
G0 F7200 X68.068 Y101.637
G1 F1500 X68.957 Y100.748 E173.4078
G0 F7200 X68.865 Y100.274
G1 F1500 X67.893 Y101.246 E173.43066
G0 F7200 X67.782 Y100.791
G1 F1500 X68.865 Y99.708 E173.45613
G1 X68.935 Y99.638
G0 F7200 X69.073 Y98.935
G1 F1500 X67.696 Y100.311 E173.4885
G1 X67.626 Y100.381
G0 F7200 X71.535 Y103.826
G1 F1500 X77.329 Y98.032 E173.62477
G0 F7200 X77.329 Y98.598
G1 F1500 X72.098 Y103.829 E173.74779
G0 F7200 X72.664 Y103.829
G1 F1500 X77.329 Y99.163 E173.85752
G0 F7200 X77.329 Y99.729
G1 F1500 X73.23 Y103.829 E173.95393
G0 F7200 X73.795 Y103.829
G1 F1500 X77.329 Y100.295 E174.03704
G0 F7200 X77.329 Y100.861
G1 F1500 X74.361 Y103.829 E174.10685
G0 F7200 X74.927 Y103.829
G1 F1500 X77.329 Y101.426 E174.16335
G0 F7200 X77.329 Y101.992
G1 F1500 X75.492 Y103.829 E174.20655
G0 F7200 X76.058 Y103.829
G1 F1500 X77.329 Y102.558 E174.23645
G0 F7200 X77.329 Y103.123
G1 F1500 X76.624 Y103.829 E174.25304
G0 F7200 X77.189 Y103.829
G1 F1500 X77.329 Y103.689 E174.25633
G0 F7200 X122.669 Y103.604
G1 F1500 X125.862 Y100.411 E174.33142
G0 F7200 X125.987 Y100.852
G1 F1500 X123.009 Y103.83 E174.40146
G0 F7200 X123.575 Y103.83
G1 F1500 X126.147 Y101.258 E174.46195
G0 F7200 X126.365 Y101.605
G1 F1500 X124.141 Y103.83 E174.51427
G0 F7200 X124.706 Y103.83
G1 F1500 X126.637 Y101.899 E174.55968
G0 F7200 X126.941 Y102.161
G1 F1500 X125.272 Y103.83 E174.59894
G0 F7200 X125.838 Y103.83
G1 F1500 X127.289 Y102.379 E174.63306
G0 F7200 X127.697 Y102.536
G1 F1500 X126.403 Y103.83 E174.66349
G0 F7200 X126.969 Y103.83
G1 F1500 X128.162 Y102.637 E174.69155
G0 F7200 X128.713 Y102.652
G1 F1500 X127.535 Y103.83 E174.71926
G0 F7200 X128.1 Y103.83
G1 F1500 X129.445 Y102.485 E174.75089
G1 X129.515 Y102.415
G0 F7200 X130.246 Y103.381
G1 F1500 X131.883 Y101.744 E174.78939
G1 X131.953 Y101.674
G0 F7200 X132.202 Y100.859
G1 F1500 X129.335 Y103.726 E174.85682
G0 F7200 X128.693 Y103.803
G1 F1500 X132.302 Y100.194 E174.94169
G0 F7200 X132.302 Y99.628
G1 F1500 X130.985 Y100.945 E174.97267
G0 F7200 X131.152 Y100.213
G1 F1500 X132.206 Y99.158 E174.99747
G0 F7200 X132.087 Y98.712
G1 F1500 X131.138 Y99.661 E175.01979
G0 F7200 X131.036 Y99.197
G1 F1500 X131.912 Y98.321 E175.04039
G0 F7200 X131.712 Y97.956
G1 F1500 X130.879 Y98.789 E175.05998
G0 F7200 X130.66 Y98.441
G1 F1500 X131.473 Y97.628 E175.0791
G0 F7200 X131.211 Y97.325
G1 F1500 X130.398 Y98.138 E175.09822
G0 F7200 X130.102 Y97.868
G1 F1500 X130.914 Y97.056 E175.11732
G0 F7200 X130.589 Y96.815
G1 F1500 X129.755 Y97.65 E175.13694
G0 F7200 X129.355 Y97.483
G1 F1500 X130.23 Y96.609 E175.15751
G0 F7200 X129.837 Y96.436
G1 F1500 X128.902 Y97.371 E175.1795
G0 F7200 X128.366 Y97.342
G1 F1500 X129.411 Y96.297 E175.20408
G0 F7200 X128.921 Y96.22
G1 F1500 X127.68 Y97.461 E175.23326
G1 X127.61 Y97.531
G0 F7200 X127.841 Y96.17
G1 F1500 X122.669 Y101.341 E175.35489
G0 F7200 X122.669 Y100.776
G1 F1500 X127.275 Y96.17 E175.46322
G0 F7200 X126.709 Y96.17
G1 F1500 X122.669 Y100.21 E175.55823
G0 F7200 X122.669 Y99.644
G1 F1500 X126.144 Y96.17 E175.63995
G0 F7200 X125.578 Y96.17
G1 F1500 X122.669 Y99.079 E175.70836
G0 F7200 X122.669 Y98.513
G1 F1500 X125.012 Y96.17 E175.76346
G0 F7200 X124.447 Y96.17
G1 F1500 X122.669 Y97.947 E175.80527
G0 F7200 X122.669 Y97.382
G1 F1500 X123.881 Y96.17 E175.83377
G0 F7200 X123.315 Y96.17
G1 F1500 X122.669 Y96.816 E175.84897
G0 F7200 X122.669 Y96.25
G1 F1500 X122.75 Y96.17 E175.85086
G0 F7200 X125.973 Y99.168
G1 F1500 X122.669 Y102.473 E175.92858
G0 F7200 X122.669 Y103.038
G1 F1500 X125.852 Y99.856 E176.00342
G1 X125.922 Y99.786
G0 F7200 X122.669 Y101.907
G1 F1500 X128.407 Y96.17 E176.13836
G1 X128.477 Y96.1
G1 F1500 E169.63836
;MESH:NONMESH
G0 F600 X128.477 Y96.1 Z0.9
G0 F7200 X80.01 Y96.4
G0 X80.01 Y97.9
;TIME_ELAPSED:302.430847
;LAYER:6
;TYPE:SUPPORT
G1 F1500 E176.13836
G1 F3000 X79.4 Y97.9 E176.1485
G1 X79.4 Y102.1 E176.21835
G1 X80.01 Y102.1 E176.2285
G1 X80.01 Y97.9 E176.29834
G1 X82.677 Y97.9 E176.34269
G1 X82.677 Y102.1 E176.41254
G1 X85.344 Y102.1 E176.45689
G1 X85.344 Y97.9 E176.52674
G1 X88.011 Y97.9 E176.57109
G1 X88.011 Y102.1 E176.64094
G1 X90.678 Y102.1 E176.68529
G1 X90.678 Y97.9 E176.75514
G1 X93.345 Y97.9 E176.79949
G1 X93.345 Y102.1 E176.86934
G1 X96.012 Y102.1 E176.91369
G1 X96.012 Y97.9 E176.98353
G1 X98.679 Y97.9 E177.02789
G1 X98.679 Y102.1 E177.09773
G1 X101.346 Y102.1 E177.14208
G1 X101.346 Y97.9 E177.21193
G1 X104.013 Y97.9 E177.25628
G1 X104.013 Y102.1 E177.32613
G1 X106.68 Y102.1 E177.37048
G1 X106.68 Y97.9 E177.44033
G1 X109.347 Y97.9 E177.48468
G1 X109.347 Y102.1 E177.55453
G1 X112.014 Y102.1 E177.59888
G1 X112.014 Y97.9 E177.66873
G1 X114.681 Y97.9 E177.71308
G1 X114.681 Y102.1 E177.78292
G1 X117.348 Y102.1 E177.82728
G1 X117.348 Y97.9 E177.89712
G1 X120.015 Y97.9 E177.94148
G1 X120.015 Y102.1 E178.01132
G1 X120.6 Y102.1 E178.02105
G1 X120.6 Y97.9 E178.0909
G1 X120.015 Y97.9 E178.10063
G1 F1500 E171.60063
;MESH:reed_holder.stl
G0 F7200 X122.1 Y97.9
G0 X126.503 Y100.937
G0 X126.594 Y100.897
;TYPE:WALL-INNER
G1 F1500 E178.10063
G1 F3000 X126.855 Y101.311 E178.10876
G1 X127.189 Y101.645 E178.11662
G1 X127.587 Y101.895 E178.12444
G1 X128.031 Y102.05 E178.13226
G1 X128.5 Y102.104 E178.14011
G1 X128.969 Y102.05 E178.14796
G1 X129.413 Y101.895 E178.15578
G1 X129.811 Y101.645 E178.1636
G1 X130.145 Y101.311 E178.17145
G1 X130.395 Y100.913 E178.17927
G1 X130.55 Y100.469 E178.18709
G1 X130.604 Y100 E178.19494
G1 X130.55 Y99.531 E178.20279
G1 X130.395 Y99.087 E178.21061
G1 X130.145 Y98.689 E178.21843
G1 X129.811 Y98.355 E178.22628
G1 X129.412 Y98.105 E178.23411
G1 X128.949 Y97.943 E178.24227
G1 X128.31 Y97.913 E178.25291
G1 X127.841 Y98.012 E178.26088
G1 X127.416 Y98.209 E178.26867
G1 X127.045 Y98.493 E178.27644
G1 X126.745 Y98.856 E178.28427
G1 X126.535 Y99.275 E178.29206
G1 X126.422 Y99.734 E178.29993
G1 X126.421 Y100.272 E178.30887
G1 X126.594 Y100.897 E178.31966
G0 F7200 X126.503 Y100.937
G0 X126.383 Y99.73
G0 X126.712 Y98.835
G0 X130.245 Y96.073
G0 X130.285 Y95.982
G1 F3000 X131.084 Y96.443 E178.335
G1 X131.768 Y97.059 E178.35031
G1 X132.308 Y97.802 E178.36558
G1 X132.681 Y98.64 E178.38083
G1 X132.873 Y99.541 E178.39615
G1 X132.873 Y100.459 E178.41142
G1 X132.681 Y101.36 E178.42674
G1 X132.308 Y102.198 E178.442
G1 X131.768 Y102.941 E178.45727
G1 X131.084 Y103.557 E178.47258
G1 X130.285 Y104.018 E178.48792
G1 X129.418 Y104.3 E178.50308
G1 X128.466 Y104.4 E178.519
G1 X71.534 Y104.4 E179.46578
G1 X70.582 Y104.3 E179.4817
G1 X69.715 Y104.018 E179.49686
G1 X68.916 Y103.557 E179.5122
G1 X68.232 Y102.941 E179.52751
G1 X67.692 Y102.198 E179.54279
G1 X67.319 Y101.36 E179.55804
G1 X67.127 Y100.459 E179.57336
G1 X67.127 Y99.541 E179.58863
G1 X67.319 Y98.64 E179.60395
G1 X67.692 Y97.802 E179.6192
G1 X68.232 Y97.059 E179.63448
G1 X68.916 Y96.443 E179.64978
G1 X69.715 Y95.982 E179.66512
G1 X70.582 Y95.7 E179.68029
G1 X71.534 Y95.6 E179.69621
G1 X128.466 Y95.6 E180.64299
G1 X129.418 Y95.7 E180.65891
G1 X130.285 Y95.982 E180.67407
G0 F7200 X130.245 Y96.073
G0 X122.13 Y101.82
G0 X122.128 Y103.628
G0 X77.83 Y103.67
G0 X77.9 Y103.6
G1 F3000 X122.1 Y103.6 E181.40912
G1 X122.1 Y96.4 E181.52885
G1 X77.9 Y96.4 E182.2639
G1 X77.9 Y103.6 E182.38364
G0 F7200 X77.83 Y103.67
G0 X72.835 Y98.324
G0 X71.966 Y97.844
G0 X71.948 Y97.942
G1 F3000 X71.323 Y97.918 E182.39404
G1 X70.997 Y97.957 E182.3995
G1 X70.523 Y98.137 E182.40793
G1 X70.104 Y98.424 E182.41638
G1 X69.768 Y98.805 E182.42483
G1 X69.532 Y99.253 E182.43325
G1 X69.411 Y99.747 E182.44171
G1 X69.411 Y100.253 E182.45012
G1 X69.532 Y100.747 E182.45858
G1 X69.768 Y101.195 E182.467
G1 X70.104 Y101.576 E182.47545
G1 X70.523 Y101.863 E182.48389
G1 X70.996 Y102.043 E182.49231
G1 X71.498 Y102.104 E182.50072
G1 X71.969 Y102.05 E182.5086
G1 X72.413 Y101.895 E182.51642
G1 X72.811 Y101.645 E182.52424
G1 X73.145 Y101.311 E182.5321
G1 X73.395 Y100.913 E182.53991
G1 X73.55 Y100.469 E182.54773
G1 X73.604 Y100 E182.55558
G1 X73.55 Y99.531 E182.56343
G1 X73.395 Y99.087 E182.57126
G1 X73.145 Y98.689 E182.57907
G1 X72.811 Y98.355 E182.58693
G1 X72.413 Y98.106 E182.59473
G1 X71.948 Y97.942 E182.60293
G0 F7200 X71.872 Y98.339
;TYPE:WALL-OUTER
G1 F1500 X71.339 Y98.319 E182.6118
G1 X71.093 Y98.348 E182.61592
G1 X70.71 Y98.494 E182.62274
G1 X70.371 Y98.726 E182.62957
G1 X70.1 Y99.034 E182.63639
G1 X69.909 Y99.396 E182.6432
G1 X69.811 Y99.795 E182.65003
G1 X69.811 Y100.205 E182.65685
G1 X69.909 Y100.604 E182.66368
G1 X70.1 Y100.966 E182.67049
G1 X70.371 Y101.274 E182.67731
G1 X70.71 Y101.506 E182.68414
G1 X71.093 Y101.652 E182.69096
G1 X71.499 Y101.701 E182.69776
G1 X71.879 Y101.658 E182.70412
G1 X72.238 Y101.532 E182.71045
G1 X72.56 Y101.33 E182.71677
G1 X72.83 Y101.06 E182.72312
G1 X73.032 Y100.738 E182.72944
G1 X73.158 Y100.379 E182.73577
G1 X73.201 Y100 E182.74211
G1 X73.158 Y99.621 E182.74846
G1 X73.032 Y99.262 E182.75478
G1 X72.83 Y98.94 E182.7611
G1 X72.56 Y98.67 E182.76745
G1 X72.238 Y98.468 E182.77378
G1 X71.872 Y98.339 E182.78023
G0 F7200 X71.672 Y98.332
G0 X71.691 Y97.832
G0 X72.757 Y98.275
G0 X77.8 Y103.2
G0 X78.3 Y103.2
G1 F1500 X121.7 Y103.2 E183.50197
G1 X121.7 Y96.8 E183.60841
G1 X78.3 Y96.8 E184.33015
G1 X78.3 Y103.2 E184.43658
G0 F7200 X78.5 Y103.2
G0 X78.5 Y103.7
G0 X122.128 Y103.628
G0 X126.482 Y100.865
G0 X126.964 Y100.733
G1 F1500 X127.17 Y101.06 E184.44301
G1 X127.44 Y101.33 E184.44936
G1 X127.762 Y101.532 E184.45568
G1 X128.121 Y101.658 E184.46201
G1 X128.5 Y101.701 E184.46835
G1 X128.879 Y101.658 E184.4747
G1 X129.238 Y101.532 E184.48102
G1 X129.56 Y101.33 E184.48734
G1 X129.83 Y101.06 E184.49369
G1 X130.032 Y100.738 E184.50002
G1 X130.158 Y100.379 E184.50634
G1 X130.201 Y100 E184.51269
G1 X130.158 Y99.621 E184.51903
G1 X130.032 Y99.262 E184.52536
G1 X129.83 Y98.94 E184.53168
G1 X129.56 Y98.67 E184.53803
G1 X129.238 Y98.468 E184.54435
G1 X128.872 Y98.34 E184.5508
G1 X128.342 Y98.315 E184.55962
G1 X127.968 Y98.394 E184.56598
G1 X127.624 Y98.553 E184.57228
G1 X127.324 Y98.783 E184.57857
G1 X127.082 Y99.076 E184.58489
G1 X126.913 Y99.414 E184.59117
G1 X126.822 Y99.783 E184.59749
G1 X126.821 Y100.218 E184.60473
G1 X126.964 Y100.733 E184.61361
G0 F7200 X127.07 Y100.902
G0 X126.647 Y101.168
G0 X126.382 Y100.277
G0 X126.498 Y99.262
G0 X126.959 Y98.536
G0 X130.245 Y96.073
G0 X130.452 Y95.616
G1 F1500 X131.319 Y96.116 E184.63026
G1 X132.068 Y96.791 E184.64703
G1 X132.655 Y97.599 E184.66363
G1 X133.063 Y98.516 E184.68033
G1 X133.273 Y99.5 E184.69706
G1 X133.273 Y100.5 E184.71369
G1 X133.063 Y101.484 E184.73042
G1 X132.655 Y102.401 E184.74711
G1 X132.068 Y103.209 E184.76372
G1 X131.319 Y103.884 E184.78049
G1 X130.452 Y104.384 E184.79713
G1 X129.499 Y104.694 E184.8138
G1 X128.489 Y104.8 E184.83069
G1 X71.511 Y104.8 E185.77823
G1 X70.501 Y104.694 E185.79512
G1 X69.548 Y104.384 E185.81179
G1 X68.681 Y103.884 E185.82843
G1 X67.932 Y103.209 E185.8452
G1 X67.345 Y102.401 E185.86181
G1 X66.937 Y101.484 E185.8785
G1 X66.727 Y100.5 E185.89523
G1 X66.727 Y99.5 E185.91186
G1 X66.937 Y98.516 E185.9286
G1 X67.345 Y97.599 E185.94529
G1 X67.932 Y96.791 E185.9619
G1 X68.681 Y96.116 E185.97866
G1 X69.548 Y95.616 E185.99531
G1 X70.501 Y95.306 E186.01197
G1 X71.511 Y95.2 E186.02886
G1 X128.489 Y95.2 E186.97641
G1 X129.499 Y95.306 E186.9933
G1 X130.452 Y95.616 E187.00996
G0 F7200 X130.625 Y95.716
G0 X130.125 Y96.341
;TYPE:SKIN
G1 F1500 X130.854 Y96.76 E187.02395
G1 X131.474 Y97.319 E187.03783
G1 X131.969 Y98 E187.05183
G1 X132.307 Y98.76 E187.06566
G1 X132.483 Y99.585 E187.07969
G1 X132.483 Y100.415 E187.09349
G1 X132.307 Y101.24 E187.10752
G1 X131.969 Y102 E187.12136
G1 X131.474 Y102.681 E187.13536
G1 X130.854 Y103.24 E187.14924
G1 X130.125 Y103.659 E187.16322
G1 X129.336 Y103.916 E187.17702
G1 X128.445 Y104.01 E187.19192
G1 X71.555 Y104.01 E188.13801
G1 X70.664 Y103.916 E188.15291
G1 X69.875 Y103.659 E188.16671
G1 X69.146 Y103.24 E188.18069
G1 X68.526 Y102.681 E188.19457
G1 X68.031 Y102 E188.20857
G1 X67.693 Y101.24 E188.2224
G1 X67.517 Y100.415 E188.23643
G1 X67.517 Y99.585 E188.25024
G1 X67.693 Y98.76 E188.26426
G1 X68.031 Y98 E188.2781
G1 X68.526 Y97.319 E188.2921
G1 X69.146 Y96.76 E188.30598
G1 X69.875 Y96.341 E188.31996
G1 X70.664 Y96.084 E188.33376
G1 X71.555 Y95.99 E188.34866
G1 X128.445 Y95.99 E189.29475
G1 X129.336 Y96.084 E189.30965
G1 X130.125 Y96.341 E189.32345
G0 F7200 X129.582 Y97.752
G1 F1500 X129.025 Y97.557 E189.33326
G1 X128.279 Y97.521 E189.34568
G1 X127.717 Y97.64 E189.35523
G1 X127.213 Y97.873 E189.36447
G1 X126.772 Y98.21 E189.3737
G1 X126.416 Y98.642 E189.38301
G1 X126.167 Y99.139 E189.39225
G1 X126.032 Y99.687 E189.40164
G1 X126.031 Y100.325 E189.41225
G1 X126.233 Y101.057 E189.42488
G1 X126.549 Y101.556 E189.4347
G1 X126.945 Y101.952 E189.44401
G1 X127.417 Y102.248 E189.45328
G1 X127.943 Y102.432 E189.46254
G1 X128.5 Y102.496 E189.47187
G1 X129.057 Y102.432 E189.48119
G1 X129.583 Y102.248 E189.49046
G1 X130.055 Y101.951 E189.49973
G1 X130.451 Y101.555 E189.50905
G1 X130.748 Y101.083 E189.51832
G1 X130.932 Y100.557 E189.52759
G1 X130.996 Y100 E189.53691
G1 X130.932 Y99.443 E189.54624
G1 X130.748 Y98.917 E189.5555
G1 X130.451 Y98.445 E189.56478
G1 X130.055 Y98.048 E189.5741
G1 X129.582 Y97.752 E189.58338
G0 F7200 X122.49 Y96.01
G1 F1500 X77.51 Y96.01 E190.3314
G1 X77.51 Y103.99 E190.46411
G1 X122.49 Y103.99 E191.21213
G1 X122.49 Y96.01 E191.34484
G0 F7200 X77.872 Y96.372
G0 X73.996 Y100
G1 F1500 X73.932 Y99.443 E191.35416
G1 X73.748 Y98.917 E191.36343
G1 X73.451 Y98.445 E191.3727
G1 X73.055 Y98.048 E191.38203
G1 X72.583 Y97.753 E191.39128
G1 X72.022 Y97.554 E191.40118
G1 X71.307 Y97.528 E191.41308
G1 X70.903 Y97.575 E191.41985
G1 X70.341 Y97.789 E191.42985
G1 X69.843 Y98.13 E191.43988
G1 X69.444 Y98.583 E191.44992
G1 X69.165 Y99.114 E191.4599
G1 X69.021 Y99.7 E191.46993
G1 X69.021 Y100.3 E191.47991
G1 X69.165 Y100.886 E191.48995
G1 X69.444 Y101.417 E191.49992
G1 X69.843 Y101.87 E191.50996
G1 X70.341 Y102.211 E191.52
G1 X70.902 Y102.425 E191.52998
G1 X71.496 Y102.496 E191.53993
G1 X72.057 Y102.432 E191.54932
G1 X72.583 Y102.248 E191.55859
G1 X73.055 Y101.951 E191.56786
G1 X73.451 Y101.555 E191.57718
G1 X73.748 Y101.083 E191.58645
G1 X73.932 Y100.557 E191.59572
G1 X73.996 Y100 E191.60504
G0 F7200 X73.176 Y101.335
G0 X72.43 Y101.931
G0 X71.498 Y102.144
G0 X69.43 Y101.674
G1 F1500 X67.696 Y99.941 E191.64581
G0 F7200 X67.737 Y99.415
G1 F1500 X68.905 Y100.583 E191.67328
G0 F7200 X68.841 Y99.953
G1 F1500 X67.836 Y98.949 E191.6969
G0 F7200 X67.989 Y98.536
G1 F1500 X68.898 Y99.445 E191.71828
G0 F7200 X69.021 Y99.002
G1 F1500 X68.163 Y98.145 E191.73845
G0 F7200 X68.392 Y97.808
G1 F1500 X69.215 Y98.631 E191.75781
G0 F7200 X69.451 Y98.301
G1 F1500 X68.63 Y97.48 E191.77711
G0 F7200 X68.92 Y97.205
G1 F1500 X69.716 Y98 E191.79582
G0 F7200 X70.05 Y97.768
G1 F1500 X69.218 Y96.937 E191.81538
G0 F7200 X69.57 Y96.723
G1 F1500 X70.415 Y97.568 E191.83525
G0 F7200 X70.824 Y97.411
G1 F1500 X69.93 Y96.517 E191.85628
G0 F7200 X70.352 Y96.374
G1 F1500 X71.326 Y97.348 E191.87918
G0 F7200 X71.912 Y97.368
G1 F1500 X70.794 Y96.25 E191.90548
G0 F7200 X71.306 Y96.196
G1 F1500 X72.762 Y97.652 E191.93972
G1 X72.832 Y97.722
G0 F7200 X72.976 Y96.169
G1 F1500 X77.33 Y100.523 E192.04212
G0 F7200 X77.33 Y99.958
G1 F1500 X73.541 Y96.169 E192.13123
G0 F7200 X74.107 Y96.169
G1 F1500 X77.33 Y99.392 E192.20703
G0 F7200 X77.33 Y98.826
G1 F1500 X74.673 Y96.169 E192.26952
G0 F7200 X75.238 Y96.169
G1 F1500 X77.33 Y98.26 E192.31871
G0 F7200 X77.33 Y97.695
G1 F1500 X75.804 Y96.169 E192.3546
G0 F7200 X76.37 Y96.169
G1 F1500 X77.33 Y97.129 E192.37718
G0 F7200 X77.33 Y96.563
G1 F1500 X76.936 Y96.169 E192.38644
G0 F7200 X73.848 Y98.738
G1 F1500 X77.33 Y102.22 E192.46833
G0 F7200 X77.33 Y101.655
G1 F1500 X71.844 Y96.169 E192.59736
G0 F7200 X72.41 Y96.169
G1 F1500 X77.33 Y101.089 E192.71307
G1 X77.4 Y101.159
G0 F7200 X77.33 Y102.786
G1 F1500 X74.129 Y99.585 E192.78835
G0 F7200 X74.155 Y100.177
G1 F1500 X77.33 Y103.352 E192.86302
G0 F7200 X77.242 Y103.829
G1 F1500 X74.082 Y100.669 E192.93734
G0 F7200 X73.935 Y101.088
G1 F1500 X76.676 Y103.829 E193.0018
G0 F7200 X76.11 Y103.829
G1 F1500 X73.729 Y101.447 E193.05781
G0 F7200 X73.488 Y101.772
G1 F1500 X75.545 Y103.829 E193.10619
G0 F7200 X74.979 Y103.829
G1 F1500 X73.205 Y102.055 E193.14791
G0 F7200 X72.865 Y102.281
G1 F1500 X74.413 Y103.829 E193.18432
G0 F7200 X73.848 Y103.829
G1 F1500 X72.489 Y102.471 E193.21627
G0 F7200 X72.064 Y102.611
G1 F1500 X73.282 Y103.829 E193.24491
G0 F7200 X72.716 Y103.829
G1 F1500 X71.557 Y102.669 E193.27218
G0 F7200 X70.93 Y102.608
G1 F1500 X72.151 Y103.829 E193.3009
G0 F7200 X71.585 Y103.829
G1 F1500 X69.845 Y102.089 E193.34182
G1 X69.775 Y102.019
G0 F7200 X70.198 Y103.573
G1 F1500 X67.911 Y101.286 E193.39561
G0 F7200 X67.727 Y100.537
G1 F1500 X70.954 Y103.764 E193.4715
G1 X71.024 Y103.834
G0 F7200 X122.128 Y103.628
G0 X122.668 Y103.435
G1 F1500 X123.063 Y103.83 E193.48079
G0 F7200 X123.629 Y103.83
G1 F1500 X122.668 Y102.869 E193.50339
G0 F7200 X122.668 Y102.304
G1 F1500 X124.194 Y103.83 E193.53928
G0 F7200 X124.76 Y103.83
G1 F1500 X122.668 Y101.738 E193.58848
G0 F7200 X122.668 Y101.172
G1 F1500 X125.326 Y103.83 E193.65099
G0 F7200 X125.891 Y103.83
G1 F1500 X122.668 Y100.607 E193.72679
G0 F7200 X122.668 Y100.041
G1 F1500 X126.457 Y103.83 E193.81591
G0 F7200 X127.023 Y103.83
G1 F1500 X122.668 Y99.475 E193.91833
G0 F7200 X122.668 Y98.91
G1 F1500 X127.588 Y103.83 E194.03404
G0 F7200 X128.154 Y103.83
G1 F1500 X122.668 Y98.344 E194.16306
G0 F7200 X122.668 Y97.778
G1 F1500 X126.145 Y101.254 E194.24482
G1 X126.215 Y101.324
G0 F7200 X125.866 Y100.41
G1 F1500 X122.668 Y97.213 E194.32002
G0 F7200 X122.668 Y96.647
G1 F1500 X125.851 Y99.83 E194.39488
G0 F7200 X125.93 Y99.343
G1 F1500 X122.757 Y96.17 E194.46951
G0 F7200 X123.322 Y96.17
G1 F1500 X126.074 Y98.921 E194.53422
G0 F7200 X126.262 Y98.543
G1 F1500 X123.888 Y96.17 E194.59004
G0 F7200 X124.454 Y96.17
G1 F1500 X126.517 Y98.233 E194.63856
G0 F7200 X126.806 Y97.956
G1 F1500 X125.02 Y96.17 E194.68056
G0 F7200 X125.585 Y96.17
G1 F1500 X127.128 Y97.712 E194.71684
G0 F7200 X127.515 Y97.534
G1 F1500 X126.151 Y96.17 E194.74892
G0 F7200 X126.717 Y96.17
G1 F1500 X127.953 Y97.406 E194.77799
G0 F7200 X128.462 Y97.349
G1 F1500 X127.282 Y96.17 E194.80573
G0 F7200 X127.848 Y96.17
G1 F1500 X129.056 Y97.377 E194.83413
G1 X129.126 Y97.447
G0 F7200 X129.044 Y96.235
G1 F1500 X132.272 Y99.462 E194.91003
G0 F7200 X132.302 Y100.058
G1 F1500 X130.616 Y98.372 E194.94968
G0 F7200 X130.125 Y97.881
G1 F1500 X128.414 Y96.17 E194.98992
G1 X128.344 Y96.1
G0 F7200 X129.801 Y96.426
G1 F1500 X132.088 Y98.712 E195.0437
G1 X132.158 Y98.782
G0 F7200 X131.111 Y99.433
G1 F1500 X132.262 Y100.583 E195.07076
G0 F7200 X132.162 Y101.049
G1 F1500 X131.169 Y100.056 E195.09411
G0 F7200 X131.111 Y100.564
G1 F1500 X132.009 Y101.462 E195.11523
G0 F7200 X131.835 Y101.853
G1 F1500 X130.97 Y100.988 E195.13557
G0 F7200 X130.78 Y101.365
G1 F1500 X131.606 Y102.19 E195.15499
G0 F7200 X131.368 Y102.518
G1 F1500 X130.555 Y101.705 E195.17411
G0 F7200 X130.272 Y101.988
G1 F1500 X131.077 Y102.793 E195.19304
G0 F7200 X130.78 Y103.062
G1 F1500 X129.948 Y102.229 E195.21262
G0 F7200 X129.589 Y102.436
G1 F1500 X130.428 Y103.275 E195.23235
G0 F7200 X130.069 Y103.482
G1 F1500 X129.17 Y102.582 E195.25351
G0 F7200 X128.677 Y102.656
G1 F1500 X129.646 Y103.625 E195.2763
G0 F7200 X129.203 Y103.748
G1 F1500 X128.084 Y102.628 E195.30263
G1 X128.014 Y102.558
G0 F7200 X127.238 Y102.348
G1 F1500 X128.692 Y103.802 E195.33682
G1 X128.762 Y103.872
G1 F1500 E188.83682
;MESH:NONMESH
G0 F600 X128.762 Y103.872 Z1
G0 F7200 X122.1 Y97.9
G0 X120.835 Y97.9
G0 X80.01 Y97.9
;TIME_ELAPSED:346.879659
;LAYER:7
;TYPE:SUPPORT
G1 F1500 E195.33682
G1 F3000 X79.4 Y97.9 E195.34697
G1 X79.4 Y102.1 E195.41681
G1 X80.01 Y102.1 E195.42696
G1 X80.01 Y97.9 E195.4968
G1 X82.677 Y97.9 E195.54116
G1 X82.677 Y102.1 E195.611
G1 X85.344 Y102.1 E195.65535
G1 X85.344 Y97.9 E195.7252
G1 X88.011 Y97.9 E195.76955
G1 X88.011 Y102.1 E195.8394
G1 X90.678 Y102.1 E195.88375
G1 X90.678 Y97.9 E195.9536
G1 X93.345 Y97.9 E195.99795
G1 X93.345 Y102.1 E196.0678
G1 X96.012 Y102.1 E196.11215
G1 X96.012 Y97.9 E196.182
G1 X98.679 Y97.9 E196.22635
G1 X98.679 Y102.1 E196.29619
G1 X101.346 Y102.1 E196.34055
G1 X101.346 Y97.9 E196.41039
G1 X104.013 Y97.9 E196.45475
G1 X104.013 Y102.1 E196.52459
G1 X106.68 Y102.1 E196.56894
G1 X106.68 Y97.9 E196.63879
G1 X109.347 Y97.9 E196.68314
G1 X109.347 Y102.1 E196.75299
G1 X112.014 Y102.1 E196.79734
G1 X112.014 Y97.9 E196.86719
G1 X114.681 Y97.9 E196.91154
G1 X114.681 Y102.1 E196.98139
G1 X117.348 Y102.1 E197.02574
G1 X117.348 Y97.9 E197.09558
G1 X120.015 Y97.9 E197.13994
G1 X120.015 Y102.1 E197.20978
G1 X120.6 Y102.1 E197.21951
G1 X120.6 Y97.9 E197.28936
G1 X120.015 Y97.9 E197.29909
G1 F1500 E190.79909
;MESH:reed_holder.stl
G0 F7200 X122.1 Y97.9
G0 X126.525 Y100.748
G0 X127.165 Y101.676
G0 X128.754 Y102.183
G0 X128.743 Y102.084
;TYPE:WALL-INNER
G1 F1500 E197.29909
G1 F3000 X129.395 Y101.906 E197.31033
G1 X129.811 Y101.645 E197.31849
G1 X130.145 Y101.311 E197.32635
G1 X130.394 Y100.913 E197.33416
G1 X130.558 Y100.448 E197.34236
G1 X130.584 Y99.757 E197.35386
G1 X130.406 Y99.105 E197.3651
G1 X130.145 Y98.689 E197.37326
G1 X129.811 Y98.355 E197.38112
G1 X129.413 Y98.106 E197.38892
G1 X128.948 Y97.942 E197.39712
G1 X128.287 Y97.915 E197.40813
G1 X127.818 Y98.021 E197.41612
G1 X127.396 Y98.221 E197.42389
G1 X127.028 Y98.51 E197.43167
G1 X126.732 Y98.876 E197.4395
G1 X126.527 Y99.298 E197.4473
G1 X126.42 Y99.756 E197.45512
G1 X126.419 Y100.253 E197.46339
G1 X126.594 Y100.894 E197.47444
G1 X126.855 Y101.311 E197.48262
G1 X127.189 Y101.645 E197.49047
G1 X127.587 Y101.894 E197.49828
G1 X128.052 Y102.058 E197.50648
G1 X128.743 Y102.084 E197.51798
G0 F7200 X128.754 Y102.183
G0 X129.835 Y101.676
G0 X130.43 Y100.93
G0 X130.617 Y99.888
G0 X130.245 Y96.073
G0 X130.285 Y95.982
G1 F3000 X131.084 Y96.443 E197.53332
G1 X131.768 Y97.059 E197.54863
G1 X132.308 Y97.802 E197.5639
G1 X132.681 Y98.64 E197.57916
G1 X132.873 Y99.541 E197.59448
G1 X132.873 Y100.459 E197.60974
G1 X132.681 Y101.36 E197.62506
G1 X132.308 Y102.198 E197.64032
G1 X131.768 Y102.941 E197.65559
G1 X131.084 Y103.557 E197.6709
G1 X130.285 Y104.018 E197.68624
G1 X129.418 Y104.3 E197.7014
G1 X128.466 Y104.4 E197.71732
G1 X71.534 Y104.4 E198.6641
G1 X70.582 Y104.3 E198.68002
G1 X69.715 Y104.018 E198.69519
G1 X68.916 Y103.557 E198.71053
G1 X68.232 Y102.941 E198.72583
G1 X67.692 Y102.198 E198.74111
G1 X67.319 Y101.36 E198.75636
G1 X67.127 Y100.459 E198.77168
G1 X67.127 Y99.541 E198.78695
G1 X67.319 Y98.64 E198.80227
G1 X67.692 Y97.802 E198.81752
G1 X68.232 Y97.059 E198.8328
G1 X68.916 Y96.443 E198.84811
G1 X69.715 Y95.982 E198.86345
G1 X70.582 Y95.7 E198.87861
G1 X71.534 Y95.6 E198.89453
G1 X128.466 Y95.6 E199.84131
G1 X129.418 Y95.7 E199.85723
G1 X130.285 Y95.982 E199.87239
G0 F7200 X130.245 Y96.073
G0 X122.13 Y101.82
G0 X122.128 Y103.628
G0 X77.83 Y103.67
G0 X77.9 Y103.6
G1 F3000 X122.1 Y103.6 E200.60744
G1 X122.1 Y96.4 E200.72718
G1 X77.9 Y96.4 E201.46223
G1 X77.9 Y103.6 E201.58196
G0 F7200 X77.83 Y103.67
G0 X73.683 Y99.746
G0 X73.584 Y99.757
G1 F3000 X73.406 Y99.105 E201.5932
G1 X73.145 Y98.689 E201.60137
G1 X72.811 Y98.355 E201.60922
G1 X72.413 Y98.105 E201.61704
G1 X71.969 Y97.95 E201.62486
G1 X71.498 Y97.896 E201.63274
G1 X70.996 Y97.957 E201.64115
G1 X70.523 Y98.137 E201.64957
G1 X70.104 Y98.424 E201.65802
G1 X69.768 Y98.805 E201.66646
G1 X69.532 Y99.253 E201.67489
G1 X69.411 Y99.747 E201.68334
G1 X69.411 Y100.253 E201.69176
G1 X69.532 Y100.747 E201.70022
G1 X69.768 Y101.195 E201.70864
G1 X70.104 Y101.576 E201.71709
G1 X70.523 Y101.863 E201.72553
G1 X70.996 Y102.043 E201.73395
G1 X71.498 Y102.104 E201.74236
G1 X71.969 Y102.05 E201.75024
G1 X72.413 Y101.895 E201.75806
G1 X72.811 Y101.645 E201.76588
G1 X73.145 Y101.311 E201.77373
G1 X73.394 Y100.913 E201.78154
G1 X73.558 Y100.448 E201.78974
G1 X73.584 Y99.757 E201.80124
G0 F7200 X73.182 Y99.803
;TYPE:WALL-OUTER
G1 F1500 X73.036 Y99.268 E201.81046
G1 X72.83 Y98.94 E201.8169
G1 X72.56 Y98.67 E201.82325
G1 X72.238 Y98.468 E201.82958
G1 X71.879 Y98.342 E201.8359
G1 X71.499 Y98.299 E201.84226
G1 X71.093 Y98.348 E201.84906
G1 X70.71 Y98.494 E201.85588
G1 X70.371 Y98.726 E201.86271
G1 X70.1 Y99.034 E201.86953
G1 X69.909 Y99.396 E201.87634
G1 X69.811 Y99.795 E201.88317
G1 X69.811 Y100.205 E201.88999
G1 X69.909 Y100.604 E201.89682
G1 X70.1 Y100.966 E201.90363
G1 X70.371 Y101.274 E201.91045
G1 X70.71 Y101.506 E201.91728
G1 X71.093 Y101.652 E201.9241
G1 X71.499 Y101.701 E201.9309
G1 X71.879 Y101.658 E201.93726
G1 X72.238 Y101.532 E201.94359
G1 X72.56 Y101.33 E201.94991
G1 X72.83 Y101.06 E201.95626
G1 X73.032 Y100.738 E201.96258
G1 X73.161 Y100.372 E201.96903
G1 X73.182 Y99.803 E201.9785
G0 F7200 X73.13 Y99.61
G0 X73.612 Y99.479
G0 X77.8 Y103.2
G0 X78.3 Y103.2
G1 F1500 X121.7 Y103.2 E202.70025
G1 X121.7 Y96.8 E202.80668
G1 X78.3 Y96.8 E203.52843
G1 X78.3 Y103.2 E203.63486
G0 F7200 X78.5 Y103.2
G0 X78.5 Y103.7
G0 X122.128 Y103.628
G0 X128.678 Y102.181
G0 X128.697 Y101.682
G1 F1500 X129.232 Y101.536 E203.64408
G1 X129.56 Y101.33 E203.65052
G1 X129.83 Y101.06 E203.65687
G1 X130.032 Y100.738 E203.66319
G1 X130.161 Y100.372 E203.66965
G1 X130.182 Y99.803 E203.67912
G1 X130.036 Y99.268 E203.68834
G1 X129.83 Y98.94 E203.69478
G1 X129.56 Y98.67 E203.70113
G1 X129.238 Y98.468 E203.70745
G1 X128.872 Y98.339 E203.7139
G1 X128.323 Y98.317 E203.72304
G1 X127.949 Y98.401 E203.72942
G1 X127.608 Y98.563 E203.73569
G1 X127.311 Y98.797 E203.74198
G1 X127.072 Y99.092 E203.7483
G1 X126.906 Y99.433 E203.7546
G1 X126.82 Y99.802 E203.7609
G1 X126.819 Y100.2 E203.76752
G1 X126.964 Y100.732 E203.77669
G1 X127.17 Y101.06 E203.78313
G1 X127.44 Y101.33 E203.78948
G1 X127.762 Y101.532 E203.79581
G1 X128.128 Y101.661 E203.80226
G1 X128.697 Y101.682 E203.81173
G0 F7200 X128.89 Y101.63
G0 X129.021 Y102.112
G0 X129.835 Y101.676
G0 X130.43 Y100.93
G0 X130.617 Y99.888
G0 X130.245 Y96.073
G0 X130.452 Y95.616
G1 F1500 X131.319 Y96.116 E203.82837
G1 X132.068 Y96.791 E203.84514
G1 X132.655 Y97.599 E203.86175
G1 X133.063 Y98.516 E203.87844
G1 X133.273 Y99.5 E203.89517
G1 X133.273 Y100.5 E203.9118
G1 X133.063 Y101.484 E203.92853
G1 X132.655 Y102.401 E203.94523
G1 X132.068 Y103.209 E203.96183
G1 X131.319 Y103.884 E203.9786
G1 X130.452 Y104.384 E203.99525
G1 X129.499 Y104.694 E204.01191
G1 X128.489 Y104.8 E204.0288
G1 X71.511 Y104.8 E204.97635
G1 X70.501 Y104.694 E204.99324
G1 X69.548 Y104.384 E205.0099
G1 X68.681 Y103.884 E205.02655
G1 X67.932 Y103.209 E205.04332
G1 X67.345 Y102.401 E205.05992
G1 X66.937 Y101.484 E205.07662
G1 X66.727 Y100.5 E205.09335
G1 X66.727 Y99.5 E205.10998
G1 X66.937 Y98.516 E205.12671
G1 X67.345 Y97.599 E205.1434
G1 X67.932 Y96.791 E205.16001
G1 X68.681 Y96.116 E205.17678
G1 X69.548 Y95.616 E205.19342
G1 X70.501 Y95.306 E205.21009
G1 X71.511 Y95.2 E205.22698
G1 X128.489 Y95.2 E206.17452
G1 X129.499 Y95.306 E206.19141
G1 X130.452 Y95.616 E206.20808
G0 F7200 X130.625 Y95.716
G0 X130.125 Y96.341
;TYPE:SKIN
G1 F1500 X130.854 Y96.76 E206.22206
G1 X131.474 Y97.319 E206.23594
G1 X131.969 Y98 E206.24995
G1 X132.307 Y98.76 E206.26378
G1 X132.483 Y99.585 E206.27781
G1 X132.483 Y100.415 E206.29161
G1 X132.307 Y101.24 E206.30564
G1 X131.969 Y102 E206.31947
G1 X131.474 Y102.681 E206.33347
G1 X130.854 Y103.24 E206.34735
G1 X130.125 Y103.659 E206.36134
G1 X129.336 Y103.916 E206.37514
G1 X128.445 Y104.01 E206.39004
G1 X71.555 Y104.01 E207.33612
G1 X70.664 Y103.916 E207.35102
G1 X69.875 Y103.659 E207.36482
G1 X69.146 Y103.24 E207.3788
G1 X68.526 Y102.681 E207.39269
G1 X68.031 Y102 E207.40669
G1 X67.693 Y101.24 E207.42052
G1 X67.517 Y100.415 E207.43455
G1 X67.517 Y99.585 E207.44835
G1 X67.693 Y98.76 E207.46238
G1 X68.031 Y98 E207.47621
G1 X68.526 Y97.319 E207.49021
G1 X69.146 Y96.76 E207.50409
G1 X69.875 Y96.341 E207.51808
G1 X70.664 Y96.084 E207.53188
G1 X71.555 Y95.99 E207.54678
G1 X128.445 Y95.99 E208.49286
G1 X129.336 Y96.084 E208.50776
G1 X130.125 Y96.341 E208.52156
G0 F7200 X129.583 Y97.753
G1 F1500 X129.022 Y97.554 E208.53146
G1 X128.252 Y97.523 E208.54428
G1 X127.69 Y97.65 E208.55386
G1 X127.189 Y97.887 E208.56307
G1 X126.753 Y98.231 E208.57231
G1 X126.401 Y98.665 E208.5816
G1 X126.157 Y99.167 E208.59088
G1 X126.03 Y99.711 E208.60018
G1 X126.029 Y100.305 E208.61005
G1 X126.233 Y101.052 E208.62293
G1 X126.548 Y101.555 E208.6328
G1 X126.945 Y101.952 E208.64214
G1 X127.417 Y102.247 E208.65139
G1 X127.978 Y102.446 E208.66129
G1 X128.788 Y102.476 E208.67477
G1 X129.553 Y102.267 E208.68796
G1 X130.055 Y101.951 E208.69783
G1 X130.452 Y101.555 E208.70715
G1 X130.747 Y101.083 E208.71641
G1 X130.946 Y100.522 E208.72631
G1 X130.976 Y99.712 E208.73979
G1 X130.767 Y98.947 E208.75297
G1 X130.451 Y98.445 E208.76284
G1 X130.055 Y98.048 E208.77216
G1 X129.583 Y97.753 E208.78142
G0 F7200 X122.49 Y96.01
G1 F1500 X77.51 Y96.01 E209.52944
G1 X77.51 Y103.99 E209.66215
G1 X122.49 Y103.99 E210.41017
G1 X122.49 Y96.01 E210.54288
G0 F7200 X77.872 Y96.372
G0 X73.976 Y99.712
G1 F1500 X73.767 Y98.947 E210.55606
G1 X73.451 Y98.445 E210.56593
G1 X73.055 Y98.049 E210.57524
G1 X72.583 Y97.752 E210.58452
G1 X72.057 Y97.568 E210.59378
G1 X71.496 Y97.504 E210.60317
G1 X70.902 Y97.575 E210.61312
G1 X70.341 Y97.789 E210.62311
G1 X69.843 Y98.13 E210.63314
G1 X69.444 Y98.583 E210.64318
G1 X69.165 Y99.114 E210.65316
G1 X69.021 Y99.7 E210.66319
G1 X69.021 Y100.3 E210.67317
G1 X69.165 Y100.886 E210.68321
G1 X69.444 Y101.417 E210.69318
G1 X69.843 Y101.87 E210.70322
G1 X70.341 Y102.211 E210.71326
G1 X70.902 Y102.425 E210.72324
G1 X71.496 Y102.496 E210.73319
G1 X72.057 Y102.432 E210.74258
G1 X72.583 Y102.248 E210.75185
G1 X73.055 Y101.951 E210.76112
G1 X73.452 Y101.555 E210.77045
G1 X73.747 Y101.083 E210.77971
G1 X73.946 Y100.522 E210.7896
G1 X73.976 Y99.712 E210.80308
G0 F7200 X73.176 Y98.665
G0 X72.43 Y98.069
G0 X71.59 Y97.867
G0 X68.162 Y98.149
G1 F1500 X69.612 Y96.698 E210.8372
G1 X69.682 Y96.628
G0 F7200 X70.577 Y96.3
G1 F1500 X67.812 Y99.064 E210.90221
G0 F7200 X67.696 Y99.745
G1 F1500 X71.239 Y96.203 E210.98553
G0 F7200 X71.839 Y96.169
G1 F1500 X70.456 Y97.552 E211.01805
G0 F7200 X71.218 Y97.355
G1 F1500 X72.404 Y96.169 E211.04595
G0 F7200 X72.97 Y96.169
G1 F1500 X71.784 Y97.355 E211.07384
G0 F7200 X72.257 Y97.447
G1 F1500 X73.536 Y96.169 E211.10391
G0 F7200 X74.101 Y96.169
G1 F1500 X72.674 Y97.596 E211.13747
G0 F7200 X73.021 Y97.815
G1 F1500 X74.667 Y96.169 E211.17618
G0 F7200 X75.233 Y96.169
G1 F1500 X73.331 Y98.07 E211.2209
G0 F7200 X73.609 Y98.358
G1 F1500 X75.799 Y96.169 E211.2724
G0 F7200 X76.364 Y96.169
G1 F1500 X73.828 Y98.705 E211.33204
G0 F7200 X73.997 Y99.102
G1 F1500 X76.93 Y96.169 E211.40102
G0 F7200 X77.329 Y96.335
G1 F1500 X74.118 Y99.546 E211.47654
G0 F7200 X74.142 Y100.088
G1 F1500 X77.329 Y96.901 E211.55149
G0 F7200 X77.329 Y97.466
G1 F1500 X74.06 Y100.735 E211.62837
G1 X73.99 Y100.805
G0 F7200 X72.239 Y102.557
G1 F1500 X71.023 Y103.772 E211.65696
G0 F7200 X70.543 Y103.687
G1 F1500 X71.562 Y102.669 E211.68091
G0 F7200 X71.043 Y102.621
G1 F1500 X70.117 Y103.548 E211.7027
G0 F7200 X69.731 Y103.368
G1 F1500 X70.598 Y102.5 E211.7231
G0 F7200 X70.201 Y102.332
G1 F1500 X69.371 Y103.162 E211.74262
G0 F7200 X69.053 Y102.914
G1 F1500 X69.865 Y102.102 E211.76172
G0 F7200 X69.569 Y101.833
G1 F1500 X68.756 Y102.645 E211.78083
G0 F7200 X68.5 Y102.336
G1 F1500 X69.304 Y101.532 E211.79974
G0 F7200 X69.107 Y101.163
G1 F1500 X68.262 Y102.008 E211.81961
G0 F7200 X68.068 Y101.637
G1 F1500 X68.947 Y100.757 E211.8403
G0 F7200 X68.841 Y100.298
G1 F1500 X67.893 Y101.246 E211.86259
G0 F7200 X67.782 Y100.791
G1 F1500 X68.841 Y99.733 E211.88749
G0 F7200 X69.036 Y98.971
G1 F1500 X67.696 Y100.311 E211.919
G1 X67.626 Y100.381
G0 F7200 X71.535 Y103.826
G1 F1500 X77.329 Y98.032 E212.05527
G0 F7200 X77.329 Y98.598
G1 F1500 X72.098 Y103.829 E212.17829
G0 F7200 X72.664 Y103.829
G1 F1500 X77.329 Y99.163 E212.28802
G0 F7200 X77.329 Y99.729
G1 F1500 X73.23 Y103.829 E212.38443
G0 F7200 X73.795 Y103.829
G1 F1500 X77.329 Y100.295 E212.46754
G0 F7200 X77.329 Y100.861
G1 F1500 X74.361 Y103.829 E212.53735
G0 F7200 X74.927 Y103.829
G1 F1500 X77.329 Y101.426 E212.59385
G0 F7200 X77.329 Y101.992
G1 F1500 X75.492 Y103.829 E212.63705
G0 F7200 X76.058 Y103.829
G1 F1500 X77.329 Y102.558 E212.66695
G0 F7200 X77.329 Y103.123
G1 F1500 X76.624 Y103.829 E212.68354
G0 F7200 X77.189 Y103.829
G1 F1500 X77.329 Y103.689 E212.68683
G0 F7200 X122.669 Y103.604
G1 F1500 X125.868 Y100.405 E212.76207
G0 F7200 X125.989 Y100.85
G1 F1500 X123.009 Y103.83 E212.83215
G0 F7200 X123.575 Y103.83
G1 F1500 X126.148 Y101.256 E212.89268
G0 F7200 X126.366 Y101.604
G1 F1500 X124.141 Y103.83 E212.94502
G0 F7200 X124.706 Y103.83
G1 F1500 X126.637 Y101.899 E212.99043
G0 F7200 X126.941 Y102.161
G1 F1500 X125.272 Y103.83 E213.02968
G0 F7200 X125.838 Y103.83
G1 F1500 X127.289 Y102.379 E213.06381
G0 F7200 X127.697 Y102.536
G1 F1500 X126.403 Y103.83 E213.09424
G0 F7200 X126.969 Y103.83
G1 F1500 X128.166 Y102.633 E213.12239
G0 F7200 X128.712 Y102.652
G1 F1500 X127.535 Y103.83 E213.15009
G0 F7200 X128.1 Y103.83
G1 F1500 X129.45 Y102.48 E213.18184
G1 X129.52 Y102.41
G0 F7200 X130.246 Y103.381
G1 F1500 X131.883 Y101.744 E213.22034
G1 X131.953 Y101.674
G0 F7200 X132.202 Y100.859
G1 F1500 X129.335 Y103.726 E213.28776
G0 F7200 X128.693 Y103.803
G1 F1500 X132.302 Y100.194 E213.37264
G0 F7200 X132.302 Y99.628
G1 F1500 X130.985 Y100.945 E213.40362
G0 F7200 X131.136 Y100.228
G1 F1500 X132.206 Y99.158 E213.42878
G0 F7200 X132.087 Y98.712
G1 F1500 X131.147 Y99.652 E213.45089
G0 F7200 X131.025 Y99.208
G1 F1500 X131.912 Y98.321 E213.47175
G0 F7200 X131.712 Y97.956
G1 F1500 X130.879 Y98.789 E213.49134
G0 F7200 X130.66 Y98.441
G1 F1500 X131.473 Y97.628 E213.51046
G0 F7200 X131.211 Y97.325
G1 F1500 X130.398 Y98.138 E213.52958
G0 F7200 X130.103 Y97.867
G1 F1500 X130.914 Y97.056 E213.54865
G0 F7200 X130.589 Y96.815
G1 F1500 X129.755 Y97.65 E213.56828
G0 F7200 X129.357 Y97.482
G1 F1500 X130.23 Y96.609 E213.58881
G0 F7200 X129.837 Y96.436
G1 F1500 X128.904 Y97.369 E213.61075
G0 F7200 X128.361 Y97.347
G1 F1500 X129.411 Y96.297 E213.63545
G0 F7200 X128.921 Y96.22
G1 F1500 X127.672 Y97.47 E213.66483
G1 X127.602 Y97.54
G0 F7200 X127.841 Y96.17
G1 F1500 X122.669 Y101.341 E213.78646
G0 F7200 X122.669 Y100.776
G1 F1500 X127.275 Y96.17 E213.89479
G0 F7200 X126.709 Y96.17
G1 F1500 X122.669 Y100.21 E213.9898
G0 F7200 X122.669 Y99.644
G1 F1500 X126.144 Y96.17 E214.07152
G0 F7200 X125.578 Y96.17
G1 F1500 X122.669 Y99.079 E214.13993
G0 F7200 X122.669 Y98.513
G1 F1500 X125.012 Y96.17 E214.19503
G0 F7200 X124.447 Y96.17
G1 F1500 X122.669 Y97.947 E214.23684
G0 F7200 X122.669 Y97.382
G1 F1500 X123.881 Y96.17 E214.26534
G0 F7200 X123.315 Y96.17
G1 F1500 X122.669 Y96.816 E214.28054
G0 F7200 X122.669 Y96.25
G1 F1500 X122.75 Y96.17 E214.28243
G0 F7200 X125.968 Y99.173
G1 F1500 X122.669 Y102.473 E214.36003
G0 F7200 X122.669 Y103.038
G1 F1500 X125.848 Y99.859 E214.43479
G1 X125.918 Y99.789
G0 F7200 X122.669 Y101.907
G1 F1500 X128.407 Y96.17 E214.56973
G1 X128.477 Y96.1
G1 F1500 E208.06973
;MESH:NONMESH
G0 F600 X128.477 Y96.1 Z1.1
G0 F7200 X80.01 Y96.4
G0 X80.01 Y97.9
;TIME_ELAPSED:391.401880
;LAYER:8
;TYPE:SUPPORT
G1 F1500 E214.56973
G1 F3000 X79.4 Y97.9 E214.57988
G1 X79.4 Y102.1 E214.64972
G1 X80.01 Y102.1 E214.65987
G1 X80.01 Y97.9 E214.72971
G1 X82.677 Y97.9 E214.77406
G1 X82.677 Y102.1 E214.84391
G1 X85.344 Y102.1 E214.88826
G1 X85.344 Y97.9 E214.95811
G1 X88.011 Y97.9 E215.00246
G1 X88.011 Y102.1 E215.07231
G1 X90.678 Y102.1 E215.11666
G1 X90.678 Y97.9 E215.18651
G1 X93.345 Y97.9 E215.23086
G1 X93.345 Y102.1 E215.30071
G1 X96.012 Y102.1 E215.34506
G1 X96.012 Y97.9 E215.4149
G1 X98.679 Y97.9 E215.45926
G1 X98.679 Y102.1 E215.5291
G1 X101.346 Y102.1 E215.57346
G1 X101.346 Y97.9 E215.6433
G1 X104.013 Y97.9 E215.68765
G1 X104.013 Y102.1 E215.7575
G1 X106.68 Y102.1 E215.80185
G1 X106.68 Y97.9 E215.8717
G1 X109.347 Y97.9 E215.91605
G1 X109.347 Y102.1 E215.9859
G1 X112.014 Y102.1 E216.03025
G1 X112.014 Y97.9 E216.1001
G1 X114.681 Y97.9 E216.14445
G1 X114.681 Y102.1 E216.2143
G1 X117.348 Y102.1 E216.25865
G1 X117.348 Y97.9 E216.32849
G1 X120.015 Y97.9 E216.37285
G1 X120.015 Y102.1 E216.44269
G1 X120.6 Y102.1 E216.45242
G1 X120.6 Y97.9 E216.52227
G1 X120.015 Y97.9 E216.532
G1 F1500 E210.032
;MESH:reed_holder.stl
G0 F7200 X122.1 Y97.9
G0 X122.259 Y97.752
;TYPE:FILL
G1 F1500 E216.532
G1 F3000 X128.718 Y104.211 E216.6839
G1 X128.788 Y104.281
G0 F7200 X128.787 Y104.266
G0 X130.247 Y103.855
G1 F3000 X128.634 Y102.241 E216.72185
G1 X128.564 Y102.171
G0 F7200 X128.564 Y102.181
G0 X129.971 Y101.694
G1 F3000 X131.364 Y103.087 E216.75461
G1 X131.434 Y103.157
G0 F7200 X131.411 Y103.129
G0 X132.203 Y102.041
G1 F3000 X130.678 Y100.516 E216.79048
G1 X130.608 Y100.446
G0 F7200 X130.633 Y100.452
G0 X132.673 Y100.626
G1 F3000 X127.807 Y95.759 E216.90493
G1 X127.737 Y95.689
G0 F7200 X127.737 Y95.7
G0 X125.922 Y95.759
G1 F3000 X127.986 Y97.823 E216.95347
G1 X128.056 Y97.893
G0 F7200 X128.05 Y97.87
G0 X126.794 Y98.516
G1 F3000 X124.037 Y95.759 E217.01831
G1 X123.967 Y95.689
G0 F7200 X123.967 Y95.7
G0 X122.259 Y95.867
G1 F3000 X126.268 Y99.876 E217.1126
G1 X126.338 Y99.946
G0 F7200 X126.326 Y99.945
G0 X122.259 Y99.637
G1 F3000 X126.861 Y104.239 E217.22083
G1 X126.931 Y104.309
G0 F7200 X126.931 Y104.3
G0 X124.976 Y104.239
G1 F3000 X122.259 Y101.522 E217.28473
G1 X122.189 Y101.452
G0 F7200 X122.2 Y101.452
G0 X122.259 Y103.408
G1 F3000 X123.091 Y104.239 E217.30428
G1 X123.161 Y104.309
G0 F7200 X123.161 Y104.3
G0 X126.844 Y98.634
G0 X129.985 Y96.052
G1 F3000 X132.451 Y98.519 E217.36229
G1 X132.521 Y98.589
G0 F7200 X122.128 Y96.372
G0 X77.872 Y96.372
G0 X77.74 Y98.476
G1 F3000 X75.023 Y95.759 E217.42619
G1 X74.953 Y95.689
G0 F7200 X74.953 Y95.7
G0 X73.138 Y95.759
G1 F3000 X77.74 Y100.361 E217.53442
G1 X77.81 Y100.431
G0 F7200 X77.8 Y100.431
G0 X77.74 Y102.246
G1 F3000 X71.28 Y95.787 E217.68634
G1 X71.21 Y95.717
G0 F7200 X71.211 Y95.734
G0 X69.751 Y96.143
G1 F3000 X71.369 Y97.761 E217.72439
G1 X71.439 Y97.831
G0 F7200 X71.44 Y97.822
G0 X70.014 Y98.291
G1 F3000 X68.633 Y96.911 E217.75686
G1 X68.563 Y96.841
G0 F7200 X68.589 Y96.871
G0 X67.795 Y97.958
G1 F3000 X69.312 Y99.475 E217.79254
G1 X69.382 Y99.545
G0 F7200 X69.36 Y99.54
G0 X67.325 Y99.373
G1 F3000 X72.191 Y104.238 E217.90697
G1 X72.261 Y104.308
G0 F7200 X72.261 Y104.3
G0 X74.076 Y104.238
G1 F3000 X72.014 Y102.176 E217.95546
G1 X71.944 Y102.106
G0 F7200 X71.948 Y102.129
G0 X73.192 Y101.469
G1 F3000 X75.961 Y104.238 E218.02059
G1 X76.031 Y104.308
G0 F7200 X76.031 Y104.3
G0 X77.74 Y104.132
G1 F3000 X73.739 Y100.131 E218.11468
G1 X73.669 Y100.061
G0 F7200 X73.68 Y100.061
G0 X73.3 Y101.146
G0 X70.014 Y103.946
G1 F3000 X67.547 Y101.479 E218.1727
G1 X67.477 Y101.409
G0 F7200 X70.078 Y98.395
G0 X76.908 Y95.759
G1 F3000 X77.74 Y96.591 E218.19227
G1 X77.81 Y96.661
G0 F7200 X77.8 Y96.661
G0 X77.83 Y103.67
G0 X77.9 Y103.6
;TYPE:WALL-INNER
G1 F3000 X122.1 Y103.6 E218.92732
G1 X122.1 Y96.4 E219.04706
G1 X77.9 Y96.4 E219.7821
G1 X77.9 Y103.6 E219.90184
G0 F7200 X77.83 Y103.67
G0 X71.522 Y102.205
G0 X71.519 Y102.106
G1 F3000 X72.17 Y101.986 E219.91285
G1 X72.603 Y101.78 E219.92082
G1 X72.971 Y101.491 E219.92861
G1 X73.267 Y101.125 E219.93643
G1 X73.472 Y100.703 E219.94424
G1 X73.579 Y100.248 E219.95201
G1 X73.583 Y99.779 E219.95981
G1 X73.481 Y99.319 E219.96764
G1 X73.28 Y98.897 E219.97542
G1 X72.991 Y98.529 E219.9832
G1 X72.625 Y98.233 E219.99103
G1 X72.203 Y98.028 E219.99883
G1 X71.744 Y97.921 E220.00667
G1 X71.274 Y97.923 E220.01448
G1 X70.996 Y97.957 E220.01914
G1 X70.523 Y98.137 E220.02756
G1 X70.104 Y98.424 E220.036
G1 X69.768 Y98.805 E220.04445
G1 X69.532 Y99.253 E220.05287
G1 X69.411 Y99.747 E220.06133
G1 X69.411 Y100.253 E220.06974
G1 X69.532 Y100.747 E220.0782
G1 X69.768 Y101.195 E220.08662
G1 X70.104 Y101.576 E220.09507
G1 X70.523 Y101.863 E220.10352
G1 X70.996 Y102.043 E220.11193
G1 X71.519 Y102.106 E220.12069
G0 F7200 X71.522 Y102.205
G0 X77.872 Y103.628
G0 X122.128 Y103.628
G0 X122.13 Y102.151
G0 X127.527 Y98.014
G0 X127.572 Y98.103
G1 F3000 X126.873 Y98.66 E220.13556
G1 X126.605 Y99.087 E220.14394
G1 X126.442 Y99.551 E220.15212
G1 X126.414 Y100.212 E220.16312
G1 X126.52 Y100.681 E220.17112
G1 X126.72 Y101.103 E220.17889
G1 X127.009 Y101.471 E220.18667
G1 X127.375 Y101.767 E220.19449
G1 X127.797 Y101.972 E220.2023
G1 X128.252 Y102.079 E220.21007
G1 X128.721 Y102.083 E220.21787
G1 X129.181 Y101.981 E220.22571
G1 X129.603 Y101.78 E220.23348
G1 X129.971 Y101.491 E220.24126
G1 X130.267 Y101.125 E220.24909
G1 X130.472 Y100.703 E220.25689
G1 X130.579 Y100.248 E220.26466
G1 X130.583 Y99.779 E220.27246
G1 X130.481 Y99.319 E220.2803
G1 X130.28 Y98.897 E220.28807
G1 X129.991 Y98.529 E220.29585
G1 X129.625 Y98.233 E220.30368
G1 X129.203 Y98.028 E220.31148
G1 X128.745 Y97.921 E220.31931
G1 X128.246 Y97.92 E220.3276
G1 X127.572 Y98.103 E220.33922
G0 F7200 X127.527 Y98.014
G0 X130.245 Y96.073
G0 X130.285 Y95.982
G1 F3000 X131.084 Y96.443 E220.35456
G1 X131.768 Y97.059 E220.36987
G1 X132.308 Y97.802 E220.38514
G1 X132.681 Y98.64 E220.4004
G1 X132.873 Y99.541 E220.41572
G1 X132.873 Y100.459 E220.43098
G1 X132.681 Y101.36 E220.4463
G1 X132.308 Y102.198 E220.46156
G1 X131.768 Y102.941 E220.47683
G1 X131.084 Y103.557 E220.49214
G1 X130.285 Y104.018 E220.50748
G1 X129.418 Y104.3 E220.52264
G1 X128.466 Y104.4 E220.53856
G1 X71.534 Y104.4 E221.48534
G1 X70.582 Y104.3 E221.50126
G1 X69.715 Y104.018 E221.51642
G1 X68.916 Y103.557 E221.53176
G1 X68.232 Y102.941 E221.54707
G1 X67.692 Y102.198 E221.56235
G1 X67.319 Y101.36 E221.5776
G1 X67.127 Y100.459 E221.59292
G1 X67.127 Y99.541 E221.60819
G1 X67.319 Y98.64 E221.62351
G1 X67.692 Y97.802 E221.63876
G1 X68.232 Y97.059 E221.65404
G1 X68.916 Y96.443 E221.66934
G1 X69.715 Y95.982 E221.68469
G1 X70.582 Y95.7 E221.69985
G1 X71.534 Y95.6 E221.71577
G1 X128.466 Y95.6 E222.66255
G1 X129.418 Y95.7 E222.67847
G1 X130.285 Y95.982 E222.69363
G0 F7200 X130.452 Y95.616
;TYPE:WALL-OUTER
G1 F1500 X131.319 Y96.116 E222.71027
G1 X132.068 Y96.791 E222.72704
G1 X132.655 Y97.599 E222.74365
G1 X133.063 Y98.516 E222.76034
G1 X133.273 Y99.5 E222.77707
G1 X133.273 Y100.5 E222.7937
G1 X133.063 Y101.484 E222.81044
G1 X132.655 Y102.401 E222.82713
G1 X132.068 Y103.209 E222.84374
G1 X131.319 Y103.884 E222.8605
G1 X130.452 Y104.384 E222.87715
G1 X129.499 Y104.694 E222.89381
G1 X128.489 Y104.8 E222.9107
G1 X71.511 Y104.8 E223.85825
G1 X70.501 Y104.694 E223.87514
G1 X69.548 Y104.384 E223.8918
G1 X68.681 Y103.884 E223.90845
G1 X67.932 Y103.209 E223.92522
G1 X67.345 Y102.401 E223.94183
G1 X66.937 Y101.484 E223.95852
G1 X66.727 Y100.5 E223.97525
G1 X66.727 Y99.5 E223.99188
G1 X66.937 Y98.516 E224.00861
G1 X67.345 Y97.599 E224.0253
G1 X67.932 Y96.791 E224.04191
G1 X68.681 Y96.116 E224.05868
G1 X69.548 Y95.616 E224.07532
G1 X70.501 Y95.306 E224.09199
G1 X71.511 Y95.2 E224.10888
G1 X128.489 Y95.2 E225.05643
G1 X129.499 Y95.306 E225.07331
G1 X130.452 Y95.616 E225.08998
G0 F7200 X130.625 Y95.716
G0 X130.374 Y96.148
G0 X127.627 Y97.985
G0 X127.757 Y98.467
G1 F1500 X127.176 Y98.93 E225.10233
G1 X126.968 Y99.262 E225.10885
G1 X126.839 Y99.628 E225.1153
G1 X126.816 Y100.176 E225.12443
G1 X126.9 Y100.55 E225.1308
G1 X127.062 Y100.891 E225.13708
G1 X127.296 Y101.188 E225.14337
G1 X127.591 Y101.427 E225.14968
G1 X127.932 Y101.593 E225.15599
G1 X128.3 Y101.679 E225.16227
G1 X128.679 Y101.683 E225.16857
G1 X129.05 Y101.6 E225.1749
G1 X129.391 Y101.438 E225.18118
G1 X129.688 Y101.204 E225.18746
G1 X129.927 Y100.909 E225.19378
G1 X130.093 Y100.568 E225.20008
G1 X130.179 Y100.2 E225.20637
G1 X130.183 Y99.821 E225.21267
G1 X130.1 Y99.45 E225.21899
G1 X129.938 Y99.109 E225.22527
G1 X129.704 Y98.812 E225.23156
G1 X129.409 Y98.573 E225.23787
G1 X129.068 Y98.407 E225.24418
G1 X128.699 Y98.321 E225.25048
G1 X128.299 Y98.32 E225.25713
G1 X127.757 Y98.467 E225.26647
G0 F7200 X127.601 Y98.591
G0 X127.29 Y98.2
G0 X122.128 Y103.628
G0 X77.872 Y103.628
G0 X78.3 Y103.2
G1 F1500 X121.7 Y103.2 E225.98822
G1 X121.7 Y96.8 E226.09465
G1 X78.3 Y96.8 E226.8164
G1 X78.3 Y103.2 E226.92283
G0 F7200 X78.5 Y103.2
G0 X78.5 Y103.7
G0 X71.447 Y102.197
G0 X71.506 Y101.702
G1 F1500 X72.046 Y101.602 E226.93196
G1 X72.391 Y101.438 E226.93831
G1 X72.688 Y101.204 E226.9446
G1 X72.927 Y100.909 E226.95092
G1 X73.093 Y100.568 E226.95722
G1 X73.179 Y100.2 E226.96351
G1 X73.183 Y99.821 E226.96981
G1 X73.1 Y99.45 E226.97613
G1 X72.938 Y99.109 E226.98241
G1 X72.704 Y98.812 E226.9887
G1 X72.409 Y98.573 E226.99501
G1 X72.068 Y98.407 E227.00132
G1 X71.699 Y98.321 E227.00762
G1 X71.299 Y98.323 E227.01427
G1 X71.093 Y98.348 E227.01772
G1 X70.71 Y98.494 E227.02454
G1 X70.371 Y98.726 E227.03137
G1 X70.1 Y99.034 E227.03819
G1 X69.909 Y99.396 E227.045
G1 X69.811 Y99.795 E227.05183
G1 X69.811 Y100.205 E227.05865
G1 X69.909 Y100.604 E227.06548
G1 X70.1 Y100.966 E227.07229
G1 X70.371 Y101.274 E227.07911
G1 X70.71 Y101.506 E227.08595
G1 X71.093 Y101.652 E227.09276
G1 X71.506 Y101.702 E227.09968
G0 F7200 X71.702 Y101.666
G0 X71.792 Y102.157
G0 X77.679 Y103.984
G0 X77.789 Y104.094
;TYPE:SKIN
G1 F1500 X77.978 Y103.999 E227.1033
G1 X122.101 Y103.999 E227.85795
G1 X122.249 Y103.864 E227.86138
G0 F7200 X122.319 Y103.934
G0 X122.226 Y96.204
G0 X122.021 Y95.999
G1 F1500 X122.208 Y95.904 E227.86495
G1 X121.172 Y95.999 E227.88267
G1 X77.897 Y95.999 E228.61976
G1 X77.749 Y96.134 E228.62317
G0 F7200 X77.679 Y96.064
G1 F1500 E222.12317
;MESH:NONMESH
G0 F600 X77.679 Y96.064 Z1.2
G0 F7200 X80.01 Y96.4
G0 X80.01 Y97.9
;TIME_ELAPSED:420.058906
;LAYER:9
;TYPE:SUPPORT
G1 F1500 E228.62317
G1 F3000 X79.4 Y97.9 E228.63332
G1 X79.4 Y102.1 E228.70316
G1 X80.01 Y102.1 E228.71331
G1 X80.01 Y97.9 E228.78315
G1 X82.677 Y97.9 E228.8275
G1 X82.677 Y102.1 E228.89735
G1 X85.344 Y102.1 E228.9417
G1 X85.344 Y97.9 E229.01155
G1 X88.011 Y97.9 E229.0559
G1 X88.011 Y102.1 E229.12575
G1 X90.678 Y102.1 E229.1701
G1 X90.678 Y97.9 E229.23995
G1 X93.345 Y97.9 E229.2843
G1 X93.345 Y102.1 E229.35415
G1 X96.012 Y102.1 E229.3985
G1 X96.012 Y97.9 E229.46834
G1 X98.679 Y97.9 E229.5127
G1 X98.679 Y102.1 E229.58254
G1 X101.346 Y102.1 E229.6269
G1 X101.346 Y97.9 E229.69674
G1 X104.013 Y97.9 E229.74109
G1 X104.013 Y102.1 E229.81094
G1 X106.68 Y102.1 E229.85529
G1 X106.68 Y97.9 E229.92514
G1 X109.347 Y97.9 E229.96949
G1 X109.347 Y102.1 E230.03934
G1 X112.014 Y102.1 E230.08369
G1 X112.014 Y97.9 E230.15354
G1 X114.681 Y97.9 E230.19789
G1 X114.681 Y102.1 E230.26773
G1 X117.348 Y102.1 E230.31209
G1 X117.348 Y97.9 E230.38193
G1 X120.015 Y97.9 E230.42629
G1 X120.015 Y102.1 E230.49613
G1 X120.6 Y102.1 E230.50586
G1 X120.6 Y97.9 E230.57571
G1 X120.015 Y97.9 E230.58544
G1 F1500 E224.08544
;MESH:reed_holder.stl
G0 F7200 X122.1 Y97.9
G0 X122.259 Y98.476
;TYPE:FILL
G1 F1500 E230.58544
G1 F3000 X124.976 Y95.759 E230.64934
G1 X125.046 Y95.689
G0 F7200 X125.046 Y95.7
G0 X123.091 Y95.759
G1 F3000 X122.259 Y96.591 E230.6689
G1 X122.189 Y96.661
G0 F7200 X122.2 Y96.661
G0 X122.259 Y100.361
G1 F3000 X126.861 Y95.759 E230.77713
G1 X126.931 Y95.689
G0 F7200 X126.931 Y95.7
G0 X128.718 Y95.787
G1 F3000 X122.259 Y102.246 E230.92904
G1 X122.189 Y102.316
G0 F7200 X122.2 Y102.316
G0 X122.259 Y104.132
G1 F3000 X126.253 Y100.138 E231.02297
G1 X126.323 Y100.068
G0 F7200 X126.318 Y100.068
G0 X126.804 Y101.472
G1 F3000 X124.036 Y104.24 E231.08807
G1 X123.966 Y104.31
G0 F7200 X123.966 Y104.3
G0 X125.921 Y104.24
G1 F3000 X127.982 Y102.179 E231.13654
G1 X128.052 Y102.109
G0 F7200 X128.046 Y102.133
G0 X127.806 Y104.24
G1 F3000 X132.672 Y99.374 E231.25098
G1 X132.742 Y99.304
G0 F7200 X132.721 Y99.307
G0 X132.202 Y97.959
G1 F3000 X130.681 Y99.48 E231.28676
G1 X130.611 Y99.55
G0 F7200 X130.634 Y99.546
G0 X129.969 Y98.307
G1 F3000 X131.365 Y96.911 E231.31959
G1 X131.435 Y96.841
G0 F7200 X131.409 Y96.869
G0 X130.247 Y96.143
G1 F3000 X128.628 Y97.763 E231.35768
G1 X128.558 Y97.833
G0 F7200 X128.558 Y97.823
G0 X129.666 Y98.213
G0 X132.451 Y101.48
G1 F3000 X129.983 Y103.948 E231.41572
G1 X129.913 Y104.018
G0 F7200 X77.872 Y103.628
G0 X77.74 Y103.408
G1 F3000 X76.908 Y104.239 E231.43528
G1 X76.838 Y104.309
G0 F7200 X76.838 Y104.3
G0 X75.023 Y104.239
G1 F3000 X77.74 Y101.522 E231.49918
G1 X77.81 Y101.452
G0 F7200 X77.8 Y101.452
G0 X77.74 Y99.637
G1 F3000 X73.138 Y104.239 E231.60741
G1 X73.068 Y104.309
G0 F7200 X73.068 Y104.3
G0 X71.281 Y104.211
G1 F3000 X77.74 Y97.752 E231.75931
G1 X77.81 Y97.682
G0 F7200 X77.8 Y97.682
G0 X77.74 Y95.867
G1 F3000 X73.745 Y99.861 E231.85326
G1 X73.675 Y99.931
G0 F7200 X73.683 Y99.931
G0 X73.195 Y98.526
G1 F3000 X75.963 Y95.759 E231.91834
G1 X76.033 Y95.689
G0 F7200 X76.033 Y95.7
G0 X74.077 Y95.759
G1 F3000 X72.017 Y97.819 E231.96679
G1 X71.947 Y97.889
G0 F7200 X71.952 Y97.867
G0 X72.192 Y95.759
G1 F3000 X67.326 Y100.625 E232.08123
G1 X67.256 Y100.695
G0 F7200 X67.278 Y100.692
G0 X67.797 Y102.039
G1 F3000 X69.312 Y100.525 E232.11685
G1 X69.382 Y100.455
G0 F7200 X69.359 Y100.459
G0 X70.014 Y101.707
G1 F3000 X68.633 Y103.088 E232.14933
G1 X68.563 Y103.158
G0 F7200 X68.589 Y103.129
G0 X69.751 Y103.855
G1 F3000 X71.378 Y102.229 E232.18758
G1 X71.448 Y102.159
G0 F7200 X71.447 Y102.173
G0 X70.505 Y101.898
G0 X67.547 Y98.519
G1 F3000 X70.017 Y96.049 E232.24567
G1 X70.087 Y95.979
G0 F7200 X69.372 Y99.743
G0 X69.495 Y100.761
G0 X70.078 Y101.605
G0 X70.994 Y102.147
G0 X71.014 Y102.05
;TYPE:WALL-INNER
G1 F3000 X71.686 Y102.088 E232.25687
G1 X72.158 Y101.989 E232.26489
G1 X72.583 Y101.792 E232.27268
G1 X72.954 Y101.508 E232.28045
G1 X73.254 Y101.145 E232.28828
G1 X73.464 Y100.726 E232.29607
G1 X73.575 Y100.274 E232.30381
G1 X73.587 Y99.804 E232.31163
G1 X73.489 Y99.342 E232.31949
G1 X73.292 Y98.917 E232.32728
G1 X73.008 Y98.546 E232.33505
G1 X72.645 Y98.246 E232.34288
G1 X72.226 Y98.036 E232.35067
G1 X71.765 Y97.923 E232.35857
G1 X71.256 Y97.925 E232.36703
G1 X70.996 Y97.957 E232.37139
G1 X70.523 Y98.137 E232.3798
G1 X70.104 Y98.424 E232.38825
G1 X69.768 Y98.805 E232.3967
G1 X69.532 Y99.253 E232.40512
G1 X69.411 Y99.747 E232.41358
G1 X69.411 Y100.253 E232.42199
G1 X69.532 Y100.747 E232.43045
G1 X69.768 Y101.195 E232.43887
G1 X70.104 Y101.576 E232.44732
G1 X70.523 Y101.863 E232.45576
G1 X71.014 Y102.05 E232.4645
G0 F7200 X70.994 Y102.147
G0 X77.83 Y103.67
G0 X77.9 Y103.6
G1 F3000 X122.1 Y103.6 E233.19955
G1 X122.1 Y96.4 E233.31929
G1 X77.9 Y96.4 E234.05434
G1 X77.9 Y103.6 E234.17407
G0 F7200 X77.83 Y103.67
G0 X122.128 Y103.628
G0 X122.13 Y102.211
G0 X127.526 Y98.014
G0 X127.571 Y98.103
G1 F3000 X126.873 Y98.66 E234.18892
G1 X126.605 Y99.087 E234.19731
G1 X126.443 Y99.549 E234.20545
G1 X126.412 Y100.189 E234.2161
G1 X126.511 Y100.658 E234.22408
G1 X126.708 Y101.083 E234.23187
G1 X126.992 Y101.454 E234.23964
G1 X127.355 Y101.754 E234.24747
G1 X127.774 Y101.964 E234.25526
G1 X128.226 Y102.075 E234.263
G1 X128.696 Y102.087 E234.27082
G1 X129.158 Y101.989 E234.27867
G1 X129.583 Y101.792 E234.28646
G1 X129.954 Y101.508 E234.29423
G1 X130.254 Y101.145 E234.30207
G1 X130.464 Y100.726 E234.30986
G1 X130.575 Y100.274 E234.3176
G1 X130.587 Y99.804 E234.32542
G1 X130.489 Y99.342 E234.33327
G1 X130.292 Y98.917 E234.34106
G1 X130.008 Y98.546 E234.34883
G1 X129.645 Y98.246 E234.35666
G1 X129.226 Y98.036 E234.36446
G1 X128.767 Y97.923 E234.37232
G1 X128.227 Y97.922 E234.3813
G1 X127.571 Y98.103 E234.39262
G0 F7200 X127.526 Y98.014
G0 X130.245 Y96.073
G0 X130.285 Y95.982
G1 F3000 X131.084 Y96.443 E234.40796
G1 X131.768 Y97.059 E234.42327
G1 X132.308 Y97.802 E234.43854
G1 X132.681 Y98.64 E234.45379
G1 X132.873 Y99.541 E234.46911
G1 X132.873 Y100.459 E234.48438
G1 X132.681 Y101.36 E234.4997
G1 X132.308 Y102.198 E234.51496
G1 X131.768 Y102.941 E234.53023
G1 X131.084 Y103.557 E234.54554
G1 X130.285 Y104.018 E234.56088
G1 X129.418 Y104.3 E234.57604
G1 X128.466 Y104.4 E234.59196
G1 X71.534 Y104.4 E235.53874
G1 X70.582 Y104.3 E235.55466
G1 X69.715 Y104.018 E235.56982
G1 X68.916 Y103.557 E235.58516
G1 X68.232 Y102.941 E235.60047
G1 X67.692 Y102.198 E235.61575
G1 X67.319 Y101.36 E235.631
G1 X67.127 Y100.459 E235.64632
G1 X67.127 Y99.541 E235.66159
G1 X67.319 Y98.64 E235.67691
G1 X67.692 Y97.802 E235.69216
G1 X68.232 Y97.059 E235.70744
G1 X68.916 Y96.443 E235.72274
G1 X69.715 Y95.982 E235.73808
G1 X70.582 Y95.7 E235.75325
G1 X71.534 Y95.6 E235.76916
G1 X128.466 Y95.6 E236.71595
G1 X129.418 Y95.7 E236.73187
G1 X130.285 Y95.982 E236.74703
G0 F7200 X130.452 Y95.616
;TYPE:WALL-OUTER
G1 F1500 X131.319 Y96.116 E236.76367
G1 X132.068 Y96.791 E236.78044
G1 X132.655 Y97.599 E236.79705
G1 X133.063 Y98.516 E236.81374
G1 X133.273 Y99.5 E236.83047
G1 X133.273 Y100.5 E236.8471
G1 X133.063 Y101.484 E236.86384
G1 X132.655 Y102.401 E236.88053
G1 X132.068 Y103.209 E236.89713
G1 X131.319 Y103.884 E236.9139
G1 X130.452 Y104.384 E236.93055
G1 X129.499 Y104.694 E236.94721
G1 X128.489 Y104.8 E236.9641
G1 X71.511 Y104.8 E237.91165
G1 X70.501 Y104.694 E237.92854
G1 X69.548 Y104.384 E237.9452
G1 X68.681 Y103.884 E237.96185
G1 X67.932 Y103.209 E237.97862
G1 X67.345 Y102.401 E237.99522
G1 X66.937 Y101.484 E238.01192
G1 X66.727 Y100.5 E238.02865
G1 X66.727 Y99.5 E238.04528
G1 X66.937 Y98.516 E238.06201
G1 X67.345 Y97.599 E238.0787
G1 X67.932 Y96.791 E238.09531
G1 X68.681 Y96.116 E238.11208
G1 X69.548 Y95.616 E238.12872
G1 X70.501 Y95.306 E238.14539
G1 X71.511 Y95.2 E238.16228
G1 X128.489 Y95.2 E239.10982
G1 X129.499 Y95.306 E239.12671
G1 X130.452 Y95.616 E239.14338
G0 F7200 X130.625 Y95.716
G0 X130.374 Y96.148
G0 X127.445 Y98.076
G0 X127.756 Y98.467
G1 F1500 X127.176 Y98.93 E239.15572
G1 X126.968 Y99.262 E239.16224
G1 X126.84 Y99.627 E239.16867
G1 X126.814 Y100.157 E239.17749
G1 X126.893 Y100.531 E239.18385
G1 X127.052 Y100.875 E239.19015
G1 X127.282 Y101.175 E239.19644
G1 X127.575 Y101.417 E239.20276
G1 X127.913 Y101.586 E239.20904
G1 X128.28 Y101.676 E239.21533
G1 X128.659 Y101.686 E239.22163
G1 X129.031 Y101.607 E239.22796
G1 X129.375 Y101.448 E239.23426
G1 X129.675 Y101.218 E239.24054
G1 X129.917 Y100.925 E239.24686
G1 X130.086 Y100.587 E239.25315
G1 X130.176 Y100.22 E239.25943
G1 X130.186 Y99.841 E239.26574
G1 X130.107 Y99.469 E239.27206
G1 X129.948 Y99.125 E239.27836
G1 X129.718 Y98.825 E239.28465
G1 X129.425 Y98.583 E239.29097
G1 X129.087 Y98.414 E239.29726
G1 X128.718 Y98.323 E239.30358
G1 X128.281 Y98.322 E239.31084
G1 X127.756 Y98.467 E239.3199
G0 F7200 X127.6 Y98.591
G0 X127.289 Y98.2
G0 X122.128 Y103.628
G0 X77.872 Y103.628
G0 X78.3 Y103.2
G1 F1500 X121.7 Y103.2 E240.04165
G1 X121.7 Y96.8 E240.14808
G1 X78.3 Y96.8 E240.86982
G1 X78.3 Y103.2 E240.97626
G0 F7200 X78.5 Y103.2
G0 X78.5 Y103.7
G0 X71.071 Y102.152
G0 X71.099 Y101.654
G1 F1500 X71.656 Y101.686 E240.98553
G1 X72.031 Y101.607 E240.99191
G1 X72.375 Y101.448 E240.99821
G1 X72.675 Y101.218 E241.0045
G1 X72.917 Y100.925 E241.01082
G1 X73.086 Y100.587 E241.0171
G1 X73.176 Y100.22 E241.02338
G1 X73.186 Y99.841 E241.02969
G1 X73.107 Y99.469 E241.03601
G1 X72.948 Y99.125 E241.04232
G1 X72.718 Y98.825 E241.0486
G1 X72.425 Y98.583 E241.05492
G1 X72.087 Y98.414 E241.06121
G1 X71.717 Y98.323 E241.06754
G1 X71.281 Y98.325 E241.07479
G1 X71.093 Y98.348 E241.07794
G1 X70.71 Y98.494 E241.08476
G1 X70.371 Y98.726 E241.09159
G1 X70.1 Y99.034 E241.09841
G1 X69.909 Y99.396 E241.10522
G1 X69.811 Y99.795 E241.11205
G1 X69.811 Y100.205 E241.11887
G1 X69.909 Y100.604 E241.1257
G1 X70.1 Y100.966 E241.13251
G1 X70.371 Y101.274 E241.13933
G1 X70.71 Y101.506 E241.14616
G1 X71.099 Y101.654 E241.15309
G0 F7200 X71.299 Y101.665
G0 X71.271 Y102.163
G0 X77.679 Y103.905
G0 X77.734 Y103.849
;TYPE:SKIN
G1 F1500 X77.876 Y103.99 E241.1565
G1 X83.524 Y103.999 E241.25293
G1 X121.991 Y103.999 E241.90969
G1 X122.194 Y104.079 E241.91342
G0 F7200 X122.319 Y103.954
G0 X122.149 Y96.204
G0 X122.234 Y96.119
G1 F1500 X122.072 Y95.999 E241.91686
G1 X77.948 Y95.999 E242.67026
G1 X77.774 Y95.889 E242.67378
G0 F7200 X77.87 Y96
G1 F1500 E236.17378
;MESH:NONMESH
G0 F600 X77.87 Y96 Z1.3
G0 F7200 X80.01 Y96.4
G0 X80.01 Y97.9
;TIME_ELAPSED:448.500869
;LAYER:10
;TYPE:SUPPORT
G1 F1500 E242.67378
G1 F3000 X79.4 Y97.9 E242.68392
G1 X79.4 Y102.1 E242.75377
G1 X80.01 Y102.1 E242.76391
G1 X80.01 Y97.9 E242.83376
G1 X82.677 Y97.9 E242.87811
G1 X82.677 Y102.1 E242.94796
G1 X85.344 Y102.1 E242.99231
G1 X85.344 Y97.9 E243.06216
G1 X88.011 Y97.9 E243.10651
G1 X88.011 Y102.1 E243.17636
G1 X90.678 Y102.1 E243.22071
G1 X90.678 Y97.9 E243.29055
G1 X93.345 Y97.9 E243.33491
G1 X93.345 Y102.1 E243.40475
G1 X96.012 Y102.1 E243.44911
G1 X96.012 Y97.9 E243.51895
G1 X98.679 Y97.9 E243.5633
G1 X98.679 Y102.1 E243.63315
G1 X101.346 Y102.1 E243.6775
G1 X101.346 Y97.9 E243.74735
G1 X104.013 Y97.9 E243.7917
G1 X104.013 Y102.1 E243.86155
G1 X106.68 Y102.1 E243.9059
G1 X106.68 Y97.9 E243.97575
G1 X109.347 Y97.9 E244.0201
G1 X109.347 Y102.1 E244.08995
G1 X112.014 Y102.1 E244.1343
G1 X112.014 Y97.9 E244.20414
G1 X114.681 Y97.9 E244.2485
G1 X114.681 Y102.1 E244.31834
G1 X117.348 Y102.1 E244.3627
G1 X117.348 Y97.9 E244.43254
G1 X120.015 Y97.9 E244.47689
G1 X120.015 Y102.1 E244.54674
G1 X120.6 Y102.1 E244.55647
G1 X120.6 Y97.9 E244.62632
G1 X120.015 Y97.9 E244.63604
G1 F1500 E238.13604
;MESH:reed_holder.stl
G0 F7200 X122.1 Y97.9
G0 X122.259 Y97.752
;TYPE:FILL
G1 F1500 E244.63604
G1 F3000 X128.718 Y104.211 E244.78795
G1 X128.788 Y104.281
G0 F7200 X128.787 Y104.266
G0 X130.247 Y103.855
G1 F3000 X128.639 Y102.247 E244.82577
G1 X128.569 Y102.177
G0 F7200 X128.569 Y102.185
G0 X129.974 Y101.696
G1 F3000 X131.364 Y103.087 E244.85847
G1 X131.434 Y103.157
G0 F7200 X131.411 Y103.129
G0 X132.203 Y102.041
G1 F3000 X130.678 Y100.516 E244.89434
G1 X130.608 Y100.446
G0 F7200 X130.634 Y100.453
G0 X132.673 Y100.626
G1 F3000 X127.807 Y95.759 E245.00879
G1 X127.737 Y95.689
G0 F7200 X127.737 Y95.7
G0 X125.922 Y95.759
G1 F3000 X127.982 Y97.82 E245.05725
G1 X128.052 Y97.89
G0 F7200 X128.046 Y97.866
G0 X126.794 Y98.516
G1 F3000 X124.037 Y95.759 E245.12209
G1 X123.967 Y95.689
G0 F7200 X123.967 Y95.7
G0 X122.259 Y95.867
G1 F3000 X126.265 Y99.873 E245.2163
G1 X126.335 Y99.943
G0 F7200 X126.323 Y99.942
G0 X122.259 Y99.637
G1 F3000 X126.861 Y104.239 E245.32454
G1 X126.931 Y104.309
G0 F7200 X126.931 Y104.3
G0 X124.976 Y104.239
G1 F3000 X122.259 Y101.522 E245.38843
G1 X122.189 Y101.452
G0 F7200 X122.2 Y101.452
G0 X122.259 Y103.408
G1 F3000 X123.091 Y104.239 E245.40799
G1 X123.161 Y104.309
G0 F7200 X123.161 Y104.3
G0 X126.844 Y98.634
G0 X129.985 Y96.052
G1 F3000 X132.451 Y98.519 E245.466
G1 X132.521 Y98.589
G0 F7200 X122.128 Y96.372
G0 X77.872 Y96.372
G0 X77.74 Y98.476
G1 F3000 X75.023 Y95.759 E245.5299
G1 X74.953 Y95.689
G0 F7200 X74.953 Y95.7
G0 X73.138 Y95.759
G1 F3000 X77.74 Y100.361 E245.63813
G1 X77.81 Y100.431
G0 F7200 X77.8 Y100.431
G0 X77.74 Y102.246
G1 F3000 X71.28 Y95.787 E245.79005
G1 X71.21 Y95.717
G0 F7200 X71.211 Y95.734
G0 X69.751 Y96.143
G1 F3000 X71.359 Y97.751 E245.82787
G1 X71.429 Y97.821
G0 F7200 X71.427 Y97.804
G0 X70.014 Y98.291
G1 F3000 X68.633 Y96.911 E245.86033
G1 X68.563 Y96.841
G0 F7200 X68.589 Y96.871
G0 X67.795 Y97.958
G1 F3000 X69.312 Y99.475 E245.89601
G1 X69.382 Y99.545
G0 F7200 X69.36 Y99.54
G0 X67.325 Y99.373
G1 F3000 X72.191 Y104.238 E246.01044
G1 X72.261 Y104.308
G0 F7200 X72.261 Y104.3
G0 X74.076 Y104.238
G1 F3000 X72.019 Y102.181 E246.05882
G1 X71.949 Y102.111
G0 F7200 X71.953 Y102.135
G0 X73.191 Y101.469
G1 F3000 X75.961 Y104.238 E246.12395
G1 X76.031 Y104.308
G0 F7200 X76.031 Y104.3
G0 X77.74 Y104.132
G1 F3000 X73.737 Y100.129 E246.2181
G1 X73.667 Y100.059
G0 F7200 X73.68 Y100.059
G0 X73.274 Y101.187
G0 X70.014 Y103.946
G1 F3000 X67.547 Y101.479 E246.27612
G1 X67.477 Y101.409
G0 F7200 X70.078 Y98.395
G0 X76.908 Y95.759
G1 F3000 X77.74 Y96.591 E246.29568
G1 X77.81 Y96.661
G0 F7200 X77.8 Y96.661
G0 X77.83 Y103.67
G0 X77.9 Y103.6
;TYPE:WALL-INNER
G1 F3000 X122.1 Y103.6 E247.03073
G1 X122.1 Y96.4 E247.15047
G1 X77.9 Y96.4 E247.88552
G1 X77.9 Y103.6 E248.00525
G0 F7200 X77.83 Y103.67
G0 X70.991 Y102.146
G0 X71.012 Y102.049
G1 F3000 X71.665 Y102.09 E248.01613
G1 X72.136 Y101.996 E248.02412
G1 X72.563 Y101.805 E248.0319
G1 X72.937 Y101.524 E248.03968
G1 X73.241 Y101.165 E248.0475
G1 X73.456 Y100.749 E248.05529
G1 X73.572 Y100.297 E248.06305
G1 X73.589 Y99.828 E248.07086
G1 X73.496 Y99.364 E248.07873
G1 X73.305 Y98.937 E248.08651
G1 X73.024 Y98.563 E248.09428
G1 X72.665 Y98.259 E248.10211
G1 X72.249 Y98.044 E248.1099
G1 X71.82 Y97.934 E248.11726
G1 X71.499 Y97.896 E248.12264
G1 X70.996 Y97.957 E248.13106
G1 X70.523 Y98.137 E248.13948
G1 X70.104 Y98.424 E248.14792
G1 X69.768 Y98.805 E248.15637
G1 X69.532 Y99.253 E248.16479
G1 X69.411 Y99.747 E248.17325
G1 X69.411 Y100.253 E248.18167
G1 X69.532 Y100.747 E248.19012
G1 X69.768 Y101.195 E248.19854
G1 X70.104 Y101.576 E248.20699
G1 X70.523 Y101.863 E248.21544
G1 X71.012 Y102.049 E248.22414
G0 F7200 X70.991 Y102.146
G0 X77.872 Y103.628
G0 X122.128 Y103.628
G0 X122.13 Y102.149
G0 X127.525 Y98.017
G0 X127.57 Y98.105
G1 F3000 X126.873 Y98.66 E248.23896
G1 X126.605 Y99.087 E248.24734
G1 X126.444 Y99.548 E248.25546
G1 X126.41 Y100.168 E248.26579
G1 X126.504 Y100.636 E248.27373
G1 X126.695 Y101.063 E248.2815
G1 X126.976 Y101.437 E248.28928
G1 X127.335 Y101.741 E248.29711
G1 X127.751 Y101.956 E248.30489
G1 X128.203 Y102.072 E248.31265
G1 X128.672 Y102.089 E248.32046
G1 X129.136 Y101.996 E248.32833
G1 X129.563 Y101.805 E248.33611
G1 X129.937 Y101.524 E248.34389
G1 X130.241 Y101.165 E248.35171
G1 X130.456 Y100.749 E248.3595
G1 X130.572 Y100.297 E248.36726
G1 X130.589 Y99.828 E248.37506
G1 X130.496 Y99.364 E248.38293
G1 X130.305 Y98.937 E248.39071
G1 X130.024 Y98.563 E248.39849
G1 X129.665 Y98.259 E248.40631
G1 X129.249 Y98.044 E248.4141
G1 X128.787 Y97.925 E248.42204
G1 X128.208 Y97.924 E248.43166
G1 X127.57 Y98.105 E248.44269
G0 F7200 X127.525 Y98.017
G0 X130.245 Y96.073
G0 X130.285 Y95.982
G1 F3000 X131.084 Y96.443 E248.45803
G1 X131.768 Y97.059 E248.47334
G1 X132.308 Y97.802 E248.48862
G1 X132.681 Y98.64 E248.50387
G1 X132.873 Y99.541 E248.51919
G1 X132.873 Y100.459 E248.53446
G1 X132.681 Y101.36 E248.54978
G1 X132.308 Y102.198 E248.56503
G1 X131.768 Y102.941 E248.58031
G1 X131.084 Y103.557 E248.59561
G1 X130.285 Y104.018 E248.61095
G1 X129.418 Y104.3 E248.62612
G1 X128.466 Y104.4 E248.64204
G1 X71.534 Y104.4 E249.58882
G1 X70.582 Y104.3 E249.60474
G1 X69.715 Y104.018 E249.6199
G1 X68.916 Y103.557 E249.63524
G1 X68.232 Y102.941 E249.65055
G1 X67.692 Y102.198 E249.66582
G1 X67.319 Y101.36 E249.68108
G1 X67.127 Y100.459 E249.6964
G1 X67.127 Y99.541 E249.71166
G1 X67.319 Y98.64 E249.72698
G1 X67.692 Y97.802 E249.74224
G1 X68.232 Y97.059 E249.75751
G1 X68.916 Y96.443 E249.77282
G1 X69.715 Y95.982 E249.78816
G1 X70.582 Y95.7 E249.80332
G1 X71.534 Y95.6 E249.81924
G1 X128.466 Y95.6 E250.76602
G1 X129.418 Y95.7 E250.78194
G1 X130.285 Y95.982 E250.79711
G0 F7200 X130.452 Y95.616
;TYPE:WALL-OUTER
G1 F1500 X131.319 Y96.116 E250.81375
G1 X132.068 Y96.791 E250.83052
G1 X132.655 Y97.599 E250.84713
G1 X133.063 Y98.516 E250.86382
G1 X133.273 Y99.5 E250.88055
G1 X133.273 Y100.5 E250.89718
G1 X133.063 Y101.484 E250.91391
G1 X132.655 Y102.401 E250.9306
G1 X132.068 Y103.209 E250.94721
G1 X131.319 Y103.884 E250.96398
G1 X130.452 Y104.384 E250.98062
G1 X129.499 Y104.694 E250.99729
G1 X128.489 Y104.8 E251.01418
G1 X71.511 Y104.8 E251.96173
G1 X70.501 Y104.694 E251.97861
G1 X69.548 Y104.384 E251.99528
G1 X68.681 Y103.884 E252.01192
G1 X67.932 Y103.209 E252.02869
G1 X67.345 Y102.401 E252.0453
G1 X66.937 Y101.484 E252.06199
G1 X66.727 Y100.5 E252.07872
G1 X66.727 Y99.5 E252.09535
G1 X66.937 Y98.516 E252.11209
G1 X67.345 Y97.599 E252.12878
G1 X67.932 Y96.791 E252.14539
G1 X68.681 Y96.116 E252.16215
G1 X69.548 Y95.616 E252.1788
G1 X70.501 Y95.306 E252.19546
G1 X71.511 Y95.2 E252.21235
G1 X128.489 Y95.2 E253.1599
G1 X129.499 Y95.306 E253.17679
G1 X130.452 Y95.616 E253.19346
G0 F7200 X130.625 Y95.716
G0 X130.374 Y96.148
G0 X127.445 Y98.077
G0 X127.756 Y98.468
G1 F1500 X127.176 Y98.93 E253.20579
G1 X126.968 Y99.262 E253.2123
G1 X126.84 Y99.627 E253.21873
G1 X126.812 Y100.139 E253.22726
G1 X126.887 Y100.513 E253.23361
G1 X127.042 Y100.859 E253.23991
G1 X127.269 Y101.161 E253.24619
G1 X127.559 Y101.406 E253.25251
G1 X127.895 Y101.58 E253.2588
G1 X128.261 Y101.674 E253.26508
G1 X128.64 Y101.688 E253.27139
G1 X129.013 Y101.613 E253.27772
G1 X129.359 Y101.458 E253.28402
G1 X129.661 Y101.231 E253.29031
G1 X129.906 Y100.941 E253.29662
G1 X130.08 Y100.605 E253.30291
G1 X130.174 Y100.239 E253.3092
G1 X130.188 Y99.86 E253.3155
G1 X130.113 Y99.487 E253.32183
G1 X129.958 Y99.141 E253.32813
G1 X129.731 Y98.839 E253.33442
G1 X129.441 Y98.594 E253.34073
G1 X129.105 Y98.42 E253.34702
G1 X128.736 Y98.325 E253.35336
G1 X128.263 Y98.324 E253.36123
G1 X127.756 Y98.468 E253.36999
G0 F7200 X127.6 Y98.592
G0 X127.29 Y98.201
G0 X122.128 Y103.628
G0 X77.872 Y103.628
G0 X78.3 Y103.2
G1 F1500 X121.7 Y103.2 E254.09174
G1 X121.7 Y96.8 E254.19817
G1 X78.3 Y96.8 E254.91991
G1 X78.3 Y103.2 E255.02635
G0 F7200 X78.5 Y103.2
G0 X78.5 Y103.7
G0 X71.066 Y102.151
G0 X71.098 Y101.654
G1 F1500 X71.638 Y101.688 E255.03534
G1 X72.013 Y101.613 E255.0417
G1 X72.359 Y101.458 E255.04801
G1 X72.661 Y101.231 E255.05429
G1 X72.906 Y100.941 E255.0606
G1 X73.08 Y100.605 E255.0669
G1 X73.174 Y100.239 E255.07318
G1 X73.188 Y99.86 E255.07949
G1 X73.113 Y99.487 E255.08582
G1 X72.958 Y99.141 E255.09212
G1 X72.731 Y98.839 E255.0984
G1 X72.441 Y98.594 E255.10472
G1 X72.105 Y98.42 E255.11101
G1 X71.747 Y98.328 E255.11716
G1 X71.5 Y98.299 E255.12129
G1 X71.093 Y98.348 E255.12811
G1 X70.71 Y98.494 E255.13493
G1 X70.371 Y98.726 E255.14176
G1 X70.1 Y99.034 E255.14858
G1 X69.909 Y99.396 E255.15539
G1 X69.811 Y99.795 E255.16222
G1 X69.811 Y100.205 E255.16904
G1 X69.909 Y100.604 E255.17587
G1 X70.1 Y100.966 E255.18268
G1 X70.371 Y101.274 E255.1895
G1 X70.71 Y101.506 E255.19633
G1 X71.098 Y101.654 E255.20324
G0 F7200 X71.297 Y101.666
G0 X71.265 Y102.164
G0 X77.679 Y103.984
G0 X77.789 Y104.094
;TYPE:SKIN
G1 F1500 X77.978 Y103.999 E255.20685
G1 X122.101 Y103.999 E255.96151
G1 X122.249 Y103.864 E255.96493
G0 F7200 X122.319 Y103.934
G0 X122.226 Y96.204
G0 X122.021 Y95.999
G1 F1500 X122.208 Y95.904 E255.96851
G1 X121.172 Y95.999 E255.98623
G1 X77.897 Y95.999 E256.72332
G1 X77.749 Y96.134 E256.72673
G0 F7200 X77.679 Y96.064
G1 F1500 E250.22673
;MESH:NONMESH
G0 F600 X77.679 Y96.064 Z1.4
G0 F7200 X80.01 Y96.4
G0 X80.01 Y97.9
;TIME_ELAPSED:477.179621
;LAYER:11
;TYPE:SUPPORT
G1 F1500 E256.72673
G1 F3000 X79.4 Y97.9 E256.73687
G1 X79.4 Y102.1 E256.80672
G1 X80.01 Y102.1 E256.81686
G1 X80.01 Y97.9 E256.88671
G1 X82.677 Y97.9 E256.93106
G1 X82.677 Y102.1 E257.00091
G1 X85.344 Y102.1 E257.04526
G1 X85.344 Y97.9 E257.11511
G1 X88.011 Y97.9 E257.15946
G1 X88.011 Y102.1 E257.2293
G1 X90.678 Y102.1 E257.27366
G1 X90.678 Y97.9 E257.3435
G1 X93.345 Y97.9 E257.38786
G1 X93.345 Y102.1 E257.4577
G1 X96.012 Y102.1 E257.50205
G1 X96.012 Y97.9 E257.5719
G1 X98.679 Y97.9 E257.61625
G1 X98.679 Y102.1 E257.6861
G1 X101.346 Y102.1 E257.73045
G1 X101.346 Y97.9 E257.8003
G1 X104.013 Y97.9 E257.84465
G1 X104.013 Y102.1 E257.9145
G1 X106.68 Y102.1 E257.95885
G1 X106.68 Y97.9 E258.0287
G1 X109.347 Y97.9 E258.07305
G1 X109.347 Y102.1 E258.14289
G1 X112.014 Y102.1 E258.18725
G1 X112.014 Y97.9 E258.25709
G1 X114.681 Y97.9 E258.30145
G1 X114.681 Y102.1 E258.37129
G1 X117.348 Y102.1 E258.41564
G1 X117.348 Y97.9 E258.48549
G1 X120.015 Y97.9 E258.52984
G1 X120.015 Y102.1 E258.59969
G1 X120.6 Y102.1 E258.60942
G1 X120.6 Y97.9 E258.67926
G1 X120.015 Y97.9 E258.68899
G1 F1500 E252.18899
;MESH:reed_holder.stl
G0 F7200 X122.1 Y97.9
G0 X122.259 Y98.476
;TYPE:FILL
G1 F1500 E258.68899
G1 F3000 X124.976 Y95.759 E258.75289
G1 X125.046 Y95.689
G0 F7200 X125.046 Y95.7
G0 X123.091 Y95.759
G1 F3000 X122.259 Y96.591 E258.77246
G1 X122.189 Y96.661
G0 F7200 X122.2 Y96.661
G0 X122.259 Y100.361
G1 F3000 X126.861 Y95.759 E258.88069
G1 X126.931 Y95.689
G0 F7200 X126.931 Y95.7
G0 X128.718 Y95.787
G1 F3000 X122.259 Y102.246 E259.0326
G1 X122.189 Y102.316
G0 F7200 X122.2 Y102.316
G0 X122.259 Y104.132
G1 F3000 X126.247 Y100.143 E259.1264
G1 X126.317 Y100.073
G0 F7200 X126.314 Y100.073
G0 X126.799 Y101.476
G1 F3000 X124.036 Y104.24 E259.19139
G1 X123.966 Y104.31
G0 F7200 X123.966 Y104.3
G0 X125.921 Y104.24
G1 F3000 X127.981 Y102.18 E259.23984
G1 X128.051 Y102.11
G0 F7200 X128.044 Y102.135
G0 X127.806 Y104.24
G1 F3000 X132.672 Y99.374 E259.35428
G1 X132.742 Y99.304
G0 F7200 X132.721 Y99.307
G0 X132.202 Y97.959
G1 F3000 X130.685 Y99.476 E259.38996
G1 X130.615 Y99.546
G0 F7200 X130.636 Y99.543
G0 X129.969 Y98.306
G1 F3000 X131.365 Y96.911 E259.42278
G1 X131.435 Y96.841
G0 F7200 X131.409 Y96.869
G0 X130.247 Y96.143
G1 F3000 X128.638 Y97.752 E259.46062
G1 X128.568 Y97.822
G0 F7200 X128.57 Y97.804
G0 X129.707 Y98.239
G0 X132.451 Y101.48
G1 F3000 X129.983 Y103.948 E259.51867
G1 X129.913 Y104.018
G0 F7200 X77.872 Y103.628
G0 X77.74 Y103.408
G1 F3000 X76.908 Y104.239 E259.53822
G1 X76.838 Y104.309
G0 F7200 X76.838 Y104.3
G0 X75.023 Y104.239
G1 F3000 X77.74 Y101.522 E259.60212
G1 X77.81 Y101.452
G0 F7200 X77.8 Y101.452
G0 X77.74 Y99.637
G1 F3000 X73.138 Y104.239 E259.71035
G1 X73.068 Y104.309
G0 F7200 X73.068 Y104.3
G0 X71.281 Y104.211
G1 F3000 X77.74 Y97.752 E259.86226
G1 X77.81 Y97.682
G0 F7200 X77.8 Y97.682
G0 X77.74 Y95.867
G1 F3000 X73.751 Y99.855 E259.95606
G1 X73.681 Y99.925
G0 F7200 X73.688 Y99.925
G0 X73.199 Y98.522
G1 F3000 X75.963 Y95.759 E260.02105
G1 X76.033 Y95.689
G0 F7200 X76.033 Y95.7
G0 X74.077 Y95.759
G1 F3000 X72.018 Y97.818 E260.06948
G1 X71.948 Y97.888
G0 F7200 X71.955 Y97.864
G0 X72.192 Y95.759
G1 F3000 X67.326 Y100.625 E260.18392
G1 X67.256 Y100.695
G0 F7200 X67.278 Y100.692
G0 X67.797 Y102.039
G1 F3000 X69.312 Y100.525 E260.21954
G1 X69.382 Y100.455
G0 F7200 X69.359 Y100.459
G0 X70.014 Y101.707
G1 F3000 X68.633 Y103.088 E260.25202
G1 X68.563 Y103.158
G0 F7200 X68.589 Y103.129
G0 X69.751 Y103.855
G1 F3000 X71.373 Y102.234 E260.29015
G1 X71.443 Y102.164
G0 F7200 X71.442 Y102.178
G0 X70.506 Y101.898
G0 X67.547 Y98.519
G1 F3000 X70.017 Y96.049 E260.34824
G1 X70.087 Y95.979
G0 F7200 X69.372 Y99.743
G0 X69.495 Y100.761
G0 X70.078 Y101.605
G0 X70.99 Y102.145
G0 X71.011 Y102.048
;TYPE:WALL-INNER
G1 F3000 X71.643 Y102.093 E260.35878
G1 X72.113 Y102.004 E260.36674
G1 X72.542 Y101.818 E260.37451
G1 X72.92 Y101.541 E260.3823
G1 X73.228 Y101.185 E260.39013
G1 X73.447 Y100.77 E260.39794
G1 X73.569 Y100.319 E260.40571
G1 X73.592 Y99.85 E260.41352
G1 X73.504 Y99.387 E260.42135
G1 X73.318 Y98.958 E260.42913
G1 X73.041 Y98.58 E260.43692
G1 X72.685 Y98.272 E260.44475
G1 X72.27 Y98.052 E260.45256
G1 X71.84 Y97.936 E260.45997
G1 X71.499 Y97.896 E260.46568
G1 X70.996 Y97.957 E260.4741
G1 X70.523 Y98.137 E260.48252
G1 X70.104 Y98.424 E260.49097
G1 X69.768 Y98.805 E260.49941
G1 X69.532 Y99.253 E260.50784
G1 X69.411 Y99.747 E260.51629
G1 X69.411 Y100.253 E260.52471
G1 X69.532 Y100.747 E260.53317
G1 X69.768 Y101.195 E260.54159
G1 X70.104 Y101.576 E260.55004
G1 X70.524 Y101.863 E260.55849
G1 X71.011 Y102.048 E260.56716
G0 F7200 X70.99 Y102.145
G0 X77.83 Y103.67
G0 X77.9 Y103.6
G1 F3000 X122.1 Y103.6 E261.30221
G1 X122.1 Y96.4 E261.42194
G1 X77.9 Y96.4 E262.15699
G1 X77.9 Y103.6 E262.27673
G0 F7200 X77.83 Y103.67
G0 X122.128 Y103.628
G0 X126.787 Y98.611
G0 X126.863 Y98.675
G1 F3000 X126.605 Y99.088 E262.28483
G1 X126.444 Y99.546 E262.2929
G1 X126.408 Y100.147 E262.30291
G1 X126.496 Y100.613 E262.3108
G1 X126.682 Y101.042 E262.31858
G1 X126.959 Y101.42 E262.32637
G1 X127.315 Y101.728 E262.3342
G1 X127.73 Y101.947 E262.342
G1 X128.181 Y102.069 E262.34977
G1 X128.65 Y102.092 E262.35758
G1 X129.113 Y102.004 E262.36542
G1 X129.542 Y101.818 E262.37319
G1 X129.92 Y101.541 E262.38099
G1 X130.228 Y101.185 E262.38882
G1 X130.447 Y100.77 E262.39662
G1 X130.569 Y100.319 E262.40439
G1 X130.592 Y99.85 E262.4122
G1 X130.504 Y99.387 E262.42004
G1 X130.318 Y98.958 E262.42781
G1 X130.041 Y98.58 E262.4356
G1 X129.685 Y98.272 E262.44343
G1 X129.27 Y98.052 E262.45124
G1 X128.84 Y97.936 E262.45865
G1 X128.502 Y97.896 E262.46431
G1 X128.031 Y97.95 E262.4722
G1 X127.588 Y98.105 E262.48
G1 X127.295 Y98.288 E262.48575
G1 X126.863 Y98.675 E262.49539
G0 F7200 X126.787 Y98.611
G0 X130.245 Y96.073
G0 X130.285 Y95.982
G1 F3000 X131.084 Y96.443 E262.51073
G1 X131.768 Y97.059 E262.52604
G1 X132.308 Y97.802 E262.54131
G1 X132.681 Y98.64 E262.55657
G1 X132.873 Y99.541 E262.57189
G1 X132.873 Y100.459 E262.58715
G1 X132.681 Y101.36 E262.60247
G1 X132.308 Y102.198 E262.61773
G1 X131.768 Y102.941 E262.633
G1 X131.084 Y103.557 E262.64831
G1 X130.285 Y104.018 E262.66365
G1 X129.418 Y104.3 E262.67881
G1 X128.466 Y104.4 E262.69473
G1 X71.534 Y104.4 E263.64152
G1 X70.582 Y104.3 E263.65743
G1 X69.715 Y104.018 E263.6726
G1 X68.916 Y103.557 E263.68794
G1 X68.232 Y102.941 E263.70324
G1 X67.692 Y102.198 E263.71852
G1 X67.319 Y101.36 E263.73377
G1 X67.127 Y100.459 E263.74909
G1 X67.127 Y99.541 E263.76436
G1 X67.319 Y98.64 E263.77968
G1 X67.692 Y97.802 E263.79493
G1 X68.232 Y97.059 E263.81021
G1 X68.916 Y96.443 E263.82552
G1 X69.715 Y95.982 E263.84086
G1 X70.582 Y95.7 E263.85602
G1 X71.534 Y95.6 E263.87194
G1 X128.466 Y95.6 E264.81872
G1 X129.418 Y95.7 E264.83464
G1 X130.285 Y95.982 E264.8498
G0 F7200 X130.452 Y95.616
;TYPE:WALL-OUTER
G1 F1500 X131.319 Y96.116 E264.86645
G1 X132.068 Y96.791 E264.88321
G1 X132.655 Y97.599 E264.89982
G1 X133.063 Y98.516 E264.91651
G1 X133.273 Y99.5 E264.93325
G1 X133.273 Y100.5 E264.94988
G1 X133.063 Y101.484 E264.96661
G1 X132.655 Y102.401 E264.9833
G1 X132.068 Y103.209 E264.99991
G1 X131.319 Y103.884 E265.01668
G1 X130.452 Y104.384 E265.03332
G1 X129.499 Y104.694 E265.04999
G1 X128.489 Y104.8 E265.06687
G1 X71.511 Y104.8 E266.01442
G1 X70.501 Y104.694 E266.03131
G1 X69.548 Y104.384 E266.04798
G1 X68.681 Y103.884 E266.06462
G1 X67.932 Y103.209 E266.08139
G1 X67.345 Y102.401 E266.098
G1 X66.937 Y101.484 E266.11469
G1 X66.727 Y100.5 E266.13142
G1 X66.727 Y99.5 E266.14805
G1 X66.937 Y98.516 E266.16478
G1 X67.345 Y97.599 E266.18147
G1 X67.932 Y96.791 E266.19808
G1 X68.681 Y96.116 E266.21485
G1 X69.548 Y95.616 E266.2315
G1 X70.501 Y95.306 E266.24816
G1 X71.511 Y95.2 E266.26505
G1 X128.489 Y95.2 E267.2126
G1 X129.499 Y95.306 E267.22949
G1 X130.452 Y95.616 E267.24615
G0 F7200 X130.625 Y95.716
G0 X130.374 Y96.148
G0 X126.84 Y98.563
G0 X127.172 Y98.935
G1 F1500 X126.968 Y99.262 E267.25256
G1 X126.84 Y99.626 E267.25898
G1 X126.81 Y100.121 E267.26723
G1 X126.881 Y100.495 E267.27356
G1 X127.031 Y100.842 E267.27984
G1 X127.255 Y101.147 E267.28614
G1 X127.542 Y101.396 E267.29245
G1 X127.877 Y101.573 E267.29876
G1 X128.243 Y101.672 E267.30506
G1 X128.622 Y101.69 E267.31137
G1 X128.995 Y101.619 E267.31769
G1 X129.342 Y101.469 E267.32397
G1 X129.647 Y101.245 E267.33027
G1 X129.896 Y100.958 E267.33658
G1 X130.073 Y100.623 E267.34289
G1 X130.172 Y100.257 E267.34919
G1 X130.19 Y99.878 E267.3555
G1 X130.119 Y99.505 E267.36181
G1 X129.969 Y99.158 E267.3681
G1 X129.745 Y98.853 E267.37439
G1 X129.458 Y98.604 E267.38071
G1 X129.123 Y98.427 E267.38701
G1 X128.764 Y98.33 E267.3932
G1 X128.501 Y98.299 E267.3976
G1 X128.121 Y98.342 E267.40396
G1 X127.762 Y98.468 E267.41029
G1 X127.536 Y98.609 E267.41472
G1 X127.172 Y98.935 E267.42285
G0 F7200 X127.067 Y99.104
G0 X126.644 Y98.838
G0 X122.128 Y103.628
G0 X77.872 Y103.628
G0 X78.3 Y103.2
G1 F1500 X121.7 Y103.2 E268.14459
G1 X121.7 Y96.8 E268.25102
G1 X78.3 Y96.8 E268.97277
G1 X78.3 Y103.2 E269.0792
G0 F7200 X78.5 Y103.2
G0 X78.5 Y103.7
G0 X71.062 Y102.151
G0 X71.098 Y101.653
G1 F1500 X71.62 Y101.69 E269.0879
G1 X71.995 Y101.619 E269.09425
G1 X72.342 Y101.469 E269.10054
G1 X72.647 Y101.245 E269.10683
G1 X72.896 Y100.958 E269.11315
G1 X73.073 Y100.623 E269.11945
G1 X73.172 Y100.257 E269.12575
G1 X73.19 Y99.878 E269.13206
G1 X73.119 Y99.505 E269.13838
G1 X72.969 Y99.158 E269.14467
G1 X72.745 Y98.853 E269.15096
G1 X72.458 Y98.604 E269.15728
G1 X72.123 Y98.427 E269.16358
G1 X71.764 Y98.33 E269.16976
G1 X71.5 Y98.299 E269.17418
G1 X71.093 Y98.348 E269.181
G1 X70.71 Y98.494 E269.18782
G1 X70.371 Y98.726 E269.19465
G1 X70.1 Y99.034 E269.20147
G1 X69.909 Y99.396 E269.20828
G1 X69.811 Y99.795 E269.21511
G1 X69.811 Y100.205 E269.22193
G1 X69.909 Y100.604 E269.22876
G1 X70.1 Y100.966 E269.23557
G1 X70.371 Y101.274 E269.24239
G1 X70.71 Y101.506 E269.24922
G1 X71.098 Y101.653 E269.25612
G0 F7200 X71.297 Y101.667
G0 X71.261 Y102.165
G0 X77.679 Y103.905
G0 X77.734 Y103.849
;TYPE:SKIN
G1 F1500 X77.876 Y103.99 E269.25954
G1 X83.524 Y103.999 E269.35597
G1 X121.991 Y103.999 E270.01273
G1 X122.194 Y104.079 E270.01645
G0 F7200 X122.319 Y103.954
G0 X122.149 Y96.204
G0 X122.234 Y96.119
G1 F1500 X122.072 Y95.999 E270.0199
G1 X77.948 Y95.999 E270.7733
G1 X77.774 Y95.889 E270.77681
G0 F7200 X77.87 Y96
G1 F1500 E264.27681
;MESH:NONMESH
G0 F600 X77.87 Y96 Z1.5
G0 F7200 X80.01 Y96.4
G0 X80.01 Y97.9
;TIME_ELAPSED:505.595142
;LAYER:12
;TYPE:SUPPORT
G1 F1500 E270.77681
G1 F3000 X79.4 Y97.9 E270.78696
G1 X79.4 Y102.1 E270.85681
G1 X80.01 Y102.1 E270.86695
G1 X80.01 Y97.9 E270.9368
G1 X82.677 Y97.9 E270.98115
G1 X82.677 Y102.1 E271.05099
G1 X85.344 Y102.1 E271.09535
G1 X85.344 Y97.9 E271.16519
G1 X88.011 Y97.9 E271.20955
G1 X88.011 Y102.1 E271.27939
G1 X90.678 Y102.1 E271.32374
G1 X90.678 Y97.9 E271.39359
G1 X93.345 Y97.9 E271.43794
G1 X93.345 Y102.1 E271.50779
G1 X96.012 Y102.1 E271.55214
G1 X96.012 Y97.9 E271.62199
G1 X98.679 Y97.9 E271.66634
G1 X98.679 Y102.1 E271.73619
G1 X101.346 Y102.1 E271.78054
G1 X101.346 Y97.9 E271.85039
G1 X104.013 Y97.9 E271.89474
G1 X104.013 Y102.1 E271.96458
G1 X106.68 Y102.1 E272.00894
G1 X106.68 Y97.9 E272.07878
G1 X109.347 Y97.9 E272.12314
G1 X109.347 Y102.1 E272.19298
G1 X112.014 Y102.1 E272.23733
G1 X112.014 Y97.9 E272.30718
G1 X114.681 Y97.9 E272.35153
G1 X114.681 Y102.1 E272.42138
G1 X117.348 Y102.1 E272.46573
G1 X117.348 Y97.9 E272.53558
G1 X120.015 Y97.9 E272.57993
G1 X120.015 Y102.1 E272.64978
G1 X120.6 Y102.1 E272.6595
G1 X120.6 Y97.9 E272.72935
G1 X120.015 Y97.9 E272.73908
G1 F1500 E266.23908
;MESH:reed_holder.stl
G0 F7200 X122.1 Y97.9
G0 X122.259 Y97.752
;TYPE:FILL
G1 F1500 E272.73908
G1 F3000 X128.718 Y104.211 E272.89099
G1 X128.788 Y104.281
G0 F7200 X128.787 Y104.266
G0 X130.247 Y103.855
G1 F3000 X128.646 Y102.254 E272.92864
G1 X128.576 Y102.184
G0 F7200 X128.576 Y102.191
G0 X129.976 Y101.699
G1 F3000 X131.364 Y103.087 E272.96128
G1 X131.434 Y103.157
G0 F7200 X131.411 Y103.129
G0 X132.203 Y102.041
G1 F3000 X130.681 Y100.518 E272.99709
G1 X130.611 Y100.448
G0 F7200 X130.637 Y100.456
G0 X132.673 Y100.626
G1 F3000 X127.807 Y95.759 E273.11154
G1 X127.737 Y95.689
G0 F7200 X127.737 Y95.7
G0 X125.922 Y95.759
G1 F3000 X127.965 Y97.803 E273.1596
G1 X128.035 Y97.873
G0 F7200 X128.033 Y97.849
G0 X126.796 Y98.519
G1 F3000 X124.037 Y95.759 E273.2245
G1 X123.967 Y95.689
G0 F7200 X123.967 Y95.7
G0 X122.259 Y95.867
G1 F3000 X126.263 Y99.871 E273.31867
G1 X126.333 Y99.941
G0 F7200 X126.319 Y99.94
G0 X122.259 Y99.637
G1 F3000 X126.861 Y104.239 E273.4269
G1 X126.931 Y104.309
G0 F7200 X126.931 Y104.3
G0 X124.976 Y104.239
G1 F3000 X122.259 Y101.522 E273.4908
G1 X122.189 Y101.452
G0 F7200 X122.2 Y101.452
G0 X122.259 Y103.408
G1 F3000 X123.091 Y104.239 E273.51036
G1 X123.161 Y104.309
G0 F7200 X123.161 Y104.3
G0 X126.832 Y98.651
G0 X129.985 Y96.052
G1 F3000 X132.451 Y98.519 E273.56836
G1 X132.521 Y98.589
G0 F7200 X122.128 Y96.372
G0 X77.872 Y96.372
G0 X77.74 Y98.476
G1 F3000 X75.023 Y95.759 E273.63226
G1 X74.953 Y95.689
G0 F7200 X74.953 Y95.7
G0 X73.138 Y95.759
G1 F3000 X77.74 Y100.361 E273.7405
G1 X77.81 Y100.431
G0 F7200 X77.8 Y100.431
G0 X77.74 Y102.246
G1 F3000 X71.28 Y95.787 E273.89241
G1 X71.21 Y95.717
G0 F7200 X71.211 Y95.734
G0 X69.751 Y96.143
G1 F3000 X71.359 Y97.751 E273.93023
G1 X71.429 Y97.821
G0 F7200 X71.427 Y97.804
G0 X70.014 Y98.291
G1 F3000 X68.633 Y96.911 E273.9627
G1 X68.563 Y96.841
G0 F7200 X68.589 Y96.871
G0 X67.795 Y97.958
G1 F3000 X69.312 Y99.475 E273.99838
G1 X69.382 Y99.545
G0 F7200 X69.36 Y99.54
G0 X67.325 Y99.373
G1 F3000 X72.191 Y104.238 E274.11281
G1 X72.261 Y104.308
G0 F7200 X72.261 Y104.3
G0 X74.076 Y104.238
G1 F3000 X72.023 Y102.186 E274.16108
G1 X71.953 Y102.116
G0 F7200 X71.956 Y102.137
G0 X73.191 Y101.469
G1 F3000 X75.961 Y104.238 E274.22621
G1 X76.031 Y104.308
G0 F7200 X76.031 Y104.3
G0 X77.74 Y104.132
G1 F3000 X73.738 Y100.13 E274.32033
G1 X73.668 Y100.06
G0 F7200 X73.683 Y100.06
G0 X73.248 Y101.227
G0 X70.014 Y103.946
G1 F3000 X67.547 Y101.479 E274.37835
G1 X67.477 Y101.409
G0 F7200 X70.078 Y98.395
G0 X76.908 Y95.759
G1 F3000 X77.74 Y96.591 E274.39792
G1 X77.81 Y96.661
G0 F7200 X77.8 Y96.661
G0 X77.83 Y103.67
G0 X77.9 Y103.6
;TYPE:WALL-INNER
G1 F3000 X122.1 Y103.6 E275.13297
G1 X122.1 Y96.4 E275.2527
G1 X77.9 Y96.4 E275.98775
G1 X77.9 Y103.6 E276.10749
G0 F7200 X77.83 Y103.67
G0 X70.988 Y102.144
G0 X71.009 Y102.047
G1 F3000 X71.621 Y102.095 E276.1177
G1 X72.091 Y102.011 E276.12564
G1 X72.522 Y101.83 E276.13341
G1 X72.904 Y101.557 E276.14122
G1 X73.216 Y101.205 E276.14904
G1 X73.44 Y100.792 E276.15686
G1 X73.566 Y100.343 E276.16461
G1 X73.594 Y99.874 E276.17243
G1 X73.511 Y99.409 E276.18028
G1 X73.33 Y98.978 E276.18806
G1 X73.057 Y98.596 E276.19586
G1 X72.705 Y98.284 E276.20369
G1 X72.293 Y98.06 E276.21148
G1 X71.86 Y97.938 E276.21897
G1 X71.499 Y97.896 E276.22501
G1 X70.996 Y97.957 E276.23344
G1 X70.523 Y98.137 E276.24185
G1 X70.104 Y98.424 E276.2503
G1 X69.768 Y98.805 E276.25875
G1 X69.532 Y99.253 E276.26717
G1 X69.411 Y99.747 E276.27562
G1 X69.411 Y100.253 E276.28404
G1 X69.532 Y100.747 E276.2925
G1 X69.768 Y101.195 E276.30092
G1 X70.104 Y101.576 E276.30937
G1 X70.523 Y101.863 E276.31781
G1 X71.009 Y102.047 E276.32645
G0 F7200 X70.988 Y102.144
G0 X77.872 Y103.628
G0 X122.128 Y103.628
G0 X126.786 Y98.612
G0 X126.862 Y98.676
G1 F3000 X126.605 Y99.088 E276.33453
G1 X126.445 Y99.544 E276.34257
G1 X126.406 Y100.124 E276.35223
G1 X126.489 Y100.591 E276.36012
G1 X126.67 Y101.022 E276.3679
G1 X126.943 Y101.404 E276.3757
G1 X127.295 Y101.716 E276.38353
G1 X127.708 Y101.94 E276.39134
G1 X128.157 Y102.066 E276.39909
G1 X128.626 Y102.094 E276.40691
G1 X129.091 Y102.011 E276.41476
G1 X129.522 Y101.83 E276.42254
G1 X129.904 Y101.557 E276.43035
G1 X130.216 Y101.205 E276.43817
G1 X130.44 Y100.792 E276.44598
G1 X130.566 Y100.343 E276.45374
G1 X130.594 Y99.874 E276.46155
G1 X130.511 Y99.409 E276.4694
G1 X130.33 Y98.978 E276.47718
G1 X130.057 Y98.596 E276.48499
G1 X129.705 Y98.284 E276.49281
G1 X129.293 Y98.06 E276.50061
G1 X128.86 Y97.938 E276.50809
G1 X128.502 Y97.896 E276.51408
G1 X128.031 Y97.95 E276.52197
G1 X127.588 Y98.105 E276.52977
G1 X127.28 Y98.298 E276.53582
G1 X126.862 Y98.676 E276.54519
G0 F7200 X126.786 Y98.612
G0 X130.245 Y96.073
G0 X130.285 Y95.982
G1 F3000 X131.084 Y96.443 E276.56053
G1 X131.768 Y97.059 E276.57584
G1 X132.308 Y97.802 E276.59111
G1 X132.681 Y98.64 E276.60637
G1 X132.873 Y99.541 E276.62169
G1 X132.873 Y100.459 E276.63695
G1 X132.681 Y101.36 E276.65227
G1 X132.308 Y102.198 E276.66753
G1 X131.768 Y102.941 E276.6828
G1 X131.084 Y103.557 E276.69811
G1 X130.285 Y104.018 E276.71345
G1 X129.418 Y104.3 E276.72861
G1 X128.466 Y104.4 E276.74453
G1 X71.534 Y104.4 E277.69131
G1 X70.582 Y104.3 E277.70723
G1 X69.715 Y104.018 E277.7224
G1 X68.916 Y103.557 E277.73774
G1 X68.232 Y102.941 E277.75304
G1 X67.692 Y102.198 E277.76832
G1 X67.319 Y101.36 E277.78357
G1 X67.127 Y100.459 E277.79889
G1 X67.127 Y99.541 E277.81416
G1 X67.319 Y98.64 E277.82948
G1 X67.692 Y97.802 E277.84473
G1 X68.232 Y97.059 E277.86001
G1 X68.916 Y96.443 E277.87532
G1 X69.715 Y95.982 E277.89066
G1 X70.582 Y95.7 E277.90582
G1 X71.534 Y95.6 E277.92174
G1 X128.466 Y95.6 E278.86852
G1 X129.418 Y95.7 E278.88444
G1 X130.285 Y95.982 E278.8996
G0 F7200 X130.452 Y95.616
;TYPE:WALL-OUTER
G1 F1500 X131.319 Y96.116 E278.91625
G1 X132.068 Y96.791 E278.93301
G1 X132.655 Y97.599 E278.94962
G1 X133.063 Y98.516 E278.96631
G1 X133.273 Y99.5 E278.98305
G1 X133.273 Y100.5 E278.99968
G1 X133.063 Y101.484 E279.01641
G1 X132.655 Y102.401 E279.0331
G1 X132.068 Y103.209 E279.04971
G1 X131.319 Y103.884 E279.06648
G1 X130.452 Y104.384 E279.08312
G1 X129.499 Y104.694 E279.09979
G1 X128.489 Y104.8 E279.11667
G1 X71.511 Y104.8 E280.06422
G1 X70.501 Y104.694 E280.08111
G1 X69.548 Y104.384 E280.09778
G1 X68.681 Y103.884 E280.11442
G1 X67.932 Y103.209 E280.13119
G1 X67.345 Y102.401 E280.1478
G1 X66.937 Y101.484 E280.16449
G1 X66.727 Y100.5 E280.18122
G1 X66.727 Y99.5 E280.19785
G1 X66.937 Y98.516 E280.21458
G1 X67.345 Y97.599 E280.23127
G1 X67.932 Y96.791 E280.24788
G1 X68.681 Y96.116 E280.26465
G1 X69.548 Y95.616 E280.28129
G1 X70.501 Y95.306 E280.29796
G1 X71.511 Y95.2 E280.31485
G1 X128.489 Y95.2 E281.2624
G1 X129.499 Y95.306 E281.27929
G1 X130.452 Y95.616 E281.29595
G0 F7200 X130.625 Y95.716
G0 X130.374 Y96.148
G0 X128.607 Y97.349
G0 X126.749 Y98.671
G0 X127.172 Y98.935
G1 F1500 X126.968 Y99.262 E281.30236
G1 X126.84 Y99.625 E281.30876
G1 X126.808 Y100.102 E281.31671
G1 X126.875 Y100.477 E281.32305
G1 X127.021 Y100.826 E281.32934
G1 X127.242 Y101.134 E281.33564
G1 X127.526 Y101.386 E281.34196
G1 X127.859 Y101.567 E281.34826
G1 X128.224 Y101.669 E281.35456
G1 X128.603 Y101.692 E281.36088
G1 X128.977 Y101.625 E281.3672
G1 X129.326 Y101.479 E281.37349
G1 X129.634 Y101.258 E281.37979
G1 X129.886 Y100.974 E281.38611
G1 X130.067 Y100.641 E281.39241
G1 X130.169 Y100.276 E281.39871
G1 X130.192 Y99.897 E281.40503
G1 X130.125 Y99.523 E281.41134
G1 X129.979 Y99.174 E281.41764
G1 X129.758 Y98.866 E281.42394
G1 X129.474 Y98.614 E281.43025
G1 X129.141 Y98.433 E281.43656
G1 X128.782 Y98.332 E281.44276
G1 X128.501 Y98.299 E281.44746
G1 X128.121 Y98.342 E281.45382
G1 X127.762 Y98.468 E281.46015
G1 X127.522 Y98.618 E281.46486
G1 X127.172 Y98.935 E281.47271
G0 F7200 X127.067 Y99.104
G0 X126.644 Y98.84
G0 X122.128 Y103.628
G0 X77.872 Y103.628
G0 X78.3 Y103.2
G1 F1500 X121.7 Y103.2 E282.19446
G1 X121.7 Y96.8 E282.30089
G1 X78.3 Y96.8 E283.02263
G1 X78.3 Y103.2 E283.12907
G0 F7200 X78.5 Y103.2
G0 X78.5 Y103.7
G0 X70.92 Y102.119
G0 X71.097 Y101.653
G1 F1500 X71.601 Y101.692 E283.13747
G1 X71.977 Y101.625 E283.14382
G1 X72.326 Y101.479 E283.15011
G1 X72.634 Y101.258 E283.15642
G1 X72.886 Y100.974 E283.16273
G1 X73.067 Y100.641 E283.16904
G1 X73.169 Y100.276 E283.17534
G1 X73.192 Y99.897 E283.18165
G1 X73.125 Y99.523 E283.18797
G1 X72.979 Y99.174 E283.19426
G1 X72.758 Y98.866 E283.20057
G1 X72.474 Y98.614 E283.20688
G1 X72.141 Y98.433 E283.21318
G1 X71.782 Y98.332 E283.21939
G1 X71.5 Y98.299 E283.22411
G1 X71.093 Y98.348 E283.23092
G1 X70.71 Y98.494 E283.23774
G1 X70.371 Y98.726 E283.24457
G1 X70.1 Y99.034 E283.2514
G1 X69.909 Y99.396 E283.2582
G1 X69.811 Y99.795 E283.26503
G1 X69.811 Y100.205 E283.27185
G1 X69.909 Y100.604 E283.27869
G1 X70.1 Y100.966 E283.28549
G1 X70.371 Y101.274 E283.29231
G1 X70.71 Y101.506 E283.29915
G1 X71.097 Y101.653 E283.30603
G0 F7200 X71.296 Y101.668
G0 X71.257 Y102.166
G0 X77.679 Y103.984
G0 X77.789 Y104.094
;TYPE:SKIN
G1 F1500 X77.978 Y103.999 E283.30965
G1 X122.101 Y103.999 E284.0643
G1 X122.249 Y103.864 E284.06773
G0 F7200 X122.319 Y103.934
G0 X122.226 Y96.204
G0 X122.021 Y95.999
G1 F1500 X122.208 Y95.904 E284.0713
G1 X121.172 Y95.999 E284.08902
G1 X77.897 Y95.999 E284.82611
G1 X77.749 Y96.134 E284.82952
G0 F7200 X77.679 Y96.064
G1 F1500 E278.32952
;MESH:NONMESH
G0 F600 X77.679 Y96.064 Z1.6
G0 F7200 X80.01 Y96.4
G0 X80.01 Y97.9
;TIME_ELAPSED:534.251201
;LAYER:13
;TYPE:SUPPORT
G1 F1500 E284.82952
G1 F3000 X79.4 Y97.9 E284.83967
G1 X79.4 Y102.1 E284.90951
G1 X80.01 Y102.1 E284.91966
G1 X80.01 Y97.9 E284.9895
G1 X82.677 Y97.9 E285.03385
G1 X82.677 Y102.1 E285.1037
G1 X85.344 Y102.1 E285.14805
G1 X85.344 Y97.9 E285.2179
G1 X88.011 Y97.9 E285.26225
G1 X88.011 Y102.1 E285.3321
G1 X90.678 Y102.1 E285.37645
G1 X90.678 Y97.9 E285.4463
G1 X93.345 Y97.9 E285.49065
G1 X93.345 Y102.1 E285.5605
G1 X96.012 Y102.1 E285.60485
G1 X96.012 Y97.9 E285.67469
G1 X98.679 Y97.9 E285.71905
G1 X98.679 Y102.1 E285.78889
G1 X101.346 Y102.1 E285.83325
G1 X101.346 Y97.9 E285.90309
G1 X104.013 Y97.9 E285.94744
G1 X104.013 Y102.1 E286.01729
G1 X106.68 Y102.1 E286.06164
G1 X106.68 Y97.9 E286.13149
G1 X109.347 Y97.9 E286.17584
G1 X109.347 Y102.1 E286.24569
G1 X112.014 Y102.1 E286.29004
G1 X112.014 Y97.9 E286.35989
G1 X114.681 Y97.9 E286.40424
G1 X114.681 Y102.1 E286.47409
G1 X117.348 Y102.1 E286.51844
G1 X117.348 Y97.9 E286.58828
G1 X120.015 Y97.9 E286.63264
G1 X120.015 Y102.1 E286.70248
G1 X120.6 Y102.1 E286.71221
G1 X120.6 Y97.9 E286.78206
G1 X120.015 Y97.9 E286.79179
G1 F1500 E280.29179
;MESH:reed_holder.stl
G0 F7200 X122.1 Y97.9
G0 X122.259 Y98.476
;TYPE:FILL
G1 F1500 E286.79179
G1 F3000 X124.976 Y95.759 E286.85569
G1 X125.046 Y95.689
G0 F7200 X125.046 Y95.7
G0 X123.091 Y95.759
G1 F3000 X122.259 Y96.591 E286.87525
G1 X122.189 Y96.661
G0 F7200 X122.2 Y96.661
G0 X122.259 Y100.361
G1 F3000 X126.861 Y95.759 E286.98349
G1 X126.931 Y95.689
G0 F7200 X126.931 Y95.7
G0 X128.718 Y95.787
G1 F3000 X122.259 Y102.246 E287.13539
G1 X122.189 Y102.316
G0 F7200 X122.2 Y102.316
G0 X122.259 Y104.132
G1 F3000 X126.248 Y100.143 E287.22921
G1 X126.318 Y100.073
G0 F7200 X126.308 Y100.072
G0 X126.796 Y101.48
G1 F3000 X124.036 Y104.24 E287.29412
G1 X123.966 Y104.31
G0 F7200 X123.966 Y104.3
G0 X125.921 Y104.24
G1 F3000 X127.977 Y102.184 E287.34247
G1 X128.047 Y102.114
G0 F7200 X128.039 Y102.139
G0 X127.806 Y104.24
G1 F3000 X132.672 Y99.374 E287.45691
G1 X132.742 Y99.304
G0 F7200 X132.721 Y99.307
G0 X132.202 Y97.959
G1 F3000 X130.689 Y99.472 E287.4925
G1 X130.619 Y99.542
G0 F7200 X130.638 Y99.54
G0 X129.97 Y98.306
G1 F3000 X131.365 Y96.911 E287.5253
G1 X131.435 Y96.841
G0 F7200 X131.409 Y96.869
G0 X130.247 Y96.143
G1 F3000 X128.638 Y97.752 E287.56314
G1 X128.568 Y97.822
G0 F7200 X128.57 Y97.804
G0 X129.747 Y98.266
G0 X132.451 Y101.48
G1 F3000 X129.983 Y103.948 E287.62119
G1 X129.913 Y104.018
G0 F7200 X77.872 Y103.628
G0 X77.74 Y103.408
G1 F3000 X76.908 Y104.239 E287.64074
G1 X76.838 Y104.309
G0 F7200 X76.838 Y104.3
G0 X75.023 Y104.239
G1 F3000 X77.74 Y101.522 E287.70464
G1 X77.81 Y101.452
G0 F7200 X77.8 Y101.452
G0 X77.74 Y99.637
G1 F3000 X73.138 Y104.239 E287.81288
G1 X73.068 Y104.309
G0 F7200 X73.068 Y104.3
G0 X71.281 Y104.211
G1 F3000 X77.74 Y97.752 E287.96478
G1 X77.81 Y97.682
G0 F7200 X77.8 Y97.682
G0 X77.74 Y95.867
G1 F3000 X73.751 Y99.855 E288.05858
G1 X73.681 Y99.925
G0 F7200 X73.692 Y99.926
G0 X73.203 Y98.519
G1 F3000 X75.963 Y95.759 E288.1235
G1 X76.033 Y95.689
G0 F7200 X76.033 Y95.7
G0 X74.077 Y95.759
G1 F3000 X72.022 Y97.814 E288.17183
G1 X71.952 Y97.884
G0 F7200 X71.959 Y97.86
G0 X72.192 Y95.759
G1 F3000 X67.326 Y100.625 E288.28627
G1 X67.256 Y100.695
G0 F7200 X67.278 Y100.692
G0 X67.797 Y102.039
G1 F3000 X69.312 Y100.525 E288.32189
G1 X69.382 Y100.455
G0 F7200 X69.359 Y100.459
G0 X70.014 Y101.707
G1 F3000 X68.633 Y103.088 E288.35436
G1 X68.563 Y103.158
G0 F7200 X68.589 Y103.129
G0 X69.751 Y103.855
G1 F3000 X71.37 Y102.237 E288.39243
G1 X71.44 Y102.167
G0 F7200 X71.438 Y102.182
G0 X70.505 Y101.898
G0 X67.547 Y98.519
G1 F3000 X70.017 Y96.049 E288.45052
G1 X70.087 Y95.979
G0 F7200 X69.372 Y99.743
G0 X69.495 Y100.761
G0 X70.078 Y101.605
G0 X70.985 Y102.144
G0 X71.007 Y102.047
;TYPE:WALL-INNER
G1 F3000 X71.598 Y102.096 E288.46038
G1 X72.067 Y102.02 E288.46828
G1 X72.503 Y101.843 E288.47611
G1 X72.888 Y101.572 E288.48394
G1 X73.202 Y101.224 E288.49173
G1 X73.431 Y100.816 E288.49951
G1 X73.564 Y100.366 E288.50732
G1 X73.595 Y99.897 E288.51513
G1 X73.52 Y99.433 E288.52295
G1 X73.343 Y98.997 E288.53078
G1 X73.072 Y98.612 E288.53861
G1 X72.724 Y98.298 E288.5464
G1 X72.316 Y98.069 E288.55418
G1 X71.88 Y97.94 E288.56174
G1 X71.497 Y97.896 E288.56815
G1 X70.996 Y97.957 E288.57655
G1 X70.523 Y98.137 E288.58496
G1 X70.104 Y98.424 E288.59341
G1 X69.768 Y98.805 E288.60186
G1 X69.532 Y99.253 E288.61028
G1 X69.411 Y99.747 E288.61874
G1 X69.411 Y100.253 E288.62715
G1 X69.532 Y100.747 E288.63561
G1 X69.768 Y101.195 E288.64403
G1 X70.104 Y101.576 E288.65248
G1 X70.523 Y101.863 E288.66092
G1 X71.007 Y102.047 E288.66953
G0 F7200 X70.985 Y102.144
G0 X77.83 Y103.67
G0 X77.9 Y103.6
G1 F3000 X122.1 Y103.6 E289.40458
G1 X122.1 Y96.4 E289.52432
G1 X77.9 Y96.4 E290.25937
G1 X77.9 Y103.6 E290.37911
G0 F7200 X77.83 Y103.67
G0 X122.128 Y103.628
G0 X126.785 Y98.615
G0 X126.861 Y98.678
G1 F3000 X126.605 Y99.087 E290.38713
G1 X126.445 Y99.543 E290.39517
G1 X126.405 Y100.101 E290.40447
G1 X126.48 Y100.567 E290.41232
G1 X126.657 Y101.003 E290.42014
G1 X126.928 Y101.388 E290.42797
G1 X127.276 Y101.702 E290.43577
G1 X127.684 Y101.931 E290.44355
G1 X128.134 Y102.064 E290.45135
G1 X128.603 Y102.095 E290.45917
G1 X129.067 Y102.02 E290.46699
G1 X129.503 Y101.843 E290.47481
G1 X129.888 Y101.572 E290.48264
G1 X130.202 Y101.224 E290.49044
G1 X130.431 Y100.816 E290.49822
G1 X130.564 Y100.366 E290.50602
G1 X130.595 Y99.897 E290.51384
G1 X130.52 Y99.433 E290.52165
G1 X130.343 Y98.997 E290.52948
G1 X130.072 Y98.612 E290.53731
G1 X129.724 Y98.298 E290.5451
G1 X129.316 Y98.069 E290.55288
G1 X128.88 Y97.94 E290.56045
G1 X128.5 Y97.896 E290.56681
G1 X128.031 Y97.95 E290.57466
G1 X127.588 Y98.105 E290.58246
G1 X127.263 Y98.307 E290.58883
G1 X126.861 Y98.678 E290.59792
G0 F7200 X126.785 Y98.615
G0 X130.245 Y96.073
G0 X130.285 Y95.982
G1 F3000 X131.084 Y96.443 E290.61327
G1 X131.768 Y97.059 E290.62857
G1 X132.308 Y97.802 E290.64385
G1 X132.681 Y98.64 E290.6591
G1 X132.873 Y99.541 E290.67442
G1 X132.873 Y100.459 E290.68969
G1 X132.681 Y101.36 E290.70501
G1 X132.308 Y102.198 E290.72026
G1 X131.768 Y102.941 E290.73554
G1 X131.084 Y103.557 E290.75085
G1 X130.285 Y104.018 E290.76619
G1 X129.418 Y104.3 E290.78135
G1 X128.466 Y104.4 E290.79727
G1 X71.534 Y104.4 E291.74405
G1 X70.582 Y104.3 E291.75997
G1 X69.715 Y104.018 E291.77513
G1 X68.916 Y103.557 E291.79047
G1 X68.232 Y102.941 E291.80578
G1 X67.692 Y102.198 E291.82105
G1 X67.319 Y101.36 E291.83631
G1 X67.127 Y100.459 E291.85163
G1 X67.127 Y99.541 E291.86689
G1 X67.319 Y98.64 E291.88221
G1 X67.692 Y97.802 E291.89747
G1 X68.232 Y97.059 E291.91274
G1 X68.916 Y96.443 E291.92805
G1 X69.715 Y95.982 E291.94339
G1 X70.582 Y95.7 E291.95855
G1 X71.534 Y95.6 E291.97447
G1 X128.466 Y95.6 E292.92126
G1 X129.418 Y95.7 E292.93717
G1 X130.285 Y95.982 E292.95234
G0 F7200 X130.452 Y95.616
;TYPE:WALL-OUTER
G1 F1500 X131.319 Y96.116 E292.96898
G1 X132.068 Y96.791 E292.98575
G1 X132.655 Y97.599 E293.00236
G1 X133.063 Y98.516 E293.01905
G1 X133.273 Y99.5 E293.03578
G1 X133.273 Y100.5 E293.05241
G1 X133.063 Y101.484 E293.06914
G1 X132.655 Y102.401 E293.08583
G1 X132.068 Y103.209 E293.10244
G1 X131.319 Y103.884 E293.11921
G1 X130.452 Y104.384 E293.13585
G1 X129.499 Y104.694 E293.15252
G1 X128.489 Y104.8 E293.16941
G1 X71.511 Y104.8 E294.11696
G1 X70.501 Y104.694 E294.13385
G1 X69.548 Y104.384 E294.15051
G1 X68.681 Y103.884 E294.16716
G1 X67.932 Y103.209 E294.18392
G1 X67.345 Y102.401 E294.20053
G1 X66.937 Y101.484 E294.21722
G1 X66.727 Y100.5 E294.23396
G1 X66.727 Y99.5 E294.25059
G1 X66.937 Y98.516 E294.26732
G1 X67.345 Y97.599 E294.28401
G1 X67.932 Y96.791 E294.30062
G1 X68.681 Y96.116 E294.31739
G1 X69.548 Y95.616 E294.33403
G1 X70.501 Y95.306 E294.3507
G1 X71.511 Y95.2 E294.36758
G1 X128.489 Y95.2 E295.31513
G1 X129.499 Y95.306 E295.33202
G1 X130.452 Y95.616 E295.34869
G0 F7200 X130.625 Y95.716
G0 X130.374 Y96.148
G0 X127.239 Y98.276
G0 X126.343 Y99.589
G0 X126.84 Y99.625
G1 F1500 X126.807 Y100.083 E295.35632
G1 X126.868 Y100.458 E295.36264
G1 X127.011 Y100.81 E295.36896
G1 X127.229 Y101.121 E295.37528
G1 X127.511 Y101.375 E295.38159
G1 X127.841 Y101.56 E295.38788
G1 X128.205 Y101.668 E295.39419
G1 X128.584 Y101.693 E295.40051
G1 X128.958 Y101.632 E295.40681
G1 X129.31 Y101.489 E295.41313
G1 X129.621 Y101.271 E295.41945
G1 X129.875 Y100.989 E295.42576
G1 X130.06 Y100.659 E295.43205
G1 X130.168 Y100.295 E295.43836
G1 X130.193 Y99.916 E295.44468
G1 X130.132 Y99.542 E295.45098
G1 X129.989 Y99.19 E295.4573
G1 X129.771 Y98.879 E295.46362
G1 X129.489 Y98.625 E295.46993
G1 X129.159 Y98.44 E295.47622
G1 X128.8 Y98.333 E295.48245
G1 X128.5 Y98.299 E295.48747
G1 X128.121 Y98.342 E295.49381
G1 X127.762 Y98.468 E295.50014
G1 X127.507 Y98.627 E295.50514
G1 X127.172 Y98.936 E295.51272
G1 X126.968 Y99.262 E295.51911
G1 X126.84 Y99.625 E295.52551
G0 F7200 X126.826 Y99.824
G0 X126.328 Y99.788
G0 X122.128 Y103.628
G0 X77.872 Y103.628
G0 X78.3 Y103.2
G1 F1500 X121.7 Y103.2 E296.24726
G1 X121.7 Y96.8 E296.35369
G1 X78.3 Y96.8 E297.07543
G1 X78.3 Y103.2 E297.18187
G0 F7200 X78.5 Y103.2
G0 X78.5 Y103.7
G0 X71.054 Y102.15
G0 X71.096 Y101.653
G1 F1500 X71.582 Y101.693 E297.18998
G1 X71.958 Y101.632 E297.19631
G1 X72.31 Y101.489 E297.20263
G1 X72.621 Y101.271 E297.20895
G1 X72.875 Y100.989 E297.21526
G1 X73.06 Y100.659 E297.22155
G1 X73.168 Y100.295 E297.22786
G1 X73.193 Y99.916 E297.23418
G1 X73.132 Y99.542 E297.24048
G1 X72.989 Y99.19 E297.2468
G1 X72.771 Y98.879 E297.25312
G1 X72.489 Y98.625 E297.25943
G1 X72.159 Y98.44 E297.26572
G1 X71.8 Y98.333 E297.27195
G1 X71.499 Y98.299 E297.27699
G1 X71.093 Y98.348 E297.28379
G1 X70.71 Y98.494 E297.2906
G1 X70.371 Y98.726 E297.29743
G1 X70.1 Y99.034 E297.30426
G1 X69.909 Y99.396 E297.31106
G1 X69.811 Y99.795 E297.3179
G1 X69.811 Y100.205 E297.32471
G1 X69.909 Y100.604 E297.33155
G1 X70.1 Y100.966 E297.33835
G1 X70.371 Y101.274 E297.34518
G1 X70.71 Y101.506 E297.35201
G1 X71.096 Y101.653 E297.35888
G0 F7200 X71.295 Y101.669
G0 X71.253 Y102.167
G0 X77.679 Y103.905
G0 X77.734 Y103.849
;TYPE:SKIN
G1 F1500 X77.876 Y103.99 E297.36229
G1 X83.524 Y103.999 E297.45872
G1 X121.991 Y103.999 E298.11548
G1 X122.194 Y104.079 E298.11921
G0 F7200 X122.319 Y103.954
G0 X122.149 Y96.204
G0 X122.234 Y96.119
G1 F1500 X122.072 Y95.999 E298.12265
G1 X77.948 Y95.999 E298.87606
G1 X77.774 Y95.889 E298.87957
G0 F7200 X77.87 Y96
G1 F1500 E292.37957
;MESH:NONMESH
G0 F600 X77.87 Y96 Z1.7
G0 F7200 X80.01 Y96.4
G0 X80.01 Y97.9
;TIME_ELAPSED:562.673040
;LAYER:14
;TYPE:SUPPORT
G1 F1500 E298.87957
G1 F3000 X79.4 Y97.9 E298.88971
G1 X79.4 Y102.1 E298.95956
G1 X80.01 Y102.1 E298.9697
G1 X80.01 Y97.9 E299.03955
G1 X82.677 Y97.9 E299.0839
G1 X82.677 Y102.1 E299.15375
G1 X85.344 Y102.1 E299.1981
G1 X85.344 Y97.9 E299.26795
G1 X88.011 Y97.9 E299.3123
G1 X88.011 Y102.1 E299.38215
G1 X90.678 Y102.1 E299.4265
G1 X90.678 Y97.9 E299.49635
G1 X93.345 Y97.9 E299.5407
G1 X93.345 Y102.1 E299.61054
G1 X96.012 Y102.1 E299.6549
G1 X96.012 Y97.9 E299.72474
G1 X98.679 Y97.9 E299.7691
G1 X98.679 Y102.1 E299.83894
G1 X101.346 Y102.1 E299.88329
G1 X101.346 Y97.9 E299.95314
G1 X104.013 Y97.9 E299.99749
G1 X104.013 Y102.1 E300.06734
G1 X106.68 Y102.1 E300.11169
G1 X106.68 Y97.9 E300.18154
G1 X109.347 Y97.9 E300.22589
G1 X109.347 Y102.1 E300.29574
G1 X112.014 Y102.1 E300.34009
G1 X112.014 Y97.9 E300.40994
G1 X114.681 Y97.9 E300.45429
G1 X114.681 Y102.1 E300.52413
G1 X117.348 Y102.1 E300.56849
G1 X117.348 Y97.9 E300.63833
G1 X120.015 Y97.9 E300.68269
G1 X120.015 Y102.1 E300.75253
G1 X120.6 Y102.1 E300.76226
G1 X120.6 Y97.9 E300.83211
G1 X120.015 Y97.9 E300.84183
G1 F1500 E294.34183
;MESH:reed_holder.stl
G0 F7200 X122.1 Y97.9
G0 X122.259 Y97.752
;TYPE:FILL
G1 F1500 E300.84183
G1 F3000 X128.718 Y104.211 E300.99374
G1 X128.788 Y104.281
G0 F7200 X128.787 Y104.266
G0 X130.248 Y103.856
G1 F3000 X128.641 Y102.249 E301.03153
G1 X128.571 Y102.179
G0 F7200 X128.582 Y102.196
G0 X129.98 Y101.703
G1 F3000 X131.364 Y103.087 E301.06408
G1 X131.434 Y103.157
G0 F7200 X131.411 Y103.129
G0 X132.202 Y102.04
G1 F3000 X130.686 Y100.523 E301.09975
G1 X130.616 Y100.453
G0 F7200 X130.643 Y100.461
G0 X132.673 Y100.626
G1 F3000 X127.807 Y95.759 E301.2142
G1 X127.737 Y95.689
G0 F7200 X127.737 Y95.7
G0 X125.922 Y95.759
G1 F3000 X127.965 Y97.803 E301.26226
G1 X128.035 Y97.873
G0 F7200 X128.033 Y97.849
G0 X126.796 Y98.519
G1 F3000 X124.037 Y95.759 E301.32716
G1 X123.967 Y95.689
G0 F7200 X123.967 Y95.7
G0 X122.259 Y95.867
G1 F3000 X126.259 Y99.867 E301.42124
G1 X126.329 Y99.937
G0 F7200 X126.315 Y99.935
G0 X122.259 Y99.637
G1 F3000 X126.861 Y104.239 E301.52947
G1 X126.931 Y104.309
G0 F7200 X126.931 Y104.3
G0 X124.976 Y104.239
G1 F3000 X122.259 Y101.522 E301.59337
G1 X122.189 Y101.452
G0 F7200 X122.2 Y101.452
G0 X122.259 Y103.408
G1 F3000 X123.091 Y104.239 E301.61292
G1 X123.161 Y104.309
G0 F7200 X123.161 Y104.3
G0 X126.83 Y98.656
G0 X129.986 Y96.053
G1 F3000 X132.448 Y98.516 E301.67084
G1 X132.518 Y98.586
G0 F7200 X122.128 Y96.372
G0 X77.872 Y96.372
G0 X77.74 Y98.476
G1 F3000 X75.023 Y95.759 E301.73474
G1 X74.953 Y95.689
G0 F7200 X74.953 Y95.7
G0 X73.138 Y95.759
G1 F3000 X77.74 Y100.361 E301.84297
G1 X77.81 Y100.431
G0 F7200 X77.8 Y100.431
G0 X77.74 Y102.246
G1 F3000 X71.28 Y95.787 E301.99489
G1 X71.21 Y95.717
G0 F7200 X71.211 Y95.734
G0 X69.751 Y96.143
G1 F3000 X71.359 Y97.751 E302.0327
G1 X71.429 Y97.821
G0 F7200 X71.427 Y97.804
G0 X70.014 Y98.291
G1 F3000 X68.633 Y96.911 E302.06517
G1 X68.563 Y96.841
G0 F7200 X68.589 Y96.871
G0 X67.796 Y97.959
G1 F3000 X69.312 Y99.475 E302.10083
G1 X69.382 Y99.545
G0 F7200 X69.36 Y99.54
G0 X67.325 Y99.373
G1 F3000 X72.191 Y104.238 E302.21525
G1 X72.261 Y104.308
G0 F7200 X72.261 Y104.3
G0 X74.076 Y104.238
G1 F3000 X72.028 Y102.19 E302.26342
G1 X71.958 Y102.12
G0 F7200 X71.96 Y102.14
G0 X73.194 Y101.471
G1 F3000 X75.961 Y104.238 E302.3285
G1 X76.031 Y104.308
G0 F7200 X76.031 Y104.3
G0 X77.74 Y104.132
G1 F3000 X73.741 Y100.133 E302.42255
G1 X73.671 Y100.063
G0 F7200 X73.685 Y100.064
G0 X73.458 Y100.853
G0 X70.014 Y103.946
G1 F3000 X67.548 Y101.481 E302.48053
G1 X67.478 Y101.411
G0 F7200 X70.078 Y98.395
G0 X76.908 Y95.759
G1 F3000 X77.74 Y96.591 E302.5001
G1 X77.81 Y96.661
G0 F7200 X77.8 Y96.661
G0 X77.83 Y103.67
G0 X77.9 Y103.6
;TYPE:WALL-INNER
G1 F3000 X122.1 Y103.6 E303.23515
G1 X122.1 Y96.4 E303.35488
G1 X77.9 Y96.4 E304.08993
G1 X77.9 Y103.6 E304.20967
G0 F7200 X77.83 Y103.67
G0 X70.983 Y102.143
G0 X71.005 Y102.046
G1 F3000 X71.575 Y102.098 E304.21919
G1 X72.044 Y102.027 E304.22708
G1 X72.482 Y101.855 E304.2349
G1 X72.871 Y101.588 E304.24275
G1 X73.19 Y101.243 E304.25056
G1 X73.422 Y100.838 E304.25832
G1 X73.561 Y100.391 E304.26611
G1 X73.597 Y99.921 E304.27395
G1 X73.527 Y99.456 E304.28177
G1 X73.355 Y99.018 E304.28959
G1 X73.088 Y98.629 E304.29744
G1 X72.743 Y98.31 E304.30525
G1 X72.338 Y98.078 E304.31302
G1 X71.901 Y97.942 E304.32063
G1 X71.497 Y97.896 E304.32739
G1 X70.996 Y97.957 E304.33578
G1 X70.523 Y98.137 E304.3442
G1 X70.104 Y98.424 E304.35264
G1 X69.768 Y98.805 E304.36109
G1 X69.532 Y99.253 E304.36951
G1 X69.411 Y99.747 E304.37797
G1 X69.411 Y100.253 E304.38639
G1 X69.532 Y100.747 E304.39484
G1 X69.768 Y101.195 E304.40326
G1 X70.104 Y101.576 E304.41171
G1 X70.523 Y101.863 E304.42016
G1 X71.005 Y102.046 E304.42873
G0 F7200 X70.983 Y102.143
G0 X77.872 Y103.628
G0 X122.128 Y103.628
G0 X126.783 Y98.618
G0 X126.86 Y98.681
G1 F3000 X126.605 Y99.088 E304.43672
G1 X126.447 Y99.54 E304.44468
G1 X126.403 Y100.078 E304.45366
G1 X126.473 Y100.544 E304.4615
G1 X126.645 Y100.982 E304.46932
G1 X126.912 Y101.371 E304.47717
G1 X127.257 Y101.69 E304.48498
G1 X127.662 Y101.922 E304.49274
G1 X128.109 Y102.061 E304.50053
G1 X128.579 Y102.097 E304.50837
G1 X129.044 Y102.027 E304.51619
G1 X129.482 Y101.855 E304.52401
G1 X129.871 Y101.588 E304.53186
G1 X130.19 Y101.243 E304.53967
G1 X130.422 Y100.838 E304.54744
G1 X130.561 Y100.391 E304.55522
G1 X130.597 Y99.921 E304.56306
G1 X130.527 Y99.456 E304.57088
G1 X130.355 Y99.018 E304.57871
G1 X130.088 Y98.629 E304.58655
G1 X129.743 Y98.31 E304.59437
G1 X129.338 Y98.078 E304.60213
G1 X128.901 Y97.942 E304.60974
G1 X128.5 Y97.896 E304.61645
G1 X128.031 Y97.95 E304.6243
G1 X127.588 Y98.105 E304.63211
G1 X127.247 Y98.318 E304.63879
G1 X126.86 Y98.681 E304.64762
G0 F7200 X126.783 Y98.618
G0 X129.398 Y95.797
G0 X129.418 Y95.7
G1 F3000 X129.901 Y95.857 E304.65606
G1 X130.285 Y95.982 E304.66278
G1 X131.084 Y96.443 E304.67812
G1 X131.766 Y97.057 E304.69338
G1 X132.309 Y97.805 E304.70875
G1 X132.681 Y98.641 E304.72397
G1 X132.873 Y99.54 E304.73926
G1 X132.873 Y100.459 E304.75454
G1 X132.681 Y101.359 E304.76984
G1 X132.309 Y102.195 E304.78506
G1 X131.766 Y102.943 E304.80043
G1 X131.08 Y103.56 E304.81578
G1 X130.289 Y104.017 E304.83097
G1 X129.418 Y104.3 E304.8462
G1 X128.466 Y104.4 E304.86212
G1 X71.534 Y104.4 E305.8089
G1 X70.582 Y104.3 E305.82482
G1 X69.715 Y104.018 E305.83998
G1 X68.916 Y103.557 E305.85532
G1 X68.234 Y102.943 E305.87058
G1 X67.691 Y102.195 E305.88595
G1 X67.319 Y101.359 E305.90117
G1 X67.127 Y100.459 E305.91647
G1 X67.127 Y99.54 E305.93176
G1 X67.319 Y98.641 E305.94704
G1 X67.691 Y97.805 E305.96226
G1 X68.234 Y97.057 E305.97763
G1 X68.92 Y96.44 E305.99298
G1 X69.711 Y95.983 E306.00817
G1 X70.582 Y95.7 E306.0234
G1 X71.534 Y95.6 E306.03932
G1 X128.466 Y95.6 E306.9861
G1 X129.009 Y95.657 E306.99518
G1 X129.418 Y95.7 E307.00202
G0 F7200 X129.051 Y95.259
;TYPE:WALL-OUTER
G1 F1500 X129.499 Y95.306 E307.00951
G1 X130.025 Y95.477 E307.01871
G1 X130.452 Y95.616 E307.02618
G1 X131.319 Y96.116 E307.04282
G1 X132.066 Y96.789 E307.05954
G1 X132.656 Y97.602 E307.07625
G1 X133.063 Y98.516 E307.09289
G1 X133.273 Y99.5 E307.10962
G1 X133.273 Y100.5 E307.12625
G1 X133.063 Y101.484 E307.14298
G1 X132.656 Y102.398 E307.15962
G1 X132.066 Y103.211 E307.17632
G1 X131.318 Y103.884 E307.19306
G1 X130.452 Y104.384 E307.20969
G1 X129.499 Y104.694 E307.22635
G1 X128.489 Y104.8 E307.24324
G1 X71.511 Y104.8 E308.19079
G1 X70.501 Y104.694 E308.20768
G1 X69.548 Y104.384 E308.22434
G1 X68.681 Y103.884 E308.24099
G1 X67.934 Y103.211 E308.25771
G1 X67.344 Y102.398 E308.27441
G1 X66.937 Y101.484 E308.29105
G1 X66.727 Y100.5 E308.30779
G1 X66.727 Y99.5 E308.32442
G1 X66.937 Y98.516 E308.34115
G1 X67.344 Y97.602 E308.35779
G1 X67.934 Y96.789 E308.37449
G1 X68.682 Y96.116 E308.39123
G1 X69.548 Y95.616 E308.40786
G1 X70.501 Y95.306 E308.42452
G1 X71.511 Y95.2 E308.44141
G1 X128.489 Y95.2 E309.38896
G1 X129.051 Y95.259 E309.39836
G0 F7200 X129.25 Y95.279
G0 X129.198 Y95.776
G0 X126.749 Y98.671
G0 X127.171 Y98.937
G1 F1500 X126.968 Y99.262 E309.40473
G1 X126.841 Y99.624 E309.41111
G1 X126.805 Y100.064 E309.41845
G1 X126.862 Y100.44 E309.42477
G1 X127.001 Y100.794 E309.4311
G1 X127.216 Y101.108 E309.43743
G1 X127.495 Y101.365 E309.44374
G1 X127.823 Y101.553 E309.45002
G1 X128.185 Y101.666 E309.45633
G1 X128.564 Y101.695 E309.46265
G1 X128.94 Y101.638 E309.46897
G1 X129.294 Y101.499 E309.4753
G1 X129.608 Y101.284 E309.48163
G1 X129.865 Y101.005 E309.48794
G1 X130.053 Y100.677 E309.49422
G1 X130.166 Y100.315 E309.50053
G1 X130.195 Y99.936 E309.50685
G1 X130.138 Y99.56 E309.51318
G1 X129.999 Y99.206 E309.5195
G1 X129.784 Y98.892 E309.52583
G1 X129.505 Y98.635 E309.53214
G1 X129.177 Y98.447 E309.53842
G1 X128.818 Y98.335 E309.54468
G1 X128.5 Y98.299 E309.55
G1 X128.121 Y98.342 E309.55634
G1 X127.762 Y98.468 E309.56267
G1 X127.492 Y98.637 E309.56797
G1 X127.171 Y98.937 E309.57527
G0 F7200 X127.065 Y99.106
G0 X126.643 Y98.84
G0 X122.128 Y103.628
G0 X77.872 Y103.628
G0 X78.3 Y103.2
G1 F1500 X121.7 Y103.2 E310.29702
G1 X121.7 Y96.8 E310.40345
G1 X78.3 Y96.8 E311.1252
G1 X78.3 Y103.2 E311.23163
G0 F7200 X78.5 Y103.2
G0 X78.5 Y103.7
G0 X71.05 Y102.149
G0 X71.096 Y101.653
G1 F1500 X71.563 Y101.695 E311.23943
G1 X71.94 Y101.638 E311.24577
G1 X72.294 Y101.499 E311.25209
G1 X72.608 Y101.284 E311.25842
G1 X72.865 Y101.005 E311.26473
G1 X73.053 Y100.677 E311.27102
G1 X73.166 Y100.315 E311.27732
G1 X73.195 Y99.936 E311.28364
G1 X73.138 Y99.56 E311.28997
G1 X72.999 Y99.206 E311.29629
G1 X72.784 Y98.892 E311.30262
G1 X72.505 Y98.635 E311.30893
G1 X72.177 Y98.447 E311.31522
G1 X71.818 Y98.335 E311.32147
G1 X71.499 Y98.299 E311.32681
G1 X71.093 Y98.348 E311.33361
G1 X70.71 Y98.494 E311.34043
G1 X70.371 Y98.726 E311.34726
G1 X70.1 Y99.034 E311.35408
G1 X69.909 Y99.396 E311.36089
G1 X69.811 Y99.795 E311.36772
G1 X69.811 Y100.205 E311.37454
G1 X69.909 Y100.604 E311.38137
G1 X70.1 Y100.966 E311.38818
G1 X70.371 Y101.274 E311.395
G1 X70.71 Y101.506 E311.40183
G1 X71.096 Y101.653 E311.4087
G0 F7200 X71.295 Y101.67
G0 X71.249 Y102.168
G0 X77.679 Y103.984
G0 X77.789 Y104.094
;TYPE:SKIN
G1 F1500 X77.978 Y103.999 E311.41232
G1 X122.101 Y103.999 E312.16697
G1 X122.249 Y103.864 E312.1704
G0 F7200 X122.319 Y103.934
G0 X122.226 Y96.204
G0 X122.021 Y95.999
G1 F1500 X122.208 Y95.904 E312.17397
G1 X121.172 Y95.999 E312.19169
G1 X77.897 Y95.999 E312.92878
G1 X77.749 Y96.134 E312.93219
G0 F7200 X77.679 Y96.064
G1 F1500 E306.43219
;MESH:NONMESH
G0 F600 X77.679 Y96.064 Z1.8
G0 F7200 X80.01 Y96.4
G0 X80.01 Y97.9
;TIME_ELAPSED:591.323780
;LAYER:15
;TYPE:SUPPORT
G1 F1500 E312.93219
G1 F3000 X79.4 Y97.9 E312.94234
G1 X79.4 Y102.1 E313.01218
G1 X80.01 Y102.1 E313.02233
G1 X80.01 Y97.9 E313.09217
G1 X82.677 Y97.9 E313.13652
G1 X82.677 Y102.1 E313.20637
G1 X85.344 Y102.1 E313.25072
G1 X85.344 Y97.9 E313.32057
G1 X88.011 Y97.9 E313.36492
G1 X88.011 Y102.1 E313.43477
G1 X90.678 Y102.1 E313.47912
G1 X90.678 Y97.9 E313.54897
G1 X93.345 Y97.9 E313.59332
G1 X93.345 Y102.1 E313.66317
G1 X96.012 Y102.1 E313.70752
G1 X96.012 Y97.9 E313.77736
G1 X98.679 Y97.9 E313.82172
G1 X98.679 Y102.1 E313.89156
G1 X101.346 Y102.1 E313.93592
G1 X101.346 Y97.9 E314.00576
G1 X104.013 Y97.9 E314.05011
G1 X104.013 Y102.1 E314.11996
G1 X106.68 Y102.1 E314.16431
G1 X106.68 Y97.9 E314.23416
G1 X109.347 Y97.9 E314.27851
G1 X109.347 Y102.1 E314.34836
G1 X112.014 Y102.1 E314.39271
G1 X112.014 Y97.9 E314.46256
G1 X114.681 Y97.9 E314.50691
G1 X114.681 Y102.1 E314.57676
G1 X117.348 Y102.1 E314.62111
G1 X117.348 Y97.9 E314.69095
G1 X120.015 Y97.9 E314.73531
G1 X120.015 Y102.1 E314.80515
G1 X120.6 Y102.1 E314.81488
G1 X120.6 Y97.9 E314.88473
G1 X120.015 Y97.9 E314.89446
G1 F1500 E308.39446
;MESH:reed_holder.stl
G0 F7200 X122.1 Y97.9
G0 X122.259 Y98.476
;TYPE:FILL
G1 F1500 E314.89446
G1 F3000 X124.976 Y95.759 E314.95836
G1 X125.046 Y95.689
G0 F7200 X125.046 Y95.7
G0 X123.091 Y95.759
G1 F3000 X122.259 Y96.591 E314.97792
G1 X122.189 Y96.661
G0 F7200 X122.2 Y96.661
G0 X122.259 Y100.361
G1 F3000 X126.861 Y95.759 E315.08615
G1 X126.931 Y95.689
G0 F7200 X126.931 Y95.7
G0 X128.718 Y95.787
G1 F3000 X122.259 Y102.246 E315.23806
G1 X122.189 Y102.316
G0 F7200 X122.2 Y102.316
G0 X122.259 Y104.132
G1 F3000 X126.249 Y100.141 E315.33191
G1 X126.319 Y100.071
G0 F7200 X126.301 Y100.073
G0 X126.795 Y101.481
G1 F3000 X124.036 Y104.24 E315.3968
G1 X123.966 Y104.31
G0 F7200 X123.966 Y104.3
G0 X125.921 Y104.24
G1 F3000 X127.974 Y102.187 E315.44508
G1 X128.044 Y102.117
G0 F7200 X128.035 Y102.145
G0 X127.806 Y104.24
G1 F3000 X132.672 Y99.374 E315.55952
G1 X132.742 Y99.304
G0 F7200 X132.721 Y99.307
G0 X132.202 Y97.959
G1 F3000 X130.693 Y99.468 E315.59501
G1 X130.623 Y99.538
G0 F7200 X130.644 Y99.536
G0 X129.974 Y98.302
G1 F3000 X131.364 Y96.911 E315.62771
G1 X131.434 Y96.841
G0 F7200 X131.409 Y96.869
G0 X130.248 Y96.143
G1 F3000 X128.638 Y97.752 E315.66557
G1 X128.568 Y97.822
G0 F7200 X128.57 Y97.804
G0 X129.374 Y98.048
G0 X132.451 Y101.48
G1 F3000 X129.983 Y103.948 E315.72361
G1 X129.913 Y104.018
G0 F7200 X77.872 Y103.628
G0 X77.74 Y103.408
G1 F3000 X76.908 Y104.239 E315.74317
G1 X76.838 Y104.309
G0 F7200 X76.838 Y104.3
G0 X75.023 Y104.239
G1 F3000 X77.74 Y101.522 E315.80707
G1 X77.81 Y101.452
G0 F7200 X77.8 Y101.452
G0 X77.74 Y99.637
G1 F3000 X73.138 Y104.239 E315.9153
G1 X73.068 Y104.309
G0 F7200 X73.068 Y104.3
G0 X71.28 Y104.211
G1 F3000 X77.74 Y97.752 E316.06722
G1 X77.81 Y97.682
G0 F7200 X77.8 Y97.682
G0 X77.74 Y95.867
G1 F3000 X73.749 Y99.858 E316.16108
G1 X73.679 Y99.928
G0 F7200 X73.699 Y99.926
G0 X73.203 Y98.518
G1 F3000 X75.963 Y95.759 E316.22598
G1 X76.033 Y95.689
G0 F7200 X76.033 Y95.7
G0 X74.077 Y95.759
G1 F3000 X72.025 Y97.811 E316.27424
G1 X71.955 Y97.881
G0 F7200 X71.964 Y97.855
G0 X72.192 Y95.759
G1 F3000 X67.326 Y100.625 E316.38868
G1 X67.256 Y100.695
G0 F7200 X67.278 Y100.692
G0 X67.797 Y102.039
G1 F3000 X69.312 Y100.525 E316.4243
G1 X69.382 Y100.455
G0 F7200 X69.359 Y100.459
G0 X70.014 Y101.707
G1 F3000 X68.634 Y103.087 E316.45675
G1 X68.564 Y103.157
G0 F7200 X68.59 Y103.129
G0 X69.751 Y103.856
G1 F3000 X71.366 Y102.241 E316.49473
G1 X71.436 Y102.171
G0 F7200 X71.435 Y102.188
G0 X70.506 Y101.898
G0 X67.547 Y98.519
G1 F3000 X70.017 Y96.049 E316.55283
G1 X70.087 Y95.979
G0 F7200 X69.372 Y99.743
G0 X69.495 Y100.761
G0 X70.078 Y101.605
G0 X70.981 Y102.142
G0 X71.003 Y102.045
;TYPE:WALL-INNER
G1 F3000 X71.553 Y102.1 E316.56202
G1 X72.023 Y102.034 E316.56991
G1 X72.462 Y101.867 E316.57772
G1 X72.854 Y101.605 E316.58556
G1 X73.177 Y101.263 E316.59339
G1 X73.415 Y100.858 E316.6012
G1 X73.557 Y100.413 E316.60897
G1 X73.6 Y99.944 E316.6168
G1 X73.534 Y99.477 E316.62464
G1 X73.367 Y99.038 E316.63245
G1 X73.105 Y98.646 E316.64029
G1 X72.763 Y98.323 E316.64812
G1 X72.358 Y98.084 E316.65594
G1 X71.919 Y97.945 E316.66359
G1 X71.498 Y97.896 E316.67064
G1 X70.996 Y97.957 E316.67905
G1 X70.523 Y98.137 E316.68747
G1 X70.104 Y98.424 E316.69591
G1 X69.768 Y98.805 E316.70436
G1 X69.532 Y99.253 E316.71278
G1 X69.411 Y99.747 E316.72124
G1 X69.411 Y100.253 E316.72966
G1 X69.532 Y100.747 E316.73811
G1 X69.768 Y101.195 E316.74654
G1 X70.104 Y101.576 E316.75498
G1 X70.524 Y101.863 E316.76344
G1 X71.003 Y102.045 E316.77196
G0 F7200 X70.981 Y102.142
G0 X77.83 Y103.67
G0 X77.9 Y103.6
G1 F3000 X122.1 Y103.6 E317.50701
G1 X122.1 Y96.4 E317.62675
G1 X77.9 Y96.4 E318.3618
G1 X77.9 Y103.6 E318.48154
G0 F7200 X77.83 Y103.67
G0 X122.128 Y103.628
G0 X126.782 Y98.619
G0 X126.859 Y98.682
G1 F3000 X126.605 Y99.088 E318.4895
G1 X126.447 Y99.537 E318.49742
G1 X126.4 Y100.056 E318.50608
G1 X126.466 Y100.523 E318.51393
G1 X126.633 Y100.962 E318.52174
G1 X126.895 Y101.354 E318.52958
G1 X127.237 Y101.677 E318.5374
G1 X127.642 Y101.915 E318.54521
G1 X128.087 Y102.057 E318.55298
G1 X128.556 Y102.1 E318.56081
G1 X129.023 Y102.034 E318.56866
G1 X129.462 Y101.867 E318.57647
G1 X129.854 Y101.605 E318.58431
G1 X130.177 Y101.263 E318.59213
G1 X130.415 Y100.858 E318.59994
G1 X130.557 Y100.413 E318.60771
G1 X130.6 Y99.944 E318.61554
G1 X130.534 Y99.477 E318.62339
G1 X130.367 Y99.038 E318.6312
G1 X130.105 Y98.646 E318.63904
G1 X129.763 Y98.323 E318.64686
G1 X129.358 Y98.084 E318.65468
G1 X128.919 Y97.945 E318.66234
G1 X128.501 Y97.896 E318.66934
G1 X128.031 Y97.95 E318.67721
G1 X127.588 Y98.105 E318.68501
G1 X127.231 Y98.328 E318.69201
G1 X126.859 Y98.682 E318.70055
G0 F7200 X126.782 Y98.619
G0 X130.249 Y96.074
G0 X130.289 Y95.983
G1 F3000 X131.08 Y96.44 E318.71574
G1 X131.768 Y97.059 E318.73113
G1 X132.308 Y97.802 E318.74641
G1 X132.681 Y98.64 E318.76166
G1 X132.873 Y99.541 E318.77698
G1 X132.873 Y100.459 E318.79225
G1 X132.681 Y101.36 E318.80757
G1 X132.308 Y102.198 E318.82282
G1 X131.768 Y102.941 E318.8381
G1 X131.084 Y103.557 E318.85341
G1 X130.285 Y104.018 E318.86875
G1 X129.418 Y104.3 E318.88391
G1 X128.466 Y104.4 E318.89983
G1 X71.535 Y104.4 E319.84659
G1 X70.581 Y104.3 E319.86255
G1 X69.711 Y104.017 E319.87776
G1 X68.92 Y103.56 E319.89295
G1 X68.232 Y102.94 E319.90835
G1 X67.692 Y102.198 E319.92362
G1 X67.319 Y101.36 E319.93887
G1 X67.127 Y100.459 E319.95419
G1 X67.127 Y99.541 E319.96946
G1 X67.319 Y98.64 E319.98478
G1 X67.692 Y97.802 E320.00003
G1 X68.232 Y97.059 E320.01531
G1 X68.916 Y96.443 E320.03061
G1 X69.715 Y95.982 E320.04595
G1 X70.582 Y95.7 E320.06112
G1 X71.534 Y95.6 E320.07703
G1 X128.465 Y95.6 E321.0238
G1 X129.419 Y95.7 E321.03975
G1 X130.289 Y95.983 E321.05497
G0 F7200 X130.249 Y96.074
G0 X132.008 Y97.558
G0 X132.412 Y97.265
;TYPE:WALL-OUTER
G1 F1500 X132.655 Y97.599 E321.06184
G1 X132.895 Y98.138 E321.07165
G1 X133.063 Y98.516 E321.07853
G1 X133.273 Y99.5 E321.09526
G1 X133.273 Y100.5 E321.11189
G1 X133.063 Y101.484 E321.12862
G1 X132.655 Y102.401 E321.14531
G1 X132.068 Y103.209 E321.16192
G1 X131.319 Y103.884 E321.17869
G1 X130.452 Y104.384 E321.19533
G1 X129.499 Y104.694 E321.212
G1 X128.489 Y104.8 E321.22889
G1 X71.512 Y104.8 E322.17642
G1 X70.5 Y104.694 E322.19334
G1 X69.548 Y104.384 E322.20999
G1 X68.682 Y103.884 E322.22662
G1 X67.932 Y103.209 E322.2434
G1 X67.345 Y102.401 E322.26001
G1 X66.937 Y101.484 E322.2767
G1 X66.727 Y100.5 E322.29343
G1 X66.727 Y99.5 E322.31006
G1 X66.937 Y98.516 E322.3268
G1 X67.345 Y97.599 E322.34349
G1 X67.932 Y96.791 E322.3601
G1 X68.681 Y96.116 E322.37686
G1 X69.548 Y95.616 E322.39351
G1 X70.501 Y95.306 E322.41017
G1 X71.511 Y95.2 E322.42706
G1 X128.488 Y95.2 E323.37459
G1 X129.5 Y95.306 E323.39152
G1 X130.452 Y95.616 E323.40817
G1 X131.318 Y96.116 E323.4248
G1 X132.068 Y96.791 E323.44158
G1 X132.412 Y97.265 E323.45132
G0 F7200 X132.529 Y97.426
G0 X132.125 Y97.719
G0 X128.023 Y97.912
G0 X126.749 Y98.671
G0 X127.171 Y98.937
G1 F1500 X126.968 Y99.262 E323.45769
G1 X126.841 Y99.623 E323.46405
G1 X126.803 Y100.046 E323.47111
G1 X126.856 Y100.423 E323.47745
G1 X126.991 Y100.778 E323.48376
G1 X127.202 Y101.094 E323.49008
G1 X127.479 Y101.355 E323.49641
G1 X127.806 Y101.548 E323.50272
G1 X128.167 Y101.663 E323.50903
G1 X128.546 Y101.697 E323.51535
G1 X128.923 Y101.644 E323.52168
G1 X129.278 Y101.509 E323.528
G1 X129.594 Y101.298 E323.53432
G1 X129.855 Y101.021 E323.54065
G1 X130.048 Y100.694 E323.54696
G1 X130.163 Y100.333 E323.55326
G1 X130.197 Y99.954 E323.55959
G1 X130.144 Y99.577 E323.56592
G1 X130.009 Y99.222 E323.57224
G1 X129.798 Y98.906 E323.57856
G1 X129.521 Y98.645 E323.58489
G1 X129.194 Y98.452 E323.5912
G1 X128.835 Y98.338 E323.59747
G1 X128.5 Y98.299 E323.60308
G1 X128.121 Y98.342 E323.60942
G1 X127.762 Y98.468 E323.61575
G1 X127.477 Y98.646 E323.62133
G1 X127.171 Y98.937 E323.62836
G0 F7200 X127.065 Y99.106
G0 X126.643 Y98.841
G0 X122.128 Y103.628
G0 X77.872 Y103.628
G0 X78.3 Y103.2
G1 F1500 X121.7 Y103.2 E324.3501
G1 X121.7 Y96.8 E324.45653
G1 X78.3 Y96.8 E325.17828
G1 X78.3 Y103.2 E325.28471
G0 F7200 X78.5 Y103.2
G0 X78.5 Y103.7
G0 X70.917 Y102.118
G0 X71.095 Y101.652
G1 F1500 X71.545 Y101.697 E325.29223
G1 X71.923 Y101.644 E325.29858
G1 X72.278 Y101.509 E325.3049
G1 X72.594 Y101.298 E325.31121
G1 X72.855 Y101.021 E325.31754
G1 X73.048 Y100.694 E325.32386
G1 X73.163 Y100.333 E325.33016
G1 X73.197 Y99.954 E325.33649
G1 X73.144 Y99.577 E325.34282
G1 X73.009 Y99.222 E325.34913
G1 X72.798 Y98.906 E325.35545
G1 X72.521 Y98.645 E325.36178
G1 X72.194 Y98.452 E325.3681
G1 X71.835 Y98.338 E325.37436
G1 X71.499 Y98.299 E325.37999
G1 X71.093 Y98.348 E325.38679
G1 X70.71 Y98.494 E325.3936
G1 X70.371 Y98.726 E325.40043
G1 X70.1 Y99.034 E325.40726
G1 X69.909 Y99.396 E325.41406
G1 X69.811 Y99.795 E325.4209
G1 X69.811 Y100.205 E325.42771
G1 X69.909 Y100.604 E325.43455
G1 X70.1 Y100.966 E325.44135
G1 X70.371 Y101.274 E325.44818
G1 X70.71 Y101.506 E325.45501
G1 X71.095 Y101.652 E325.46186
G0 F7200 X71.294 Y101.671
G0 X71.245 Y102.169
G0 X77.679 Y103.905
G0 X77.734 Y103.849
;TYPE:SKIN
G1 F1500 X77.876 Y103.99 E325.46527
G1 X83.524 Y103.999 E325.5617
G1 X121.991 Y103.999 E326.21846
G1 X122.194 Y104.079 E326.22219
G0 F7200 X122.319 Y103.954
G0 X122.149 Y96.204
G0 X122.234 Y96.119
G1 F1500 X122.072 Y95.999 E326.22563
G1 X77.948 Y95.999 E326.97903
G1 X77.774 Y95.889 E326.98255
G0 F7200 X77.87 Y96
G1 F1500 E320.48255
;MESH:NONMESH
G0 F600 X77.87 Y96 Z1.9
G0 F7200 X80.01 Y96.4
G0 X80.01 Y97.9
;TIME_ELAPSED:619.814028
;LAYER:16
;TYPE:SUPPORT
G1 F1500 E326.98255
G1 F3000 X79.4 Y97.9 E326.99269
G1 X79.4 Y102.1 E327.06254
G1 X80.01 Y102.1 E327.07268
G1 X80.01 Y97.9 E327.14253
G1 X82.677 Y97.9 E327.18688
G1 X82.677 Y102.1 E327.25673
G1 X85.344 Y102.1 E327.30108
G1 X85.344 Y97.9 E327.37093
G1 X88.011 Y97.9 E327.41528
G1 X88.011 Y102.1 E327.48513
G1 X90.678 Y102.1 E327.52948
G1 X90.678 Y97.9 E327.59932
G1 X93.345 Y97.9 E327.64368
G1 X93.345 Y102.1 E327.71352
G1 X96.012 Y102.1 E327.75788
G1 X96.012 Y97.9 E327.82772
G1 X98.679 Y97.9 E327.87207
G1 X98.679 Y102.1 E327.94192
G1 X101.346 Y102.1 E327.98627
G1 X101.346 Y97.9 E328.05612
G1 X104.013 Y97.9 E328.10047
G1 X104.013 Y102.1 E328.17032
G1 X106.68 Y102.1 E328.21467
G1 X106.68 Y97.9 E328.28452
G1 X109.347 Y97.9 E328.32887
G1 X109.347 Y102.1 E328.39872
G1 X112.014 Y102.1 E328.44307
G1 X112.014 Y97.9 E328.51291
G1 X114.681 Y97.9 E328.55727
G1 X114.681 Y102.1 E328.62711
G1 X117.348 Y102.1 E328.67147
G1 X117.348 Y97.9 E328.74131
G1 X120.015 Y97.9 E328.78566
G1 X120.015 Y102.1 E328.85551
G1 X120.6 Y102.1 E328.86524
G1 X120.6 Y97.9 E328.93509
G1 X120.015 Y97.9 E328.94481
G1 F1500 E322.44481
;MESH:reed_holder.stl
G0 F7200 X122.1 Y97.9
G0 X122.259 Y97.752
;TYPE:FILL
G1 F1500 E328.94481
G1 F3000 X128.718 Y104.211 E329.09672
G1 X128.788 Y104.281
G0 F7200 X128.787 Y104.266
G0 X130.247 Y103.855
G1 F3000 X128.641 Y102.249 E329.13449
G1 X128.571 Y102.179
G0 F7200 X128.572 Y102.198
G0 X129.979 Y101.702
G1 F3000 X131.364 Y103.087 E329.16706
G1 X131.434 Y103.157
G0 F7200 X131.411 Y103.129
G0 X132.202 Y102.04
G1 F3000 X130.691 Y100.528 E329.20261
G1 X130.621 Y100.458
G0 F7200 X130.652 Y100.456
G0 X132.673 Y100.626
G1 F3000 X127.807 Y95.759 E329.31706
G1 X127.737 Y95.689
G0 F7200 X127.737 Y95.7
G0 X125.922 Y95.759
G1 F3000 X127.965 Y97.803 E329.36512
G1 X128.035 Y97.873
G0 F7200 X128.033 Y97.849
G0 X126.797 Y98.52
G1 F3000 X124.037 Y95.759 E329.43005
G1 X123.967 Y95.689
G0 F7200 X123.967 Y95.7
G0 X122.259 Y95.867
G1 F3000 X126.254 Y99.862 E329.524
G1 X126.324 Y99.932
G0 F7200 X126.309 Y99.93
G0 X122.259 Y99.637
G1 F3000 X126.861 Y104.239 E329.63223
G1 X126.931 Y104.309
G0 F7200 X126.931 Y104.3
G0 X124.976 Y104.239
G1 F3000 X122.259 Y101.522 E329.69613
G1 X122.189 Y101.452
G0 F7200 X122.2 Y101.452
G0 X122.259 Y103.408
G1 F3000 X123.091 Y104.239 E329.71569
G1 X123.161 Y104.309
G0 F7200 X123.161 Y104.3
G0 X126.826 Y98.66
G0 X129.986 Y96.053
G1 F3000 X132.45 Y98.518 E329.77365
G1 X132.52 Y98.588
G0 F7200 X122.128 Y96.372
G0 X77.872 Y96.372
G0 X77.74 Y98.476
G1 F3000 X75.023 Y95.759 E329.83755
G1 X74.953 Y95.689
G0 F7200 X74.953 Y95.7
G0 X73.138 Y95.759
G1 F3000 X77.74 Y100.361 E329.94578
G1 X77.81 Y100.431
G0 F7200 X77.8 Y100.431
G0 X77.74 Y102.246
G1 F3000 X71.28 Y95.787 E330.0977
G1 X71.21 Y95.717
G0 F7200 X71.211 Y95.735
G0 X69.751 Y96.143
G1 F3000 X71.359 Y97.751 E330.13552
G1 X71.429 Y97.821
G0 F7200 X71.427 Y97.804
G0 X70.014 Y98.291
G1 F3000 X68.633 Y96.911 E330.16799
G1 X68.563 Y96.841
G0 F7200 X68.589 Y96.871
G0 X67.795 Y97.958
G1 F3000 X69.312 Y99.475 E330.20366
G1 X69.382 Y99.545
G0 F7200 X69.36 Y99.54
G0 X67.325 Y99.373
G1 F3000 X72.191 Y104.238 E330.31809
G1 X72.261 Y104.308
G0 F7200 X72.261 Y104.3
G0 X74.076 Y104.238
G1 F3000 X72.035 Y102.198 E330.36608
G1 X71.965 Y102.128
G0 F7200 X71.966 Y102.147
G0 X73.198 Y101.476
G1 F3000 X75.961 Y104.238 E330.43105
G1 X76.031 Y104.308
G0 F7200 X76.031 Y104.3
G0 X77.74 Y104.132
G1 F3000 X73.744 Y100.136 E330.52503
G1 X73.674 Y100.066
G0 F7200 X73.691 Y100.067
G0 X73.443 Y100.896
G0 X70.014 Y103.946
G1 F3000 X67.548 Y101.481 E330.58302
G1 X67.478 Y101.411
G0 F7200 X70.078 Y98.395
G0 X76.908 Y95.759
G1 F3000 X77.74 Y96.591 E330.60258
G1 X77.81 Y96.661
G0 F7200 X77.8 Y96.661
G0 X77.83 Y103.67
G0 X77.9 Y103.6
;TYPE:WALL-INNER
G1 F3000 X122.1 Y103.6 E331.33763
G1 X122.1 Y96.4 E331.45737
G1 X77.9 Y96.4 E332.19242
G1 X77.9 Y103.6 E332.31215
G0 F7200 X77.83 Y103.67
G0 X70.977 Y102.141
G0 X71 Y102.044
G1 F3000 X71.53 Y102.102 E332.32102
G1 X72.001 Y102.041 E332.32892
G1 X72.442 Y101.879 E332.33673
G1 X72.836 Y101.622 E332.34455
G1 X73.164 Y101.284 E332.35239
G1 X73.407 Y100.88 E332.36023
G1 X73.555 Y100.436 E332.36801
G1 X73.602 Y99.967 E332.37585
G1 X73.541 Y99.499 E332.3837
G1 X73.379 Y99.058 E332.39151
G1 X73.122 Y98.664 E332.39933
G1 X72.784 Y98.336 E332.40717
G1 X72.38 Y98.093 E332.41501
G1 X71.941 Y97.947 E332.4227
G1 X71.498 Y97.896 E332.43012
G1 X70.996 Y97.957 E332.43853
G1 X70.523 Y98.137 E332.44694
G1 X70.104 Y98.424 E332.45539
G1 X69.768 Y98.805 E332.46384
G1 X69.532 Y99.253 E332.47226
G1 X69.411 Y99.747 E332.48072
G1 X69.411 Y100.253 E332.48913
G1 X69.532 Y100.747 E332.49759
G1 X69.768 Y101.195 E332.50601
G1 X70.104 Y101.576 E332.51446
G1 X70.523 Y101.863 E332.5229
G1 X71 Y102.044 E332.53139
G0 F7200 X70.977 Y102.141
G0 X77.872 Y103.628
G0 X122.128 Y103.628
G0 X126.78 Y98.623
G0 X126.857 Y98.685
G1 F3000 X126.605 Y99.088 E332.53929
G1 X126.448 Y99.535 E332.54717
G1 X126.398 Y100.033 E332.55549
G1 X126.459 Y100.501 E332.56334
G1 X126.621 Y100.942 E332.57116
G1 X126.878 Y101.336 E332.57898
G1 X127.216 Y101.664 E332.58681
G1 X127.62 Y101.907 E332.59465
G1 X128.064 Y102.055 E332.60243
G1 X128.533 Y102.102 E332.61027
G1 X129.001 Y102.041 E332.61812
G1 X129.442 Y101.879 E332.62593
G1 X129.836 Y101.622 E332.63376
G1 X130.164 Y101.284 E332.64159
G1 X130.407 Y100.88 E332.64943
G1 X130.555 Y100.436 E332.65721
G1 X130.602 Y99.967 E332.66505
G1 X130.541 Y99.499 E332.6729
G1 X130.379 Y99.058 E332.68071
G1 X130.122 Y98.664 E332.68854
G1 X129.784 Y98.336 E332.69637
G1 X129.38 Y98.093 E332.70421
G1 X128.941 Y97.947 E332.7119
G1 X128.5 Y97.896 E332.71929
G1 X128.031 Y97.95 E332.72714
G1 X127.587 Y98.105 E332.73496
G1 X127.214 Y98.339 E332.74228
G1 X126.857 Y98.685 E332.75055
G0 F7200 X126.78 Y98.623
G0 X129.399 Y95.797
G0 X129.419 Y95.7
G1 F3000 X129.968 Y95.878 E332.76015
G1 X130.283 Y95.981 E332.76566
G1 X131.084 Y96.443 E332.78104
G1 X131.766 Y97.057 E332.7963
G1 X132.309 Y97.805 E332.81167
G1 X132.681 Y98.641 E332.82688
G1 X132.873 Y99.541 E332.84219
G1 X132.873 Y100.459 E332.85745
G1 X132.681 Y101.359 E332.87276
G1 X132.309 Y102.195 E332.88798
G1 X131.766 Y102.943 E332.90335
G1 X131.08 Y103.56 E332.91869
G1 X130.29 Y104.017 E332.93387
G1 X129.418 Y104.3 E332.94911
G1 X128.466 Y104.4 E332.96503
G1 X71.534 Y104.4 E333.91182
G1 X70.582 Y104.3 E333.92774
G1 X69.715 Y104.018 E333.9429
G1 X68.916 Y103.557 E333.95824
G1 X68.234 Y102.943 E333.9735
G1 X67.691 Y102.195 E333.98887
G1 X67.319 Y101.359 E334.00409
G1 X67.127 Y100.459 E334.01939
G1 X67.127 Y99.541 E334.03466
G1 X67.319 Y98.641 E334.04996
G1 X67.691 Y97.805 E334.06518
G1 X68.234 Y97.057 E334.08055
G1 X68.92 Y96.44 E334.09589
G1 X69.71 Y95.983 E334.11107
G1 X70.582 Y95.7 E334.12632
G1 X71.535 Y95.6 E334.14225
G1 X128.466 Y95.6 E335.08902
G1 X129.078 Y95.664 E335.09925
G1 X129.419 Y95.7 E335.10495
G0 F7200 X129.499 Y95.306
;TYPE:WALL-OUTER
G1 F1500 X130.091 Y95.498 E335.1153
G1 X130.452 Y95.616 E335.12162
G1 X131.319 Y96.116 E335.13826
G1 X132.066 Y96.789 E335.15498
G1 X132.656 Y97.602 E335.17169
G1 X133.063 Y98.516 E335.18833
G1 X133.273 Y99.5 E335.20506
G1 X133.273 Y100.5 E335.22169
G1 X133.063 Y101.484 E335.23842
G1 X132.656 Y102.398 E335.25506
G1 X132.066 Y103.211 E335.27177
G1 X131.318 Y103.884 E335.2885
G1 X130.453 Y104.384 E335.30512
G1 X129.499 Y104.694 E335.3218
G1 X128.489 Y104.8 E335.33869
G1 X71.511 Y104.8 E336.28623
G1 X70.501 Y104.694 E336.30312
G1 X69.548 Y104.384 E336.31979
G1 X68.681 Y103.884 E336.33643
G1 X67.934 Y103.211 E336.35315
G1 X67.344 Y102.398 E336.36986
G1 X66.937 Y101.484 E336.3865
G1 X66.727 Y100.5 E336.40323
G1 X66.727 Y99.5 E336.41986
G1 X66.937 Y98.516 E336.43659
G1 X67.344 Y97.602 E336.45323
G1 X67.934 Y96.789 E336.46994
G1 X68.682 Y96.116 E336.48667
G1 X69.547 Y95.616 E336.50329
G1 X70.501 Y95.306 E336.51997
G1 X71.512 Y95.2 E336.53687
G1 X128.489 Y95.2 E337.4844
G1 X129.12 Y95.266 E337.49495
G1 X129.499 Y95.306 E337.50129
G0 F7200 X129.689 Y95.367
G0 X129.535 Y95.842
G0 X126.748 Y98.673
G0 X127.17 Y98.938
G1 F1500 X126.968 Y99.262 E337.50764
G1 X126.841 Y99.622 E337.51399
G1 X126.801 Y100.027 E337.52076
G1 X126.85 Y100.405 E337.5271
G1 X126.981 Y100.761 E337.53341
G1 X127.189 Y101.08 E337.53974
G1 X127.462 Y101.345 E337.54607
G1 X127.788 Y101.541 E337.55239
G1 X128.148 Y101.661 E337.5587
G1 X128.527 Y101.699 E337.56504
G1 X128.905 Y101.65 E337.57138
G1 X129.261 Y101.519 E337.57768
G1 X129.58 Y101.311 E337.58402
G1 X129.845 Y101.038 E337.59034
G1 X130.041 Y100.712 E337.59667
G1 X130.161 Y100.352 E337.60298
G1 X130.199 Y99.973 E337.60931
G1 X130.15 Y99.595 E337.61565
G1 X130.019 Y99.239 E337.62196
G1 X129.811 Y98.92 E337.62829
G1 X129.538 Y98.655 E337.63462
G1 X129.212 Y98.459 E337.64095
G1 X128.854 Y98.34 E337.64722
G1 X128.5 Y98.299 E337.65315
G1 X128.121 Y98.342 E337.65949
G1 X127.762 Y98.468 E337.66582
G1 X127.462 Y98.656 E337.67171
G1 X127.17 Y98.938 E337.67846
G0 F7200 X127.064 Y99.108
G0 X126.642 Y98.843
G0 X122.128 Y103.628
G0 X77.872 Y103.628
G0 X78.3 Y103.2
G1 F1500 X121.7 Y103.2 E338.4002
G1 X121.7 Y96.8 E338.50663
G1 X78.3 Y96.8 E339.22838
G1 X78.3 Y103.2 E339.33481
G0 F7200 X78.5 Y103.2
G0 X78.5 Y103.7
G0 X70.917 Y102.118
G0 X71.094 Y101.652
G1 F1500 X71.526 Y101.699 E339.34204
G1 X71.905 Y101.65 E339.34839
G1 X72.261 Y101.519 E339.3547
G1 X72.58 Y101.311 E339.36104
G1 X72.845 Y101.038 E339.36736
G1 X73.041 Y100.712 E339.37369
G1 X73.161 Y100.352 E339.38
G1 X73.199 Y99.973 E339.38633
G1 X73.15 Y99.595 E339.39267
G1 X73.019 Y99.239 E339.39898
G1 X72.811 Y98.92 E339.40531
G1 X72.538 Y98.655 E339.41164
G1 X72.212 Y98.459 E339.41797
G1 X71.854 Y98.34 E339.42424
G1 X71.499 Y98.299 E339.43018
G1 X71.093 Y98.348 E339.43698
G1 X70.71 Y98.494 E339.4438
G1 X70.371 Y98.726 E339.45063
G1 X70.1 Y99.034 E339.45745
G1 X69.909 Y99.396 E339.46426
G1 X69.811 Y99.795 E339.47109
G1 X69.811 Y100.205 E339.47791
G1 X69.909 Y100.604 E339.48474
G1 X70.1 Y100.966 E339.49155
G1 X70.371 Y101.274 E339.49837
G1 X70.71 Y101.506 E339.50521
G1 X71.094 Y101.652 E339.51204
G0 F7200 X71.293 Y101.673
G0 X71.239 Y102.17
G0 X77.679 Y103.984
G0 X77.789 Y104.094
;TYPE:SKIN
G1 F1500 X77.978 Y103.999 E339.51566
G1 X122.101 Y103.999 E340.27031
G1 X122.249 Y103.864 E340.27373
G0 F7200 X122.319 Y103.934
G0 X122.226 Y96.204
G0 X122.021 Y95.999
G1 F1500 X122.208 Y95.904 E340.27731
G1 X121.172 Y95.999 E340.29503
G1 X77.897 Y95.999 E341.03212
G1 X77.749 Y96.134 E341.03553
G0 F7200 X77.679 Y96.064
G1 F1500 E334.53553
;MESH:NONMESH
G0 F600 X77.679 Y96.064 Z2
G0 F7200 X80.01 Y96.4
G0 X80.01 Y97.9
;TIME_ELAPSED:648.462740
;LAYER:17
;TYPE:SUPPORT
G1 F1500 E341.03553
G1 F3000 X79.4 Y97.9 E341.04567
G1 X79.4 Y102.1 E341.11552
G1 X80.01 Y102.1 E341.12566
G1 X80.01 Y97.9 E341.19551
G1 X82.677 Y97.9 E341.23986
G1 X82.677 Y102.1 E341.30971
G1 X85.344 Y102.1 E341.35406
G1 X85.344 Y97.9 E341.42391
G1 X88.011 Y97.9 E341.46826
G1 X88.011 Y102.1 E341.53811
G1 X90.678 Y102.1 E341.58246
G1 X90.678 Y97.9 E341.6523
G1 X93.345 Y97.9 E341.69666
G1 X93.345 Y102.1 E341.7665
G1 X96.012 Y102.1 E341.81085
G1 X96.012 Y97.9 E341.8807
G1 X98.679 Y97.9 E341.92505
G1 X98.679 Y102.1 E341.9949
G1 X101.346 Y102.1 E342.03925
G1 X101.346 Y97.9 E342.1091
G1 X104.013 Y97.9 E342.15345
G1 X104.013 Y102.1 E342.2233
G1 X106.68 Y102.1 E342.26765
G1 X106.68 Y97.9 E342.3375
G1 X109.347 Y97.9 E342.38185
G1 X109.347 Y102.1 E342.45169
G1 X112.014 Y102.1 E342.49605
G1 X112.014 Y97.9 E342.56589
G1 X114.681 Y97.9 E342.61025
G1 X114.681 Y102.1 E342.68009
G1 X117.348 Y102.1 E342.72444
G1 X117.348 Y97.9 E342.79429
G1 X120.015 Y97.9 E342.83864
G1 X120.015 Y102.1 E342.90849
G1 X120.6 Y102.1 E342.91822
G1 X120.6 Y97.9 E342.98806
G1 X120.015 Y97.9 E342.99779
G1 F1500 E336.49779
;MESH:reed_holder.stl
G0 F7200 X122.1 Y97.9
G0 X122.259 Y98.476
;TYPE:FILL
G1 F1500 E342.99779
G1 F3000 X124.976 Y95.759 E343.06169
G1 X125.046 Y95.689
G0 F7200 X125.046 Y95.7
G0 X123.091 Y95.759
G1 F3000 X122.259 Y96.591 E343.08126
G1 X122.189 Y96.661
G0 F7200 X122.2 Y96.661
G0 X122.259 Y100.361
G1 F3000 X126.861 Y95.759 E343.18949
G1 X126.931 Y95.689
G0 F7200 X126.931 Y95.7
G0 X128.718 Y95.787
G1 F3000 X122.259 Y102.246 E343.3414
G1 X122.189 Y102.316
G0 F7200 X122.2 Y102.316
G0 X122.259 Y104.132
G1 F3000 X126.251 Y100.14 E343.43528
G1 X126.321 Y100.07
G0 F7200 X126.303 Y100.071
G0 X126.796 Y101.479
G1 F3000 X124.036 Y104.24 E343.50021
G1 X123.966 Y104.31
G0 F7200 X123.966 Y104.3
G0 X125.921 Y104.24
G1 F3000 X127.967 Y102.193 E343.54834
G1 X128.037 Y102.123
G0 F7200 X128.02 Y102.148
G0 X127.806 Y104.24
G1 F3000 X132.672 Y99.374 E343.66278
G1 X132.742 Y99.304
G0 F7200 X132.721 Y99.307
G0 X132.202 Y97.959
G1 F3000 X130.696 Y99.465 E343.6982
G1 X130.626 Y99.535
G0 F7200 X130.65 Y99.533
G0 X129.977 Y98.299
G1 F3000 X131.365 Y96.911 E343.73084
G1 X131.435 Y96.841
G0 F7200 X131.409 Y96.869
G0 X130.247 Y96.143
G1 F3000 X128.638 Y97.753 E343.76869
G1 X128.568 Y97.823
G0 F7200 X128.57 Y97.804
G0 X129.42 Y98.065
G0 X132.45 Y101.481
G1 F3000 X129.983 Y103.948 E343.82671
G1 X129.913 Y104.018
G0 F7200 X77.872 Y103.628
G0 X77.74 Y103.408
G1 F3000 X76.908 Y104.239 E343.84627
G1 X76.838 Y104.309
G0 F7200 X76.838 Y104.3
G0 X75.023 Y104.239
G1 F3000 X77.74 Y101.522 E343.91017
G1 X77.81 Y101.452
G0 F7200 X77.8 Y101.452
G0 X77.74 Y99.637
G1 F3000 X73.138 Y104.239 E344.0184
G1 X73.068 Y104.309
G0 F7200 X73.068 Y104.3
G0 X71.281 Y104.211
G1 F3000 X77.74 Y97.752 E344.17031
G1 X77.81 Y97.682
G0 F7200 X77.8 Y97.682
G0 X77.74 Y95.867
G1 F3000 X73.749 Y99.858 E344.26417
G1 X73.679 Y99.928
G0 F7200 X73.697 Y99.927
G0 X73.202 Y98.519
G1 F3000 X75.963 Y95.759 E344.32909
G1 X76.033 Y95.689
G0 F7200 X76.033 Y95.7
G0 X74.077 Y95.759
G1 F3000 X72.031 Y97.805 E344.37721
G1 X71.961 Y97.875
G0 F7200 X71.964 Y97.85
G0 X72.192 Y95.759
G1 F3000 X67.326 Y100.625 E344.49165
G1 X67.256 Y100.695
G0 F7200 X67.278 Y100.692
G0 X67.797 Y102.039
G1 F3000 X69.312 Y100.525 E344.52727
G1 X69.382 Y100.455
G0 F7200 X69.359 Y100.459
G0 X70.014 Y101.707
G1 F3000 X68.633 Y103.088 E344.55975
G1 X68.563 Y103.158
G0 F7200 X68.589 Y103.129
G0 X69.751 Y103.855
G1 F3000 X71.361 Y102.245 E344.59761
G1 X71.431 Y102.175
G0 F7200 X71.429 Y102.195
G0 X70.505 Y101.898
G0 X67.548 Y98.518
G1 F3000 X70.017 Y96.049 E344.65568
G1 X70.087 Y95.979
G0 F7200 X70.038 Y98.35
G0 X70.104 Y98.424
;TYPE:WALL-INNER
G1 F3000 X69.768 Y98.805 E344.66413
G1 X69.532 Y99.253 E344.67255
G1 X69.411 Y99.747 E344.68101
G1 X69.411 Y100.253 E344.68942
G1 X69.532 Y100.747 E344.69788
G1 X69.768 Y101.195 E344.7063
G1 X70.104 Y101.576 E344.71475
G1 X70.523 Y101.863 E344.72319
G1 X70.997 Y102.043 E344.73163
G1 X71.507 Y102.104 E344.74017
G1 X71.979 Y102.048 E344.74807
G1 X72.421 Y101.891 E344.75587
G1 X72.819 Y101.638 E344.76372
G1 X73.15 Y101.303 E344.77155
G1 X73.399 Y100.902 E344.7794
G1 X73.551 Y100.459 E344.78719
G1 X73.604 Y99.991 E344.79502
G1 X73.548 Y99.521 E344.80289
G1 X73.391 Y99.079 E344.81069
G1 X73.138 Y98.681 E344.81853
G1 X72.803 Y98.35 E344.82637
G1 X72.403 Y98.101 E344.8342
G1 X71.961 Y97.95 E344.84197
G1 X71.498 Y97.896 E344.84972
G1 X70.996 Y97.957 E344.85813
G1 X70.523 Y98.137 E344.86655
G1 X70.104 Y98.424 E344.87499
G0 F7200 X70.038 Y98.35
G0 X70.987 Y97.919
G0 X71.969 Y97.911
G0 X72.786 Y98.293
G0 X77.83 Y103.67
G0 X77.9 Y103.6
G1 F3000 X122.1 Y103.6 E345.61004
G1 X122.1 Y96.4 E345.72978
G1 X77.9 Y96.4 E346.46483
G1 X77.9 Y103.6 E346.58456
G0 F7200 X77.83 Y103.67
G0 X122.128 Y103.628
G0 X128.509 Y102.204
G0 X128.509 Y102.104
G1 F3000 X128.979 Y102.048 E346.59243
G1 X129.421 Y101.891 E346.60023
G1 X129.819 Y101.638 E346.60808
G1 X130.15 Y101.303 E346.61591
G1 X130.399 Y100.902 E346.62376
G1 X130.551 Y100.459 E346.63155
G1 X130.604 Y99.991 E346.63938
G1 X130.548 Y99.521 E346.64725
G1 X130.391 Y99.079 E346.65505
G1 X130.138 Y98.681 E346.6629
G1 X129.803 Y98.35 E346.67073
G1 X129.403 Y98.101 E346.67856
G1 X128.961 Y97.95 E346.68633
G1 X128.5 Y97.896 E346.69405
G1 X128.031 Y97.95 E346.7019
G1 X127.588 Y98.105 E346.70971
G1 X127.197 Y98.349 E346.71737
G1 X126.856 Y98.687 E346.72535
G1 X126.605 Y99.088 E346.73322
G1 X126.449 Y99.532 E346.74105
G1 X126.396 Y100.01 E346.74905
G1 X126.452 Y100.479 E346.7569
G1 X126.609 Y100.921 E346.7647
G1 X126.862 Y101.319 E346.77254
G1 X127.197 Y101.65 E346.78038
G1 X127.598 Y101.899 E346.78823
G1 X128.041 Y102.051 E346.79601
G1 X128.509 Y102.104 E346.80385
G0 F7200 X128.509 Y102.204
G0 X129.438 Y101.926
G0 X130.181 Y101.327
G0 X130.59 Y100.467
G0 X130.598 Y99.604
G0 X129.103 Y95.767
G0 X129.113 Y95.668
G1 F3000 X129.418 Y95.7 E346.80895
G1 X130 Y95.889 E346.81912
G1 X130.285 Y95.982 E346.82411
G1 X131.084 Y96.443 E346.83945
G1 X131.768 Y97.059 E346.85476
G1 X132.308 Y97.802 E346.87003
G1 X132.681 Y98.64 E346.88529
G1 X132.873 Y99.541 E346.90061
G1 X132.873 Y100.459 E346.91587
G1 X132.681 Y101.36 E346.93119
G1 X132.308 Y102.198 E346.94645
G1 X131.768 Y102.94 E346.96171
G1 X131.08 Y103.56 E346.97711
G1 X130.289 Y104.017 E346.9923
G1 X129.418 Y104.3 E347.00753
G1 X128.466 Y104.4 E347.02345
G1 X71.534 Y104.4 E347.97023
G1 X70.582 Y104.3 E347.98615
G1 X69.715 Y104.018 E348.00131
G1 X68.916 Y103.557 E348.01666
G1 X68.232 Y102.941 E348.03196
G1 X67.692 Y102.198 E348.04724
G1 X67.319 Y101.36 E348.06249
G1 X67.127 Y100.459 E348.07781
G1 X67.127 Y99.541 E348.09308
G1 X67.319 Y98.64 E348.1084
G1 X67.692 Y97.802 E348.12365
G1 X68.232 Y97.06 E348.13891
G1 X68.92 Y96.44 E348.15432
G1 X69.711 Y95.983 E348.16951
G1 X70.582 Y95.7 E348.18474
G1 X71.534 Y95.6 E348.20066
G1 X128.466 Y95.6 E349.14744
G1 X129.113 Y95.668 E349.15826
G0 F7200 X129.155 Y95.27
;TYPE:WALL-OUTER
G1 F1500 X129.499 Y95.306 E349.16401
G1 X130.124 Y95.509 E349.17494
G1 X130.452 Y95.616 E349.18068
G1 X131.319 Y96.116 E349.19732
G1 X132.068 Y96.791 E349.21409
G1 X132.655 Y97.599 E349.2307
G1 X133.063 Y98.516 E349.24739
G1 X133.273 Y99.5 E349.26412
G1 X133.273 Y100.5 E349.28075
G1 X133.063 Y101.484 E349.29748
G1 X132.655 Y102.401 E349.31417
G1 X132.068 Y103.209 E349.33078
G1 X131.318 Y103.884 E349.34756
G1 X130.452 Y104.384 E349.36419
G1 X129.499 Y104.694 E349.38086
G1 X128.489 Y104.8 E349.39775
G1 X71.511 Y104.8 E350.3453
G1 X70.501 Y104.694 E350.36218
G1 X69.548 Y104.384 E350.37885
G1 X68.681 Y103.884 E350.39549
G1 X67.932 Y103.209 E350.41226
G1 X67.345 Y102.401 E350.42887
G1 X66.937 Y101.484 E350.44556
G1 X66.727 Y100.5 E350.46229
G1 X66.727 Y99.5 E350.47892
G1 X66.937 Y98.516 E350.49566
G1 X67.345 Y97.599 E350.51235
G1 X67.932 Y96.791 E350.52896
G1 X68.682 Y96.116 E350.54574
G1 X69.548 Y95.616 E350.56237
G1 X70.501 Y95.306 E350.57903
G1 X71.511 Y95.2 E350.59592
G1 X128.489 Y95.2 E351.54347
G1 X129.155 Y95.27 E351.55461
G0 F7200 X129.354 Y95.29
G0 X129.302 Y95.787
G0 X126.748 Y98.673
G0 X127.17 Y98.939
G1 F1500 X126.968 Y99.262 E351.56094
G1 X126.842 Y99.621 E351.56727
G1 X126.799 Y100.008 E351.57374
G1 X126.844 Y100.387 E351.58009
G1 X126.971 Y100.745 E351.58641
G1 X127.175 Y101.066 E351.59273
G1 X127.446 Y101.334 E351.59907
G1 X127.77 Y101.535 E351.60541
G1 X128.129 Y101.658 E351.61172
G1 X128.508 Y101.701 E351.61807
G1 X128.887 Y101.656 E351.62441
G1 X129.245 Y101.529 E351.63073
G1 X129.566 Y101.325 E351.63706
G1 X129.834 Y101.054 E351.64339
G1 X130.035 Y100.73 E351.64973
G1 X130.158 Y100.371 E351.65605
G1 X130.201 Y99.992 E351.66239
G1 X130.156 Y99.613 E351.66874
G1 X130.029 Y99.255 E351.67505
G1 X129.825 Y98.934 E351.68138
G1 X129.554 Y98.666 E351.68772
G1 X129.23 Y98.465 E351.69406
G1 X128.872 Y98.342 E351.70035
G1 X128.5 Y98.299 E351.70658
G1 X128.121 Y98.342 E351.71292
G1 X127.762 Y98.468 E351.71925
G1 X127.447 Y98.665 E351.72543
G1 X127.17 Y98.939 E351.73191
G0 F7200 X127.064 Y99.109
G0 X126.641 Y98.843
G0 X122.128 Y103.628
G0 X77.872 Y103.628
G0 X78.3 Y103.2
G1 F1500 X121.7 Y103.2 E352.45365
G1 X121.7 Y96.8 E352.56009
G1 X78.3 Y96.8 E353.28183
G1 X78.3 Y103.2 E353.38826
G0 F7200 X78.5 Y103.2
G0 X78.5 Y103.7
G0 X72.827 Y98.319
G0 X71.969 Y97.911
G0 X70.987 Y97.919
G0 X69.996 Y98.395
G0 X70.371 Y98.726
G1 F1500 X70.1 Y99.034 E353.39509
G1 X69.909 Y99.396 E353.40189
G1 X69.811 Y99.795 E353.40872
G1 X69.811 Y100.205 E353.41554
G1 X69.909 Y100.604 E353.42238
G1 X70.1 Y100.966 E353.42918
G1 X70.371 Y101.274 E353.436
G1 X70.71 Y101.506 E353.44284
G1 X71.093 Y101.652 E353.44965
G1 X71.507 Y101.701 E353.45659
G1 X71.887 Y101.656 E353.46295
G1 X72.245 Y101.529 E353.46927
G1 X72.566 Y101.325 E353.47559
G1 X72.834 Y101.054 E353.48193
G1 X73.035 Y100.73 E353.48827
G1 X73.158 Y100.371 E353.49458
G1 X73.201 Y99.992 E353.50092
G1 X73.156 Y99.613 E353.50727
G1 X73.029 Y99.255 E353.51359
G1 X72.825 Y98.934 E353.51991
G1 X72.554 Y98.666 E353.52625
G1 X72.23 Y98.465 E353.53259
G1 X71.872 Y98.342 E353.53889
G1 X71.499 Y98.299 E353.54513
G1 X71.093 Y98.348 E353.55193
G1 X70.71 Y98.494 E353.55875
G1 X70.371 Y98.726 E353.56558
G0 F7200 X70.239 Y98.876
G0 X69.864 Y98.545
G0 X70.777 Y98
G0 X77.743 Y96.204
G0 X77.948 Y95.999
;TYPE:SKIN
G1 F1500 X77.774 Y95.889 E353.56909
G1 X78.514 Y95.999 E353.58184
G1 X122.072 Y95.999 E354.32419
G1 X122.234 Y96.119 E354.32763
G0 F7200 X122.319 Y96.035
G0 X122.196 Y103.794
G0 X121.991 Y103.999
G1 F1500 X121.708 Y103.999 E354.33249
G1 X78.15 Y103.999 E355.08064
G1 X77.734 Y103.849 E355.08824
G0 F7200 X77.79 Y103.794
G0 X122.069 Y104.204
G1 F1500 X122.319 Y103.954 E355.09118
G1 F1500 E348.59118
;MESH:NONMESH
G0 F600 X122.319 Y103.954 Z2.1
G0 F7200 X80.01 Y103.6
G0 X80.01 Y102.335
G0 X80.01 Y97.9
;TIME_ELAPSED:677.758136
;LAYER:18
;TYPE:SUPPORT
G1 F1500 E355.09118
G1 F3000 X79.4 Y97.9 E355.10132
G1 X79.4 Y102.1 E355.17117
G1 X80.01 Y102.1 E355.18131
G1 X80.01 Y97.9 E355.25116
G1 X82.677 Y97.9 E355.29551
G1 X82.677 Y102.1 E355.36536
G1 X85.344 Y102.1 E355.40971
G1 X85.344 Y97.9 E355.47956
G1 X88.011 Y97.9 E355.52391
G1 X88.011 Y102.1 E355.59375
G1 X90.678 Y102.1 E355.63811
G1 X90.678 Y97.9 E355.70795
G1 X93.345 Y97.9 E355.75231
G1 X93.345 Y102.1 E355.82215
G1 X96.012 Y102.1 E355.8665
G1 X96.012 Y97.9 E355.93635
G1 X98.679 Y97.9 E355.9807
G1 X98.679 Y102.1 E356.05055
G1 X101.346 Y102.1 E356.0949
G1 X101.346 Y97.9 E356.16475
G1 X104.013 Y97.9 E356.2091
G1 X104.013 Y102.1 E356.27895
G1 X106.68 Y102.1 E356.3233
G1 X106.68 Y97.9 E356.39314
G1 X109.347 Y97.9 E356.4375
G1 X109.347 Y102.1 E356.50734
G1 X112.014 Y102.1 E356.5517
G1 X112.014 Y97.9 E356.62154
G1 X114.681 Y97.9 E356.66589
G1 X114.681 Y102.1 E356.73574
G1 X117.348 Y102.1 E356.78009
G1 X117.348 Y97.9 E356.84994
G1 X120.015 Y97.9 E356.89429
G1 X120.015 Y102.1 E356.96414
G1 X120.6 Y102.1 E356.97387
G1 X120.6 Y97.9 E357.04371
G1 X120.015 Y97.9 E357.05344
G1 F1500 E350.55344
;MESH:reed_holder.stl
G0 F7200 X122.1 Y97.9
G0 X122.259 Y97.752
;TYPE:FILL
G1 F1500 E357.05344
G1 F3000 X128.718 Y104.211 E357.20535
G1 X128.788 Y104.281
G0 F7200 X128.787 Y104.266
G0 X130.247 Y103.855
G1 F3000 X128.687 Y102.295 E357.24204
G1 X128.617 Y102.225
G0 F7200 X128.618 Y102.242
G0 X130.016 Y101.739
G1 F3000 X131.364 Y103.087 E357.27374
G1 X131.434 Y103.157
G0 F7200 X131.411 Y103.129
G0 X132.202 Y102.04
G1 F3000 X130.734 Y100.572 E357.30826
G1 X130.664 Y100.502
G0 F7200 X130.694 Y100.513
G0 X132.673 Y100.626
G1 F3000 X127.807 Y95.759 E357.42272
G1 X127.737 Y95.689
G0 F7200 X127.737 Y95.7
G0 X125.922 Y95.759
G1 F3000 X127.925 Y97.763 E357.46984
G1 X127.995 Y97.833
G0 F7200 X127.987 Y97.807
G0 X126.769 Y98.492
G1 F3000 X124.037 Y95.759 E357.5341
G1 X123.967 Y95.689
G0 F7200 X123.967 Y95.7
G0 X122.259 Y95.867
G1 F3000 X126.211 Y99.819 E357.62705
G1 X126.281 Y99.889
G0 F7200 X126.269 Y99.888
G0 X122.259 Y99.637
G1 F3000 X126.861 Y104.239 E357.73528
G1 X126.931 Y104.309
G0 F7200 X126.931 Y104.3
G0 X124.976 Y104.239
G1 F3000 X122.259 Y101.522 E357.79918
G1 X122.189 Y101.452
G0 F7200 X122.2 Y101.452
G0 X122.259 Y103.408
G1 F3000 X123.091 Y104.239 E357.81873
G1 X123.161 Y104.309
G0 F7200 X123.161 Y104.3
G0 X126.738 Y98.705
G0 X129.986 Y96.053
G1 F3000 X132.448 Y98.516 E357.87665
G1 X132.518 Y98.586
G0 F7200 X122.128 Y96.372
G0 X77.872 Y96.372
G0 X77.74 Y98.476
G1 F3000 X75.023 Y95.759 E357.94055
G1 X74.953 Y95.689
G0 F7200 X74.953 Y95.7
G0 X73.138 Y95.759
G1 F3000 X77.74 Y100.361 E358.04878
G1 X77.81 Y100.431
G0 F7200 X77.8 Y100.431
G0 X77.74 Y102.246
G1 F3000 X71.28 Y95.787 E358.2007
G1 X71.21 Y95.717
G0 F7200 X71.211 Y95.734
G0 X69.751 Y96.143
G1 F3000 X71.313 Y97.705 E358.23743
G1 X71.383 Y97.775
G0 F7200 X71.382 Y97.757
G0 X69.979 Y98.256
G1 F3000 X68.633 Y96.911 E358.26908
G1 X68.563 Y96.841
G0 F7200 X68.589 Y96.871
G0 X67.796 Y97.959
G1 F3000 X69.273 Y99.435 E358.3038
G1 X69.343 Y99.505
G0 F7200 X69.32 Y99.5
G0 X67.325 Y99.373
G1 F3000 X72.191 Y104.238 E358.41823
G1 X72.261 Y104.308
G0 F7200 X72.261 Y104.3
G0 X74.076 Y104.238
G1 F3000 X72.073 Y102.236 E358.46533
G1 X72.003 Y102.166
G0 F7200 X72.011 Y102.193
G0 X73.23 Y101.507
G1 F3000 X75.961 Y104.238 E358.52955
G1 X76.031 Y104.308
G0 F7200 X76.031 Y104.3
G0 X77.74 Y104.132
G1 F3000 X73.787 Y100.179 E358.62252
G1 X73.717 Y100.109
G0 F7200 X73.731 Y100.11
G0 X73.262 Y101.295
G0 X70.014 Y103.946
G1 F3000 X67.548 Y101.481 E358.68051
G1 X67.478 Y101.411
G0 F7200 X70.028 Y98.371
G0 X76.908 Y95.759
G1 F3000 X77.74 Y96.591 E358.70008
G1 X77.81 Y96.661
G0 F7200 X77.8 Y96.661
G0 X77.83 Y103.67
G0 X77.9 Y103.6
;TYPE:WALL-INNER
G1 F3000 X122.1 Y103.6 E359.43512
G1 X122.1 Y96.4 E359.55486
G1 X77.9 Y96.4 E360.28991
G1 X77.9 Y103.6 E360.40965
G0 F7200 X77.83 Y103.67
G0 X71.005 Y102.139
G0 X70.006 Y101.692
G0 X70.07 Y101.616
G1 F3000 X70.608 Y101.947 E360.42015
G1 X71.013 Y102.1 E360.42735
G1 X71.577 Y102.146 E360.43676
G1 X71.968 Y102.103 E360.4433
G1 X72.425 Y101.945 E360.45134
G1 X72.87 Y101.662 E360.46011
G1 X73.23 Y101.272 E360.46894
G1 X73.473 Y100.838 E360.47721
G1 X73.607 Y100.46 E360.48388
G1 X73.646 Y99.92 E360.49289
G1 X73.603 Y99.532 E360.49938
G1 X73.445 Y99.075 E360.50742
G1 X73.162 Y98.63 E360.51619
G1 X72.772 Y98.27 E360.52502
G1 X72.338 Y98.027 E360.53329
G1 X71.96 Y97.893 E360.53996
G1 X71.417 Y97.854 E360.54901
G1 X70.993 Y97.905 E360.55611
G1 X70.443 Y98.132 E360.56601
G1 X70.054 Y98.4 E360.57386
G1 X69.704 Y98.821 E360.58297
G1 X69.485 Y99.231 E360.5907
G1 X69.357 Y99.779 E360.60006
G1 X69.378 Y100.322 E360.60909
G1 X69.488 Y100.777 E360.61688
G1 X69.755 Y101.256 E360.626
G1 X70.07 Y101.616 E360.63395
G0 F7200 X70.006 Y101.692
G0 X71.005 Y102.139
G0 X77.872 Y103.628
G0 X122.128 Y103.628
G0 X126.296 Y99.52
G0 X126.393 Y99.54
G1 F3000 X126.354 Y100.08 E360.64296
G1 X126.397 Y100.468 E360.64945
G1 X126.555 Y100.925 E360.65749
G1 X126.838 Y101.37 E360.66626
G1 X127.228 Y101.73 E360.67509
G1 X127.662 Y101.973 E360.68336
G1 X128.04 Y102.107 E360.69003
G1 X128.58 Y102.146 E360.69903
G1 X128.968 Y102.103 E360.70552
G1 X129.425 Y101.945 E360.71356
G1 X129.87 Y101.662 E360.72233
G1 X130.23 Y101.272 E360.73116
G1 X130.473 Y100.838 E360.73943
G1 X130.607 Y100.46 E360.7461
G1 X130.646 Y99.92 E360.75511
G1 X130.603 Y99.532 E360.7616
G1 X130.445 Y99.075 E360.76964
G1 X130.162 Y98.63 E360.77841
G1 X129.772 Y98.27 E360.78724
G1 X129.338 Y98.027 E360.79551
G1 X128.96 Y97.893 E360.80218
G1 X128.42 Y97.854 E360.81118
G1 X128.032 Y97.897 E360.81767
G1 X127.575 Y98.055 E360.82571
G1 X127.13 Y98.338 E360.83448
G1 X126.77 Y98.728 E360.84331
G1 X126.527 Y99.162 E360.85158
G1 X126.393 Y99.54 E360.85825
G0 F7200 X126.296 Y99.52
G0 X126.738 Y98.705
G0 X130.003 Y95.995
G0 X130.033 Y95.9
G1 F3000 X130.289 Y95.983 E360.86273
G1 X131.08 Y96.44 E360.87792
G1 X131.766 Y97.057 E360.89326
G1 X132.309 Y97.805 E360.90863
G1 X132.681 Y98.641 E360.92385
G1 X132.873 Y99.54 E360.93914
G1 X132.873 Y100.459 E360.95442
G1 X132.681 Y101.359 E360.96973
G1 X132.309 Y102.195 E360.98494
G1 X131.766 Y102.943 E361.00031
G1 X131.084 Y103.557 E361.01558
G1 X130.285 Y104.018 E361.03092
G1 X129.419 Y104.3 E361.04606
G1 X128.465 Y104.4 E361.06201
G1 X71.534 Y104.4 E362.00878
G1 X70.582 Y104.3 E362.0247
G1 X69.711 Y104.017 E362.03993
G1 X68.92 Y103.56 E362.05512
G1 X68.234 Y102.943 E362.07046
G1 X67.691 Y102.195 E362.08584
G1 X67.319 Y101.359 E362.10105
G1 X67.127 Y100.459 E362.11636
G1 X67.127 Y99.54 E362.13164
G1 X67.319 Y98.641 E362.14693
G1 X67.691 Y97.805 E362.16214
G1 X68.234 Y97.057 E362.17752
G1 X68.916 Y96.443 E362.19278
G1 X69.715 Y95.982 E362.20812
G1 X70.581 Y95.7 E362.22326
G1 X71.535 Y95.6 E362.23922
G1 X128.467 Y95.6 E363.186
G1 X129.148 Y95.671 E363.19738
G1 X129.417 Y95.7 E363.20188
G1 X130.033 Y95.9 E363.21265
G0 F7200 X129.499 Y95.306
;TYPE:WALL-OUTER
G1 F1500 X130.157 Y95.52 E363.22416
G1 X130.452 Y95.616 E363.22932
G1 X131.318 Y96.116 E363.24595
G1 X132.066 Y96.789 E363.26268
G1 X132.656 Y97.602 E363.27939
G1 X133.063 Y98.516 E363.29603
G1 X133.273 Y99.5 E363.31276
G1 X133.273 Y100.5 E363.32939
G1 X133.063 Y101.484 E363.34612
G1 X132.656 Y102.398 E363.36276
G1 X132.066 Y103.211 E363.37947
G1 X131.319 Y103.884 E363.39619
G1 X130.452 Y104.384 E363.41283
G1 X129.5 Y104.694 E363.42948
G1 X128.488 Y104.8 E363.4464
G1 X71.511 Y104.8 E364.39393
G1 X70.501 Y104.694 E364.41082
G1 X69.548 Y104.384 E364.42749
G1 X68.682 Y103.884 E364.44412
G1 X67.934 Y103.211 E364.46085
G1 X67.344 Y102.398 E364.47756
G1 X66.937 Y101.484 E364.4942
G1 X66.727 Y100.5 E364.51093
G1 X66.727 Y99.5 E364.52756
G1 X66.937 Y98.516 E364.54429
G1 X67.344 Y97.602 E364.56093
G1 X67.934 Y96.789 E364.57764
G1 X68.681 Y96.116 E364.59436
G1 X69.548 Y95.616 E364.611
G1 X70.5 Y95.306 E364.62765
G1 X71.512 Y95.2 E364.64457
G1 X128.489 Y95.2 E365.5921
G1 X129.19 Y95.273 E365.60382
G1 X129.499 Y95.306 E365.60899
G0 F7200 X129.689 Y95.367
G0 X129.535 Y95.843
G0 X126.738 Y98.705
G0 X126.291 Y99.587
G0 X126.788 Y99.623
G1 F1500 X126.756 Y100.072 E365.61648
G1 X126.79 Y100.38 E365.62163
G1 X126.918 Y100.75 E365.62814
G1 X127.148 Y101.112 E365.63527
G1 X127.464 Y101.404 E365.64243
G1 X127.828 Y101.607 E365.64936
G1 X128.123 Y101.712 E365.65457
G1 X128.572 Y101.744 E365.66205
G1 X128.88 Y101.71 E365.66721
G1 X129.25 Y101.582 E365.67372
G1 X129.612 Y101.352 E365.68085
G1 X129.904 Y101.036 E365.68801
G1 X130.107 Y100.672 E365.69494
G1 X130.212 Y100.377 E365.70014
G1 X130.244 Y99.928 E365.70763
G1 X130.21 Y99.62 E365.71278
G1 X130.082 Y99.25 E365.71929
G1 X129.852 Y98.888 E365.72643
G1 X129.536 Y98.596 E365.73358
G1 X129.172 Y98.393 E365.74051
G1 X128.877 Y98.288 E365.74572
G1 X128.428 Y98.256 E365.75321
G1 X128.12 Y98.29 E365.75836
G1 X127.75 Y98.418 E365.76487
G1 X127.388 Y98.648 E365.772
G1 X127.096 Y98.964 E365.77916
G1 X126.893 Y99.328 E365.78609
G1 X126.788 Y99.623 E365.7913
G0 F7200 X126.774 Y99.822
G0 X126.276 Y99.786
G0 X122.128 Y103.628
G0 X77.872 Y103.628
G0 X78.3 Y103.2
G1 F1500 X121.7 Y103.2 E366.51304
G1 X121.7 Y96.8 E366.61947
G1 X78.3 Y96.8 E367.34122
G1 X78.3 Y103.2 E367.44765
G0 F7200 X78.5 Y103.2
G0 X78.5 Y103.7
G0 X71.005 Y102.139
G0 X70.069 Y101.732
G0 X70.331 Y101.307
G1 F1500 X70.785 Y101.586 E367.45651
G1 X71.102 Y101.706 E367.46215
G1 X71.571 Y101.744 E367.46997
G1 X71.88 Y101.71 E367.47514
G1 X72.25 Y101.582 E367.48165
G1 X72.612 Y101.352 E367.48879
G1 X72.904 Y101.036 E367.49594
G1 X73.107 Y100.672 E367.50287
G1 X73.212 Y100.377 E367.50808
G1 X73.244 Y99.928 E367.51557
G1 X73.21 Y99.62 E367.52072
G1 X73.082 Y99.25 E367.52723
G1 X72.852 Y98.888 E367.53436
G1 X72.536 Y98.596 E367.54152
G1 X72.172 Y98.393 E367.54845
G1 X71.877 Y98.288 E367.55366
G1 X71.427 Y98.256 E367.56116
G1 X71.095 Y98.296 E367.56672
G1 X70.635 Y98.486 E367.575
G1 X70.326 Y98.698 E367.58123
G1 X70.038 Y99.045 E367.58873
G1 X69.863 Y99.373 E367.59491
G1 X69.759 Y99.818 E367.60251
G1 X69.776 Y100.267 E367.60998
G1 X69.864 Y100.63 E367.61619
G1 X70.084 Y101.024 E367.6237
G1 X70.331 Y101.307 E367.62995
G0 F7200 X70.501 Y101.411
G0 X70.239 Y101.837
G0 X77.679 Y103.984
G0 X77.789 Y104.094
;TYPE:SKIN
G1 F1500 X77.978 Y103.999 E367.63356
G1 X122.101 Y103.999 E368.38822
G1 X122.249 Y103.864 E368.39164
G0 F7200 X122.319 Y103.934
G0 X122.226 Y96.204
G0 X122.021 Y95.999
G1 F1500 X122.208 Y95.904 E368.39521
G1 X121.172 Y95.999 E368.41293
G1 X77.897 Y95.999 E369.15002
G1 X77.749 Y96.134 E369.15344
G0 F7200 X77.679 Y96.064
G1 F1500 E362.65344
;MESH:NONMESH
G0 F600 X77.679 Y96.064 Z2.2
G0 F7200 X80.01 Y96.4
G0 X80.01 Y97.9
;TIME_ELAPSED:706.483061
;LAYER:19
;TYPE:SUPPORT
G1 F1500 E369.15344
G1 F3000 X79.4 Y97.9 E369.16358
G1 X79.4 Y102.1 E369.23343
G1 X80.01 Y102.1 E369.24357
G1 X80.01 Y97.9 E369.31342
G1 X82.677 Y97.9 E369.35777
G1 X82.677 Y102.1 E369.42762
G1 X85.344 Y102.1 E369.47197
G1 X85.344 Y97.9 E369.54181
G1 X88.011 Y97.9 E369.58617
G1 X88.011 Y102.1 E369.65601
G1 X90.678 Y102.1 E369.70037
G1 X90.678 Y97.9 E369.77021
G1 X93.345 Y97.9 E369.81456
G1 X93.345 Y102.1 E369.88441
G1 X96.012 Y102.1 E369.92876
G1 X96.012 Y97.9 E369.99861
G1 X98.679 Y97.9 E370.04296
G1 X98.679 Y102.1 E370.11281
G1 X101.346 Y102.1 E370.15716
G1 X101.346 Y97.9 E370.22701
G1 X104.013 Y97.9 E370.27136
G1 X104.013 Y102.1 E370.34121
G1 X106.68 Y102.1 E370.38556
G1 X106.68 Y97.9 E370.4554
G1 X109.347 Y97.9 E370.49976
G1 X109.347 Y102.1 E370.5696
G1 X112.014 Y102.1 E370.61396
G1 X112.014 Y97.9 E370.6838
G1 X114.681 Y97.9 E370.72815
G1 X114.681 Y102.1 E370.798
G1 X117.348 Y102.1 E370.84235
G1 X117.348 Y97.9 E370.9122
G1 X120.015 Y97.9 E370.95655
G1 X120.015 Y102.1 E371.0264
G1 X120.6 Y102.1 E371.03613
G1 X120.6 Y97.9 E371.10597
G1 X120.015 Y97.9 E371.1157
G1 F1500 E364.6157
;MESH:reed_holder.stl
G0 F7200 X122.1 Y97.9
G0 X122.259 Y98.476
;TYPE:FILL
G1 F1500 E371.1157
G1 F3000 X124.976 Y95.759 E371.1796
G1 X125.046 Y95.689
G0 F7200 X125.046 Y95.7
G0 X123.091 Y95.759
G1 F3000 X122.259 Y96.591 E371.19917
G1 X122.189 Y96.661
G0 F7200 X122.2 Y96.661
G0 X122.259 Y100.361
G1 F3000 X126.861 Y95.759 E371.3074
G1 X126.931 Y95.689
G0 F7200 X126.931 Y95.7
G0 X128.718 Y95.787
G1 F3000 X122.259 Y102.246 E371.45931
G1 X122.189 Y102.316
G0 F7200 X122.2 Y102.316
G0 X122.259 Y104.132
G1 F3000 X126.108 Y100.283 E371.54983
G1 X126.178 Y100.213
G0 F7200 X126.169 Y100.212
G0 X126.682 Y101.594
G1 F3000 X124.036 Y104.24 E371.61206
G1 X123.966 Y104.31
G0 F7200 X123.966 Y104.3
G0 X125.921 Y104.24
G1 F3000 X127.861 Y102.299 E371.6577
G1 X127.931 Y102.229
G0 F7200 X127.923 Y102.255
G0 X127.806 Y104.24
G1 F3000 X132.672 Y99.374 E371.77214
G1 X132.742 Y99.304
G0 F7200 X132.721 Y99.307
G0 X132.202 Y97.959
G1 F3000 X130.8 Y99.361 E371.80511
G1 X130.73 Y99.431
G0 F7200 X130.755 Y99.425
G0 X130.07 Y98.205
G1 F3000 X131.365 Y96.911 E371.83555
G1 X131.435 Y96.841
G0 F7200 X131.409 Y96.869
G0 X130.248 Y96.143
G1 F3000 X128.781 Y97.609 E371.87004
G1 X128.711 Y97.679
G0 F7200 X128.712 Y97.669
G0 X130.148 Y98.431
G0 X132.45 Y101.481
G1 F3000 X129.983 Y103.948 E371.92806
G1 X129.913 Y104.018
G0 F7200 X77.872 Y103.628
G0 X77.74 Y103.408
G1 F3000 X76.908 Y104.239 E371.94762
G1 X76.838 Y104.309
G0 F7200 X76.838 Y104.3
G0 X75.023 Y104.239
G1 F3000 X77.74 Y101.522 E372.01152
G1 X77.81 Y101.452
G0 F7200 X77.8 Y101.452
G0 X77.74 Y99.637
G1 F3000 X73.138 Y104.239 E372.11975
G1 X73.068 Y104.309
G0 F7200 X73.068 Y104.3
G0 X71.281 Y104.211
G1 F3000 X77.74 Y97.752 E372.27166
G1 X77.81 Y97.682
G0 F7200 X77.8 Y97.682
G0 X77.74 Y95.867
G1 F3000 X73.891 Y99.716 E372.36218
G1 X73.821 Y99.786
G0 F7200 X73.831 Y99.787
G0 X73.317 Y98.405
G1 F3000 X75.963 Y95.759 E372.42441
G1 X76.033 Y95.689
G0 F7200 X76.033 Y95.7
G0 X74.077 Y95.759
G1 F3000 X72.137 Y97.699 E372.47004
G1 X72.067 Y97.769
G0 F7200 X72.074 Y97.745
G0 X72.192 Y95.759
G1 F3000 X67.327 Y100.624 E372.58445
G1 X67.257 Y100.694
G0 F7200 X67.278 Y100.691
G0 X67.797 Y102.039
G1 F3000 X69.191 Y100.646 E372.61723
G1 X69.261 Y100.576
G0 F7200 X69.237 Y100.58
G0 X69.912 Y101.809
G1 F3000 X68.633 Y103.088 E372.64731
G1 X68.563 Y103.158
G0 F7200 X68.589 Y103.129
G0 X69.751 Y103.855
G1 F3000 X71.218 Y102.389 E372.6818
G1 X71.288 Y102.319
G0 F7200 X71.287 Y102.331
G0 X70.51 Y102.07
G0 X67.547 Y98.519
G1 F3000 X70.017 Y96.049 E372.73989
G1 X70.087 Y95.979
G0 F7200 X69.894 Y98.274
G0 X69.962 Y98.346
;TYPE:WALL-INNER
G1 F3000 X69.575 Y98.848 E372.75043
G1 X69.395 Y99.188 E372.75683
G1 X69.252 Y99.835 E372.76784
G1 X69.309 Y100.455 E372.7782
G1 X69.402 Y100.832 E372.78466
G1 X69.724 Y101.375 E372.79515
G1 X69.979 Y101.665 E372.80158
G1 X70.526 Y102.034 E372.81255
G1 X71.21 Y102.231 E372.82439
G1 X71.786 Y102.23 E372.83397
G1 X72.432 Y102.055 E372.8451
G1 X72.984 Y101.698 E372.85603
G1 X73.363 Y101.236 E372.86597
G1 X73.556 Y100.93 E372.87198
G1 X73.731 Y100.285 E372.8831
G1 X73.73 Y99.714 E372.89259
G1 X73.555 Y99.068 E372.90372
G1 X73.198 Y98.516 E372.91465
G1 X72.736 Y98.137 E372.92459
G1 X72.43 Y97.944 E372.93061
G1 X71.785 Y97.769 E372.94172
G1 X71.211 Y97.77 E372.95127
G1 X70.527 Y97.965 E372.9631
G1 X69.962 Y98.346 E372.97443
G0 F7200 X69.894 Y98.274
G0 X71.206 Y97.731
G0 X72.446 Y97.908
G0 X77.83 Y103.67
G0 X77.9 Y103.6
G1 F3000 X122.1 Y103.6 E373.70948
G1 X122.1 Y96.4 E373.82922
G1 X77.9 Y96.4 E374.56426
G1 X77.9 Y103.6 E374.684
G0 F7200 X77.83 Y103.67
G0 X122.128 Y103.628
G0 X126.95 Y98.228
G0 X127.016 Y98.302
G1 F3000 X126.637 Y98.764 E374.69394
G1 X126.444 Y99.07 E374.69995
G1 X126.269 Y99.715 E374.71107
G1 X126.27 Y100.286 E374.72056
G1 X126.445 Y100.932 E374.73169
G1 X126.802 Y101.484 E374.74263
G1 X127.264 Y101.863 E374.75256
G1 X127.57 Y102.056 E374.75858
G1 X128.215 Y102.231 E374.7697
G1 X128.786 Y102.23 E374.77919
G1 X129.432 Y102.055 E374.79032
G1 X129.984 Y101.698 E374.80125
G1 X130.363 Y101.236 E374.81119
G1 X130.556 Y100.93 E374.81721
G1 X130.731 Y100.285 E374.82832
G1 X130.73 Y99.714 E374.83782
G1 X130.555 Y99.068 E374.84895
G1 X130.198 Y98.516 E374.85988
G1 X129.736 Y98.137 E374.86982
G1 X129.43 Y97.944 E374.87583
G1 X128.785 Y97.769 E374.88695
G1 X128.214 Y97.77 E374.89644
G1 X127.568 Y97.945 E374.90757
G1 X127.016 Y98.302 E374.91851
G0 F7200 X126.95 Y98.228
G0 X129.395 Y95.797
G0 X129.415 Y95.7
G1 F3000 X130.067 Y95.911 E374.9299
G1 X130.286 Y95.982 E374.93373
G1 X131.084 Y96.443 E374.94906
G1 X131.766 Y97.057 E374.96432
G1 X132.309 Y97.805 E374.97969
G1 X132.681 Y98.641 E374.99491
G1 X132.873 Y99.541 E375.01021
G1 X132.873 Y100.459 E375.02548
G1 X132.681 Y101.359 E375.04078
G1 X132.309 Y102.195 E375.056
G1 X131.766 Y102.943 E375.07137
G1 X131.084 Y103.557 E375.08663
G1 X130.285 Y104.018 E375.10197
G1 X129.418 Y104.3 E375.11713
G1 X128.466 Y104.4 E375.13305
G1 X71.534 Y104.4 E376.07983
G1 X70.582 Y104.3 E376.09575
G1 X69.715 Y104.018 E376.11092
G1 X68.916 Y103.557 E376.12626
G1 X68.234 Y102.943 E376.14152
G1 X67.691 Y102.195 E376.15689
G1 X67.319 Y101.359 E376.17211
G1 X67.127 Y100.459 E376.18741
G1 X67.127 Y99.541 E376.20268
G1 X67.319 Y98.641 E376.21798
G1 X67.691 Y97.805 E376.2332
G1 X68.234 Y97.057 E376.24857
G1 X68.916 Y96.443 E376.26383
G1 X69.715 Y95.982 E376.27917
G1 X70.582 Y95.7 E376.29433
G1 X71.534 Y95.6 E376.31025
G1 X128.466 Y95.6 E377.25703
G1 X129.182 Y95.675 E377.26901
G1 X129.415 Y95.7 E377.2729
G0 F7200 X129.499 Y95.306
;TYPE:WALL-OUTER
G1 F1500 X130.19 Y95.53 E377.28498
G1 X130.452 Y95.616 E377.28957
G1 X131.319 Y96.116 E377.30621
G1 X132.066 Y96.789 E377.32293
G1 X132.656 Y97.602 E377.33964
G1 X133.063 Y98.516 E377.35628
G1 X133.273 Y99.5 E377.37301
G1 X133.273 Y100.5 E377.38964
G1 X133.063 Y101.484 E377.40637
G1 X132.656 Y102.398 E377.42301
G1 X132.066 Y103.211 E377.43972
G1 X131.319 Y103.884 E377.45644
G1 X130.452 Y104.384 E377.47308
G1 X129.499 Y104.694 E377.48975
G1 X128.489 Y104.8 E377.50664
G1 X71.511 Y104.8 E378.45418
G1 X70.501 Y104.694 E378.47107
G1 X69.548 Y104.384 E378.48774
G1 X68.681 Y103.884 E378.50438
G1 X67.934 Y103.211 E378.5211
G1 X67.344 Y102.398 E378.53781
G1 X66.937 Y101.484 E378.55445
G1 X66.727 Y100.5 E378.57118
G1 X66.727 Y99.5 E378.58781
G1 X66.937 Y98.516 E378.60454
G1 X67.344 Y97.602 E378.62118
G1 X67.934 Y96.789 E378.63789
G1 X68.681 Y96.116 E378.65461
G1 X69.548 Y95.616 E378.67125
G1 X70.501 Y95.306 E378.68792
G1 X71.511 Y95.2 E378.70481
G1 X128.489 Y95.2 E379.65235
G1 X129.224 Y95.277 E379.66464
G1 X129.499 Y95.306 E379.66924
G0 F7200 X129.689 Y95.367
G0 X129.535 Y95.843
G0 X126.9 Y98.287
G0 X127.286 Y98.604
G1 F1500 X126.962 Y98.999 E379.67774
G1 X126.814 Y99.233 E379.68234
G1 X126.669 Y99.768 E379.69156
G1 X126.67 Y100.232 E379.69928
G1 X126.815 Y100.767 E379.70849
G1 X127.104 Y101.214 E379.71735
G1 X127.499 Y101.538 E379.72584
G1 X127.733 Y101.686 E379.73045
G1 X128.268 Y101.831 E379.73967
G1 X128.732 Y101.83 E379.74738
G1 X129.267 Y101.685 E379.7566
G1 X129.714 Y101.396 E379.76545
G1 X130.038 Y101.001 E379.77395
G1 X130.186 Y100.767 E379.77855
G1 X130.331 Y100.232 E379.78777
G1 X130.33 Y99.768 E379.79549
G1 X130.185 Y99.233 E379.8047
G1 X129.896 Y98.786 E379.81356
G1 X129.501 Y98.462 E379.82205
G1 X129.267 Y98.314 E379.82666
G1 X128.732 Y98.169 E379.83588
G1 X128.268 Y98.17 E379.84359
G1 X127.733 Y98.315 E379.85281
G1 X127.286 Y98.604 E379.86166
G0 F7200 X127.159 Y98.758
G0 X126.773 Y98.441
G0 X122.128 Y103.628
G0 X77.872 Y103.628
G0 X78.3 Y103.2
G1 F1500 X121.7 Y103.2 E380.58341
G1 X121.7 Y96.8 E380.68984
G1 X78.3 Y96.8 E381.41158
G1 X78.3 Y103.2 E381.51802
G0 F7200 X78.5 Y103.2
G0 X78.5 Y103.7
G0 X73.227 Y98.49
G0 X72.446 Y97.908
G0 X71.206 Y97.731
G0 X69.844 Y98.336
G0 X70.239 Y98.641
G1 F1500 X69.913 Y99.065 E381.52691
G1 X69.774 Y99.327 E381.53184
G1 X69.656 Y99.86 E381.54092
G1 X69.705 Y100.389 E381.54976
G1 X69.776 Y100.679 E381.55472
G1 X70.049 Y101.139 E381.56362
G1 X70.245 Y101.362 E381.56855
G1 X70.697 Y101.667 E381.57762
G1 X71.266 Y101.831 E381.58747
G1 X71.732 Y101.83 E381.59522
G1 X72.267 Y101.685 E381.60444
G1 X72.714 Y101.396 E381.61329
G1 X73.038 Y101.001 E381.62179
G1 X73.186 Y100.767 E381.62639
G1 X73.331 Y100.232 E381.63561
G1 X73.33 Y99.768 E381.64332
G1 X73.185 Y99.233 E381.65254
G1 X72.896 Y98.786 E381.66139
G1 X72.501 Y98.462 E381.66989
G1 X72.267 Y98.314 E381.6745
G1 X71.732 Y98.169 E381.68371
G1 X71.267 Y98.17 E381.69145
G1 X70.698 Y98.332 E381.70129
G1 X70.239 Y98.641 E381.71049
G0 F7200 X70.117 Y98.799
G0 X69.722 Y98.494
G0 X70.511 Y97.929
G0 X77.743 Y96.204
G0 X77.948 Y95.999
;TYPE:SKIN
G1 F1500 X77.774 Y95.889 E381.714
G1 X78.514 Y95.999 E381.72675
G1 X122.072 Y95.999 E382.4691
G1 X122.234 Y96.119 E382.47253
G0 F7200 X122.319 Y96.035
G0 X122.196 Y103.794
G0 X121.991 Y103.999
G1 F1500 X121.708 Y103.999 E382.47739
G1 X78.15 Y103.999 E383.22555
G1 X77.734 Y103.849 E383.23314
G0 F7200 X77.79 Y103.794
G0 X122.069 Y104.204
G1 F1500 X122.319 Y103.954 E383.23608
G1 F1500 E376.73608
;MESH:NONMESH
G0 F600 X122.319 Y103.954 Z2.3
G0 F7200 X80.01 Y103.6
G0 X80.01 Y102.335
G0 X80.01 Y97.9
;TIME_ELAPSED:735.818482
;LAYER:20
;TYPE:SUPPORT
G1 F1500 E383.23608
G1 F3000 X79.4 Y97.9 E383.24623
G1 X79.4 Y102.1 E383.31607
G1 X80.01 Y102.1 E383.32622
G1 X80.01 Y97.9 E383.39606
G1 X82.677 Y97.9 E383.44042
G1 X82.677 Y102.1 E383.51026
G1 X85.344 Y102.1 E383.55462
G1 X85.344 Y97.9 E383.62446
G1 X88.011 Y97.9 E383.66881
G1 X88.011 Y102.1 E383.73866
G1 X90.678 Y102.1 E383.78301
G1 X90.678 Y97.9 E383.85286
G1 X93.345 Y97.9 E383.89721
G1 X93.345 Y102.1 E383.96706
G1 X96.012 Y102.1 E384.01141
G1 X96.012 Y97.9 E384.08126
G1 X98.679 Y97.9 E384.12561
G1 X98.679 Y102.1 E384.19546
G1 X101.346 Y102.1 E384.23981
G1 X101.346 Y97.9 E384.30965
G1 X104.013 Y97.9 E384.35401
G1 X104.013 Y102.1 E384.42385
G1 X106.68 Y102.1 E384.46821
G1 X106.68 Y97.9 E384.53805
G1 X109.347 Y97.9 E384.5824
G1 X109.347 Y102.1 E384.65225
G1 X112.014 Y102.1 E384.6966
G1 X112.014 Y97.9 E384.76645
G1 X114.681 Y97.9 E384.8108
G1 X114.681 Y102.1 E384.88065
G1 X117.348 Y102.1 E384.925
G1 X117.348 Y97.9 E384.99485
G1 X120.015 Y97.9 E385.0392
G1 X120.015 Y102.1 E385.10904
G1 X120.6 Y102.1 E385.11877
G1 X120.6 Y97.9 E385.18862
G1 X120.015 Y97.9 E385.19835
G1 F1500 E378.69835
;MESH:reed_holder.stl
G0 F7200 X122.1 Y97.9
G0 X122.259 Y97.752
;TYPE:FILL
G1 F1500 E385.19835
G1 F3000 X122.939 Y98.432 E385.21434
G1 X123.009 Y98.502
G0 F7200 X122.259 Y99.637
G1 F3000 X122.939 Y100.317 E385.23033
G1 X123.009 Y100.387
G0 F7200 X122.259 Y101.522
G1 F3000 X122.939 Y102.203 E385.24634
G1 X123.009 Y102.273
G0 F7200 X122.259 Y103.408
G1 F3000 X122.939 Y104.088 E385.26233
G1 X123.009 Y104.158
G0 F7200 X122.939 Y96.547
G1 F3000 X122.259 Y95.867 E385.27832
G1 X122.189 Y95.797
G0 F7200 X77.872 Y96.372
G0 X77.74 Y96.591
G1 F3000 X77.059 Y95.911 E385.29433
G1 X76.989 Y95.841
G0 F7200 X77.059 Y97.796
G1 F3000 X77.74 Y98.476 E385.31033
G1 X77.81 Y98.546
G0 F7200 X77.8 Y98.546
G0 X77.059 Y99.681
G1 F3000 X77.74 Y100.361 E385.32634
G1 X77.81 Y100.431
G0 F7200 X77.8 Y100.431
G0 X77.059 Y101.566
G1 F3000 X77.74 Y102.246 E385.34234
G1 X77.81 Y102.316
G0 F7200 X77.8 Y102.316
G0 X77.059 Y103.451
G1 F3000 X77.74 Y104.132 E385.35836
G1 X77.81 Y104.202
G0 F7200 X77.9 Y103.6
;TYPE:WALL-INNER
G1 F3000 X122.1 Y103.6 E386.09341
G1 X122.1 Y96.4 E386.21314
G1 X77.9 Y96.4 E386.94819
G1 X77.9 Y103.6 E387.06793
G0 F7200 X77.83 Y103.67
G0 X73.268 Y98.382
G0 X72.479 Y97.815
G0 X71.5 Y97.607
G0 X69.803 Y98.222
G0 X69.872 Y98.293
G1 F3000 X69.428 Y98.903 E387.08047
G1 X69.246 Y99.376 E387.0889
G1 X69.146 Y100.113 E387.10127
G1 X69.309 Y100.877 E387.11426
G1 X69.712 Y101.523 E387.12692
G1 X70.076 Y101.848 E387.13504
G1 X70.505 Y102.133 E387.1436
G1 X71.034 Y102.307 E387.15287
G1 X71.5 Y102.353 E387.16065
G1 X71.962 Y102.307 E387.16837
G1 X72.468 Y102.147 E387.1772
G1 X73.091 Y101.739 E387.18958
G1 X73.505 Y101.192 E387.20099
G1 X73.649 Y100.963 E387.20549
G1 X73.807 Y100.462 E387.21423
G1 X73.853 Y100 E387.22195
G1 X73.807 Y99.538 E387.22967
G1 X73.647 Y99.032 E387.23849
G1 X73.239 Y98.409 E387.25088
G1 X72.692 Y97.995 E387.26229
G1 X72.463 Y97.851 E387.26679
G1 X71.962 Y97.693 E387.27552
G1 X71.5 Y97.647 E387.28324
G1 X71.034 Y97.693 E387.29103
G1 X70.502 Y97.868 E387.30034
G1 X69.872 Y98.293 E387.31298
G0 F7200 X69.803 Y98.222
G0 X71.026 Y97.654
G0 X77.872 Y96.372
G0 X122.128 Y96.372
G0 X126.841 Y98.188
G0 X126.909 Y98.261
G1 F3000 X126.495 Y98.808 E387.32439
G1 X126.351 Y99.037 E387.32889
G1 X126.193 Y99.538 E387.33763
G1 X126.147 Y100 E387.34535
G1 X126.193 Y100.462 E387.35307
G1 X126.353 Y100.968 E387.36189
G1 X126.761 Y101.591 E387.37428
G1 X127.308 Y102.005 E387.38569
G1 X127.537 Y102.149 E387.39018
G1 X128.038 Y102.307 E387.39892
G1 X128.5 Y102.353 E387.40664
G1 X128.962 Y102.307 E387.41436
G1 X129.468 Y102.147 E387.42319
G1 X130.091 Y101.739 E387.43557
G1 X130.505 Y101.192 E387.44698
G1 X130.649 Y100.963 E387.45148
G1 X130.807 Y100.462 E387.46022
G1 X130.853 Y100 E387.46794
G1 X130.807 Y99.538 E387.47566
G1 X130.647 Y99.032 E387.48448
G1 X130.239 Y98.409 E387.49687
G1 X129.692 Y97.995 E387.50828
G1 X129.463 Y97.851 E387.51278
G1 X128.962 Y97.693 E387.52151
G1 X128.5 Y97.647 E387.52923
G1 X128.038 Y97.693 E387.53695
G1 X127.532 Y97.853 E387.54578
G1 X126.909 Y98.261 E387.55816
G0 F7200 X126.841 Y98.188
G0 X129.207 Y95.778
G0 X129.217 Y95.679
G1 F3000 X129.42 Y95.7 E387.56156
G1 X130.099 Y95.92 E387.57343
G1 X130.29 Y95.984 E387.57678
G1 X131.08 Y96.44 E387.59195
G1 X131.768 Y97.06 E387.60735
G1 X132.308 Y97.802 E387.62261
G1 X132.681 Y98.64 E387.63786
G1 X132.873 Y99.541 E387.65318
G1 X132.873 Y100.459 E387.66845
G1 X132.681 Y101.36 E387.68377
G1 X132.308 Y102.198 E387.69902
G1 X131.768 Y102.94 E387.71429
G1 X131.08 Y103.56 E387.72969
G1 X130.289 Y104.017 E387.74488
G1 X129.418 Y104.3 E387.76011
G1 X128.721 Y104.373 E387.77176
G1 X127.24 Y104.4 E387.7964
G1 X71.534 Y104.4 E388.72279
G1 X70.581 Y104.3 E388.73873
G1 X69.711 Y104.017 E388.75394
G1 X68.92 Y103.56 E388.76913
G1 X68.232 Y102.94 E388.78454
G1 X67.692 Y102.198 E388.7998
G1 X67.319 Y101.36 E388.81505
G1 X67.127 Y100.459 E388.83037
G1 X67.127 Y99.541 E388.84564
G1 X67.319 Y98.64 E388.86096
G1 X67.692 Y97.802 E388.87621
G1 X68.232 Y97.06 E388.89147
G1 X68.92 Y96.44 E388.90688
G1 X69.711 Y95.983 E388.92207
G1 X70.582 Y95.7 E388.9373
G1 X71.534 Y95.6 E388.95322
G1 X128.466 Y95.6 E389.9
G1 X129.217 Y95.679 E389.91256
G0 F7200 X129.259 Y95.281
;TYPE:WALL-OUTER
G1 F1500 X129.5 Y95.306 E389.91659
G1 X130.224 Y95.541 E389.92925
G1 X130.452 Y95.616 E389.93324
G1 X131.318 Y96.116 E389.94987
G1 X132.068 Y96.791 E389.96665
G1 X132.655 Y97.599 E389.98326
G1 X133.063 Y98.516 E389.99995
G1 X133.273 Y99.5 E390.01668
G1 X133.273 Y100.5 E390.03331
G1 X133.063 Y101.484 E390.05004
G1 X132.655 Y102.401 E390.06673
G1 X132.068 Y103.209 E390.08334
G1 X131.318 Y103.884 E390.10012
G1 X130.452 Y104.384 E390.11675
G1 X129.499 Y104.694 E390.13342
G1 X128.747 Y104.773 E390.14599
G1 X127.247 Y104.8 E390.17094
G1 X71.511 Y104.8 E391.09783
G1 X70.5 Y104.694 E391.11474
G1 X69.548 Y104.384 E391.13139
G1 X68.682 Y103.884 E391.14802
G1 X67.932 Y103.209 E391.1648
G1 X67.345 Y102.401 E391.18141
G1 X66.937 Y101.484 E391.1981
G1 X66.727 Y100.5 E391.21483
G1 X66.727 Y99.5 E391.23146
G1 X66.937 Y98.516 E391.24819
G1 X67.345 Y97.599 E391.26489
G1 X67.932 Y96.791 E391.28149
G1 X68.682 Y96.116 E391.29827
G1 X69.548 Y95.616 E391.3149
G1 X70.501 Y95.306 E391.33157
G1 X71.511 Y95.2 E391.34846
G1 X128.489 Y95.2 E392.29601
G1 X129.259 Y95.281 E392.30888
G0 F7200 X129.458 Y95.301
G0 X129.406 Y95.798
G0 X126.913 Y98.14
G0 X127.186 Y98.558
G1 F1500 X126.824 Y99.036 E392.31885
G1 X126.717 Y99.206 E392.32219
G1 X126.587 Y99.619 E392.32939
G1 X126.549 Y100 E392.33576
G1 X126.587 Y100.381 E392.34213
G1 X126.718 Y100.795 E392.34935
G1 X127.058 Y101.314 E392.35967
G1 X127.536 Y101.676 E392.36964
G1 X127.706 Y101.783 E392.37298
G1 X128.119 Y101.913 E392.38018
G1 X128.5 Y101.951 E392.38655
G1 X128.881 Y101.913 E392.39292
G1 X129.295 Y101.782 E392.40014
G1 X129.814 Y101.442 E392.41046
G1 X130.176 Y100.964 E392.42043
G1 X130.283 Y100.794 E392.42377
G1 X130.413 Y100.381 E392.43097
G1 X130.451 Y100 E392.43734
G1 X130.413 Y99.619 E392.4437
G1 X130.282 Y99.205 E392.45092
G1 X129.942 Y98.686 E392.46124
G1 X129.464 Y98.324 E392.47121
G1 X129.294 Y98.217 E392.47456
G1 X128.881 Y98.087 E392.48176
G1 X128.5 Y98.049 E392.48812
G1 X128.119 Y98.087 E392.49449
G1 X127.705 Y98.218 E392.50171
G1 X127.186 Y98.558 E392.51203
G0 F7200 X127.066 Y98.717
G0 X126.668 Y98.415
G0 X122.128 Y103.628
G0 X77.872 Y103.628
G0 X78.3 Y103.2
G1 F1500 X121.7 Y103.2 E393.23377
G1 X121.7 Y96.8 E393.34021
G1 X78.3 Y96.8 E394.06195
G1 X78.3 Y103.2 E394.16838
G0 F7200 X78.5 Y103.2
G0 X78.5 Y103.7
G0 X73.268 Y98.382
G0 X72.479 Y97.815
G0 X71.5 Y97.607
G0 X69.876 Y98.17
G0 X70.154 Y98.585
G1 F1500 X69.782 Y99.096 E394.1789
G1 X69.636 Y99.476 E394.18567
G1 X69.552 Y100.098 E394.1961
G1 X69.686 Y100.725 E394.20677
G1 X70.021 Y101.263 E394.21731
G1 X70.321 Y101.531 E394.224
G1 X70.681 Y101.77 E394.23118
G1 X71.117 Y101.913 E394.23881
G1 X71.5 Y101.951 E394.24521
G1 X71.881 Y101.913 E394.25158
G1 X72.295 Y101.782 E394.2588
G1 X72.814 Y101.442 E394.26912
G1 X73.176 Y100.964 E394.27909
G1 X73.283 Y100.794 E394.28243
G1 X73.413 Y100.381 E394.28963
G1 X73.451 Y100 E394.296
G1 X73.413 Y99.619 E394.30237
G1 X73.282 Y99.205 E394.30959
G1 X72.942 Y98.686 E394.31991
G1 X72.464 Y98.324 E394.32988
G1 X72.294 Y98.217 E394.33322
G1 X71.881 Y98.087 E394.34042
G1 X71.5 Y98.049 E394.34679
G1 X71.117 Y98.087 E394.35319
G1 X70.68 Y98.231 E394.36084
G1 X70.154 Y98.585 E394.37138
G0 F7200 X70.037 Y98.746
G0 X69.597 Y98.008
;TYPE:SKIN
G1 F1500 X69.083 Y98.715 E394.38592
G1 X68.866 Y99.278 E394.39595
G1 X68.75 Y100.128 E394.41022
G1 X68.942 Y101.025 E394.42548
G1 X69.41 Y101.777 E394.4402
G1 X69.837 Y102.158 E394.44972
G1 X70.333 Y102.487 E394.45962
G1 X70.953 Y102.691 E394.47047
G1 X71.5 Y102.745 E394.47962
G1 X72.04 Y102.691 E394.48864
G1 X72.637 Y102.502 E394.49905
G1 X73.362 Y102.028 E394.51346
G1 X73.826 Y101.414 E394.52626
G1 X74.006 Y101.128 E394.53188
G1 X74.191 Y100.54 E394.54213
G1 X74.245 Y100 E394.55115
G1 X74.191 Y99.46 E394.56018
G1 X74.002 Y98.863 E394.57059
G1 X73.528 Y98.138 E394.585
G1 X72.914 Y97.674 E394.5978
G1 X72.628 Y97.494 E394.60342
G1 X72.04 Y97.309 E394.61367
G1 X71.5 Y97.255 E394.62269
G1 X70.952 Y97.309 E394.63185
G1 X70.329 Y97.515 E394.64276
G1 X69.597 Y98.008 E394.65744
G0 F7200 X68.526 Y97.321
G1 F1500 X69.151 Y96.757 E394.67144
G1 X69.871 Y96.342 E394.68526
G1 X70.664 Y96.084 E394.69913
G1 X71.555 Y95.99 E394.71403
G1 X77.11 Y95.99 E394.80641
G1 X77.11 Y104.01 E394.93978
G1 X71.555 Y104.01 E395.03216
G1 X70.663 Y103.916 E395.04708
G1 X69.871 Y103.658 E395.06093
G1 X69.151 Y103.243 E395.07475
G1 X68.526 Y102.679 E395.08875
G1 X68.031 Y102 E395.10272
G1 X67.693 Y101.24 E395.11655
G1 X67.517 Y100.415 E395.13058
G1 X67.517 Y99.585 E395.14439
G1 X67.693 Y98.76 E395.15841
G1 X68.031 Y98 E395.17225
G1 X68.526 Y97.321 E395.18622
G0 F7200 X67.911 Y101.286
G1 F1500 X70.198 Y103.574 E395.24002
G0 F7200 X70.955 Y103.765
G1 F1500 X67.727 Y100.537 E395.31594
G0 F7200 X67.696 Y99.941
G1 F1500 X68.752 Y100.996 E395.34076
G0 F7200 X68.598 Y100.276
G1 F1500 X67.737 Y99.415 E395.36101
G0 F7200 X67.836 Y98.949
G1 F1500 X68.622 Y99.735 E395.3795
G0 F7200 X68.689 Y99.236
G1 F1500 X67.989 Y98.536 E395.39596
G0 F7200 X68.163 Y98.145
G1 F1500 X68.847 Y98.828 E395.41203
G0 F7200 X69.045 Y98.461
G1 F1500 X68.392 Y97.808 E395.42739
G0 F7200 X68.631 Y97.481
G1 F1500 X69.283 Y98.133 E395.44272
G0 F7200 X69.542 Y97.826
G1 F1500 X68.921 Y97.205 E395.45733
G0 F7200 X69.218 Y96.937
G1 F1500 X69.88 Y97.599 E395.4729
G0 F7200 X70.218 Y97.371
G1 F1500 X69.57 Y96.723 E395.48814
G0 F7200 X69.93 Y96.517
G1 F1500 X70.635 Y97.222 E395.50472
G0 F7200 X71.091 Y97.113
G1 F1500 X70.352 Y96.374 E395.5221
G0 F7200 X70.794 Y96.25
G1 F1500 X71.629 Y97.085 E395.54174
G0 F7200 X72.315 Y97.205
G1 F1500 X71.306 Y96.196 E395.56547
G0 F7200 X71.844 Y96.169
G1 F1500 X76.93 Y101.254 E395.68507
G0 F7200 X76.93 Y100.689
G1 F1500 X72.41 Y96.169 E395.79137
G0 F7200 X72.976 Y96.169
G1 F1500 X76.93 Y100.123 E395.88437
G0 F7200 X76.93 Y99.557
G1 F1500 X73.541 Y96.169 E395.96406
G0 F7200 X74.107 Y96.169
G1 F1500 X76.93 Y98.992 E396.03045
G0 F7200 X76.93 Y98.426
G1 F1500 X74.673 Y96.169 E396.08353
G0 F7200 X75.238 Y96.169
G1 F1500 X76.93 Y97.86 E396.12331
G0 F7200 X76.93 Y97.295
G1 F1500 X75.804 Y96.169 E396.1498
G0 F7200 X76.37 Y96.169
G1 F1500 X76.93 Y96.729 E396.16297
G0 F7200 X74.292 Y99.182
G1 F1500 X76.93 Y101.82 E396.22501
G0 F7200 X76.93 Y102.386
G1 F1500 X74.412 Y99.868 E396.28423
G0 F7200 X74.384 Y100.406
G1 F1500 X76.93 Y102.951 E396.34409
G0 F7200 X76.93 Y103.517
G1 F1500 X74.277 Y100.864 E396.40649
G0 F7200 X74.123 Y101.276
G1 F1500 X76.676 Y103.829 E396.46653
G0 F7200 X76.11 Y103.829
G1 F1500 X73.897 Y101.616 E396.51858
G0 F7200 X73.654 Y101.938
G1 F1500 X75.545 Y103.829 E396.56305
G0 F7200 X74.979 Y103.829
G1 F1500 X73.38 Y102.23 E396.60066
G0 F7200 X73.037 Y102.453
G1 F1500 X74.413 Y103.829 E396.63302
G0 F7200 X73.848 Y103.829
G1 F1500 X72.691 Y102.672 E396.66023
G0 F7200 X72.262 Y102.809
G1 F1500 X73.282 Y103.829 E396.68422
G0 F7200 X72.716 Y103.829
G1 F1500 X71.784 Y102.896 E396.70615
G0 F7200 X71.219 Y102.897
G1 F1500 X72.151 Y103.829 E396.72807
G0 F7200 X71.585 Y103.829
G1 F1500 X70.48 Y102.724 E396.75406
G1 X70.41 Y102.654
G0 F7200 X77.872 Y103.628
G0 X122.89 Y104.01
G1 F1500 X122.89 Y95.99 E396.88743
G1 X128.444 Y95.99 E396.97979
G1 X129.176 Y96.067 E396.99203
G1 X129.339 Y96.084 E396.99476
G1 X129.951 Y96.282 E397.00545
G1 X130.13 Y96.342 E397.00859
G1 X130.85 Y96.757 E397.02241
G1 X131.474 Y97.32 E397.03639
G1 X131.969 Y98 E397.05038
G1 X132.307 Y98.76 E397.06421
G1 X132.483 Y99.585 E397.07824
G1 X132.483 Y100.415 E397.09204
G1 X132.307 Y101.24 E397.10607
G1 X131.969 Y102 E397.1199
G1 X131.474 Y102.679 E397.13388
G1 X130.849 Y103.243 E397.14788
G1 X130.129 Y103.658 E397.1617
G1 X129.336 Y103.916 E397.17557
G1 X128.696 Y103.983 E397.18627
G1 X127.233 Y104.01 E397.2106
G1 X122.89 Y104.01 E397.28283
G0 F7200 X125.755 Y100
G1 F1500 X125.809 Y100.54 E397.29185
G1 X125.998 Y101.137 E397.30226
G1 X126.472 Y101.862 E397.31667
G1 X127.086 Y102.326 E397.32947
G1 X127.372 Y102.506 E397.33509
G1 X127.96 Y102.691 E397.34534
G1 X128.5 Y102.745 E397.35436
G1 X129.04 Y102.691 E397.36339
G1 X129.637 Y102.502 E397.3738
G1 X130.362 Y102.028 E397.38821
G1 X130.826 Y101.414 E397.40101
G1 X131.006 Y101.128 E397.40663
G1 X131.191 Y100.54 E397.41688
G1 X131.245 Y100 E397.4259
G1 X131.191 Y99.46 E397.43493
G1 X131.002 Y98.863 E397.44534
G1 X130.528 Y98.138 E397.45975
G1 X129.914 Y97.674 E397.47254
G1 X129.628 Y97.494 E397.47816
G1 X129.04 Y97.309 E397.48841
G1 X128.5 Y97.255 E397.49744
G1 X127.96 Y97.309 E397.50647
G1 X127.363 Y97.498 E397.51688
G1 X126.638 Y97.972 E397.53128
G1 X126.174 Y98.586 E397.54408
G1 X125.994 Y98.872 E397.5497
G1 X125.809 Y99.46 E397.55995
G1 X125.755 Y100 E397.56898
G0 F7200 X123.629 Y103.83
G1 F1500 X123.069 Y103.27 E397.58215
G0 F7200 X123.069 Y102.704
G1 F1500 X124.194 Y103.83 E397.60862
G0 F7200 X124.76 Y103.83
G1 F1500 X123.069 Y102.138 E397.6484
G0 F7200 X123.069 Y101.573
G1 F1500 X125.326 Y103.83 E397.70148
G0 F7200 X125.891 Y103.83
G1 F1500 X123.069 Y101.007 E397.76786
G0 F7200 X123.069 Y100.441
G1 F1500 X126.457 Y103.83 E397.84755
G0 F7200 X127.023 Y103.83
G1 F1500 X123.069 Y99.876 E397.94055
G0 F7200 X123.069 Y99.31
G1 F1500 X127.581 Y103.823 E398.04667
G0 F7200 X128.137 Y103.813
G1 F1500 X123.069 Y98.744 E398.16588
G0 F7200 X123.069 Y98.178
G1 F1500 X125.707 Y100.817 E398.22793
G0 F7200 X125.587 Y100.131
G1 F1500 X123.069 Y97.613 E398.28715
G0 F7200 X123.069 Y97.047
G1 F1500 X125.614 Y99.593 E398.34702
G0 F7200 X125.722 Y99.134
G1 F1500 X123.069 Y96.481 E398.40941
G0 F7200 X123.322 Y96.17
G1 F1500 X125.874 Y98.722 E398.46943
G0 F7200 X126.101 Y98.382
G1 F1500 X123.888 Y96.17 E398.52146
G0 F7200 X124.454 Y96.17
G1 F1500 X126.345 Y98.06 E398.56593
G0 F7200 X126.618 Y97.768
G1 F1500 X125.02 Y96.17 E398.60351
G0 F7200 X125.585 Y96.17
G1 F1500 X126.961 Y97.546 E398.63587
G0 F7200 X127.308 Y97.326
G1 F1500 X126.151 Y96.17 E398.66307
G0 F7200 X126.717 Y96.17
G1 F1500 X127.737 Y97.19 E398.68706
G0 F7200 X128.214 Y97.102
G1 F1500 X127.282 Y96.17 E398.70898
G0 F7200 X127.848 Y96.17
G1 F1500 X128.779 Y97.101 E398.73087
G0 F7200 X129.513 Y97.269
G1 F1500 X128.414 Y96.17 E398.75672
G0 F7200 X129.044 Y96.234
G1 F1500 X132.272 Y99.462 E398.83264
G0 F7200 X132.302 Y100.058
G1 F1500 X131.228 Y98.984 E398.8579
G0 F7200 X131.396 Y99.718
G1 F1500 X132.262 Y100.583 E398.87825
G0 F7200 X132.162 Y101.049
G1 F1500 X131.395 Y100.283 E398.89628
G0 F7200 X131.308 Y100.761
G1 F1500 X132.009 Y101.462 E398.91276
G0 F7200 X131.835 Y101.853
G1 F1500 X131.173 Y101.192 E398.92832
G0 F7200 X130.955 Y101.539
G1 F1500 X131.606 Y102.19 E398.94363
G0 F7200 X131.367 Y102.517
G1 F1500 X130.712 Y101.862 E398.95904
G0 F7200 X130.461 Y102.177
G1 F1500 X131.077 Y102.793 E398.97352
G0 F7200 X130.78 Y103.061
G1 F1500 X130.119 Y102.401 E398.98906
G0 F7200 X129.776 Y102.623
G1 F1500 X130.428 Y103.275 E399.00439
G0 F7200 X130.069 Y103.482
G1 F1500 X129.364 Y102.777 E399.02097
G0 F7200 X128.906 Y102.885
G1 F1500 X129.646 Y103.625 E399.03838
G0 F7200 X129.203 Y103.748
G1 F1500 X128.368 Y102.913 E399.05801
G0 F7200 X127.682 Y102.792
G1 F1500 X128.692 Y103.801 E399.08176
G1 X128.762 Y103.871
G0 F7200 X129.851 Y102.233
G0 X132.088 Y98.712
G1 F1500 X129.795 Y96.42 E399.13567
G1 X129.725 Y96.35
G0 F7200 X122.319 Y96.015
G0 X122.208 Y95.904
;TYPE:SKIN
G1 F1500 X122.021 Y95.999 E399.13926
G1 X77.897 Y95.999 E399.894
G1 X77.749 Y96.134 E399.89742
G0 F7200 X77.679 Y96.064
G0 X77.773 Y103.794
G0 X77.978 Y103.999
G1 F1500 X77.789 Y104.094 E399.90102
G1 X78.826 Y103.999 E399.91876
G1 X122.101 Y103.999 E400.65572
G1 X122.249 Y103.864 E400.65913
G0 F7200 X122.382 Y103.882
G1 F1500 E394.15913
;MESH:NONMESH
G0 F600 X122.382 Y103.882 Z2.4
G0 F7200 X80.01 Y103.6
G0 X80.01 Y102.335
G0 X80.01 Y97.9
;TIME_ELAPSED:776.054335
;LAYER:21
;TYPE:SUPPORT
G1 F1500 E400.65913
G1 F3000 X79.4 Y97.9 E400.66928
G1 X79.4 Y102.1 E400.73912
G1 X80.01 Y102.1 E400.74927
G1 X80.01 Y97.9 E400.81911
G1 X82.677 Y97.9 E400.86346
G1 X82.677 Y102.1 E400.93331
G1 X85.344 Y102.1 E400.97766
G1 X85.344 Y97.9 E401.04751
G1 X88.011 Y97.9 E401.09186
G1 X88.011 Y102.1 E401.16171
G1 X90.678 Y102.1 E401.20606
G1 X90.678 Y97.9 E401.27591
G1 X93.345 Y97.9 E401.32026
G1 X93.345 Y102.1 E401.39011
G1 X96.012 Y102.1 E401.43446
G1 X96.012 Y97.9 E401.5043
G1 X98.679 Y97.9 E401.54866
G1 X98.679 Y102.1 E401.6185
G1 X101.346 Y102.1 E401.66286
G1 X101.346 Y97.9 E401.7327
G1 X104.013 Y97.9 E401.77705
G1 X104.013 Y102.1 E401.8469
G1 X106.68 Y102.1 E401.89125
G1 X106.68 Y97.9 E401.9611
G1 X109.347 Y97.9 E402.00545
G1 X109.347 Y102.1 E402.0753
G1 X112.014 Y102.1 E402.11965
G1 X112.014 Y97.9 E402.1895
G1 X114.681 Y97.9 E402.23385
G1 X114.681 Y102.1 E402.30369
G1 X117.348 Y102.1 E402.34805
G1 X117.348 Y97.9 E402.41789
G1 X120.015 Y97.9 E402.46225
G1 X120.015 Y102.1 E402.53209
G1 X120.6 Y102.1 E402.54182
G1 X120.6 Y97.9 E402.61167
G1 X120.015 Y97.9 E402.6214
G1 F1500 E396.1214
;MESH:reed_holder.stl
G0 F7200 X122.1 Y97.9
G0 X122.259 Y98.476
;TYPE:FILL
G1 F1500 E402.6214
G1 F3000 X122.938 Y97.797 E402.63736
G1 X123.008 Y97.727
G0 F7200 X122.259 Y96.591
G1 F3000 X122.938 Y95.911 E402.65335
G1 X123.008 Y95.841
G0 F7200 X122.938 Y99.682
G1 F3000 X122.259 Y100.361 E402.66931
G1 X122.189 Y100.431
G0 F7200 X122.2 Y100.431
G0 X122.938 Y101.567
G1 F3000 X122.259 Y102.246 E402.68528
G1 X122.189 Y102.316
G0 F7200 X122.2 Y102.316
G0 X122.938 Y103.452
G1 F3000 X122.259 Y104.132 E402.70126
G1 X122.189 Y104.202
G0 F7200 X77.872 Y103.628
G0 X77.74 Y103.408
G1 F3000 X77.06 Y104.087 E402.71725
G1 X76.99 Y104.157
G0 F7200 X77.06 Y102.202
G1 F3000 X77.74 Y101.522 E402.73324
G1 X77.81 Y101.452
G0 F7200 X77.8 Y101.452
G0 X77.06 Y100.317
G1 F3000 X77.74 Y99.637 E402.74923
G1 X77.81 Y99.567
G0 F7200 X77.8 Y99.567
G0 X77.06 Y98.432
G1 F3000 X77.74 Y97.752 E402.76522
G1 X77.81 Y97.682
G0 F7200 X77.8 Y97.682
G0 X77.06 Y96.546
G1 F3000 X77.74 Y95.867 E402.7812
G1 X77.81 Y95.797
G0 F7200 X73.263 Y101.851
G0 X73.194 Y101.78
;TYPE:WALL-INNER
G1 F3000 X73.681 Y101.099 E402.79513
G1 X73.903 Y100.499 E402.80577
G1 X73.956 Y99.983 E402.81439
G1 X73.851 Y99.327 E402.82544
G1 X73.679 Y98.903 E402.83305
G1 X73.28 Y98.306 E402.84499
G1 X72.599 Y97.819 E402.85891
G1 X71.999 Y97.597 E402.86955
G1 X71.483 Y97.544 E402.87818
G1 X70.848 Y97.646 E402.88887
G1 X70.489 Y97.762 E402.89515
G1 X69.935 Y98.135 E402.90626
G1 X69.683 Y98.355 E402.91182
G1 X69.3 Y98.932 E402.92334
G1 X69.18 Y99.242 E402.92886
G1 X69.044 Y99.937 E402.94064
G1 X69.178 Y100.746 E402.95428
G1 X69.298 Y101.066 E402.95996
G1 X69.684 Y101.641 E402.97148
G1 X69.931 Y101.864 E402.97701
G1 X70.5 Y102.243 E402.98838
G1 X71.09 Y102.412 E402.99859
G1 X71.518 Y102.456 E403.00574
G1 X72.173 Y102.351 E403.01677
G1 X72.597 Y102.179 E403.02438
G1 X73.194 Y101.78 E403.03633
G0 F7200 X73.263 Y101.851
G0 X77.83 Y103.67
G0 X77.9 Y103.6
G1 F3000 X122.1 Y103.6 E403.77137
G1 X122.1 Y96.4 E403.89111
G1 X77.9 Y96.4 E404.62616
G1 X77.9 Y103.6 E404.7459
G0 F7200 X77.83 Y103.67
G0 X122.128 Y103.628
G0 X126.737 Y98.149
G0 X126.806 Y98.22
G1 F3000 X126.319 Y98.901 E404.75982
G1 X126.097 Y99.501 E404.77046
G1 X126.044 Y100.017 E404.77908
G1 X126.149 Y100.673 E404.79013
G1 X126.321 Y101.097 E404.79774
G1 X126.72 Y101.694 E404.80968
G1 X127.401 Y102.181 E404.82361
G1 X128.001 Y102.403 E404.83425
G1 X128.517 Y102.456 E404.84287
G1 X129.173 Y102.351 E404.85392
G1 X129.597 Y102.179 E404.86153
G1 X130.194 Y101.78 E404.87347
G1 X130.681 Y101.099 E404.88739
G1 X130.903 Y100.499 E404.89803
G1 X130.956 Y99.983 E404.90666
G1 X130.851 Y99.327 E404.91771
G1 X130.679 Y98.903 E404.92532
G1 X130.28 Y98.306 E404.93726
G1 X129.599 Y97.819 E404.95118
G1 X128.999 Y97.597 E404.96182
G1 X128.483 Y97.544 E404.97045
G1 X127.827 Y97.649 E404.98149
G1 X127.403 Y97.821 E404.9891
G1 X126.806 Y98.22 E405.00105
G0 F7200 X126.737 Y98.149
G0 X129.399 Y95.797
G0 X129.419 Y95.7
G1 F3000 X130.132 Y95.931 E405.01351
G1 X130.286 Y95.982 E405.01621
G1 X131.084 Y96.443 E405.03153
G1 X131.768 Y97.059 E405.04684
G1 X132.308 Y97.802 E405.06212
G1 X132.681 Y98.64 E405.07737
G1 X132.873 Y99.541 E405.09269
G1 X132.873 Y100.459 E405.10796
G1 X132.681 Y101.36 E405.12328
G1 X132.308 Y102.198 E405.13853
G1 X131.768 Y102.941 E405.15381
G1 X131.081 Y103.56 E405.16918
G1 X130.29 Y104.017 E405.18438
G1 X129.417 Y104.3 E405.19964
G1 X128.687 Y104.376 E405.21184
G1 X127.407 Y104.4 E405.23313
G1 X71.534 Y104.4 E406.16231
G1 X70.582 Y104.3 E406.17822
G1 X69.715 Y104.018 E406.19339
G1 X68.916 Y103.557 E406.20873
G1 X68.232 Y102.941 E406.22403
G1 X67.692 Y102.198 E406.23931
G1 X67.319 Y101.36 E406.25456
G1 X67.127 Y100.459 E406.26988
G1 X67.127 Y99.541 E406.28515
G1 X67.319 Y98.64 E406.30047
G1 X67.692 Y97.802 E406.31572
G1 X68.232 Y97.059 E406.331
G1 X68.919 Y96.44 E406.34638
G1 X69.71 Y95.983 E406.36157
G1 X70.582 Y95.7 E406.37682
G1 X71.311 Y95.624 E406.389
G1 X75.42 Y95.6 E406.45734
G1 X128.466 Y95.6 E407.3395
G1 X129.251 Y95.682 E407.35262
G1 X129.419 Y95.7 E407.35543
G0 F7200 X129.499 Y95.306
;TYPE:WALL-OUTER
G1 F1500 X130.257 Y95.552 E407.36869
G1 X130.452 Y95.616 E407.3721
G1 X131.319 Y96.116 E407.38874
G1 X132.068 Y96.791 E407.40551
G1 X132.655 Y97.599 E407.42212
G1 X133.063 Y98.516 E407.43881
G1 X133.273 Y99.5 E407.45554
G1 X133.273 Y100.5 E407.47217
G1 X133.063 Y101.484 E407.4889
G1 X132.655 Y102.401 E407.5056
G1 X132.068 Y103.209 E407.5222
G1 X131.319 Y103.884 E407.53897
G1 X130.453 Y104.384 E407.5556
G1 X129.499 Y104.694 E407.57228
G1 X128.712 Y104.776 E407.58544
G1 X127.414 Y104.8 E407.60703
G1 X71.511 Y104.8 E408.5367
G1 X70.501 Y104.694 E408.55359
G1 X69.548 Y104.384 E408.57026
G1 X68.681 Y103.884 E408.5869
G1 X67.932 Y103.209 E408.60367
G1 X67.345 Y102.401 E408.62028
G1 X66.937 Y101.484 E408.63697
G1 X66.727 Y100.5 E408.6537
G1 X66.727 Y99.5 E408.67033
G1 X66.937 Y98.516 E408.68706
G1 X67.345 Y97.599 E408.70376
G1 X67.932 Y96.791 E408.72036
G1 X68.681 Y96.116 E408.73713
G1 X69.547 Y95.616 E408.75376
G1 X70.501 Y95.306 E408.77044
G1 X71.287 Y95.224 E408.78359
G1 X75.418 Y95.2 E408.85229
G1 X128.489 Y95.2 E409.73486
G1 X129.294 Y95.284 E409.74832
G1 X129.499 Y95.306 E409.75175
G0 F7200 X129.689 Y95.367
G0 X129.535 Y95.842
G0 X126.683 Y98.221
G0 X127.089 Y98.512
G1 F1500 X126.676 Y99.09 E409.76356
G1 X126.49 Y99.593 E409.77248
G1 X126.447 Y100.006 E409.77939
G1 X126.537 Y100.565 E409.7888
G1 X126.676 Y100.909 E409.79497
G1 X127.012 Y101.411 E409.80502
G1 X127.59 Y101.824 E409.81683
G1 X128.093 Y102.01 E409.82575
G1 X128.506 Y102.053 E409.83266
G1 X129.065 Y101.963 E409.84207
G1 X129.409 Y101.824 E409.84824
G1 X129.911 Y101.488 E409.85829
G1 X130.324 Y100.91 E409.8701
G1 X130.51 Y100.407 E409.87902
G1 X130.553 Y99.994 E409.88592
G1 X130.463 Y99.435 E409.89534
G1 X130.324 Y99.091 E409.90151
G1 X129.988 Y98.589 E409.91156
G1 X129.41 Y98.176 E409.92337
G1 X128.907 Y97.99 E409.93229
G1 X128.494 Y97.947 E409.93919
G1 X127.935 Y98.037 E409.94861
G1 X127.591 Y98.176 E409.95478
G1 X127.089 Y98.512 E409.96483
G0 F7200 X126.973 Y98.674
G0 X126.567 Y98.383
G0 X122.128 Y103.628
G0 X77.872 Y103.628
G0 X78.3 Y103.2
G1 F1500 X121.7 Y103.2 E410.68657
G1 X121.7 Y96.8 E410.793
G1 X78.3 Y96.8 E411.51475
G1 X78.3 Y103.2 E411.62118
G0 F7200 X78.5 Y103.2
G0 X78.5 Y103.7
G0 X73.317 Y101.779
G0 X72.911 Y101.488
G1 F1500 X73.324 Y100.91 E411.63299
G1 X73.51 Y100.407 E411.64191
G1 X73.553 Y99.994 E411.64882
G1 X73.463 Y99.435 E411.65823
G1 X73.324 Y99.091 E411.6644
G1 X72.988 Y98.589 E411.67445
G1 X72.41 Y98.176 E411.68626
G1 X71.907 Y97.99 E411.69518
G1 X71.494 Y97.947 E411.70209
G1 X70.942 Y98.036 E411.71139
G1 X70.666 Y98.125 E411.71621
G1 X70.179 Y98.453 E411.72597
G1 X69.987 Y98.621 E411.73022
G1 X69.657 Y99.117 E411.74012
G1 X69.566 Y99.353 E411.74433
G1 X69.45 Y99.943 E411.75433
G1 X69.566 Y100.642 E411.76611
G1 X69.656 Y100.882 E411.77037
G1 X69.988 Y101.377 E411.78029
G1 X70.177 Y101.547 E411.78451
G1 X70.67 Y101.876 E411.79437
G1 X71.166 Y102.018 E411.80295
G1 X71.506 Y102.053 E411.80863
G1 X72.065 Y101.963 E411.81805
G1 X72.409 Y101.824 E411.82422
G1 X72.911 Y101.488 E411.83427
G0 F7200 X73.027 Y101.326
G0 X73.469 Y102.065
;TYPE:SKIN
G1 F1500 X74.028 Y101.284 E411.85024
G1 X74.286 Y100.588 E411.86258
G1 X74.35 Y99.972 E411.87288
G1 X74.229 Y99.222 E411.88552
G1 X74.026 Y98.72 E411.89452
G1 X73.565 Y98.031 E411.90831
G1 X72.784 Y97.472 E411.92428
G1 X72.088 Y97.214 E411.93662
G1 X71.472 Y97.15 E411.94692
G1 X70.756 Y97.266 E411.95899
G1 X70.317 Y97.407 E411.96665
G1 X69.697 Y97.825 E411.97909
G1 X69.387 Y98.096 E411.98594
G1 X68.951 Y98.752 E411.99904
G1 X68.804 Y99.133 E412.00583
G1 X68.648 Y99.931 E412.01935
G1 X68.8 Y100.847 E412.03479
G1 X68.949 Y101.245 E412.04186
G1 X69.387 Y101.898 E412.05493
G1 X69.691 Y102.172 E412.06174
G1 X70.334 Y102.602 E412.0746
G1 X71.016 Y102.796 E412.08639
G1 X71.529 Y102.85 E412.09497
G1 X72.278 Y102.729 E412.10759
G1 X72.78 Y102.526 E412.1166
G1 X73.469 Y102.065 E412.13038
G0 F7200 X71.555 Y104.01
G1 F1500 X70.664 Y103.916 E412.14528
G1 X69.875 Y103.659 E412.15908
G1 X69.146 Y103.24 E412.17306
G1 X68.526 Y102.681 E412.18695
G1 X68.031 Y102 E412.20095
G1 X67.693 Y101.24 E412.21478
G1 X67.517 Y100.415 E412.22881
G1 X67.517 Y99.585 E412.24261
G1 X67.693 Y98.76 E412.25664
G1 X68.031 Y98 E412.27047
G1 X68.526 Y97.32 E412.28446
G1 X69.15 Y96.757 E412.29844
G1 X69.87 Y96.342 E412.31226
G1 X70.664 Y96.084 E412.32614
G1 X71.334 Y96.014 E412.33734
G1 X75.422 Y95.99 E412.40533
G1 X77.11 Y95.99 E412.4334
G1 X77.11 Y104.01 E412.56677
G1 X71.555 Y104.01 E412.65915
G0 F7200 X76.624 Y103.829
G1 F1500 X76.929 Y103.523 E412.66634
G0 F7200 X76.929 Y102.958
G1 F1500 X76.058 Y103.829 E412.68682
G0 F7200 X75.492 Y103.829
G1 F1500 X76.929 Y102.392 E412.72062
G0 F7200 X76.929 Y101.826
G1 F1500 X74.927 Y103.829 E412.76771
G0 F7200 X74.361 Y103.829
G1 F1500 X76.929 Y101.261 E412.82811
G0 F7200 X76.929 Y100.695
G1 F1500 X73.795 Y103.829 E412.90182
G0 F7200 X73.23 Y103.829
G1 F1500 X76.929 Y100.129 E412.98882
G0 F7200 X76.929 Y99.564
G1 F1500 X72.664 Y103.829 E413.08913
G0 F7200 X72.098 Y103.829
G1 F1500 X76.929 Y98.998 E413.20275
G0 F7200 X76.929 Y98.432
G1 F1500 X74.303 Y101.058 E413.26451
G0 F7200 X74.497 Y100.299
G1 F1500 X76.929 Y97.867 E413.3217
G0 F7200 X76.929 Y97.301
G1 F1500 X74.495 Y99.735 E413.37895
G0 F7200 X74.416 Y99.248
G1 F1500 X76.929 Y96.735 E413.43805
G0 F7200 X76.93 Y96.169
G1 F1500 X74.266 Y98.833 E413.5007
G0 F7200 X74.071 Y98.462
G1 F1500 X76.364 Y96.169 E413.55463
G0 F7200 X75.799 Y96.169
G1 F1500 X73.844 Y98.123 E413.6006
G0 F7200 X73.58 Y97.821
G1 F1500 X75.232 Y96.17 E413.63944
G0 F7200 X74.663 Y96.173
G1 F1500 X73.251 Y97.585 E413.67265
G0 F7200 X72.921 Y97.349
G1 F1500 X74.094 Y96.176 E413.70023
G0 F7200 X73.525 Y96.179
G1 F1500 X72.522 Y97.183 E413.72383
G0 F7200 X72.104 Y97.035
G1 F1500 X72.957 Y96.182 E413.7439
G0 F7200 X72.387 Y96.186
G1 F1500 X71.593 Y96.981 E413.76258
G0 F7200 X70.958 Y97.05
G1 F1500 X71.818 Y96.189 E413.78282
G0 F7200 X71.239 Y96.203
G1 F1500 X70.12 Y97.321 E413.80912
G1 X70.05 Y97.391
G0 F7200 X69.616 Y96.695
G1 F1500 X68.162 Y98.149 E413.84332
G1 X68.092 Y98.219
G0 F7200 X68.822 Y98.62
G1 F1500 X67.696 Y99.745 E413.86979
G0 F7200 X67.696 Y100.311
G1 F1500 X68.558 Y99.45 E413.89005
G0 F7200 X68.491 Y100.083
G1 F1500 X67.782 Y100.791 E413.90671
G0 F7200 X67.893 Y101.246
G1 F1500 X68.57 Y100.568 E413.92265
G0 F7200 X68.676 Y101.029
G1 F1500 X68.068 Y101.637 E413.93695
G0 F7200 X68.262 Y102.008
G1 F1500 X68.85 Y101.421 E413.95076
G0 F7200 X69.077 Y101.759
G1 F1500 X68.5 Y102.336 E413.96433
G0 F7200 X68.756 Y102.645
G1 F1500 X69.321 Y102.08 E413.97762
G0 F7200 X69.625 Y102.343
G1 F1500 X69.053 Y102.914 E413.99106
G0 F7200 X69.371 Y103.162
G1 F1500 X69.964 Y102.569 E414.00501
G0 F7200 X70.316 Y102.783
G1 F1500 X69.731 Y103.368 E414.01877
G0 F7200 X70.117 Y103.548
G1 F1500 X70.756 Y102.908 E414.03381
G0 F7200 X71.232 Y102.998
G1 F1500 X70.543 Y103.687 E414.05001
G0 F7200 X71.023 Y103.772
G1 F1500 X71.81 Y102.985 E414.06852
G0 F7200 X72.551 Y102.811
G1 F1500 X71.535 Y103.826 E414.0924
G1 X71.465 Y103.896
G0 F7200 X69.999 Y102.091
G0 X67.812 Y99.064
G1 F1500 X70.577 Y96.3 E414.15742
G1 X70.647 Y96.23
G0 F7200 X122.89 Y95.99
G1 F1500 X128.445 Y95.99 E414.2498
G1 X129.21 Y96.07 E414.26259
G1 X129.337 Y96.084 E414.26472
G1 X130.01 Y96.302 E414.27648
G1 X130.124 Y96.339 E414.27847
G1 X130.853 Y96.76 E414.29247
G1 X131.474 Y97.32 E414.30638
G1 X131.969 Y98 E414.32037
G1 X132.307 Y98.76 E414.3342
G1 X132.483 Y99.585 E414.34823
G1 X132.483 Y100.415 E414.36203
G1 X132.307 Y101.24 E414.37606
G1 X131.969 Y102 E414.38989
G1 X131.474 Y102.68 E414.40388
G1 X130.85 Y103.243 E414.41786
G1 X130.13 Y103.658 E414.43168
G1 X129.336 Y103.916 E414.44556
G1 X128.662 Y103.986 E414.45683
G1 X127.399 Y104.01 E414.47784
G1 X122.89 Y104.01 E414.55282
G1 X122.89 Y95.99 E414.6862
G0 F7200 X125.65 Y100.028
G1 F1500 X125.771 Y100.778 E414.69883
G1 X125.974 Y101.28 E414.70783
G1 X126.435 Y101.969 E414.72162
G1 X127.216 Y102.528 E414.73759
G1 X127.912 Y102.786 E414.74994
G1 X128.528 Y102.85 E414.76024
G1 X129.278 Y102.729 E414.77287
G1 X129.78 Y102.526 E414.78187
G1 X130.469 Y102.065 E414.79566
G1 X131.028 Y101.284 E414.81163
G1 X131.286 Y100.588 E414.82398
G1 X131.35 Y99.972 E414.83428
G1 X131.229 Y99.222 E414.84691
G1 X131.026 Y98.72 E414.85592
G1 X130.565 Y98.031 E414.8697
G1 X129.784 Y97.472 E414.88567
G1 X129.088 Y97.214 E414.89802
G1 X128.472 Y97.15 E414.90832
G1 X127.722 Y97.271 E414.92095
G1 X127.22 Y97.474 E414.92996
G1 X126.531 Y97.935 E414.94374
G1 X125.972 Y98.716 E414.95971
G1 X125.714 Y99.412 E414.97206
G1 X125.65 Y100.028 E414.98236
G0 F7200 X123.315 Y96.17
G1 F1500 X123.069 Y96.416 E414.98814
G0 F7200 X123.069 Y96.981
G1 F1500 X123.881 Y96.17 E415.00723
G0 F7200 X124.447 Y96.17
G1 F1500 X123.069 Y97.547 E415.03963
G0 F7200 X123.069 Y98.113
G1 F1500 X125.012 Y96.17 E415.08532
G0 F7200 X125.578 Y96.17
G1 F1500 X123.069 Y98.678 E415.14432
G0 F7200 X123.069 Y99.244
G1 F1500 X126.144 Y96.17 E415.21663
G0 F7200 X126.709 Y96.17
G1 F1500 X123.069 Y99.81 E415.30223
G0 F7200 X123.069 Y100.375
G1 F1500 X127.275 Y96.17 E415.40114
G0 F7200 X127.841 Y96.17
G1 F1500 X123.069 Y100.941 E415.51336
G0 F7200 X123.069 Y101.507
G1 F1500 X125.731 Y98.845 E415.57596
G1 X125.801 Y98.775
G0 F7200 X125.508 Y99.634
G1 F1500 X123.069 Y102.072 E415.63331
G0 F7200 X123.069 Y102.638
G1 F1500 X125.495 Y100.212 E415.69037
G0 F7200 X125.574 Y100.699
G1 F1500 X123.069 Y103.204 E415.74928
G0 F7200 X123.069 Y103.77
G1 F1500 X125.715 Y101.124 E415.81151
G0 F7200 X125.903 Y101.501
G1 F1500 X123.575 Y103.83 E415.86628
G0 F7200 X124.141 Y103.83
G1 F1500 X126.13 Y101.84 E415.91307
G0 F7200 X126.384 Y102.152
G1 F1500 X124.706 Y103.83 E415.95253
G0 F7200 X125.272 Y103.83
G1 F1500 X126.713 Y102.389 E415.98642
G0 F7200 X127.043 Y102.625
G1 F1500 X125.838 Y103.83 E416.01476
G0 F7200 X126.403 Y103.83
G1 F1500 X127.434 Y102.799 E416.03901
G0 F7200 X127.847 Y102.952
G1 F1500 X126.969 Y103.83 E416.05966
G0 F7200 X127.537 Y103.828
G1 F1500 X128.352 Y103.012 E416.07884
G0 F7200 X128.97 Y102.96
G1 F1500 X128.114 Y103.816 E416.09897
G0 F7200 X128.694 Y103.801
G1 F1500 X129.775 Y102.721 E416.12438
G1 X129.845 Y102.651
G0 F7200 X130.243 Y103.384
G1 F1500 X131.883 Y101.744 E416.16295
G1 X131.953 Y101.674
G0 F7200 X131.223 Y101.273
G1 F1500 X132.302 Y100.194 E416.18833
G0 F7200 X132.302 Y99.628
G1 F1500 X131.48 Y100.45 E416.20766
G0 F7200 X131.513 Y99.851
G1 F1500 X132.206 Y99.158 E416.22396
G0 F7200 X132.087 Y98.712
G1 F1500 X131.434 Y99.365 E416.23931
G0 F7200 X131.304 Y98.929
G1 F1500 X131.912 Y98.321 E416.25361
G0 F7200 X131.712 Y97.956
G1 F1500 X131.124 Y98.543 E416.26743
G0 F7200 X130.897 Y98.205
G1 F1500 X131.473 Y97.628 E416.28099
G0 F7200 X131.21 Y97.326
G1 F1500 X130.658 Y97.878 E416.29397
G0 F7200 X130.328 Y97.642
G1 F1500 X130.913 Y97.058 E416.30772
G0 F7200 X130.589 Y96.816
G1 F1500 X129.999 Y97.406 E416.32159
G0 F7200 X129.619 Y97.22
G1 F1500 X130.23 Y96.609 E416.33596
G0 F7200 X129.838 Y96.435
G1 F1500 X129.206 Y97.068 E416.35084
G0 F7200 X128.713 Y96.994
G1 F1500 X129.411 Y96.296 E416.36726
G0 F7200 X128.921 Y96.22
G1 F1500 X128.117 Y97.024 E416.38616
G0 F7200 X127.348 Y97.228
G1 F1500 X128.407 Y96.17 E416.41106
G1 X128.477 Y96.1
G0 F7200 X129.959 Y97.864
G0 X132.202 Y100.859
G1 F1500 X129.335 Y103.726 E416.47849
G1 X129.265 Y103.796
G0 F7200 X122.319 Y103.954
G0 X122.194 Y104.079
;TYPE:SKIN
G1 F1500 X121.991 Y103.999 E416.48222
G1 X78.15 Y103.999 E417.23235
G1 X77.734 Y103.849 E417.23991
G0 F7200 X77.679 Y103.905
G0 X77.743 Y96.204
G0 X77.948 Y95.999
G1 F1500 X77.774 Y95.889 E417.24342
G1 X78.514 Y95.999 E417.25617
G1 X122.072 Y95.999 E417.99852
G1 X122.234 Y96.119 E418.00196
G0 F7200 X122.319 Y96.035
G1 F1500 E411.50196
;MESH:NONMESH
G0 F600 X122.319 Y96.035 Z2.5
G0 F7200 X80.01 Y96.4
G0 X80.01 Y97.9
;TIME_ELAPSED:816.064181
;LAYER:22
;TYPE:SUPPORT
G1 F1500 E418.00196
G1 F3000 X79.4 Y97.9 E418.0121
G1 X79.4 Y102.1 E418.08195
G1 X80.01 Y102.1 E418.09209
G1 X80.01 Y97.9 E418.16194
G1 X82.677 Y97.9 E418.20629
G1 X82.677 Y102.1 E418.27614
G1 X85.344 Y102.1 E418.32049
G1 X85.344 Y97.9 E418.39034
G1 X88.011 Y97.9 E418.43469
G1 X88.011 Y102.1 E418.50454
G1 X90.678 Y102.1 E418.54889
G1 X90.678 Y97.9 E418.61874
G1 X93.345 Y97.9 E418.66309
G1 X93.345 Y102.1 E418.73293
G1 X96.012 Y102.1 E418.77729
G1 X96.012 Y97.9 E418.84713
G1 X98.679 Y97.9 E418.89149
G1 X98.679 Y102.1 E418.96133
G1 X101.346 Y102.1 E419.00568
G1 X101.346 Y97.9 E419.07553
G1 X104.013 Y97.9 E419.11988
G1 X104.013 Y102.1 E419.18973
G1 X106.68 Y102.1 E419.23408
G1 X106.68 Y97.9 E419.30393
G1 X109.347 Y97.9 E419.34828
G1 X109.347 Y102.1 E419.41813
G1 X112.014 Y102.1 E419.46248
G1 X112.014 Y97.9 E419.53233
G1 X114.681 Y97.9 E419.57668
G1 X114.681 Y102.1 E419.64652
G1 X117.348 Y102.1 E419.69088
G1 X117.348 Y97.9 E419.76072
G1 X120.015 Y97.9 E419.80507
G1 X120.015 Y102.1 E419.87492
G1 X120.6 Y102.1 E419.88465
G1 X120.6 Y97.9 E419.9545
G1 X120.015 Y97.9 E419.96422
G1 F1500 E413.46422
;MESH:reed_holder.stl
G0 F7200 X122.1 Y97.9
G0 X122.259 Y97.752
;TYPE:FILL
G1 F1500 E419.96422
G1 F3000 X122.939 Y98.432 E419.98022
G1 X123.009 Y98.502
G0 F7200 X122.259 Y99.637
G1 F3000 X122.939 Y100.317 E419.99621
G1 X123.009 Y100.387
G0 F7200 X122.259 Y101.522
G1 F3000 X122.939 Y102.203 E420.01221
G1 X123.009 Y102.273
G0 F7200 X122.259 Y103.408
G1 F3000 X122.939 Y104.088 E420.02821
G1 X123.009 Y104.158
G0 F7200 X122.939 Y96.547
G1 F3000 X122.259 Y95.867 E420.0442
G1 X122.189 Y95.797
G0 F7200 X77.872 Y96.372
G0 X77.74 Y96.591
G1 F3000 X77.059 Y95.911 E420.0602
G1 X76.989 Y95.841
G0 F7200 X77.059 Y97.796
G1 F3000 X77.74 Y98.476 E420.07621
G1 X77.81 Y98.546
G0 F7200 X77.8 Y98.546
G0 X77.059 Y99.681
G1 F3000 X77.74 Y100.361 E420.09221
G1 X77.81 Y100.431
G0 F7200 X77.8 Y100.431
G0 X77.059 Y101.566
G1 F3000 X77.74 Y102.246 E420.10822
G1 X77.81 Y102.316
G0 F7200 X77.8 Y102.316
G0 X77.059 Y103.451
G1 F3000 X77.74 Y104.132 E420.12423
G1 X77.81 Y104.202
G0 F7200 X77.9 Y103.6
;TYPE:WALL-INNER
G1 F3000 X122.1 Y103.6 E420.85928
G1 X122.1 Y96.4 E420.97902
G1 X77.9 Y96.4 E421.71407
G1 X77.9 Y103.6 E421.8338
G0 F7200 X77.83 Y103.67
G0 X71.138 Y102.556
G0 X69.636 Y101.811
G0 X69.083 Y100.946
G0 X68.919 Y100.073
G0 X69.061 Y98.94
G0 X69.152 Y98.98
G1 F3000 X68.939 Y99.975 E421.85073
G1 X69.12 Y100.932 E421.86692
G1 X69.664 Y101.784 E421.88373
G1 X70.491 Y102.351 E421.90041
G1 X71.145 Y102.517 E421.91163
G1 X71.499 Y102.554 E421.91755
G1 X72.005 Y102.503 E421.92601
G1 X72.546 Y102.326 E421.93547
G1 X73.296 Y101.824 E421.95048
G1 X73.824 Y101.049 E421.96608
G1 X74.003 Y100.505 E421.9756
G1 X74.054 Y100 E421.98404
G1 X74.003 Y99.495 E421.99248
G1 X73.826 Y98.954 E422.00195
G1 X73.324 Y98.204 E422.01696
G1 X72.549 Y97.676 E422.03255
G1 X72.005 Y97.497 E422.04208
G1 X71.5 Y97.446 E422.05052
G1 X71.001 Y97.497 E422.05886
G1 X70.48 Y97.655 E422.06791
G1 X69.732 Y98.159 E422.08291
G1 X69.152 Y98.98 E422.09963
G0 F7200 X69.061 Y98.94
G0 X69.705 Y98.131
G0 X70.463 Y97.619
G0 X77.872 Y96.372
G0 X122.128 Y96.372
G0 X126.634 Y98.106
G0 X126.704 Y98.176
G1 F3000 X126.176 Y98.951 E422.11522
G1 X125.997 Y99.495 E422.12475
G1 X125.946 Y100 E422.13319
G1 X125.997 Y100.505 E422.14163
G1 X126.174 Y101.046 E422.15109
G1 X126.676 Y101.796 E422.1661
G1 X127.451 Y102.324 E422.1817
G1 X127.995 Y102.503 E422.19122
G1 X128.5 Y102.554 E422.19966
G1 X129.005 Y102.503 E422.2081
G1 X129.546 Y102.326 E422.21757
G1 X130.296 Y101.824 E422.23258
G1 X130.824 Y101.049 E422.24817
G1 X131.003 Y100.505 E422.2577
G1 X131.054 Y100 E422.26614
G1 X131.003 Y99.495 E422.27458
G1 X130.826 Y98.954 E422.28405
G1 X130.324 Y98.204 E422.29905
G1 X129.549 Y97.676 E422.31465
G1 X129.005 Y97.497 E422.32417
G1 X128.5 Y97.446 E422.33261
G1 X127.995 Y97.497 E422.34106
G1 X127.454 Y97.674 E422.35052
G1 X126.704 Y98.176 E422.36553
G0 F7200 X126.634 Y98.106
G0 X129.398 Y95.797
G0 X129.418 Y95.7
G1 F3000 X130.166 Y95.943 E422.37861
G1 X130.285 Y95.982 E422.38069
G1 X131.084 Y96.443 E422.39603
G1 X131.768 Y97.059 E422.41134
G1 X132.308 Y97.802 E422.42662
G1 X132.681 Y98.64 E422.44187
G1 X132.873 Y99.541 E422.45719
G1 X132.873 Y100.459 E422.47246
G1 X132.681 Y101.36 E422.48778
G1 X132.308 Y102.198 E422.50303
G1 X131.768 Y102.94 E422.51829
G1 X131.08 Y103.56 E422.53369
G1 X130.289 Y104.017 E422.54889
G1 X129.418 Y104.3 E422.56412
G1 X128.652 Y104.38 E422.57692
G1 X127.573 Y104.4 E422.59487
G1 X71.534 Y104.4 E423.5268
G1 X70.582 Y104.3 E423.54272
G1 X69.715 Y104.018 E423.55788
G1 X68.916 Y103.557 E423.57322
G1 X68.232 Y102.941 E423.58853
G1 X67.692 Y102.198 E423.60381
G1 X67.319 Y101.36 E423.61906
G1 X67.127 Y100.459 E423.63438
G1 X67.127 Y99.541 E423.64965
G1 X67.319 Y98.64 E423.66497
G1 X67.692 Y97.802 E423.68022
G1 X68.232 Y97.06 E423.69548
G1 X68.92 Y96.44 E423.71088
G1 X69.711 Y95.983 E423.72608
G1 X70.582 Y95.7 E423.74131
G1 X71.345 Y95.62 E423.75407
G1 X76.503 Y95.6 E423.83984
G1 X128.466 Y95.6 E424.70399
G1 X129.286 Y95.686 E424.7177
G1 X129.418 Y95.7 E424.71991
G0 F7200 X129.499 Y95.306
;TYPE:WALL-OUTER
G1 F1500 X130.29 Y95.563 E424.73374
G1 X130.452 Y95.616 E424.73658
G1 X131.319 Y96.116 E424.75322
G1 X132.068 Y96.791 E424.76999
G1 X132.655 Y97.599 E424.7866
G1 X133.063 Y98.516 E424.80329
G1 X133.273 Y99.5 E424.82002
G1 X133.273 Y100.5 E424.83665
G1 X133.063 Y101.484 E424.85338
G1 X132.655 Y102.401 E424.87007
G1 X132.068 Y103.209 E424.88668
G1 X131.318 Y103.884 E424.90346
G1 X130.452 Y104.384 E424.92009
G1 X129.499 Y104.694 E424.93676
G1 X128.678 Y104.78 E424.95049
G1 X127.58 Y104.8 E424.96875
G1 X71.511 Y104.8 E425.90118
G1 X70.501 Y104.694 E425.91807
G1 X69.548 Y104.384 E425.93474
G1 X68.681 Y103.884 E425.95138
G1 X67.932 Y103.209 E425.96815
G1 X67.345 Y102.401 E425.98476
G1 X66.937 Y101.484 E426.00145
G1 X66.727 Y100.5 E426.01818
G1 X66.727 Y99.5 E426.03481
G1 X66.937 Y98.516 E426.05154
G1 X67.345 Y97.599 E426.06823
G1 X67.932 Y96.791 E426.08484
G1 X68.682 Y96.116 E426.10162
G1 X69.548 Y95.616 E426.11825
G1 X70.501 Y95.306 E426.13492
G1 X71.321 Y95.22 E426.14863
G1 X76.501 Y95.2 E426.23477
G1 X128.489 Y95.2 E427.09934
G1 X129.328 Y95.288 E427.11337
G1 X129.499 Y95.306 E427.11623
G0 F7200 X129.689 Y95.367
G0 X129.535 Y95.842
G0 X126.579 Y98.183
G0 X126.991 Y98.465
G1 F1500 X126.538 Y99.129 E427.12959
G1 X126.391 Y99.578 E427.13745
G1 X126.348 Y100 E427.1445
G1 X126.391 Y100.422 E427.15156
G1 X126.537 Y100.869 E427.15938
G1 X126.965 Y101.509 E427.17218
G1 X127.629 Y101.962 E427.18555
G1 X128.078 Y102.109 E427.19341
G1 X128.5 Y102.152 E427.20046
G1 X128.922 Y102.109 E427.20752
G1 X129.369 Y101.963 E427.21534
G1 X130.009 Y101.535 E427.22814
G1 X130.462 Y100.871 E427.24151
G1 X130.609 Y100.422 E427.24936
G1 X130.652 Y100 E427.25642
G1 X130.609 Y99.578 E427.26347
G1 X130.463 Y99.131 E427.27129
G1 X130.035 Y98.491 E427.2841
G1 X129.371 Y98.038 E427.29746
G1 X128.922 Y97.891 E427.30532
G1 X128.5 Y97.848 E427.31237
G1 X128.078 Y97.891 E427.31943
G1 X127.631 Y98.037 E427.32725
G1 X126.991 Y98.465 E427.34005
G0 F7200 X126.879 Y98.63
G0 X126.467 Y98.348
G0 X122.128 Y103.628
G0 X77.872 Y103.628
G0 X78.3 Y103.2
G1 F1500 X121.7 Y103.2 E428.0618
G1 X121.7 Y96.8 E428.16823
G1 X78.3 Y96.8 E428.88998
G1 X78.3 Y103.2 E428.99641
G0 F7200 X78.5 Y103.2
G0 X78.5 Y103.7
G0 X71.138 Y102.556
G0 X69.636 Y101.811
G0 X69.083 Y100.946
G0 X68.919 Y100.073
G0 X69.119 Y98.856
G0 X69.526 Y99.144
G1 F1500 X69.347 Y99.98 E429.01063
G1 X69.499 Y100.782 E429.0242
G1 X69.957 Y101.5 E429.03836
G1 X70.658 Y101.981 E429.0525
G1 X71.215 Y102.122 E429.06206
G1 X71.5 Y102.152 E429.06682
G1 X71.922 Y102.109 E429.07388
G1 X72.369 Y101.963 E429.0817
G1 X73.009 Y101.535 E429.0945
G1 X73.462 Y100.871 E429.10787
G1 X73.609 Y100.422 E429.11572
G1 X73.652 Y100 E429.12278
G1 X73.609 Y99.578 E429.12983
G1 X73.463 Y99.131 E429.13765
G1 X73.035 Y98.491 E429.15046
G1 X72.371 Y98.038 E429.16382
G1 X71.922 Y97.891 E429.17168
G1 X71.5 Y97.848 E429.17874
G1 X71.08 Y97.891 E429.18576
G1 X70.654 Y98.02 E429.19316
G1 X70.016 Y98.45 E429.20595
G1 X69.526 Y99.144 E429.22008
G0 F7200 X69.485 Y99.339
G0 X68.787 Y98.82
;TYPE:SKIN
G1 F1500 X68.541 Y99.971 E429.23966
G1 X68.751 Y101.078 E429.25839
G1 X69.378 Y102.061 E429.27778
G1 X70.328 Y102.712 E429.29693
G1 X71.077 Y102.902 E429.30979
G1 X71.499 Y102.946 E429.31684
G1 X72.086 Y102.887 E429.32665
G1 X72.718 Y102.68 E429.33771
G1 X73.575 Y102.106 E429.35487
G1 X74.177 Y101.223 E429.37264
G1 X74.387 Y100.587 E429.38378
G1 X74.446 Y100 E429.39359
G1 X74.387 Y99.414 E429.40338
G1 X74.18 Y98.782 E429.41444
G1 X73.606 Y97.925 E429.43159
G1 X72.723 Y97.323 E429.44937
G1 X72.087 Y97.113 E429.4605
G1 X71.5 Y97.054 E429.47032
G1 X70.923 Y97.113 E429.47996
G1 X70.31 Y97.298 E429.49061
G1 X69.455 Y97.876 E429.50777
G1 X68.787 Y98.82 E429.527
G0 F7200 X67.693 Y98.76
G1 F1500 X68.031 Y98 E429.54084
G1 X68.526 Y97.321 E429.55481
G1 X69.151 Y96.757 E429.56881
G1 X69.871 Y96.342 E429.58263
G1 X70.664 Y96.084 E429.5965
G1 X71.368 Y96.01 E429.60827
G1 X77.11 Y95.99 E429.70376
G1 X77.11 Y104.01 E429.83713
G1 X71.555 Y104.01 E429.92951
G1 X70.664 Y103.916 E429.94441
G1 X69.875 Y103.659 E429.95821
G1 X69.146 Y103.24 E429.9722
G1 X68.526 Y102.68 E429.98609
G1 X68.031 Y102 E430.00008
G1 X67.693 Y101.24 E430.01391
G1 X67.517 Y100.415 E430.02794
G1 X67.517 Y99.585 E430.04174
G1 X67.693 Y98.76 E430.05577
G0 F7200 X69.013 Y101.823
G1 F1500 X67.727 Y100.537 E430.08602
G0 F7200 X67.696 Y99.941
G1 F1500 X68.507 Y100.751 E430.10508
G0 F7200 X68.374 Y100.052
G1 F1500 X67.737 Y99.415 E430.12006
G0 F7200 X67.836 Y98.949
G1 F1500 X68.445 Y99.558 E430.13438
G0 F7200 X68.545 Y99.092
G1 F1500 X67.989 Y98.536 E430.14746
G0 F7200 X68.163 Y98.145
G1 F1500 X68.679 Y98.66 E430.15958
G0 F7200 X68.913 Y98.329
G1 F1500 X68.392 Y97.808 E430.17183
G0 F7200 X68.631 Y97.481
G1 F1500 X69.148 Y97.998 E430.18399
G0 F7200 X69.406 Y97.691
G1 F1500 X68.921 Y97.205 E430.19541
G0 F7200 X69.218 Y96.937
G1 F1500 X69.744 Y97.462 E430.20777
G0 F7200 X70.081 Y97.234
G1 F1500 X69.57 Y96.723 E430.21979
G0 F7200 X69.93 Y96.517
G1 F1500 X70.472 Y97.059 E430.23254
G0 F7200 X70.91 Y96.932
G1 F1500 X70.352 Y96.374 E430.24566
G0 F7200 X70.794 Y96.25
G1 F1500 X71.423 Y96.879 E430.26045
G0 F7200 X72.035 Y96.925
G1 F1500 X71.307 Y96.197 E430.27757
G0 F7200 X71.863 Y96.188
G1 F1500 X72.904 Y97.228 E430.30204
G1 X72.974 Y97.298
G0 F7200 X72.991 Y96.184
G1 F1500 X76.929 Y100.122 E430.39466
G0 F7200 X76.929 Y99.557
G1 F1500 X73.555 Y96.182 E430.47402
G0 F7200 X74.118 Y96.18
G1 F1500 X76.929 Y98.991 E430.54013
G0 F7200 X76.929 Y98.425
G1 F1500 X74.682 Y96.178 E430.59298
G0 F7200 X75.246 Y96.176
G1 F1500 X76.929 Y97.86 E430.63257
G0 F7200 X76.929 Y97.294
G1 F1500 X75.809 Y96.174 E430.65891
G0 F7200 X76.373 Y96.172
G1 F1500 X76.929 Y96.728 E430.67199
G0 F7200 X74.272 Y98.596
G1 F1500 X76.929 Y101.254 E430.73449
G0 F7200 X76.929 Y101.819
G1 F1500 X74.572 Y99.462 E430.78992
G0 F7200 X74.618 Y100.074
G1 F1500 X76.929 Y102.385 E430.84427
G0 F7200 X76.929 Y102.951
G1 F1500 X74.567 Y100.589 E430.89983
G0 F7200 X74.432 Y101.02
G1 F1500 X76.929 Y103.516 E430.95854
G0 F7200 X76.676 Y103.829
G1 F1500 X74.261 Y101.414 E431.01534
G0 F7200 X74.032 Y101.751
G1 F1500 X76.11 Y103.829 E431.06421
G0 F7200 X75.545 Y103.829
G1 F1500 X73.802 Y102.087 E431.10519
G0 F7200 X73.512 Y102.362
G1 F1500 X74.979 Y103.829 E431.13969
G0 F7200 X74.413 Y103.829
G1 F1500 X73.174 Y102.589 E431.16884
G0 F7200 X72.835 Y102.816
G1 F1500 X73.848 Y103.829 E431.19267
G0 F7200 X73.282 Y103.829
G1 F1500 X72.419 Y102.966 E431.21296
G0 F7200 X71.967 Y103.079
G1 F1500 X72.716 Y103.829 E431.23059
G0 F7200 X72.151 Y103.829
G1 F1500 X71.442 Y103.12 E431.24726
G0 F7200 X70.763 Y103.007
G1 F1500 X71.585 Y103.829 E431.2666
G0 F7200 X70.954 Y103.764
G1 F1500 X69.669 Y102.478 E431.29683
G1 X69.599 Y102.408
G0 F7200 X70.198 Y103.573
G1 F1500 X67.911 Y101.286 E431.35062
G1 X67.841 Y101.216
G0 F7200 X69.116 Y98.964
G0 X69.646 Y98.215
G0 X72.427 Y96.186
G1 F1500 X76.929 Y100.688 E431.4565
G1 X76.999 Y100.758
G0 F7200 X77.872 Y103.628
G0 X122.89 Y104.01
G1 F1500 X122.89 Y95.99 E431.58987
G1 X128.445 Y95.99 E431.68225
G1 X129.245 Y96.074 E431.69563
G1 X129.336 Y96.084 E431.69715
G1 X130.045 Y96.314 E431.70954
G1 X130.122 Y96.339 E431.71089
G1 X130.854 Y96.76 E431.72493
G1 X131.474 Y97.319 E431.73882
G1 X131.969 Y98 E431.75282
G1 X132.307 Y98.76 E431.76665
G1 X132.483 Y99.585 E431.78068
G1 X132.483 Y100.415 E431.79448
G1 X132.307 Y101.24 E431.80851
G1 X131.969 Y102 E431.82234
G1 X131.474 Y102.679 E431.83632
G1 X130.849 Y103.243 E431.85032
G1 X130.129 Y103.658 E431.86414
G1 X129.336 Y103.916 E431.878
G1 X128.627 Y103.99 E431.88986
G1 X127.565 Y104.01 E431.90752
G1 X122.89 Y104.01 E431.98527
G0 F7200 X125.554 Y100
G1 F1500 X125.613 Y100.586 E431.99506
G1 X125.82 Y101.218 E432.00612
G1 X126.394 Y102.075 E432.02328
G1 X127.277 Y102.677 E432.04105
G1 X127.913 Y102.887 E432.05219
G1 X128.5 Y102.946 E432.062
G1 X129.086 Y102.887 E432.07179
G1 X129.718 Y102.68 E432.08285
G1 X130.575 Y102.106 E432.10001
G1 X131.177 Y101.223 E432.11778
G1 X131.387 Y100.587 E432.12892
G1 X131.446 Y100 E432.13873
G1 X131.387 Y99.414 E432.14852
G1 X131.18 Y98.782 E432.15958
G1 X130.606 Y97.925 E432.17673
G1 X129.723 Y97.323 E432.19451
G1 X129.087 Y97.113 E432.20564
G1 X128.5 Y97.054 E432.21546
G1 X127.914 Y97.113 E432.22525
G1 X127.282 Y97.32 E432.23631
G1 X126.425 Y97.894 E432.25346
G1 X125.823 Y98.777 E432.27124
G1 X125.613 Y99.413 E432.28237
G1 X125.554 Y100 E432.29219
G0 F7200 X123.629 Y103.83
G1 F1500 X123.069 Y103.27 E432.30536
G0 F7200 X123.069 Y102.704
G1 F1500 X124.194 Y103.83 E432.33183
G0 F7200 X124.76 Y103.83
G1 F1500 X123.069 Y102.138 E432.37161
G0 F7200 X123.069 Y101.573
G1 F1500 X125.326 Y103.83 E432.42469
G0 F7200 X125.891 Y103.83
G1 F1500 X123.069 Y101.007 E432.49107
G0 F7200 X123.069 Y100.441
G1 F1500 X126.457 Y103.83 E432.57076
G0 F7200 X127.023 Y103.83
G1 F1500 X123.069 Y99.876 E432.66375
G0 F7200 X123.069 Y99.31
G1 F1500 X127.588 Y103.829 E432.77003
G0 F7200 X128.143 Y103.818
G1 F1500 X127.095 Y102.77 E432.79468
G1 X127.025 Y102.7
G0 F7200 X127.962 Y103.072
G1 F1500 X128.692 Y103.801 E432.81184
G0 F7200 X129.203 Y103.748
G1 F1500 X128.576 Y103.12 E432.8266
G0 F7200 X129.089 Y103.067
G1 F1500 X129.646 Y103.625 E432.83971
G0 F7200 X130.069 Y103.482
G1 F1500 X129.52 Y102.933 E432.85262
G0 F7200 X129.916 Y102.763
G1 F1500 X130.428 Y103.275 E432.86466
G0 F7200 X130.78 Y103.061
G1 F1500 X130.254 Y102.536 E432.87702
G0 F7200 X130.593 Y102.309
G1 F1500 X131.077 Y102.793 E432.8884
G0 F7200 X131.367 Y102.517
G1 F1500 X130.857 Y102.007 E432.9004
G0 F7200 X131.086 Y101.671
G1 F1500 X131.606 Y102.19 E432.91261
G0 F7200 X131.835 Y101.853
G1 F1500 X131.316 Y101.334 E432.92482
G0 F7200 X131.465 Y100.918
G1 F1500 X132.009 Y101.462 E432.93761
G0 F7200 X132.162 Y101.049
G1 F1500 X131.579 Y100.466 E432.95133
G0 F7200 X131.62 Y99.942
G1 F1500 X132.262 Y100.583 E432.96641
G0 F7200 X132.302 Y100.058
G1 F1500 X131.535 Y99.291 E432.98445
G0 F7200 X132.272 Y99.462
G1 F1500 X130.996 Y98.186 E433.01446
G1 X130.926 Y98.116
G0 F7200 X130.33 Y97.52
G1 F1500 X129.044 Y96.234 E433.04471
G0 F7200 X128.414 Y96.17
G1 F1500 X129.206 Y96.962 E433.06333
G0 F7200 X128.556 Y96.878
G1 F1500 X127.848 Y96.17 E433.07998
G0 F7200 X127.282 Y96.17
G1 F1500 X128.032 Y96.919 E433.09761
G0 F7200 X127.579 Y97.032
G1 F1500 X126.717 Y96.17 E433.11788
G0 F7200 X126.151 Y96.17
G1 F1500 X127.163 Y97.182 E433.14168
G0 F7200 X126.825 Y97.409
G1 F1500 X125.585 Y96.17 E433.17084
G0 F7200 X125.02 Y96.17
G1 F1500 X126.486 Y97.636 E433.20531
G0 F7200 X126.196 Y97.912
G1 F1500 X124.454 Y96.17 E433.24628
G0 F7200 X123.888 Y96.17
G1 F1500 X125.966 Y98.248 E433.29515
G0 F7200 X125.737 Y98.584
G1 F1500 X123.322 Y96.17 E433.35194
G0 F7200 X123.069 Y96.481
G1 F1500 X125.565 Y98.978 E433.41065
G0 F7200 X125.431 Y99.41
G1 F1500 X123.069 Y97.047 E433.46622
G0 F7200 X123.069 Y97.613
G1 F1500 X125.38 Y99.924 E433.52057
G0 F7200 X125.427 Y100.537
G1 F1500 X123.069 Y98.178 E433.57603
G0 F7200 X123.069 Y98.744
G1 F1500 X125.727 Y101.402 E433.63855
G1 X125.797 Y101.472
G0 F7200 X125.958 Y99.487
G0 X126.676 Y98.148
G0 X129.8 Y96.424
G1 F1500 X132.088 Y98.712 E433.69236
G1 X132.158 Y98.782
G0 F7200 X129.566 Y97.641
G0 X122.319 Y96.015
G0 X122.208 Y95.904
;TYPE:SKIN
G1 F1500 X122.021 Y95.999 E433.69594
G1 X77.897 Y95.999 E434.45068
G1 X77.749 Y96.134 E434.45411
G0 F7200 X77.679 Y96.064
G0 X77.773 Y103.794
G0 X77.978 Y103.999
G1 F1500 X77.789 Y104.094 E434.45771
G1 X78.826 Y103.999 E434.47544
G1 X122.101 Y103.999 E435.2124
G1 X122.249 Y103.864 E435.21582
G0 F7200 X122.382 Y103.882
G1 F1500 E428.71582
;MESH:NONMESH
G0 F600 X122.382 Y103.882 Z2.6
G0 F7200 X80.01 Y103.6
G0 X80.01 Y102.335
G0 X80.01 Y97.9
;TIME_ELAPSED:856.012393
;LAYER:23
;TYPE:SUPPORT
G1 F1500 E435.21582
G1 F3000 X79.4 Y97.9 E435.22596
G1 X79.4 Y102.1 E435.29581
G1 X80.01 Y102.1 E435.30595
G1 X80.01 Y97.9 E435.3758
G1 X82.677 Y97.9 E435.42015
G1 X82.677 Y102.1 E435.49
G1 X85.344 Y102.1 E435.53435
G1 X85.344 Y97.9 E435.60419
G1 X88.011 Y97.9 E435.64855
G1 X88.011 Y102.1 E435.71839
G1 X90.678 Y102.1 E435.76274
G1 X90.678 Y97.9 E435.83259
G1 X93.345 Y97.9 E435.87694
G1 X93.345 Y102.1 E435.94679
G1 X96.012 Y102.1 E435.99114
G1 X96.012 Y97.9 E436.06099
G1 X98.679 Y97.9 E436.10534
G1 X98.679 Y102.1 E436.17519
G1 X101.346 Y102.1 E436.21954
G1 X101.346 Y97.9 E436.28939
G1 X104.013 Y97.9 E436.33374
G1 X104.013 Y102.1 E436.40358
G1 X106.68 Y102.1 E436.44794
G1 X106.68 Y97.9 E436.51778
G1 X109.347 Y97.9 E436.56214
G1 X109.347 Y102.1 E436.63198
G1 X112.014 Y102.1 E436.67633
G1 X112.014 Y97.9 E436.74618
G1 X114.681 Y97.9 E436.79053
G1 X114.681 Y102.1 E436.86038
G1 X117.348 Y102.1 E436.90473
G1 X117.348 Y97.9 E436.97458
G1 X120.015 Y97.9 E437.01893
G1 X120.015 Y102.1 E437.08878
G1 X120.6 Y102.1 E437.09851
G1 X120.6 Y97.9 E437.16835
G1 X120.015 Y97.9 E437.17808
G1 F1500 E430.67808
;MESH:reed_holder.stl
G0 F7200 X122.1 Y97.9
G0 X122.259 Y98.476
;TYPE:FILL
G1 F1500 E437.17808
G1 F3000 X122.938 Y97.797 E437.19405
G1 X123.008 Y97.727
G0 F7200 X122.259 Y96.591
G1 F3000 X122.938 Y95.911 E437.21003
G1 X123.008 Y95.841
G0 F7200 X122.938 Y99.682
G1 F3000 X122.259 Y100.361 E437.226
G1 X122.189 Y100.431
G0 F7200 X122.2 Y100.431
G0 X122.938 Y101.567
G1 F3000 X122.259 Y102.246 E437.24197
G1 X122.189 Y102.316
G0 F7200 X122.2 Y102.316
G0 X122.938 Y103.452
G1 F3000 X122.259 Y104.132 E437.25795
G1 X122.189 Y104.202
G0 F7200 X77.872 Y103.628
G0 X77.74 Y103.408
G1 F3000 X77.06 Y104.087 E437.27393
G1 X76.99 Y104.157
G0 F7200 X77.06 Y102.202
G1 F3000 X77.74 Y101.522 E437.28992
G1 X77.81 Y101.452
G0 F7200 X77.8 Y101.452
G0 X77.06 Y100.317
G1 F3000 X77.74 Y99.637 E437.30591
G1 X77.81 Y99.567
G0 F7200 X77.8 Y99.567
G0 X77.06 Y98.432
G1 F3000 X77.74 Y97.752 E437.32191
G1 X77.81 Y97.682
G0 F7200 X77.8 Y97.682
G0 X77.06 Y96.546
G1 F3000 X77.74 Y95.867 E437.33789
G1 X77.81 Y95.797
G0 F7200 X77.83 Y103.67
G0 X77.9 Y103.6
;TYPE:WALL-INNER
G1 F3000 X122.1 Y103.6 E438.07294
G1 X122.1 Y96.4 E438.19267
G1 X77.9 Y96.4 E438.92772
G1 X77.9 Y103.6 E439.04746
G0 F7200 X77.83 Y103.67
G0 X70.972 Y102.642
G0 X69.504 Y101.905
G0 X69.576 Y101.837
G1 F3000 X70.427 Y102.432 E439.06473
G1 X70.979 Y102.603 E439.07434
G1 X71.5 Y102.654 E439.08304
G1 X72.029 Y102.601 E439.09188
G1 X72.612 Y102.402 E439.10213
G1 X73.358 Y101.904 E439.11705
G1 X73.9 Y101.118 E439.13292
G1 X74.103 Y100.529 E439.14328
G1 X74.154 Y100 E439.15212
G1 X74.101 Y99.471 E439.16096
G1 X73.902 Y98.888 E439.17121
G1 X73.404 Y98.142 E439.18612
G1 X72.618 Y97.6 E439.202
G1 X72.029 Y97.397 E439.21236
G1 X71.499 Y97.346 E439.22122
G1 X70.98 Y97.398 E439.22989
G1 X70.434 Y97.568 E439.2394
G1 X69.744 Y98.029 E439.2532
G1 X69.566 Y98.187 E439.25716
G1 X69.069 Y98.929 E439.27201
G1 X68.839 Y99.957 E439.28953
G1 X69.018 Y100.938 E439.30611
G1 X69.576 Y101.837 E439.32371
G0 F7200 X69.504 Y101.905
G0 X70.41 Y102.467
G0 X71.5 Y102.694
G0 X77.86 Y101.335
G0 X77.872 Y96.372
G0 X122.128 Y96.372
G0 X126.572 Y98.025
G0 X126.642 Y98.096
G1 F3000 X126.1 Y98.882 E439.33959
G1 X125.897 Y99.471 E439.34995
G1 X125.846 Y100 E439.35879
G1 X125.899 Y100.529 E439.36763
G1 X126.098 Y101.112 E439.37787
G1 X126.596 Y101.858 E439.39279
G1 X127.382 Y102.4 E439.40867
G1 X127.971 Y102.603 E439.41903
G1 X128.5 Y102.654 E439.42786
G1 X129.029 Y102.601 E439.43671
G1 X129.612 Y102.402 E439.44695
G1 X130.358 Y101.904 E439.46187
G1 X130.9 Y101.118 E439.47774
G1 X131.103 Y100.529 E439.4881
G1 X131.154 Y100 E439.49694
G1 X131.101 Y99.471 E439.50578
G1 X130.902 Y98.888 E439.51603
G1 X130.404 Y98.142 E439.53094
G1 X129.618 Y97.6 E439.54682
G1 X129.029 Y97.397 E439.55718
G1 X128.5 Y97.346 E439.56602
G1 X127.971 Y97.399 E439.57486
G1 X127.388 Y97.598 E439.58511
G1 X126.642 Y98.096 E439.60002
G0 F7200 X126.572 Y98.025
G0 X130.169 Y96.049
G0 X130.199 Y95.954
G1 F3000 X130.29 Y95.983 E439.60161
G1 X131.081 Y96.44 E439.6168
G1 X131.766 Y97.057 E439.63214
G1 X132.309 Y97.805 E439.64751
G1 X132.681 Y98.641 E439.66272
G1 X132.873 Y99.541 E439.67803
G1 X132.873 Y100.459 E439.69329
G1 X132.681 Y101.359 E439.7086
G1 X132.309 Y102.195 E439.72381
G1 X131.766 Y102.943 E439.73919
G1 X131.081 Y103.56 E439.75452
G1 X130.29 Y104.017 E439.76971
G1 X129.419 Y104.3 E439.78494
G1 X128.617 Y104.384 E439.79835
G1 X127.74 Y104.4 E439.81294
G1 X71.534 Y104.4 E440.74765
G1 X70.581 Y104.3 E440.76358
G1 X69.71 Y104.017 E440.77881
G1 X68.919 Y103.56 E440.794
G1 X68.234 Y102.943 E440.80934
G1 X67.691 Y102.195 E440.82471
G1 X67.319 Y101.359 E440.83992
G1 X67.127 Y100.459 E440.85523
G1 X67.127 Y99.541 E440.87049
G1 X67.319 Y98.641 E440.8858
G1 X67.691 Y97.805 E440.90101
G1 X68.234 Y97.057 E440.91639
G1 X68.919 Y96.44 E440.93172
G1 X69.71 Y95.983 E440.94691
G1 X70.581 Y95.7 E440.96214
G1 X71.38 Y95.616 E440.9755
G1 X76.502 Y95.6 E441.06068
G1 X128.466 Y95.6 E441.92484
G1 X129.322 Y95.69 E441.93916
G1 X129.419 Y95.7 E441.94078
G1 X130.199 Y95.954 E441.95442
G0 F7200 X130.169 Y96.049
G0 X129.311 Y95.788
G0 X129.363 Y95.292
;TYPE:WALL-OUTER
G1 F1500 X129.5 Y95.306 E441.95671
G1 X130.323 Y95.574 E441.97111
G1 X130.453 Y95.616 E441.97338
G1 X131.319 Y96.116 E441.99001
G1 X132.066 Y96.789 E442.00673
G1 X132.656 Y97.602 E442.02343
G1 X133.063 Y98.516 E442.04007
G1 X133.273 Y99.5 E442.05681
G1 X133.273 Y100.5 E442.07344
G1 X133.063 Y101.484 E442.09017
G1 X132.656 Y102.398 E442.10681
G1 X132.066 Y103.211 E442.12351
G1 X131.319 Y103.884 E442.14023
G1 X130.453 Y104.384 E442.15686
G1 X129.5 Y104.694 E442.17353
G1 X128.643 Y104.784 E442.18786
G1 X127.747 Y104.8 E442.20276
G1 X71.511 Y104.8 E443.13797
G1 X70.5 Y104.694 E443.15488
G1 X69.547 Y104.384 E443.17154
G1 X68.681 Y103.884 E443.18817
G1 X67.934 Y103.211 E443.20489
G1 X67.344 Y102.398 E443.2216
G1 X66.937 Y101.484 E443.23824
G1 X66.727 Y100.5 E443.25497
G1 X66.727 Y99.5 E443.2716
G1 X66.937 Y98.516 E443.28833
G1 X67.344 Y97.602 E443.30497
G1 X67.934 Y96.789 E443.32167
G1 X68.681 Y96.116 E443.3384
G1 X69.547 Y95.616 E443.35503
G1 X70.5 Y95.306 E443.37169
G1 X71.356 Y95.216 E443.386
G1 X76.501 Y95.2 E443.47157
G1 X128.489 Y95.2 E444.33613
G1 X129.363 Y95.292 E444.35075
G0 F7200 X129.5 Y95.306
G0 X129.559 Y95.325
G0 X129.405 Y95.8
G0 X126.651 Y97.97
G0 X126.928 Y98.386
G1 F1500 X126.46 Y99.064 E444.36445
G1 X126.291 Y99.556 E444.3731
G1 X126.248 Y100 E444.38052
G1 X126.292 Y100.443 E444.38792
G1 X126.46 Y100.933 E444.39653
G1 X126.886 Y101.572 E444.40931
G1 X127.564 Y102.04 E444.42301
G1 X128.056 Y102.209 E444.43166
G1 X128.5 Y102.252 E444.43908
G1 X128.943 Y102.208 E444.44648
G1 X129.433 Y102.04 E444.45509
G1 X130.072 Y101.614 E444.46786
G1 X130.54 Y100.936 E444.48157
G1 X130.709 Y100.444 E444.49022
G1 X130.752 Y100 E444.49763
G1 X130.708 Y99.557 E444.50504
G1 X130.54 Y99.067 E444.51365
G1 X130.114 Y98.428 E444.52642
G1 X129.436 Y97.96 E444.54012
G1 X128.944 Y97.791 E444.54878
G1 X128.5 Y97.748 E444.55619
G1 X128.057 Y97.792 E444.5636
G1 X127.567 Y97.96 E444.57221
G1 X126.928 Y98.386 E444.58498
G0 F7200 X126.815 Y98.55
G0 X126.404 Y98.266
G0 X122.128 Y103.628
G0 X77.872 Y103.628
G0 X78.3 Y103.2
G1 F1500 X121.7 Y103.2 E445.30673
G1 X121.7 Y96.8 E445.41316
G1 X78.3 Y96.8 E446.13491
G1 X78.3 Y103.2 E446.24134
G0 F7200 X78.5 Y103.2
G0 X78.5 Y103.7
G0 X70.972 Y102.642
G0 X69.586 Y101.965
G0 X69.873 Y101.556
G1 F1500 X70.605 Y102.068 E446.25619
G1 X71.059 Y102.209 E446.2641
G1 X71.5 Y102.252 E446.27147
G1 X71.943 Y102.208 E446.27887
G1 X72.433 Y102.04 E446.28749
G1 X73.072 Y101.614 E446.30026
G1 X73.54 Y100.936 E446.31396
G1 X73.709 Y100.444 E446.32261
G1 X73.752 Y100 E446.33003
G1 X73.708 Y99.557 E446.33743
G1 X73.54 Y99.067 E446.34604
G1 X73.114 Y98.428 E446.35882
G1 X72.436 Y97.96 E446.37252
G1 X71.944 Y97.791 E446.38117
G1 X71.5 Y97.748 E446.38859
G1 X71.06 Y97.792 E446.39594
G1 X70.608 Y97.933 E446.40381
G1 X69.989 Y98.346 E446.41619
G1 X69.87 Y98.452 E446.41884
G1 X69.443 Y99.089 E446.43159
G1 X69.247 Y99.965 E446.44652
G1 X69.398 Y100.791 E446.46048
G1 X69.873 Y101.556 E446.47546
G0 F7200 X70.036 Y101.67
G0 X69.287 Y102.11
;TYPE:SKIN
G1 F1500 X70.253 Y102.787 E446.49508
G1 X70.901 Y102.987 E446.50635
G1 X71.5 Y103.046 E446.51636
G1 X72.113 Y102.985 E446.52661
G1 X72.786 Y102.755 E446.53844
G1 X73.637 Y102.187 E446.55545
G1 X74.251 Y101.296 E446.57345
G1 X74.487 Y100.613 E446.58546
G1 X74.546 Y100 E446.59571
G1 X74.485 Y99.387 E446.60595
G1 X74.255 Y98.714 E446.61778
G1 X73.687 Y97.863 E446.63479
G1 X72.796 Y97.249 E446.65279
G1 X72.113 Y97.013 E446.6648
G1 X71.499 Y96.954 E446.67506
G1 X70.902 Y97.014 E446.68504
G1 X70.264 Y97.213 E446.69615
G1 X69.505 Y97.719 E446.71132
G1 X69.27 Y97.928 E446.71655
G1 X68.704 Y98.773 E446.73347
G1 X68.441 Y99.949 E446.75351
G1 X68.648 Y101.081 E446.77265
G1 X69.287 Y102.11 E446.79279
G0 F7200 X69.15 Y103.243
G1 F1500 X68.526 Y102.68 E446.80677
G1 X68.031 Y102 E446.82075
G1 X67.693 Y101.239 E446.8346
G1 X67.517 Y100.415 E446.84861
G1 X67.517 Y99.585 E446.86242
G1 X67.693 Y98.761 E446.87643
G1 X68.031 Y98 E446.89028
G1 X68.526 Y97.32 E446.90426
G1 X69.15 Y96.757 E446.91824
G1 X69.87 Y96.342 E446.93206
G1 X70.663 Y96.084 E446.94593
G1 X71.403 Y96.006 E446.9583
G1 X77.11 Y95.99 E447.05321
G1 X77.11 Y104.01 E447.18658
G1 X71.555 Y104.01 E447.27896
G1 X70.663 Y103.916 E447.29388
G1 X69.87 Y103.658 E447.30775
G1 X69.15 Y103.243 E447.32157
G0 F7200 X68.162 Y98.149
G1 F1500 X69.615 Y96.696 E447.35574
G1 X69.685 Y96.626
G0 F7200 X70.488 Y96.954
G1 F1500 X71.238 Y96.203 E447.37339
G0 F7200 X71.824 Y96.184
G1 F1500 X71.206 Y96.802 E447.38793
G0 F7200 X71.774 Y96.799
G1 F1500 X72.391 Y96.182 E447.40244
G0 F7200 X72.959 Y96.18
G1 F1500 X72.264 Y96.875 E447.41878
G0 F7200 X72.685 Y97.02
G1 F1500 X73.526 Y96.179 E447.43856
G0 F7200 X74.093 Y96.177
G1 F1500 X73.059 Y97.211 E447.46288
G0 F7200 X73.394 Y97.442
G1 F1500 X74.66 Y96.176 E447.49265
G0 F7200 X75.228 Y96.174
G1 F1500 X73.73 Y97.672 E447.52788
G0 F7200 X73.984 Y97.983
G1 F1500 X75.795 Y96.172 E447.57048
G0 F7200 X76.362 Y96.171
G1 F1500 X74.21 Y98.323 E447.62109
G0 F7200 X74.43 Y98.668
G1 F1500 X76.929 Y96.17 E447.67985
G0 F7200 X76.929 Y96.735
G1 F1500 X74.575 Y99.09 E447.73522
G0 F7200 X74.682 Y99.548
G1 F1500 X76.929 Y97.301 E447.78807
G0 F7200 X76.929 Y97.867
G1 F1500 X74.719 Y100.076 E447.84003
G0 F7200 X74.638 Y100.723
G1 F1500 X76.929 Y98.432 E447.89391
G0 F7200 X76.929 Y98.998
G1 F1500 X74.108 Y101.819 E447.96026
G1 X74.038 Y101.889
G0 F7200 X73.303 Y102.624
G1 F1500 X72.098 Y103.829 E447.9886
G0 F7200 X71.535 Y103.826
G1 F1500 X72.227 Y103.135 E448.00486
G0 F7200 X71.579 Y103.217
G1 F1500 X71.023 Y103.772 E448.01793
G0 F7200 X70.543 Y103.688
G1 F1500 X71.05 Y103.181 E448.02985
G0 F7200 X70.587 Y103.077
G1 F1500 X70.116 Y103.548 E448.04093
G0 F7200 X69.73 Y103.369
G1 F1500 X70.159 Y102.94 E448.05102
G0 F7200 X69.826 Y102.707
G1 F1500 X69.371 Y103.162 E448.06172
G0 F7200 X69.053 Y102.914
G1 F1500 X69.493 Y102.474 E448.07207
G0 F7200 X69.161 Y102.241
G1 F1500 X68.756 Y102.645 E448.08158
G0 F7200 X68.5 Y102.336
G1 F1500 X68.941 Y101.895 E448.09195
G0 F7200 X68.725 Y101.546
G1 F1500 X68.262 Y102.008 E448.10283
G0 F7200 X68.068 Y101.637
G1 F1500 X68.508 Y101.197 E448.11318
G0 F7200 X68.401 Y100.737
G1 F1500 X67.894 Y101.245 E448.12511
G0 F7200 X67.782 Y100.791
G1 F1500 X68.315 Y100.259 E448.13764
G0 F7200 X68.313 Y99.694
G1 F1500 X67.696 Y100.311 E448.15215
G0 F7200 X67.696 Y99.745
G1 F1500 X68.476 Y98.966 E448.17048
G0 F7200 X67.812 Y99.064
G1 F1500 X70.576 Y96.3 E448.23548
G1 X70.646 Y96.23
G0 F7200 X76.929 Y99.564
G1 F1500 X72.664 Y103.829 E448.33579
G0 F7200 X73.23 Y103.829
G1 F1500 X76.929 Y100.129 E448.4228
G0 F7200 X76.929 Y100.695
G1 F1500 X73.795 Y103.829 E448.4965
G0 F7200 X74.361 Y103.829
G1 F1500 X76.929 Y101.261 E448.5569
G0 F7200 X76.929 Y101.826
G1 F1500 X74.927 Y103.829 E448.60399
G0 F7200 X75.492 Y103.829
G1 F1500 X76.929 Y102.392 E448.63779
G0 F7200 X76.929 Y102.958
G1 F1500 X76.058 Y103.829 E448.65828
G0 F7200 X76.624 Y103.829
G1 F1500 X76.929 Y103.523 E448.66546
G0 F7200 X122.89 Y104.01
G1 F1500 X122.89 Y95.99 E448.79883
G1 X128.445 Y95.99 E448.89121
G1 X129.281 Y96.078 E448.90519
G1 X129.337 Y96.084 E448.90613
G1 X130.079 Y96.325 E448.9191
G1 X130.137 Y96.344 E448.92012
G1 X130.847 Y96.755 E448.93376
G1 X131.474 Y97.32 E448.9478
G1 X131.969 Y98 E448.96178
G1 X132.307 Y98.761 E448.97563
G1 X132.483 Y99.585 E448.98964
G1 X132.483 Y100.415 E449.00345
G1 X132.307 Y101.239 E449.01746
G1 X131.969 Y102 E449.03131
G1 X131.474 Y102.68 E449.04529
G1 X130.85 Y103.243 E449.05927
G1 X130.13 Y103.658 E449.07309
G1 X129.337 Y103.916 E449.08696
G1 X128.592 Y103.994 E449.09942
G1 X127.732 Y104.01 E449.11372
G1 X122.89 Y104.01 E449.19424
G0 F7200 X125.454 Y100
G1 F1500 X125.515 Y100.613 E449.20449
G1 X125.745 Y101.286 E449.21632
G1 X126.313 Y102.137 E449.23333
G1 X127.204 Y102.751 E449.25133
G1 X127.887 Y102.987 E449.26334
G1 X128.5 Y103.046 E449.27358
G1 X129.113 Y102.985 E449.28383
G1 X129.786 Y102.755 E449.29566
G1 X130.637 Y102.187 E449.31267
G1 X131.251 Y101.296 E449.33067
G1 X131.487 Y100.613 E449.34268
G1 X131.546 Y100 E449.35293
G1 X131.485 Y99.387 E449.36317
G1 X131.255 Y98.714 E449.375
G1 X130.687 Y97.863 E449.39201
G1 X129.796 Y97.249 E449.41001
G1 X129.113 Y97.013 E449.42202
G1 X128.5 Y96.954 E449.43227
G1 X127.887 Y97.015 E449.44251
G1 X127.214 Y97.245 E449.45434
G1 X126.363 Y97.813 E449.47135
G1 X125.749 Y98.704 E449.48935
G1 X125.513 Y99.387 E449.50137
G1 X125.454 Y100 E449.51161
G0 F7200 X123.315 Y96.17
G1 F1500 X123.069 Y96.416 E449.51739
G0 F7200 X123.069 Y96.981
G1 F1500 X123.881 Y96.17 E449.53648
G0 F7200 X124.447 Y96.17
G1 F1500 X123.069 Y97.547 E449.56887
G0 F7200 X123.069 Y98.113
G1 F1500 X125.012 Y96.17 E449.61457
G0 F7200 X125.578 Y96.17
G1 F1500 X123.069 Y98.678 E449.67357
G0 F7200 X123.069 Y99.244
G1 F1500 X126.144 Y96.17 E449.74587
G0 F7200 X126.709 Y96.17
G1 F1500 X123.069 Y99.81 E449.83148
G0 F7200 X123.069 Y100.375
G1 F1500 X127.275 Y96.17 E449.93039
G0 F7200 X127.841 Y96.17
G1 F1500 X126.516 Y97.494 E449.96154
G0 F7200 X126.021 Y97.99
G1 F1500 X123.069 Y100.941 E450.03095
G0 F7200 X123.069 Y101.507
G1 F1500 X125.391 Y99.185 E450.08556
G0 F7200 X125.285 Y99.856
G1 F1500 X123.069 Y102.072 E450.13768
G0 F7200 X123.069 Y102.638
G1 F1500 X125.311 Y100.397 E450.1904
G0 F7200 X125.409 Y100.864
G1 F1500 X123.069 Y103.204 E450.24543
G0 F7200 X123.069 Y103.77
G1 F1500 X125.553 Y101.285 E450.30386
G0 F7200 X125.764 Y101.64
G1 F1500 X123.575 Y103.83 E450.35536
G0 F7200 X124.141 Y103.83
G1 F1500 X125.99 Y101.98 E450.39885
G0 F7200 X126.234 Y102.302
G1 F1500 X124.706 Y103.83 E450.43479
G0 F7200 X125.272 Y103.83
G1 F1500 X126.569 Y102.533 E450.46529
G0 F7200 X126.904 Y102.763
G1 F1500 X125.838 Y103.83 E450.49037
G0 F7200 X126.403 Y103.83
G1 F1500 X127.27 Y102.963 E450.51077
G0 F7200 X127.69 Y103.108
G1 F1500 X126.969 Y103.83 E450.52773
G0 F7200 X127.535 Y103.83
G1 F1500 X128.17 Y103.195 E450.54267
G0 F7200 X128.727 Y103.203
G1 F1500 X128.107 Y103.823 E450.55725
G0 F7200 X128.694 Y103.802
G1 F1500 X129.43 Y103.065 E450.57457
G0 F7200 X129.334 Y103.727
G1 F1500 X130.706 Y102.355 E450.60684
G0 F7200 X130.809 Y102.252
G1 F1500 X132.202 Y100.86 E450.63959
G0 F7200 X131.567 Y100.929
G1 F1500 X132.302 Y100.194 E450.65687
G0 F7200 X132.302 Y99.628
G1 F1500 X131.704 Y100.226 E450.67094
G0 F7200 X131.693 Y99.671
G1 F1500 X132.206 Y99.158 E450.683
G0 F7200 X132.086 Y98.712
G1 F1500 X131.608 Y99.19 E450.69424
G0 F7200 X131.464 Y98.769
G1 F1500 X131.912 Y98.321 E450.70478
G0 F7200 X131.712 Y97.956
G1 F1500 X131.264 Y98.403 E450.71531
G0 F7200 X131.037 Y98.065
G1 F1500 X131.473 Y97.628 E450.72557
G0 F7200 X131.21 Y97.326
G1 F1500 X130.808 Y97.728 E450.73503
G0 F7200 X130.473 Y97.498
G1 F1500 X130.913 Y97.058 E450.74537
G0 F7200 X130.591 Y96.814
G1 F1500 X130.138 Y97.266 E450.75602
G0 F7200 X129.784 Y97.055
G1 F1500 X130.232 Y96.607 E450.76655
G0 F7200 X129.838 Y96.435
G1 F1500 X129.364 Y96.909 E450.7777
G0 F7200 X128.897 Y96.811
G1 F1500 X129.411 Y96.296 E450.7898
G0 F7200 X128.921 Y96.22
G1 F1500 X128.354 Y96.788 E450.80315
G0 F7200 X128.407 Y96.17
G1 F1500 X127.682 Y96.894 E450.82019
G1 X127.612 Y96.964
G0 F7200 X129.636 Y97.565
G0 X130.432 Y98.114
G0 X130.886 Y98.795
G0 X131.883 Y101.744
G1 F1500 X130.244 Y103.383 E450.85873
G1 X130.174 Y103.453
G0 F7200 X122.319 Y103.954
G0 X122.194 Y104.079
;TYPE:SKIN
G1 F1500 X121.991 Y103.999 E450.86247
G1 X78.15 Y103.999 E451.61259
G1 X77.734 Y103.849 E451.62016
G0 F7200 X77.679 Y103.905
G0 X77.743 Y96.204
G0 X77.948 Y95.999
G1 F1500 X77.774 Y95.889 E451.62367
G1 X78.514 Y95.999 E451.63642
G1 X122.072 Y95.999 E452.37877
G1 X122.234 Y96.119 E452.38221
G0 F7200 X122.319 Y96.035
G1 F1500 E445.88221
;MESH:NONMESH
G0 F600 X122.319 Y96.035 Z2.7
G0 F7200 X80.01 Y96.4
G0 X80.01 Y97.9
;TIME_ELAPSED:895.795155
;LAYER:24
;TYPE:SUPPORT
G1 F1500 E452.38221
G1 F3000 X79.4 Y97.9 E452.39235
G1 X79.4 Y102.1 E452.4622
G1 X80.01 Y102.1 E452.47234
G1 X80.01 Y97.9 E452.54219
G1 X82.677 Y97.9 E452.58654
G1 X82.677 Y102.1 E452.65639
G1 X85.344 Y102.1 E452.70074
G1 X85.344 Y97.9 E452.77059
G1 X88.011 Y97.9 E452.81494
G1 X88.011 Y102.1 E452.88478
G1 X90.678 Y102.1 E452.92914
G1 X90.678 Y97.9 E452.99898
G1 X93.345 Y97.9 E453.04334
G1 X93.345 Y102.1 E453.11318
G1 X96.012 Y102.1 E453.15753
G1 X96.012 Y97.9 E453.22738
G1 X98.679 Y97.9 E453.27173
G1 X98.679 Y102.1 E453.34158
G1 X101.346 Y102.1 E453.38593
G1 X101.346 Y97.9 E453.45578
G1 X104.013 Y97.9 E453.50013
G1 X104.013 Y102.1 E453.56998
G1 X106.68 Y102.1 E453.61433
G1 X106.68 Y97.9 E453.68417
G1 X109.347 Y97.9 E453.72853
G1 X109.347 Y102.1 E453.79837
G1 X112.014 Y102.1 E453.84273
G1 X112.014 Y97.9 E453.91257
G1 X114.681 Y97.9 E453.95692
G1 X114.681 Y102.1 E454.02677
G1 X117.348 Y102.1 E454.07112
G1 X117.348 Y97.9 E454.14097
G1 X120.015 Y97.9 E454.18532
G1 X120.015 Y102.1 E454.25517
G1 X120.6 Y102.1 E454.2649
G1 X120.6 Y97.9 E454.33474
G1 X120.015 Y97.9 E454.34447
G1 F1500 E447.84447
;MESH:reed_holder.stl
G0 F7200 X122.1 Y97.9
G0 X122.259 Y97.752
;TYPE:FILL
G1 F1500 E454.34447
G1 F3000 X122.939 Y98.432 E454.36046
G1 X123.009 Y98.502
G0 F7200 X122.259 Y99.637
G1 F3000 X122.939 Y100.317 E454.37646
G1 X123.009 Y100.387
G0 F7200 X122.259 Y101.522
G1 F3000 X122.939 Y102.203 E454.39246
G1 X123.009 Y102.273
G0 F7200 X122.259 Y103.408
G1 F3000 X122.939 Y104.088 E454.40845
G1 X123.009 Y104.158
G0 F7200 X122.939 Y96.547
G1 F3000 X122.259 Y95.867 E454.42445
G1 X122.189 Y95.797
G0 F7200 X77.872 Y96.372
G0 X77.74 Y96.591
G1 F3000 X77.059 Y95.911 E454.44045
G1 X76.989 Y95.841
G0 F7200 X77.059 Y97.796
G1 F3000 X77.74 Y98.476 E454.45645
G1 X77.81 Y98.546
G0 F7200 X77.8 Y98.546
G0 X77.059 Y99.681
G1 F3000 X77.74 Y100.361 E454.47246
G1 X77.81 Y100.431
G0 F7200 X77.8 Y100.431
G0 X77.059 Y101.566
G1 F3000 X77.74 Y102.246 E454.48846
G1 X77.81 Y102.316
G0 F7200 X77.8 Y102.316
G0 X77.059 Y103.451
G1 F3000 X77.74 Y104.132 E454.50448
G1 X77.81 Y104.202
G0 F7200 X77.9 Y103.6
;TYPE:WALL-INNER
G1 F3000 X122.1 Y103.6 E455.23953
G1 X122.1 Y96.4 E455.35927
G1 X77.9 Y96.4 E456.09431
G1 X77.9 Y103.6 E456.21405
G0 F7200 X77.83 Y103.67
G0 X73.445 Y102.092
G0 X73.377 Y102.02
G1 F3000 X73.879 Y101.34 E456.22811
G1 X74.018 Y101.113 E456.23253
G1 X74.206 Y100.526 E456.24278
G1 X74.237 Y99.803 E456.25482
G1 X74.148 Y99.288 E456.26351
G1 X74.015 Y98.877 E456.27069
G1 X73.52 Y98.123 E456.28569
G1 X72.84 Y97.621 E456.29975
G1 X72.613 Y97.482 E456.30418
G1 X72.026 Y97.294 E456.31443
G1 X71.303 Y97.263 E456.32646
G1 X70.785 Y97.353 E456.3352
G1 X70.349 Y97.499 E456.34285
G1 X69.796 Y97.868 E456.35391
G1 X69.438 Y98.185 E456.36186
G1 X69.051 Y98.762 E456.37341
G1 X68.883 Y99.209 E456.38135
G1 X68.754 Y99.851 E456.39224
G1 X68.755 Y100.15 E456.39722
G1 X68.882 Y100.791 E456.40808
G1 X69.052 Y101.238 E456.41604
G1 X69.436 Y101.816 E456.42758
G1 X69.795 Y102.131 E456.43552
G1 X70.35 Y102.504 E456.44664
G1 X70.972 Y102.706 E456.45752
G1 X71.697 Y102.737 E456.46958
G1 X72.212 Y102.648 E456.47827
G1 X72.623 Y102.515 E456.48546
G1 X73.377 Y102.02 E456.50046
G0 F7200 X73.445 Y102.092
G0 X77.872 Y96.372
G0 X122.128 Y96.372
G0 X126.555 Y97.908
G0 X126.623 Y97.98
G1 F3000 X126.121 Y98.66 E456.51451
G1 X125.982 Y98.887 E456.51894
G1 X125.794 Y99.474 E456.52919
G1 X125.763 Y100.197 E456.54123
G1 X125.852 Y100.712 E456.54992
G1 X125.985 Y101.123 E456.5571
G1 X126.48 Y101.877 E456.5721
G1 X127.16 Y102.379 E456.58616
G1 X127.387 Y102.518 E456.59058
G1 X127.974 Y102.706 E456.60083
G1 X128.697 Y102.737 E456.61287
G1 X129.212 Y102.648 E456.62156
G1 X129.623 Y102.515 E456.62874
G1 X130.377 Y102.02 E456.64374
G1 X130.879 Y101.34 E456.6578
G1 X131.018 Y101.113 E456.66223
G1 X131.206 Y100.526 E456.67248
G1 X131.237 Y99.803 E456.68451
G1 X131.148 Y99.288 E456.6932
G1 X131.015 Y98.877 E456.70039
G1 X130.52 Y98.123 E456.71539
G1 X129.84 Y97.621 E456.72944
G1 X129.613 Y97.482 E456.73387
G1 X129.026 Y97.294 E456.74412
G1 X128.303 Y97.263 E456.75615
G1 X127.788 Y97.352 E456.76484
G1 X127.377 Y97.485 E456.77203
G1 X126.623 Y97.98 E456.78703
G0 F7200 X126.555 Y97.908
G0 X130.145 Y96.042
G0 X130.183 Y95.95
G1 F3000 X130.993 Y96.392 E456.80237
G1 X131.687 Y96.987 E456.81758
G1 X132.244 Y97.715 E456.83282
G1 X132.637 Y98.545 E456.84809
G1 X132.849 Y99.433 E456.86327
G1 X132.871 Y100.352 E456.87856
G1 X132.702 Y101.254 E456.89382
G1 X132.35 Y102.1 E456.90906
G1 X131.827 Y102.858 E456.92438
G1 X131.167 Y103.481 E456.93947
G1 X130.381 Y103.962 E456.95479
G1 X129.516 Y104.266 E456.97004
G1 X128.578 Y104.387 E456.98577
G1 X127.907 Y104.4 E456.99693
G1 X71.534 Y104.4 E457.93442
G1 X70.696 Y104.312 E457.94843
G1 X69.817 Y104.05 E457.96368
G1 X69.007 Y103.608 E457.97903
G1 X68.313 Y103.013 E457.99423
G1 X67.756 Y102.285 E458.00948
G1 X67.363 Y101.455 E458.02475
G1 X67.15 Y100.565 E458.03997
G1 X67.129 Y99.649 E458.0552
G1 X67.298 Y98.746 E458.07048
G1 X67.65 Y97.9 E458.08572
G1 X68.173 Y97.142 E458.10103
G1 X68.833 Y96.519 E458.11613
G1 X69.619 Y96.038 E458.13145
G1 X70.484 Y95.734 E458.1467
G1 X71.418 Y95.613 E458.16236
G1 X76.502 Y95.6 E458.24691
G1 X128.466 Y95.6 E459.11107
G1 X129.304 Y95.688 E459.12509
G1 X130.183 Y95.95 E459.14034
G0 F7200 X130.34 Y95.58
;TYPE:WALL-OUTER
G1 F1500 X131.221 Y96.061 E459.15703
G1 X131.98 Y96.711 E459.17365
G1 X132.585 Y97.503 E459.19023
G1 X133.017 Y98.414 E459.20699
G1 X133.248 Y99.382 E459.22354
G1 X133.272 Y100.383 E459.24019
G1 X133.087 Y101.369 E459.25688
G1 X132.703 Y102.292 E459.2735
G1 X132.132 Y103.12 E459.29023
G1 X131.41 Y103.801 E459.30673
G1 X130.554 Y104.325 E459.32342
G1 X129.607 Y104.658 E459.34012
G1 X128.609 Y104.787 E459.35685
G1 X127.914 Y104.8 E459.36841
G1 X71.511 Y104.8 E460.3064
G1 X70.621 Y104.707 E460.32128
G1 X69.66 Y104.42 E460.33796
G1 X68.779 Y103.939 E460.35465
G1 X68.02 Y103.289 E460.37127
G1 X67.415 Y102.497 E460.38784
G1 X66.983 Y101.586 E460.40461
G1 X66.751 Y100.616 E460.4212
G1 X66.728 Y99.617 E460.43782
G1 X66.913 Y98.631 E460.4545
G1 X67.297 Y97.708 E460.47112
G1 X67.868 Y96.88 E460.48785
G1 X68.59 Y96.199 E460.50436
G1 X69.446 Y95.675 E460.52105
G1 X70.393 Y95.342 E460.53774
G1 X71.39 Y95.213 E460.55446
G1 X76.501 Y95.2 E460.63946
G1 X128.489 Y95.2 E461.50402
G1 X129.379 Y95.293 E461.5189
G1 X130.34 Y95.58 E461.53558
G0 F7200 X130.515 Y95.675
G0 X130.276 Y96.113
G0 X127.652 Y97.315
G0 X126.501 Y97.978
G0 X126.902 Y98.275
G1 F1500 X126.453 Y98.884 E461.54816
G1 X126.348 Y99.055 E461.5515
G1 X126.191 Y99.545 E461.56006
G1 X126.164 Y100.171 E461.57048
G1 X126.241 Y100.616 E461.57799
G1 X126.349 Y100.948 E461.58379
G1 X126.775 Y101.598 E461.59672
G1 X127.384 Y102.047 E461.6093
G1 X127.555 Y102.152 E461.61264
G1 X128.045 Y102.309 E461.62119
G1 X128.671 Y102.336 E461.63161
G1 X129.116 Y102.259 E461.63912
G1 X129.448 Y102.151 E461.64493
G1 X130.098 Y101.725 E461.65785
G1 X130.547 Y101.116 E461.67044
G1 X130.652 Y100.945 E461.67377
G1 X130.809 Y100.455 E461.68233
G1 X130.836 Y99.829 E461.69275
G1 X130.759 Y99.384 E461.70026
G1 X130.651 Y99.052 E461.70607
G1 X130.225 Y98.402 E461.71899
G1 X129.616 Y97.953 E461.73157
G1 X129.445 Y97.848 E461.73491
G1 X128.955 Y97.691 E461.74347
G1 X128.329 Y97.664 E461.75389
G1 X127.884 Y97.741 E461.7614
G1 X127.552 Y97.849 E461.7672
G1 X126.902 Y98.275 E461.78013
G0 F7200 X126.784 Y98.436
G0 X126.382 Y98.139
G0 X122.128 Y103.628
G0 X77.872 Y103.628
G0 X78.3 Y103.2
G1 F1500 X121.7 Y103.2 E462.50187
G1 X121.7 Y96.8 E462.60831
G1 X78.3 Y96.8 E463.33005
G1 X78.3 Y103.2 E463.43648
G0 F7200 X78.5 Y103.2
G0 X78.5 Y103.7
G0 X73.499 Y102.022
G0 X73.098 Y101.725
G1 F1500 X73.547 Y101.116 E463.44907
G1 X73.652 Y100.945 E463.4524
G1 X73.809 Y100.455 E463.46096
G1 X73.836 Y99.829 E463.47138
G1 X73.759 Y99.384 E463.47889
G1 X73.651 Y99.052 E463.4847
G1 X73.225 Y98.402 E463.49762
G1 X72.616 Y97.953 E463.5102
G1 X72.445 Y97.848 E463.51354
G1 X71.955 Y97.691 E463.5221
G1 X71.329 Y97.664 E463.53252
G1 X70.883 Y97.742 E463.54005
G1 X70.527 Y97.861 E463.54629
G1 X70.041 Y98.186 E463.55601
G1 X69.741 Y98.451 E463.56267
G1 X69.409 Y98.946 E463.57258
G1 X69.269 Y99.319 E463.57921
G1 X69.154 Y99.89 E463.58889
G1 X69.155 Y100.11 E463.59255
G1 X69.268 Y100.68 E463.60221
G1 X69.41 Y101.054 E463.60887
G1 X69.74 Y101.55 E463.61877
G1 X70.04 Y101.813 E463.62541
G1 X70.527 Y102.141 E463.63517
G1 X71.044 Y102.309 E463.64421
G1 X71.671 Y102.336 E463.65465
G1 X72.116 Y102.259 E463.66216
G1 X72.448 Y102.151 E463.66797
G1 X73.098 Y101.725 E463.68089
G0 F7200 X73.216 Y101.564
G0 X73.65 Y102.308
;TYPE:SKIN
G1 F1500 X74.203 Y101.558 E463.69639
G1 X74.375 Y101.277 E463.70187
G1 X74.594 Y100.595 E463.71378
G1 X74.629 Y99.778 E463.72738
G1 X74.528 Y99.194 E463.73723
G1 X74.37 Y98.707 E463.74575
G1 X73.808 Y97.85 E463.76279
G1 X73.058 Y97.297 E463.77829
G1 X72.777 Y97.125 E463.78377
G1 X72.095 Y96.906 E463.79568
G1 X71.278 Y96.871 E463.80928
G1 X70.689 Y96.974 E463.81922
G1 X70.176 Y97.146 E463.82822
G1 X69.558 Y97.558 E463.84057
G1 X69.142 Y97.926 E463.84981
G1 X68.702 Y98.583 E463.86296
G1 X68.507 Y99.102 E463.87218
G1 X68.364 Y99.812 E463.88422
G1 X68.365 Y100.189 E463.89049
G1 X68.506 Y100.899 E463.90253
G1 X68.703 Y101.417 E463.91175
G1 X69.14 Y102.075 E463.92488
G1 X69.557 Y102.441 E463.93411
G1 X70.178 Y102.858 E463.94655
G1 X70.902 Y103.094 E463.95921
G1 X71.722 Y103.129 E463.97286
G1 X72.306 Y103.028 E463.98272
G1 X72.793 Y102.87 E463.99123
G1 X73.65 Y102.308 E464.00828
G0 F7200 X71.555 Y104.01
G1 F1500 X70.772 Y103.928 E464.02137
G1 X69.97 Y103.688 E464.03529
G1 X69.228 Y103.283 E464.04935
G1 X68.601 Y102.746 E464.06308
G1 X68.091 Y102.079 E464.07704
G1 X67.733 Y101.326 E464.09091
G1 X67.539 Y100.512 E464.10482
G1 X67.52 Y99.683 E464.11861
G1 X67.675 Y98.855 E464.13262
G1 X67.994 Y98.089 E464.14642
G1 X68.474 Y97.393 E464.16048
G1 X69.068 Y96.833 E464.17406
G1 X69.787 Y96.392 E464.18808
G1 X70.578 Y96.114 E464.20203
G1 X71.438 Y96.003 E464.21645
G1 X77.11 Y95.99 E464.31077
G1 X77.11 Y104.01 E464.44415
G1 X71.555 Y104.01 E464.53653
G0 F7200 X68.451 Y101.261
G1 F1500 X67.73 Y100.54 E464.55348
G0 F7200 X68.24 Y100.484
G1 F1500 X67.705 Y99.949 E464.56606
G0 F7200 X68.184 Y99.862
G1 F1500 X67.75 Y99.429 E464.57626
G0 F7200 X67.839 Y98.952
G1 F1500 X68.267 Y99.38 E464.58633
G0 F7200 X68.38 Y98.927
G1 F1500 X67.998 Y98.545 E464.59531
G0 F7200 X68.169 Y98.15
G1 F1500 X68.534 Y98.516 E464.60391
G0 F7200 X68.759 Y98.174
G1 F1500 X68.4 Y97.816 E464.61234
G0 F7200 X68.637 Y97.487
G1 F1500 X68.986 Y97.836 E464.62055
G0 F7200 X69.278 Y97.563
G1 F1500 X68.928 Y97.213 E464.62878
G0 F7200 X69.227 Y96.946
G1 F1500 X69.596 Y97.314 E464.63744
G0 F7200 X69.936 Y97.089
G1 F1500 X69.578 Y96.731 E464.64586
G0 F7200 X69.941 Y96.528
G1 F1500 X70.32 Y96.907 E464.65478
G0 F7200 X70.757 Y96.778
G1 F1500 X70.359 Y96.38 E464.66414
G0 F7200 X70.808 Y96.264
G1 F1500 X71.238 Y96.694 E464.67425
G0 F7200 X71.31 Y96.2
G1 F1500 X71.822 Y96.712 E464.68629
G0 F7200 X71.857 Y96.182
G1 F1500 X72.531 Y96.855 E464.70213
G0 F7200 X72.421 Y96.18
G1 F1500 X76.93 Y100.689 E464.80818
G0 F7200 X76.93 Y101.254
G1 F1500 X74.645 Y98.969 E464.86192
G0 F7200 X74.796 Y99.686
G1 F1500 X76.93 Y101.82 E464.9121
G0 F7200 X76.93 Y102.386
G1 F1500 X74.789 Y100.245 E464.96246
G0 F7200 X74.731 Y100.752
G1 F1500 X76.93 Y102.951 E465.01417
G0 F7200 X76.93 Y103.517
G1 F1500 X74.593 Y101.18 E465.06914
G0 F7200 X74.41 Y101.563
G1 F1500 X76.675 Y103.828 E465.12241
G0 F7200 X76.11 Y103.828
G1 F1500 X74.176 Y101.895 E465.16788
G0 F7200 X73.937 Y102.221
G1 F1500 X75.544 Y103.828 E465.20567
G0 F7200 X74.978 Y103.828
G1 F1500 X73.664 Y102.514 E465.23658
G0 F7200 X73.322 Y102.737
G1 F1500 X74.413 Y103.828 E465.26223
G0 F7200 X73.847 Y103.828
G1 F1500 X72.98 Y102.961 E465.28263
G0 F7200 X72.58 Y103.127
G1 F1500 X73.281 Y103.828 E465.29911
G0 F7200 X72.716 Y103.828
G1 F1500 X72.128 Y103.241 E465.31293
G0 F7200 X71.627 Y103.305
G1 F1500 X72.15 Y103.828 E465.32523
G0 F7200 X71.584 Y103.828
G1 F1500 X71.035 Y103.28 E465.33813
G0 F7200 X70.955 Y103.765
G1 F1500 X70.265 Y103.075 E465.35436
G0 F7200 X70.189 Y103.564
G1 F1500 X67.916 Y101.292 E465.4078
G1 X67.846 Y101.222
G0 F7200 X69.016 Y98.744
G0 X69.772 Y97.837
G0 X72.986 Y96.179
G1 F1500 X76.93 Y100.123 E465.50056
G0 F7200 X76.93 Y99.557
G1 F1500 X73.55 Y96.177 E465.58005
G0 F7200 X74.114 Y96.176
G1 F1500 X76.93 Y98.992 E465.64628
G0 F7200 X76.93 Y98.426
G1 F1500 X74.678 Y96.175 E465.69923
G0 F7200 X75.243 Y96.173
G1 F1500 X76.93 Y97.86 E465.73891
G0 F7200 X76.93 Y97.295
G1 F1500 X75.807 Y96.172 E465.76532
G0 F7200 X76.371 Y96.17
G1 F1500 X76.93 Y96.729 E465.77847
G0 F7200 X77.872 Y96.372
G0 X122.89 Y95.99
G1 F1500 X128.445 Y95.99 E465.87085
G1 X129.228 Y96.072 E465.88394
G1 X130.03 Y96.312 E465.89786
G1 X130.772 Y96.717 E465.91192
G1 X131.399 Y97.254 E465.92565
G1 X131.909 Y97.921 E465.93961
G1 X132.267 Y98.675 E465.95349
G1 X132.46 Y99.485 E465.96734
G1 X132.48 Y100.318 E465.98119
G1 X132.325 Y101.145 E465.99519
G1 X132.006 Y101.911 E466.00899
G1 X131.526 Y102.607 E466.02305
G1 X130.932 Y103.167 E466.03662
G1 X130.213 Y103.608 E466.05065
G1 X129.422 Y103.886 E466.06459
G1 X128.557 Y103.997 E466.0791
G1 X127.899 Y104.01 E466.09004
G1 X122.89 Y104.01 E466.17334
G1 X122.89 Y95.99 E466.30671
G0 F7200 X125.406 Y99.405
G1 F1500 X125.371 Y100.222 E466.32031
G1 X125.472 Y100.806 E466.33017
G1 X125.63 Y101.293 E466.33868
G1 X126.192 Y102.15 E466.35573
G1 X126.942 Y102.703 E466.37122
G1 X127.223 Y102.875 E466.3767
G1 X127.905 Y103.094 E466.38861
G1 X128.722 Y103.129 E466.40221
G1 X129.306 Y103.028 E466.41207
G1 X129.793 Y102.87 E466.42058
G1 X130.65 Y102.308 E466.43763
G1 X131.203 Y101.558 E466.45312
G1 X131.375 Y101.277 E466.4586
G1 X131.594 Y100.595 E466.47051
G1 X131.629 Y99.778 E466.48411
G1 X131.528 Y99.194 E466.49397
G1 X131.37 Y98.707 E466.50248
G1 X130.808 Y97.85 E466.51953
G1 X130.058 Y97.297 E466.53502
G1 X129.777 Y97.125 E466.5405
G1 X129.095 Y96.906 E466.55241
G1 X128.278 Y96.871 E466.56601
G1 X127.694 Y96.972 E466.57587
G1 X127.207 Y97.13 E466.58438
G1 X126.35 Y97.692 E466.60143
G1 X125.797 Y98.442 E466.61692
G1 X125.625 Y98.723 E466.6224
G1 X125.406 Y99.405 E466.63431
G0 F7200 X123.629 Y103.83
G1 F1500 X123.069 Y103.27 E466.64748
G0 F7200 X123.069 Y102.704
G1 F1500 X124.194 Y103.83 E466.67395
G0 F7200 X124.76 Y103.83
G1 F1500 X123.069 Y102.138 E466.71374
G0 F7200 X123.069 Y101.573
G1 F1500 X125.326 Y103.83 E466.76682
G0 F7200 X125.891 Y103.83
G1 F1500 X123.069 Y101.007 E466.8332
G0 F7200 X123.069 Y100.441
G1 F1500 X126.457 Y103.83 E466.91289
G0 F7200 X127.023 Y103.83
G1 F1500 X123.069 Y99.876 E467.00588
G0 F7200 X123.069 Y99.31
G1 F1500 X127.588 Y103.83 E467.11217
G0 F7200 X128.148 Y103.824
G1 F1500 X127.468 Y103.143 E467.12818
G0 F7200 X128.176 Y103.286
G1 F1500 X128.688 Y103.798 E467.14022
G0 F7200 X128.761 Y103.305
G1 F1500 X129.189 Y103.733 E467.15029
G0 F7200 X129.639 Y103.618
G1 F1500 X129.243 Y103.222 E467.1596
G0 F7200 X129.682 Y103.095
G1 F1500 X130.058 Y103.47 E467.16843
G0 F7200 X130.42 Y103.267
G1 F1500 X130.061 Y102.908 E467.17687
G0 F7200 X130.403 Y102.684
G1 F1500 X130.771 Y103.053 E467.18554
G0 F7200 X131.07 Y102.786
G1 F1500 X130.745 Y102.461 E467.19318
G0 F7200 X130.993 Y102.143
G1 F1500 X131.362 Y102.512 E467.20186
G0 F7200 X131.598 Y102.183
G1 F1500 X131.233 Y101.817 E467.21046
G0 F7200 X131.46 Y101.479
G1 F1500 X131.83 Y101.848 E467.21915
G0 F7200 X132.001 Y101.454
G1 F1500 X131.625 Y101.078 E467.22799
G0 F7200 X131.763 Y100.65
G1 F1500 X132.159 Y101.046 E467.2373
G0 F7200 X132.248 Y100.57
G1 F1500 X131.794 Y100.115 E467.24799
G0 F7200 X132.293 Y100.049
G1 F1500 X131.767 Y99.523 E467.26036
G0 F7200 X132.268 Y99.458
G1 F1500 X131.578 Y98.768 E467.27659
G0 F7200 X132.081 Y98.706
G1 F1500 X129.809 Y96.434 E467.33003
G0 F7200 X129.73 Y96.921
G1 F1500 X129.043 Y96.233 E467.3462
G0 F7200 X128.963 Y96.719
G1 F1500 X128.414 Y96.17 E467.35911
G0 F7200 X128.372 Y96.694
G1 F1500 X127.848 Y96.17 E467.37143
G0 F7200 X127.282 Y96.17
G1 F1500 X127.871 Y96.758 E467.38527
G0 F7200 X127.418 Y96.871
G1 F1500 X126.717 Y96.17 E467.40176
G0 F7200 X126.151 Y96.17
G1 F1500 X127.019 Y97.037 E467.42216
G0 F7200 X126.676 Y97.261
G1 F1500 X125.585 Y96.17 E467.44782
G0 F7200 X125.02 Y96.17
G1 F1500 X126.335 Y97.485 E467.47875
G0 F7200 X126.062 Y97.778
G1 F1500 X124.454 Y96.17 E467.51656
G0 F7200 X123.888 Y96.17
G1 F1500 X125.822 Y98.103 E467.56204
G0 F7200 X125.589 Y98.436
G1 F1500 X123.322 Y96.17 E467.61534
G0 F7200 X123.069 Y96.481
G1 F1500 X125.404 Y98.817 E467.67027
G0 F7200 X125.267 Y99.245
G1 F1500 X123.069 Y97.047 E467.72196
G0 F7200 X123.069 Y97.613
G1 F1500 X125.21 Y99.754 E467.77231
G0 F7200 X125.203 Y100.312
G1 F1500 X123.069 Y98.178 E467.8225
G0 F7200 X123.069 Y98.744
G1 F1500 X125.354 Y101.03 E467.87625
G1 X125.424 Y101.1
G0 F7200 X122.319 Y103.934
G0 X122.249 Y103.864
;TYPE:SKIN
G1 F1500 X122.101 Y103.999 E467.87968
G1 X77.978 Y103.999 E468.63348
G1 X77.789 Y104.094 E468.63709
G0 F7200 X77.679 Y103.984
G0 X77.819 Y96.204
G0 X77.749 Y96.134
G1 F1500 X77.897 Y95.999 E468.64051
G1 X122.021 Y95.999 E469.39428
G1 X122.208 Y95.904 E469.39786
G0 F7200 X122.098 Y96
G1 F1500 E462.89786
;MESH:NONMESH
G0 F600 X122.098 Y96 Z2.8
G0 F7200 X80.01 Y96.4
G0 X80.01 Y97.9
;TIME_ELAPSED:934.737385
;LAYER:25
;TYPE:SUPPORT
G1 F1500 E469.39786
G1 F3000 X79.4 Y97.9 E469.40801
G1 X79.4 Y102.1 E469.47785
G1 X80.01 Y102.1 E469.488
G1 X80.01 Y97.9 E469.55784
G1 X82.677 Y97.9 E469.6022
G1 X82.677 Y102.1 E469.67204
G1 X85.344 Y102.1 E469.71639
G1 X85.344 Y97.9 E469.78624
G1 X88.011 Y97.9 E469.83059
G1 X88.011 Y102.1 E469.90044
G1 X90.678 Y102.1 E469.94479
G1 X90.678 Y97.9 E470.01464
G1 X93.345 Y97.9 E470.05899
G1 X93.345 Y102.1 E470.12884
G1 X96.012 Y102.1 E470.17319
G1 X96.012 Y97.9 E470.24304
G1 X98.679 Y97.9 E470.28739
G1 X98.679 Y102.1 E470.35723
G1 X101.346 Y102.1 E470.40159
G1 X101.346 Y97.9 E470.47143
G1 X104.013 Y97.9 E470.51579
G1 X104.013 Y102.1 E470.58563
G1 X106.68 Y102.1 E470.62998
G1 X106.68 Y97.9 E470.69983
G1 X109.347 Y97.9 E470.74418
G1 X109.347 Y102.1 E470.81403
G1 X112.014 Y102.1 E470.85838
G1 X112.014 Y97.9 E470.92823
G1 X114.681 Y97.9 E470.97258
G1 X114.681 Y102.1 E471.04243
G1 X117.348 Y102.1 E471.08678
G1 X117.348 Y97.9 E471.15663
G1 X120.015 Y97.9 E471.20098
G1 X120.015 Y102.1 E471.27082
G1 X120.6 Y102.1 E471.28055
G1 X120.6 Y97.9 E471.3504
G1 X120.015 Y97.9 E471.36013
G1 F1500 E464.86013
;MESH:reed_holder.stl
G0 F7200 X122.1 Y97.9
G0 X122.259 Y98.476
;TYPE:FILL
G1 F1500 E471.36013
G1 F3000 X122.938 Y97.797 E471.3761
G1 X123.008 Y97.727
G0 F7200 X122.259 Y96.591
G1 F3000 X122.938 Y95.911 E471.39208
G1 X123.008 Y95.841
G0 F7200 X122.938 Y99.682
G1 F3000 X122.259 Y100.361 E471.40805
G1 X122.189 Y100.431
G0 F7200 X122.2 Y100.431
G0 X122.938 Y101.567
G1 F3000 X122.259 Y102.246 E471.42402
G1 X122.189 Y102.316
G0 F7200 X122.2 Y102.316
G0 X122.938 Y103.452
G1 F3000 X122.259 Y104.132 E471.44
G1 X122.189 Y104.202
G0 F7200 X77.872 Y103.628
G0 X77.74 Y103.408
G1 F3000 X77.059 Y104.088 E471.456
G1 X76.989 Y104.158
G0 F7200 X77.059 Y102.203
G1 F3000 X77.74 Y101.522 E471.47202
G1 X77.81 Y101.452
G0 F7200 X77.8 Y101.452
G0 X77.06 Y98.432
G1 F3000 X77.74 Y97.752 E471.48801
G1 X77.81 Y97.682
G0 F7200 X77.8 Y97.682
G0 X77.06 Y96.546
G1 F3000 X77.74 Y95.867 E471.50399
G1 X77.81 Y95.797
G0 F7200 X77.83 Y103.67
G0 X77.9 Y103.6
;TYPE:WALL-INNER
G1 F3000 X122.1 Y103.6 E472.23904
G1 X122.1 Y96.4 E472.35878
G1 X77.9 Y96.4 E473.09382
G1 X77.9 Y103.6 E473.21356
G0 F7200 X77.83 Y103.67
G0 X70.939 Y102.84
G0 X69.539 Y102.127
G0 X68.75 Y101.088
G0 X68.842 Y101.051
G1 F3000 X69.279 Y101.775 E473.22762
G1 X69.565 Y102.097 E473.23479
G1 X70.267 Y102.575 E473.24891
G1 X70.946 Y102.801 E473.26081
G1 X71.625 Y102.842 E473.27212
G1 X72.063 Y102.798 E473.27944
G1 X72.685 Y102.596 E473.29032
G1 X73.367 Y102.154 E473.30383
G1 X73.654 Y101.867 E473.31058
G1 X74.096 Y101.185 E473.3241
G1 X74.301 Y100.551 E473.33518
G1 X74.342 Y99.875 E473.34644
G1 X74.298 Y99.437 E473.35376
G1 X74.096 Y98.815 E473.36464
G1 X73.654 Y98.133 E473.37816
G1 X73.367 Y97.846 E473.38491
G1 X72.685 Y97.404 E473.39842
G1 X72.051 Y97.199 E473.4095
G1 X71.375 Y97.158 E473.42076
G1 X70.934 Y97.203 E473.42814
G1 X70.267 Y97.426 E473.43983
G1 X69.546 Y97.916 E473.45433
G1 X69.039 Y98.584 E473.46828
G1 X68.838 Y98.966 E473.47545
G1 X68.658 Y99.785 E473.4894
G1 X68.659 Y100.217 E473.49658
G1 X68.842 Y101.051 E473.51078
G0 F7200 X68.75 Y101.088
G0 X69.539 Y102.127
G0 X70.25 Y102.61
G0 X71.625 Y102.881
G0 X77.859 Y100.717
G0 X77.872 Y96.372
G0 X122.128 Y96.372
G0 X125.814 Y98.773
G0 X125.904 Y98.815
G1 F3000 X125.699 Y99.449 E473.52186
G1 X125.658 Y100.125 E473.53313
G1 X125.702 Y100.563 E473.54045
G1 X125.904 Y101.185 E473.55132
G1 X126.346 Y101.867 E473.56484
G1 X126.633 Y102.154 E473.57159
G1 X127.315 Y102.596 E473.5851
G1 X127.949 Y102.801 E473.59618
G1 X128.625 Y102.842 E473.60745
G1 X129.063 Y102.798 E473.61477
G1 X129.685 Y102.596 E473.62564
G1 X130.367 Y102.154 E473.63916
G1 X130.654 Y101.867 E473.64591
G1 X131.096 Y101.185 E473.65942
G1 X131.301 Y100.551 E473.6705
G1 X131.342 Y99.875 E473.68177
G1 X131.298 Y99.437 E473.68909
G1 X131.096 Y98.815 E473.69996
G1 X130.654 Y98.133 E473.71348
G1 X130.367 Y97.846 E473.72023
G1 X129.685 Y97.404 E473.73374
G1 X129.051 Y97.199 E473.74482
G1 X128.375 Y97.158 E473.75609
G1 X127.937 Y97.202 E473.76341
G1 X127.315 Y97.404 E473.77428
G1 X126.633 Y97.846 E473.7878
G1 X126.346 Y98.133 E473.79455
G1 X125.904 Y98.815 E473.80806
G0 F7200 X125.814 Y98.773
G0 X126.608 Y97.815
G0 X130.171 Y96.05
G0 X130.21 Y95.958
G1 F3000 X131.017 Y96.405 E473.82341
G1 X131.709 Y97.007 E473.83866
G1 X132.265 Y97.746 E473.85404
G1 X132.649 Y98.568 E473.86913
G1 X132.856 Y99.467 E473.88447
G1 X132.872 Y100.383 E473.8997
G1 X132.695 Y101.286 E473.91501
G1 X132.339 Y102.125 E473.93016
G1 X131.811 Y102.881 E473.9455
G1 X131.141 Y103.505 E473.96072
G1 X130.353 Y103.977 E473.976
G1 X129.491 Y104.275 E473.99117
G1 X128.541 Y104.391 E474.00708
G1 X128.073 Y104.4 E474.01487
G1 X71.534 Y104.4 E474.95511
G1 X70.661 Y104.309 E474.96971
G1 X69.79 Y104.042 E474.98486
G1 X68.983 Y103.595 E475.0002
G1 X68.291 Y102.993 E475.01546
G1 X67.735 Y102.254 E475.03084
G1 X67.351 Y101.432 E475.04592
G1 X67.144 Y100.533 E475.06126
G1 X67.128 Y99.617 E475.0765
G1 X67.305 Y98.714 E475.0918
G1 X67.661 Y97.875 E475.10696
G1 X68.189 Y97.119 E475.12229
G1 X68.859 Y96.495 E475.13752
G1 X69.647 Y96.023 E475.1528
G1 X70.509 Y95.725 E475.16796
G1 X71.454 Y95.609 E475.1838
G1 X76.084 Y95.6 E475.26079
G1 X128.466 Y95.6 E476.13191
G1 X129.339 Y95.691 E476.14651
G1 X130.21 Y95.958 E476.16166
G0 F7200 X130.37 Y95.589
;TYPE:WALL-OUTER
G1 F1500 X131.249 Y96.076 E476.17837
G1 X132.004 Y96.733 E476.19501
G1 X132.607 Y97.534 E476.21169
G1 X133.03 Y98.44 E476.22831
G1 X133.255 Y99.417 E476.24499
G1 X133.273 Y100.42 E476.26167
G1 X133.081 Y101.4 E476.27828
G1 X132.69 Y102.321 E476.29492
G1 X132.113 Y103.147 E476.31167
G1 X131.384 Y103.826 E476.32824
G1 X130.525 Y104.341 E476.3449
G1 X129.58 Y104.667 E476.36152
G1 X128.569 Y104.791 E476.37846
G1 X128.08 Y104.8 E476.38659
G1 X71.511 Y104.8 E477.32734
G1 X70.584 Y104.703 E477.34284
G1 X69.63 Y104.411 E477.35943
G1 X68.751 Y103.924 E477.37614
G1 X67.996 Y103.267 E477.39279
G1 X67.393 Y102.466 E477.40946
G1 X66.97 Y101.56 E477.42609
G1 X66.745 Y100.583 E477.44276
G1 X66.727 Y99.58 E477.45944
G1 X66.919 Y98.6 E477.47605
G1 X67.31 Y97.679 E477.49269
G1 X67.887 Y96.853 E477.50945
G1 X68.616 Y96.174 E477.52601
G1 X69.475 Y95.659 E477.54267
G1 X70.42 Y95.333 E477.55929
G1 X71.429 Y95.209 E477.5762
G1 X76.083 Y95.2 E477.6536
G1 X128.489 Y95.2 E478.52511
G1 X129.416 Y95.297 E478.54061
G1 X130.37 Y95.589 E478.5572
G0 F7200 X130.545 Y95.686
G0 X130.303 Y96.123
G0 X127.298 Y97.368
G0 X126.608 Y97.815
G0 X125.793 Y98.835
G0 X126.268 Y98.988
G1 F1500 X126.095 Y99.524 E478.56657
G1 X126.059 Y100.117 E478.57645
G1 X126.096 Y100.48 E478.58252
G1 X126.268 Y101.012 E478.59182
G1 X126.659 Y101.614 E478.60375
G1 X126.886 Y101.841 E478.60909
G1 X127.488 Y102.232 E478.62103
G1 X128.024 Y102.405 E478.6304
G1 X128.617 Y102.441 E478.64028
G1 X128.98 Y102.404 E478.64634
G1 X129.512 Y102.232 E478.65564
G1 X130.114 Y101.841 E478.66758
G1 X130.341 Y101.614 E478.67292
G1 X130.732 Y101.012 E478.68486
G1 X130.905 Y100.476 E478.69422
G1 X130.941 Y99.883 E478.7041
G1 X130.904 Y99.52 E478.71017
G1 X130.732 Y98.988 E478.71947
G1 X130.341 Y98.386 E478.73141
G1 X130.114 Y98.159 E478.73674
G1 X129.512 Y97.768 E478.74868
G1 X128.976 Y97.595 E478.75805
G1 X128.383 Y97.559 E478.76793
G1 X128.02 Y97.596 E478.774
G1 X127.488 Y97.768 E478.78329
G1 X126.886 Y98.159 E478.79523
G1 X126.659 Y98.386 E478.80057
G1 X126.268 Y98.988 E478.81251
G0 F7200 X126.207 Y99.178
G0 X125.732 Y99.024
G0 X122.128 Y103.628
G0 X77.872 Y103.628
G0 X78.3 Y103.2
G1 F1500 X121.7 Y103.2 E479.53425
G1 X121.7 Y96.8 E479.64069
G1 X78.3 Y96.8 E480.36243
G1 X78.3 Y103.2 E480.46886
G0 F7200 X78.5 Y103.2
G0 X78.5 Y103.7
G0 X70.939 Y102.84
G0 X69.539 Y102.127
G0 X68.791 Y101.158
G0 X69.219 Y100.901
G1 F1500 X69.602 Y101.537 E480.48121
G1 X69.831 Y101.794 E480.48693
G1 X70.446 Y102.213 E480.49931
G1 X71.023 Y102.405 E480.50942
G1 X71.617 Y102.441 E480.51932
G1 X71.98 Y102.404 E480.52539
G1 X72.512 Y102.232 E480.53469
G1 X73.114 Y101.841 E480.54662
G1 X73.341 Y101.614 E480.55196
G1 X73.732 Y101.012 E480.5639
G1 X73.905 Y100.476 E480.57327
G1 X73.941 Y99.883 E480.58315
G1 X73.904 Y99.52 E480.58921
G1 X73.732 Y98.988 E480.59851
G1 X73.341 Y98.386 E480.61045
G1 X73.114 Y98.159 E480.61579
G1 X72.512 Y97.768 E480.62773
G1 X71.976 Y97.595 E480.63709
G1 X71.383 Y97.559 E480.64697
G1 X71.019 Y97.596 E480.65306
G1 X70.446 Y97.788 E480.66311
G1 X69.825 Y98.21 E480.67559
G1 X69.378 Y98.799 E480.68789
G1 X69.217 Y99.105 E480.69364
G1 X69.058 Y99.828 E480.70595
G1 X69.059 Y100.173 E480.71169
G1 X69.219 Y100.901 E480.72408
G0 F7200 X69.322 Y101.072
G0 X68.475 Y101.197
;TYPE:SKIN
G1 F1500 X68.963 Y102.007 E480.73981
G1 X69.306 Y102.392 E480.74838
G1 X70.092 Y102.928 E480.7642
G1 X70.872 Y103.187 E480.77787
G1 X71.633 Y103.234 E480.79055
G1 X72.143 Y103.182 E480.79908
G1 X72.854 Y102.951 E480.81151
G1 X73.613 Y102.458 E480.82656
G1 X73.958 Y102.113 E480.83468
G1 X74.451 Y101.354 E480.84973
G1 X74.687 Y100.624 E480.86248
G1 X74.734 Y99.867 E480.8751
G1 X74.682 Y99.357 E480.88362
G1 X74.451 Y98.646 E480.89606
G1 X73.958 Y97.887 E480.91111
G1 X73.613 Y97.542 E480.91922
G1 X72.854 Y97.049 E480.93427
G1 X72.124 Y96.813 E480.94703
G1 X71.367 Y96.766 E480.95964
G1 X70.852 Y96.819 E480.96825
G1 X70.092 Y97.073 E480.98158
G1 X69.273 Y97.629 E480.99804
G1 X68.709 Y98.374 E481.01358
G1 X68.468 Y98.831 E481.02217
G1 X68.268 Y99.744 E481.03772
G1 X68.269 Y100.26 E481.0463
G1 X68.475 Y101.197 E481.06225
G0 F7200 X68.07 Y102.05
G1 F1500 X67.721 Y101.305 E481.07593
G1 X67.534 Y100.486 E481.0899
G1 X67.518 Y99.648 E481.10384
G1 X67.679 Y98.831 E481.11769
G1 X68.003 Y98.068 E481.13148
G1 X68.487 Y97.374 E481.14555
G1 X69.091 Y96.811 E481.15928
G1 X69.815 Y96.378 E481.17331
G1 X70.595 Y96.109 E481.18703
G1 X71.485 Y95.999 E481.20194
G1 X77.11 Y95.99 E481.29549
G1 X77.11 Y99.049 E481.34636
G1 X77.51 Y99.049 E481.35301
G1 X77.51 Y100.951 E481.38464
G1 X77.11 Y100.951 E481.39129
G1 X77.11 Y104.01 E481.44216
G1 X71.555 Y104.01 E481.53454
G1 X70.74 Y103.925 E481.54817
G1 X69.941 Y103.68 E481.56207
G1 X69.208 Y103.274 E481.576
G1 X68.578 Y102.726 E481.58989
G1 X68.07 Y102.05 E481.60395
G0 F7200 X68.171 Y98.14
G1 F1500 X69.587 Y96.723 E481.63727
G0 F7200 X69.874 Y97.002
G1 F1500 X70.572 Y96.305 E481.65367
G0 F7200 X70.795 Y96.647
G1 F1500 X71.232 Y96.21 E481.66395
G0 F7200 X71.42 Y96.587
G1 F1500 X71.83 Y96.177 E481.67359
G0 F7200 X71.952 Y96.621
G1 F1500 X72.397 Y96.176 E481.68406
G0 F7200 X72.42 Y96.719
G1 F1500 X72.964 Y96.175 E481.69685
G0 F7200 X73.53 Y96.175
G1 F1500 X72.847 Y96.858 E481.71291
G0 F7200 X73.206 Y97.064
G1 F1500 X74.097 Y96.173 E481.73387
G0 F7200 X74.664 Y96.172
G1 F1500 X73.549 Y97.287 E481.76009
G0 F7200 X73.864 Y97.538
G1 F1500 X75.23 Y96.172 E481.79222
G0 F7200 X75.797 Y96.17
G1 F1500 X74.136 Y97.831 E481.83128
G0 F7200 X74.359 Y98.174
G1 F1500 X76.363 Y96.17 E481.87841
G0 F7200 X76.93 Y96.169
G1 F1500 X74.582 Y98.517 E481.93363
G0 F7200 X74.734 Y98.931
G1 F1500 X76.93 Y96.735 E481.98528
G0 F7200 X76.93 Y97.3
G1 F1500 X74.864 Y99.366 E482.03387
G0 F7200 X74.914 Y99.882
G1 F1500 X76.93 Y97.866 E482.08128
G0 F7200 X76.93 Y98.432
G1 F1500 X74.876 Y100.486 E482.12959
G0 F7200 X74.672 Y101.255
G1 F1500 X76.93 Y98.997 E482.18269
G0 F7200 X77.265 Y99.228
G1 F1500 X72.664 Y103.829 E482.2909
G0 F7200 X73.23 Y103.829
G1 F1500 X77.329 Y99.729 E482.38732
G0 F7200 X77.329 Y100.295
G1 F1500 X73.795 Y103.829 E482.47043
G0 F7200 X74.361 Y103.829
G1 F1500 X76.929 Y101.261 E482.53083
G0 F7200 X76.929 Y101.826
G1 F1500 X74.927 Y103.829 E482.57792
G0 F7200 X75.492 Y103.829
G1 F1500 X76.929 Y102.392 E482.61172
G0 F7200 X76.929 Y102.958
G1 F1500 X76.058 Y103.829 E482.6322
G0 F7200 X76.624 Y103.829
G1 F1500 X76.929 Y103.523 E482.63939
G0 F7200 X72.757 Y103.171
G1 F1500 X72.098 Y103.829 E482.65487
G0 F7200 X71.984 Y103.378
G1 F1500 X71.536 Y103.825 E482.6654
G0 F7200 X71.397 Y103.398
G1 F1500 X71.023 Y103.773 E482.67421
G0 F7200 X70.865 Y103.365
G1 F1500 X70.551 Y103.679 E482.68159
G0 F7200 X70.118 Y103.546
G1 F1500 X70.434 Y103.23 E482.68902
G0 F7200 X70.01 Y103.089
G1 F1500 X69.737 Y103.362 E482.69544
G0 F7200 X69.374 Y103.159
G1 F1500 X69.674 Y102.859 E482.7025
G0 F7200 X69.338 Y102.63
G1 F1500 X69.06 Y102.907 E482.70903
G0 F7200 X68.758 Y102.644
G1 F1500 X69.039 Y102.363 E482.71563
G0 F7200 X68.781 Y102.055
G1 F1500 X68.506 Y102.33 E482.7221
G0 F7200 X68.264 Y102.007
G1 F1500 X68.568 Y101.702 E482.72926
G0 F7200 X68.356 Y101.348
G1 F1500 X68.073 Y101.631 E482.73592
G0 F7200 X67.892 Y101.247
G1 F1500 X68.228 Y100.911 E482.74382
G0 F7200 X67.788 Y100.786
G1 F1500 X68.126 Y100.448 E482.75177
G0 F7200 X67.711 Y100.297
G1 F1500 X68.088 Y99.92 E482.76064
G0 F7200 X67.7 Y99.742
G1 F1500 X68.191 Y99.25 E482.7722
G0 F7200 X67.817 Y99.059
G1 F1500 X68.507 Y98.369 E482.78842
G1 X68.577 Y98.299
G0 F7200 X70.25 Y97.391
G0 X77.872 Y96.372
G0 X122.89 Y95.99
G1 F1500 X128.445 Y95.99 E482.8808
G1 X129.26 Y96.075 E482.89443
G1 X130.059 Y96.32 E482.90833
G1 X130.792 Y96.726 E482.92226
G1 X131.422 Y97.274 E482.93615
G1 X131.93 Y97.95 E482.95021
G1 X132.279 Y98.695 E482.96389
G1 X132.466 Y99.514 E482.97786
G1 X132.482 Y100.352 E482.9918
G1 X132.321 Y101.168 E483.00563
G1 X131.997 Y101.932 E483.01943
G1 X131.513 Y102.626 E483.03351
G1 X130.909 Y103.189 E483.04724
G1 X130.185 Y103.622 E483.06127
G1 X129.405 Y103.891 E483.07499
G1 X128.506 Y104.001 E483.09005
G1 X128.065 Y104.01 E483.09738
G1 X122.89 Y104.01 E483.18345
G1 X122.89 Y95.99 E483.31682
G0 F7200 X125.266 Y100.133
G1 F1500 X125.318 Y100.643 E483.32534
G1 X125.549 Y101.354 E483.33778
G1 X126.042 Y102.113 E483.35283
G1 X126.387 Y102.458 E483.36094
G1 X127.146 Y102.951 E483.37599
G1 X127.876 Y103.187 E483.38875
G1 X128.633 Y103.234 E483.40136
G1 X129.143 Y103.182 E483.40989
G1 X129.854 Y102.951 E483.42232
G1 X130.613 Y102.458 E483.43737
G1 X130.958 Y102.113 E483.44549
G1 X131.451 Y101.354 E483.46054
G1 X131.687 Y100.624 E483.4733
G1 X131.734 Y99.867 E483.48591
G1 X131.682 Y99.357 E483.49444
G1 X131.451 Y98.646 E483.50687
G1 X130.958 Y97.887 E483.52192
G1 X130.613 Y97.542 E483.53003
G1 X129.854 Y97.049 E483.54508
G1 X129.124 Y96.813 E483.55784
G1 X128.367 Y96.766 E483.57046
G1 X127.857 Y96.818 E483.57898
G1 X127.146 Y97.049 E483.59141
G1 X126.387 Y97.542 E483.60646
G1 X126.042 Y97.887 E483.61458
G1 X125.549 Y98.646 E483.62963
G1 X125.313 Y99.376 E483.64239
G1 X125.266 Y100.133 E483.655
G0 F7200 X123.315 Y96.17
G1 F1500 X123.069 Y96.416 E483.66079
G0 F7200 X123.069 Y96.981
G1 F1500 X123.881 Y96.17 E483.67987
G0 F7200 X124.447 Y96.17
G1 F1500 X123.069 Y97.547 E483.71227
G0 F7200 X123.069 Y98.113
G1 F1500 X125.012 Y96.17 E483.75797
G0 F7200 X125.578 Y96.17
G1 F1500 X123.069 Y98.678 E483.81696
G0 F7200 X123.069 Y99.244
G1 F1500 X126.144 Y96.17 E483.88927
G0 F7200 X126.709 Y96.17
G1 F1500 X123.069 Y99.81 E483.97488
G0 F7200 X123.069 Y100.375
G1 F1500 X127.275 Y96.17 E484.07378
G0 F7200 X127.841 Y96.17
G1 F1500 X127.154 Y96.857 E484.08994
G1 X127.084 Y96.927
G0 F7200 X127.949 Y96.627
G1 F1500 X128.407 Y96.17 E484.1007
G0 F7200 X128.546 Y96.596
G1 F1500 X128.922 Y96.22 E484.10954
G0 F7200 X129.078 Y96.63
G1 F1500 X129.402 Y96.305 E484.11717
G0 F7200 X129.835 Y96.438
G1 F1500 X129.52 Y96.753 E484.12458
G0 F7200 X129.945 Y96.894
G1 F1500 X130.223 Y96.616 E484.13112
G0 F7200 X130.587 Y96.818
G1 F1500 X130.287 Y97.117 E484.13816
G0 F7200 X130.63 Y97.34
G1 F1500 X130.906 Y97.064 E484.14466
G0 F7200 X131.209 Y97.327
G1 F1500 X130.931 Y97.605 E484.15119
G0 F7200 X131.189 Y97.913
G1 F1500 X131.467 Y97.635 E484.15773
G0 F7200 X131.709 Y97.958
G1 F1500 X131.412 Y98.256 E484.16473
G0 F7200 X131.627 Y98.606
G1 F1500 X131.906 Y98.327 E484.17129
G0 F7200 X132.087 Y98.712
G1 F1500 X131.766 Y99.033 E484.17884
G0 F7200 X132.2 Y99.164
G1 F1500 X131.876 Y99.489 E484.18647
G0 F7200 X132.286 Y99.644
G1 F1500 X131.904 Y100.026 E484.19546
G0 F7200 X132.298 Y100.198
G1 F1500 X131.866 Y100.63 E484.20562
G0 F7200 X132.195 Y100.866
G1 F1500 X131.584 Y101.478 E484.22
G0 F7200 X131.878 Y101.749
G1 F1500 X130.264 Y103.363 E484.25796
G0 F7200 X129.978 Y103.083
G1 F1500 X129.345 Y103.717 E484.27285
G0 F7200 X129.132 Y103.364
G1 F1500 X128.701 Y103.795 E484.28299
G0 F7200 X128.523 Y103.408
G1 F1500 X128.101 Y103.829 E484.2929
G0 F7200 X127.991 Y103.374
G1 F1500 X127.535 Y103.83 E484.30363
G0 F7200 X127.534 Y103.265
G1 F1500 X126.969 Y103.83 E484.31692
G0 F7200 X126.403 Y103.83
G1 F1500 X127.107 Y103.126 E484.33347
G0 F7200 X126.756 Y102.911
G1 F1500 X125.838 Y103.83 E484.35508
G0 F7200 X125.272 Y103.83
G1 F1500 X126.413 Y102.688 E484.38192
G0 F7200 X126.105 Y102.431
G1 F1500 X124.706 Y103.83 E484.41482
G0 F7200 X124.141 Y103.83
G1 F1500 X125.839 Y102.131 E484.45477
G0 F7200 X125.616 Y101.789
G1 F1500 X123.575 Y103.83 E484.50277
G0 F7200 X123.069 Y103.77
G1 F1500 X125.393 Y101.446 E484.55743
G0 F7200 X125.251 Y101.022
G1 F1500 X123.069 Y103.204 E484.60875
G0 F7200 X123.069 Y102.638
G1 F1500 X125.129 Y100.578 E484.65719
G0 F7200 X125.089 Y100.053
G1 F1500 X123.069 Y102.072 E484.70469
G0 F7200 X123.069 Y101.507
G1 F1500 X125.127 Y99.449 E484.75309
G1 X125.197 Y99.379
G0 F7200 X125.355 Y98.656
G1 F1500 X123.069 Y100.941 E484.80684
G1 X122.999 Y101.011
G0 F7200 X122.196 Y103.794
G0 X121.991 Y103.999
;TYPE:SKIN
G1 F1500 X121.708 Y103.999 E484.8117
G1 X78.15 Y103.999 E485.55986
G1 X77.734 Y103.849 E485.56745
G0 F7200 X77.79 Y103.794
G0 X77.743 Y96.204
G0 X77.948 Y95.999
G1 F1500 X77.774 Y95.889 E485.57096
G1 X78.514 Y95.999 E485.58371
G1 X122.072 Y95.999 E486.32606
G1 X122.234 Y96.119 E486.3295
G0 F7200 X122.319 Y96.035
G0 X122.319 Y103.954
G1 F1500 X122.069 Y104.204 E486.33244
G0 F7200 X122.069 Y104
G1 F1500 E479.83244
;MESH:NONMESH
G0 F600 X122.069 Y104 Z2.9
G0 F7200 X80.01 Y103.6
G0 X80.01 Y102.335
G0 X80.01 Y97.9
;TIME_ELAPSED:973.992647
;LAYER:26
;TYPE:SUPPORT
G1 F1500 E486.33244
G1 F3000 X79.4 Y97.9 E486.34258
G1 X79.4 Y102.1 E486.41243
G1 X80.01 Y102.1 E486.42257
G1 X80.01 Y97.9 E486.49242
G1 X82.677 Y97.9 E486.53677
G1 X82.677 Y102.1 E486.60662
G1 X85.344 Y102.1 E486.65097
G1 X85.344 Y97.9 E486.72082
G1 X88.011 Y97.9 E486.76517
G1 X88.011 Y102.1 E486.83502
G1 X90.678 Y102.1 E486.87937
G1 X90.678 Y97.9 E486.94921
G1 X93.345 Y97.9 E486.99357
G1 X93.345 Y102.1 E487.06341
G1 X96.012 Y102.1 E487.10777
G1 X96.012 Y97.9 E487.17761
G1 X98.679 Y97.9 E487.22196
G1 X98.679 Y102.1 E487.29181
G1 X101.346 Y102.1 E487.33616
G1 X101.346 Y97.9 E487.40601
G1 X104.013 Y97.9 E487.45036
G1 X104.013 Y102.1 E487.52021
G1 X106.68 Y102.1 E487.56456
G1 X106.68 Y97.9 E487.63441
G1 X109.347 Y97.9 E487.67876
G1 X109.347 Y102.1 E487.74861
G1 X112.014 Y102.1 E487.79296
G1 X112.014 Y97.9 E487.8628
G1 X114.681 Y97.9 E487.90716
G1 X114.681 Y102.1 E487.977
G1 X117.348 Y102.1 E488.02135
G1 X117.348 Y97.9 E488.0912
G1 X120.015 Y97.9 E488.13555
G1 X120.015 Y102.1 E488.2054
G1 X120.6 Y102.1 E488.21513
G1 X120.6 Y97.9 E488.28497
G1 X120.015 Y97.9 E488.2947
G1 F1500 E481.7947
;MESH:reed_holder.stl
G0 F7200 X122.1 Y97.9
G0 X122.259 Y97.752
;TYPE:FILL
G1 F1500 E488.2947
G1 F3000 X122.939 Y98.432 E488.3107
G1 X123.009 Y98.502
G0 F7200 X122.259 Y99.637
G1 F3000 X122.939 Y100.317 E488.32669
G1 X123.009 Y100.387
G0 F7200 X122.259 Y101.522
G1 F3000 X122.939 Y102.203 E488.34269
G1 X123.009 Y102.273
G0 F7200 X122.259 Y103.408
G1 F3000 X122.939 Y104.088 E488.35869
G1 X123.009 Y104.158
G0 F7200 X122.939 Y96.547
G1 F3000 X122.259 Y95.867 E488.37468
G1 X122.189 Y95.797
G0 F7200 X77.872 Y96.372
G0 X77.74 Y96.591
G1 F3000 X77.059 Y95.911 E488.39068
G1 X76.989 Y95.841
G0 F7200 X77.059 Y97.796
G1 F3000 X77.74 Y98.476 E488.40669
G1 X77.81 Y98.546
G0 F7200 X77.8 Y98.546
G0 X77.059 Y101.566
G1 F3000 X77.74 Y102.246 E488.42269
G1 X77.81 Y102.316
G0 F7200 X77.8 Y102.316
G0 X77.059 Y103.451
G1 F3000 X77.74 Y104.132 E488.43871
G1 X77.81 Y104.202
G0 F7200 X77.9 Y103.6
;TYPE:WALL-INNER
G1 F3000 X122.1 Y103.6 E489.17376
G1 X122.1 Y96.4 E489.29349
G1 X77.9 Y96.4 E490.02854
G1 X77.9 Y103.6 E490.14828
G0 F7200 X77.83 Y103.67
G0 X70.855 Y102.923
G0 X69.489 Y102.216
G0 X68.651 Y101.107
G0 X68.744 Y101.071
G1 F3000 X69.146 Y101.771 E490.1617
G1 X69.515 Y102.187 E490.17095
G1 X70.182 Y102.645 E490.1844
G1 X70.863 Y102.884 E490.19641
G1 X71.499 Y102.954 E490.20705
G1 X72.114 Y102.889 E490.21733
G1 X72.751 Y102.678 E490.22849
G1 X73.395 Y102.264 E490.24122
G1 X73.764 Y101.894 E490.24991
G1 X74.177 Y101.25 E490.26264
G1 X74.391 Y100.607 E490.27391
G1 X74.447 Y99.925 E490.28529
G1 X74.389 Y99.386 E490.2943
G1 X74.178 Y98.749 E490.30546
G1 X73.764 Y98.105 E490.31819
G1 X73.394 Y97.736 E490.32688
G1 X72.75 Y97.323 E490.33961
G1 X72.107 Y97.109 E490.35088
G1 X71.424 Y97.053 E490.36227
G1 X70.862 Y97.117 E490.37168
G1 X70.182 Y97.355 E490.38366
G1 X69.503 Y97.821 E490.39735
G1 X69.001 Y98.446 E490.41069
G1 X68.742 Y98.94 E490.41996
G1 X68.562 Y99.72 E490.43327
G1 X68.563 Y100.28 E490.44259
G1 X68.744 Y101.071 E490.45608
G0 F7200 X68.651 Y101.107
G0 X69.114 Y101.794
G0 X70.164 Y102.68
G0 X71.499 Y102.994
G0 X72.768 Y102.714
G0 X77.86 Y100.497
G0 X77.872 Y96.372
G0 X122.128 Y96.372
G0 X127.206 Y97.232
G0 X127.249 Y97.322
G1 F3000 X126.605 Y97.736 E490.46881
G1 X126.236 Y98.106 E490.4775
G1 X125.823 Y98.75 E490.49023
G1 X125.609 Y99.393 E490.5015
G1 X125.553 Y100.075 E490.51288
G1 X125.611 Y100.614 E490.52189
G1 X125.822 Y101.251 E490.53305
G1 X126.236 Y101.895 E490.54578
G1 X126.606 Y102.264 E490.55447
G1 X127.25 Y102.677 E490.5672
G1 X127.893 Y102.891 E490.57847
G1 X128.575 Y102.947 E490.58985
G1 X129.114 Y102.889 E490.59886
G1 X129.751 Y102.678 E490.61002
G1 X130.395 Y102.264 E490.62275
G1 X130.764 Y101.894 E490.63144
G1 X131.177 Y101.25 E490.64416
G1 X131.391 Y100.607 E490.65543
G1 X131.447 Y99.925 E490.66681
G1 X131.389 Y99.386 E490.67583
G1 X131.178 Y98.749 E490.68699
G1 X130.764 Y98.105 E490.69972
G1 X130.394 Y97.736 E490.70841
G1 X129.75 Y97.323 E490.72113
G1 X129.107 Y97.109 E490.7324
G1 X128.425 Y97.053 E490.74378
G1 X127.886 Y97.111 E490.7528
G1 X127.249 Y97.322 E490.76396
G0 F7200 X127.206 Y97.232
G0 X130.211 Y96.062
G0 X130.25 Y95.971
G1 F3000 X131.041 Y96.417 E490.77906
G1 X131.734 Y97.028 E490.79442
G1 X132.278 Y97.762 E490.80962
G1 X132.664 Y98.604 E490.82502
G1 X132.862 Y99.493 E490.84017
G1 X132.873 Y100.414 E490.85549
G1 X132.69 Y101.313 E490.87074
G1 X132.324 Y102.159 E490.88607
G1 X131.796 Y102.903 E490.90124
G1 X131.118 Y103.527 E490.91657
G1 X130.33 Y103.992 E490.93178
G1 X129.456 Y104.287 E490.94712
G1 X128.518 Y104.395 E490.96283
G1 X123.5 Y104.4 E491.04628
G1 X71.534 Y104.4 E491.91047
G1 X70.634 Y104.305 E491.92552
G1 X69.75 Y104.029 E491.94092
G1 X68.959 Y103.583 E491.95603
G1 X68.266 Y102.972 E491.97139
G1 X67.722 Y102.238 E491.98658
G1 X67.336 Y101.396 E492.00199
G1 X67.138 Y100.507 E492.01713
G1 X67.127 Y99.586 E492.03245
G1 X67.31 Y98.687 E492.04771
G1 X67.676 Y97.841 E492.06304
G1 X68.204 Y97.097 E492.07821
G1 X68.882 Y96.473 E492.09353
G1 X69.67 Y96.008 E492.10875
G1 X70.544 Y95.713 E492.12409
G1 X71.482 Y95.605 E492.13979
G1 X76.25 Y95.6 E492.21908
G1 X128.465 Y95.6 E493.08742
G1 X129.366 Y95.695 E493.10249
G1 X130.25 Y95.971 E493.11789
G0 F7200 X130.406 Y95.601
;TYPE:WALL-OUTER
G1 F1500 X131.277 Y96.092 E493.13452
G1 X132.028 Y96.754 E493.15117
G1 X132.626 Y97.561 E493.16787
G1 X133.044 Y98.472 E493.18454
G1 X133.262 Y99.449 E493.20119
G1 X133.273 Y100.452 E493.21787
G1 X133.074 Y101.433 E493.23451
G1 X132.675 Y102.354 E493.2512
G1 X132.095 Y103.173 E493.26789
G1 X131.36 Y103.848 E493.28449
G1 X130.497 Y104.358 E493.30116
G1 X129.545 Y104.679 E493.31787
G1 X128.538 Y104.795 E493.33473
G1 X123.5 Y104.8 E493.41851
G1 X71.511 Y104.8 E494.28309
G1 X70.553 Y104.699 E494.29911
G1 X69.594 Y104.399 E494.31582
G1 X68.723 Y103.908 E494.33245
G1 X67.972 Y103.246 E494.34909
G1 X67.374 Y102.439 E494.3658
G1 X66.956 Y101.528 E494.38247
G1 X66.738 Y100.551 E494.39911
G1 X66.727 Y99.548 E494.4158
G1 X66.926 Y98.567 E494.43244
G1 X67.325 Y97.646 E494.44913
G1 X67.905 Y96.827 E494.46582
G1 X68.64 Y96.152 E494.48242
G1 X69.503 Y95.642 E494.49909
G1 X70.455 Y95.321 E494.5158
G1 X71.462 Y95.205 E494.53265
G1 X76.25 Y95.2 E494.61228
G1 X128.488 Y95.2 E495.481
G1 X129.447 Y95.301 E495.49704
G1 X130.406 Y95.601 E495.51375
G0 F7200 X130.58 Y95.699
G0 X130.335 Y96.133
G0 X127.267 Y97.212
G0 X127.423 Y97.686
G1 F1500 X126.858 Y98.049 E495.52491
G1 X126.55 Y98.358 E495.53217
G1 X126.187 Y98.924 E495.54335
G1 X126.004 Y99.474 E495.55299
G1 X125.955 Y100.07 E495.56294
G1 X126.004 Y100.529 E495.57061
G1 X126.186 Y101.077 E495.58022
G1 X126.549 Y101.642 E495.59138
G1 X126.858 Y101.95 E495.59864
G1 X127.424 Y102.313 E495.60982
G1 X127.974 Y102.496 E495.61946
G1 X128.57 Y102.545 E495.62941
G1 X129.029 Y102.496 E495.63708
G1 X129.577 Y102.314 E495.64669
G1 X130.142 Y101.951 E495.65785
G1 X130.45 Y101.642 E495.66511
G1 X130.813 Y101.076 E495.67629
G1 X130.996 Y100.526 E495.68593
G1 X131.045 Y99.93 E495.69588
G1 X130.996 Y99.471 E495.70355
G1 X130.814 Y98.923 E495.71316
G1 X130.451 Y98.358 E495.72432
G1 X130.142 Y98.05 E495.73158
G1 X129.576 Y97.687 E495.74276
G1 X129.026 Y97.504 E495.7524
G1 X128.43 Y97.455 E495.76235
G1 X127.971 Y97.504 E495.77002
G1 X127.423 Y97.686 E495.77962
G0 F7200 X127.255 Y97.794
G0 X126.985 Y97.373
G0 X122.133 Y100.408
G0 X122.128 Y103.628
G0 X77.872 Y103.628
G0 X78.3 Y103.2
G1 F1500 X121.7 Y103.2 E496.50137
G1 X121.7 Y96.8 E496.6078
G1 X78.3 Y96.8 E497.32955
G1 X78.3 Y103.2 E497.43598
G0 F7200 X78.5 Y103.2
G0 X78.5 Y103.7
G0 X70.855 Y102.923
G0 X69.489 Y102.216
G0 X68.688 Y101.172
G0 X69.121 Y100.924
G1 F1500 X69.472 Y101.536 E497.44771
G1 X69.782 Y101.885 E497.45547
G1 X70.365 Y102.285 E497.46723
G1 X70.952 Y102.491 E497.47758
G1 X71.5 Y102.552 E497.48675
G1 X72.029 Y102.496 E497.49559
G1 X72.577 Y102.314 E497.5052
G1 X73.142 Y101.951 E497.51637
G1 X73.45 Y101.642 E497.52362
G1 X73.813 Y101.076 E497.5348
G1 X73.996 Y100.526 E497.54444
G1 X74.045 Y99.93 E497.55439
G1 X73.996 Y99.471 E497.56206
G1 X73.814 Y98.923 E497.57167
G1 X73.451 Y98.358 E497.58283
G1 X73.142 Y98.05 E497.59009
G1 X72.576 Y97.687 E497.60127
G1 X72.026 Y97.504 E497.61091
G1 X71.43 Y97.455 E497.62086
G1 X70.952 Y97.509 E497.62886
G1 X70.365 Y97.715 E497.6392
G1 X69.778 Y98.118 E497.65104
G1 X69.337 Y98.666 E497.66274
G1 X69.12 Y99.08 E497.67051
G1 X68.962 Y99.765 E497.6822
G1 X68.963 Y100.234 E497.69
G1 X69.121 Y100.924 E497.70178
G0 F7200 X69.22 Y101.097
G0 X68.377 Y101.215
;TYPE:SKIN
G1 F1500 X68.828 Y102 E497.71683
G1 X69.255 Y102.481 E497.72753
G1 X70.004 Y102.996 E497.74264
G1 X70.776 Y103.266 E497.75625
G1 X71.499 Y103.346 E497.76834
G1 X72.196 Y103.273 E497.78
G1 X72.921 Y103.033 E497.7927
G1 X73.641 Y102.57 E497.80693
G1 X74.07 Y102.14 E497.81703
G1 X74.532 Y101.419 E497.83127
G1 X74.775 Y100.685 E497.84413
G1 X74.839 Y99.92 E497.8569
G1 X74.773 Y99.303 E497.86722
G1 X74.533 Y98.579 E497.8799
G1 X74.07 Y97.859 E497.89414
G1 X73.64 Y97.43 E497.90424
G1 X72.919 Y96.968 E497.91848
G1 X72.185 Y96.725 E497.93134
G1 X71.418 Y96.661 E497.94414
G1 X70.774 Y96.735 E497.95492
G1 X70.004 Y97.004 E497.96848
G1 X69.235 Y97.532 E497.98399
G1 X68.673 Y98.231 E497.99891
G1 X68.373 Y98.803 E498.00965
G1 X68.172 Y99.675 E498.02453
G1 X68.173 Y100.325 E498.03534
G1 X68.377 Y101.215 E498.05053
G0 F7200 X68.06 Y102.038
G1 F1500 X67.706 Y101.266 E498.06465
G1 X67.528 Y100.465 E498.0783
G1 X67.517 Y99.622 E498.09232
G1 X67.685 Y98.803 E498.10622
G1 X68.017 Y98.035 E498.12014
G1 X68.499 Y97.355 E498.134
G1 X69.115 Y96.788 E498.14792
G1 X69.834 Y96.364 E498.1618
G1 X70.625 Y96.097 E498.17568
G1 X71.509 Y95.995 E498.19048
G1 X77.11 Y95.99 E498.28363
G1 X77.11 Y98.757 E498.32964
G1 X77.51 Y98.757 E498.3363
G1 X77.51 Y101.243 E498.37764
G1 X77.11 Y101.243 E498.38429
G1 X77.11 Y104.01 E498.43031
G1 X71.557 Y104.01 E498.52265
G1 X70.712 Y103.921 E498.53678
G1 X69.906 Y103.669 E498.55083
G1 X69.185 Y103.263 E498.56459
G1 X68.557 Y102.709 E498.57851
G1 X68.06 Y102.038 E498.5924
G0 F7200 X68.615 Y101.99
G1 F1500 X67.915 Y101.29 E498.60886
G0 F7200 X68.129 Y100.939
G1 F1500 X67.728 Y100.538 E498.61829
G0 F7200 X67.993 Y100.237
G1 F1500 X67.701 Y99.945 E498.62516
G0 F7200 X67.992 Y99.67
G1 F1500 X67.741 Y99.419 E498.63106
G0 F7200 X68.095 Y99.207
G1 F1500 X67.838 Y98.951 E498.6371
G0 F7200 X68.201 Y98.748
G1 F1500 X67.993 Y98.54 E498.64199
G0 F7200 X68.164 Y98.145
G1 F1500 X68.394 Y98.375 E498.6474
G0 F7200 X68.609 Y98.024
G1 F1500 X68.394 Y97.81 E498.65244
G0 F7200 X68.629 Y97.479
G1 F1500 X68.861 Y97.711 E498.6579
G0 F7200 X69.114 Y97.398
G1 F1500 X68.923 Y97.208 E498.66238
G0 F7200 X69.217 Y96.936
G1 F1500 X69.447 Y97.166 E498.66779
G0 F7200 X69.782 Y96.935
G1 F1500 X69.573 Y96.726 E498.6727
G0 F7200 X69.933 Y96.52
G1 F1500 X70.168 Y96.755 E498.67823
G0 F7200 X70.355 Y96.377
G1 F1500 X70.587 Y96.609 E498.68369
G0 F7200 X70.801 Y96.257
G1 F1500 X71.064 Y96.52 E498.68987
G0 F7200 X71.308 Y96.199
G1 F1500 X71.604 Y96.494 E498.69682
G0 F7200 X71.849 Y96.174
G1 F1500 X72.223 Y96.547 E498.70561
G0 F7200 X72.414 Y96.173
G1 F1500 X73.129 Y96.888 E498.72242
G0 F7200 X72.98 Y96.173
G1 F1500 X77.329 Y100.523 E498.82471
G0 F7200 X77.303 Y101.061
G1 F1500 X74.616 Y98.374 E498.88791
G1 X74.546 Y98.304
G0 F7200 X74.951 Y99.275
G1 F1500 X76.93 Y101.254 E498.93445
G0 F7200 X76.93 Y101.82
G1 F1500 X75.019 Y99.909 E498.9794
G0 F7200 X74.975 Y100.431
G1 F1500 X76.93 Y102.386 E499.02537
G0 F7200 X76.93 Y102.951
G1 F1500 X74.888 Y100.91 E499.07339
G0 F7200 X74.748 Y101.335
G1 F1500 X76.93 Y103.517 E499.1247
G0 F7200 X76.676 Y103.829
G1 F1500 X74.557 Y101.71 E499.17454
G0 F7200 X74.336 Y102.055
G1 F1500 X76.11 Y103.829 E499.21626
G0 F7200 X75.545 Y103.829
G1 F1500 X74.089 Y102.374 E499.25049
G0 F7200 X73.807 Y102.657
G1 F1500 X74.979 Y103.829 E499.27806
G0 F7200 X74.413 Y103.829
G1 F1500 X73.474 Y102.89 E499.30014
G0 F7200 X73.13 Y103.111
G1 F1500 X73.848 Y103.829 E499.31703
G0 F7200 X73.282 Y103.829
G1 F1500 X72.736 Y103.283 E499.32987
G0 F7200 X72.312 Y103.424
G1 F1500 X72.716 Y103.829 E499.33938
G0 F7200 X72.151 Y103.829
G1 F1500 X71.815 Y103.493 E499.34728
G0 F7200 X71.585 Y103.829
G1 F1500 X71.255 Y103.499 E499.35504
G0 F7200 X70.954 Y103.764
G1 F1500 X70.575 Y103.385 E499.36396
G0 F7200 X70.192 Y103.567
G1 F1500 X69.476 Y102.851 E499.3808
G1 X69.406 Y102.781
G0 F7200 X68.707 Y101.085
G0 X68.524 Y100.284
G0 X68.705 Y98.927
G0 X69.476 Y97.792
G0 X73.545 Y96.172
G1 F1500 X77.329 Y99.957 E499.4698
G0 F7200 X77.329 Y99.391
G1 F1500 X74.11 Y96.172 E499.54551
G0 F7200 X74.675 Y96.171
G1 F1500 X76.93 Y98.426 E499.59854
G0 F7200 X76.93 Y97.86
G1 F1500 X75.241 Y96.171 E499.63827
G0 F7200 X75.806 Y96.17
G1 F1500 X76.93 Y97.295 E499.66471
G0 F7200 X76.93 Y96.729
G1 F1500 X76.371 Y96.17 E499.67786
G0 F7200 X122.89 Y95.99
G1 F1500 X128.442 Y95.99 E499.77019
G1 X129.288 Y96.079 E499.78434
G1 X130.094 Y96.331 E499.79838
G1 X130.815 Y96.737 E499.81214
G1 X131.443 Y97.291 E499.82607
G1 X131.94 Y97.962 E499.83995
G1 X132.294 Y98.734 E499.85408
G1 X132.472 Y99.535 E499.86772
G1 X132.483 Y100.378 E499.88174
G1 X132.316 Y101.196 E499.89563
G1 X131.983 Y101.965 E499.90956
G1 X131.501 Y102.645 E499.92342
G1 X130.885 Y103.212 E499.93735
G1 X130.166 Y103.636 E499.95123
G1 X129.375 Y103.903 E499.96511
G1 X128.491 Y104.005 E499.97991
G1 X122.89 Y104.01 E500.07306
G1 X122.89 Y95.99 E500.20643
G0 F7200 X125.161 Y100.08
G1 F1500 X125.227 Y100.697 E500.21675
G1 X125.467 Y101.421 E500.22943
G1 X125.93 Y102.141 E500.24367
G1 X126.36 Y102.57 E500.25377
G1 X127.081 Y103.032 E500.26801
G1 X127.815 Y103.275 E500.28087
G1 X128.58 Y103.339 E500.29363
G1 X129.197 Y103.273 E500.30395
G1 X129.921 Y103.033 E500.31664
G1 X130.641 Y102.57 E500.33087
G1 X131.07 Y102.14 E500.34097
G1 X131.532 Y101.419 E500.35522
G1 X131.775 Y100.685 E500.36807
G1 X131.839 Y99.92 E500.38084
G1 X131.773 Y99.303 E500.39116
G1 X131.533 Y98.579 E500.40384
G1 X131.07 Y97.859 E500.41808
G1 X130.64 Y97.43 E500.42818
G1 X129.919 Y96.968 E500.44242
G1 X129.185 Y96.725 E500.45528
G1 X128.42 Y96.661 E500.46805
G1 X127.803 Y96.727 E500.47836
G1 X127.079 Y96.967 E500.49105
G1 X126.359 Y97.43 E500.50529
G1 X125.93 Y97.86 E500.51539
G1 X125.468 Y98.581 E500.52963
G1 X125.225 Y99.315 E500.54248
G1 X125.161 Y100.08 E500.55525
G0 F7200 X123.628 Y103.829
G1 F1500 X123.069 Y103.27 E500.5684
G0 F7200 X123.069 Y102.704
G1 F1500 X124.193 Y103.828 E500.59483
G0 F7200 X124.758 Y103.828
G1 F1500 X123.069 Y102.138 E500.63457
G0 F7200 X123.069 Y101.573
G1 F1500 X125.324 Y103.828 E500.6876
G0 F7200 X125.889 Y103.827
G1 F1500 X123.069 Y101.007 E500.75392
G0 F7200 X123.069 Y100.441
G1 F1500 X126.454 Y103.826 E500.83353
G0 F7200 X127.019 Y103.825
G1 F1500 X123.069 Y99.876 E500.92642
G0 F7200 X123.069 Y99.31
G1 F1500 X125.383 Y101.624 E500.98084
G1 X125.453 Y101.694
G0 F7200 X125.047 Y100.723
G1 F1500 X123.069 Y98.744 E501.02737
G0 F7200 X123.069 Y98.178
G1 F1500 X124.98 Y100.09 E501.07233
G0 F7200 X125.022 Y99.566
G1 F1500 X123.069 Y97.613 E501.11826
G0 F7200 X123.069 Y97.047
G1 F1500 X125.109 Y99.088 E501.16625
G0 F7200 X125.25 Y98.663
G1 F1500 X123.069 Y96.481 E501.21755
G0 F7200 X123.322 Y96.17
G1 F1500 X125.442 Y98.289 E501.2674
G0 F7200 X125.662 Y97.944
G1 F1500 X123.888 Y96.17 E501.30912
G0 F7200 X124.454 Y96.17
G1 F1500 X125.909 Y97.625 E501.34334
G0 F7200 X126.192 Y97.342
G1 F1500 X125.02 Y96.17 E501.37091
G0 F7200 X125.585 Y96.17
G1 F1500 X126.524 Y97.109 E501.39299
G0 F7200 X126.869 Y96.887
G1 F1500 X126.151 Y96.17 E501.40987
G0 F7200 X126.717 Y96.17
G1 F1500 X127.262 Y96.715 E501.42268
G0 F7200 X127.687 Y96.574
G1 F1500 X127.282 Y96.17 E501.4322
G0 F7200 X127.848 Y96.17
G1 F1500 X128.182 Y96.504 E501.44005
G0 F7200 X128.414 Y96.17
G1 F1500 X128.751 Y96.507 E501.44798
G0 F7200 X129.044 Y96.235
G1 F1500 X129.423 Y96.614 E501.45689
G0 F7200 X129.806 Y96.43
G1 F1500 X130.506 Y97.131 E501.47337
G1 X130.576 Y97.201
G0 F7200 X131.371 Y97.996
G1 F1500 X132.083 Y98.707 E501.4901
G0 F7200 X131.887 Y99.077
G1 F1500 X132.27 Y99.46 E501.49911
G0 F7200 X132.001 Y99.757
G1 F1500 X132.298 Y100.054 E501.50609
G0 F7200 X131.985 Y100.307
G1 F1500 X132.257 Y100.579 E501.51249
G0 F7200 X131.922 Y100.809
G1 F1500 X132.161 Y101.048 E501.51811
G0 F7200 X131.781 Y101.234
G1 F1500 X132.005 Y101.458 E501.52338
G0 F7200 X131.61 Y101.628
G1 F1500 X131.835 Y101.853 E501.52867
G0 F7200 X131.603 Y102.188
G1 F1500 X131.388 Y101.973 E501.53373
G0 F7200 X131.156 Y102.307
G1 F1500 X131.369 Y102.519 E501.53872
G0 F7200 X131.075 Y102.791
G1 F1500 X130.874 Y102.589 E501.54346
G0 F7200 X130.556 Y102.838
G1 F1500 X130.781 Y103.062 E501.54874
G0 F7200 X130.425 Y103.272
G1 F1500 X130.212 Y103.059 E501.55375
G0 F7200 X129.837 Y103.25
G1 F1500 X130.065 Y103.478 E501.55911
G0 F7200 X129.643 Y103.621
G1 F1500 X129.413 Y103.391 E501.56452
G0 F7200 X129.197 Y103.741
G1 F1500 X128.938 Y103.482 E501.57061
G0 F7200 X128.69 Y103.8
G1 F1500 X128.394 Y103.504 E501.57758
G0 F7200 X128.149 Y103.825
G1 F1500 X127.776 Y103.451 E501.58636
G0 F7200 X127.584 Y103.825
G1 F1500 X126.869 Y103.11 E501.60318
G1 X126.799 Y103.04
G0 F7200 X122.319 Y103.934
G0 X122.249 Y103.864
;TYPE:SKIN
G1 F1500 X122.101 Y103.999 E501.6066
G1 X77.978 Y103.999 E502.3604
G1 X77.789 Y104.094 E502.36401
G0 F7200 X77.679 Y103.984
G0 X77.819 Y96.204
G0 X77.749 Y96.134
G1 F1500 X77.897 Y95.999 E502.36744
G1 X122.021 Y95.999 E503.1212
G1 X122.208 Y95.904 E503.12478
G0 F7200 X122.098 Y96
G1 F1500 E496.62478
;MESH:NONMESH
G0 F600 X122.098 Y96 Z3
G0 F7200 X80.01 Y96.4
G0 X80.01 Y97.9
;TIME_ELAPSED:1012.642532
;LAYER:27
;TYPE:SUPPORT
G1 F1500 E503.12478
G1 F3000 X79.4 Y97.9 E503.13493
G1 X79.4 Y102.1 E503.20477
G1 X80.01 Y102.1 E503.21492
G1 X80.01 Y97.9 E503.28477
G1 X82.677 Y97.9 E503.32912
G1 X82.677 Y102.1 E503.39896
G1 X85.344 Y102.1 E503.44332
G1 X85.344 Y97.9 E503.51316
G1 X88.011 Y97.9 E503.55751
G1 X88.011 Y102.1 E503.62736
G1 X90.678 Y102.1 E503.67171
G1 X90.678 Y97.9 E503.74156
G1 X93.345 Y97.9 E503.78591
G1 X93.345 Y102.1 E503.85576
G1 X96.012 Y102.1 E503.90011
G1 X96.012 Y97.9 E503.96996
G1 X98.679 Y97.9 E504.01431
G1 X98.679 Y102.1 E504.08416
G1 X101.346 Y102.1 E504.12851
G1 X101.346 Y97.9 E504.19835
G1 X104.013 Y97.9 E504.24271
G1 X104.013 Y102.1 E504.31255
G1 X106.68 Y102.1 E504.35691
G1 X106.68 Y97.9 E504.42675
G1 X109.347 Y97.9 E504.4711
G1 X109.347 Y102.1 E504.54095
G1 X112.014 Y102.1 E504.5853
G1 X112.014 Y97.9 E504.65515
G1 X114.681 Y97.9 E504.6995
G1 X114.681 Y102.1 E504.76935
G1 X117.348 Y102.1 E504.8137
G1 X117.348 Y97.9 E504.88355
G1 X120.015 Y97.9 E504.9279
G1 X120.015 Y102.1 E504.99775
G1 X120.6 Y102.1 E505.00747
G1 X120.6 Y97.9 E505.07732
G1 X120.015 Y97.9 E505.08705
G1 F1500 E498.58705
;MESH:reed_holder.stl
G0 F7200 X122.1 Y97.9
G0 X122.259 Y98.476
;TYPE:FILL
G1 F1500 E505.08705
G1 F3000 X122.938 Y97.797 E505.10302
G1 X123.008 Y97.727
G0 F7200 X122.259 Y96.591
G1 F3000 X122.938 Y95.911 E505.119
G1 X123.008 Y95.841
G0 F7200 X122.938 Y99.682
G1 F3000 X122.259 Y100.361 E505.13497
G1 X122.189 Y100.431
G0 F7200 X122.2 Y100.431
G0 X122.938 Y101.567
G1 F3000 X122.259 Y102.246 E505.15094
G1 X122.189 Y102.316
G0 F7200 X122.2 Y102.316
G0 X122.938 Y103.452
G1 F3000 X122.259 Y104.132 E505.16692
G1 X122.189 Y104.202
G0 F7200 X77.872 Y103.628
G0 X77.74 Y103.408
G1 F3000 X77.059 Y104.088 E505.18292
G1 X76.989 Y104.158
G0 F7200 X77.059 Y102.203
G1 F3000 X77.74 Y101.522 E505.19894
G1 X77.81 Y101.452
G0 F7200 X77.8 Y101.452
G0 X77.06 Y98.432
G1 F3000 X77.74 Y97.752 E505.21493
G1 X77.81 Y97.682
G0 F7200 X77.8 Y97.682
G0 X77.06 Y96.546
G1 F3000 X77.74 Y95.867 E505.23091
G1 X77.81 Y95.797
G0 F7200 X77.83 Y103.67
G0 X77.9 Y103.6
;TYPE:WALL-INNER
G1 F3000 X122.1 Y103.6 E505.96596
G1 X122.1 Y96.4 E506.0857
G1 X77.9 Y96.4 E506.82075
G1 X77.9 Y103.6 E506.94048
G0 F7200 X77.83 Y103.67
G0 X70.775 Y103.007
G0 X70.01 Y102.701
G0 X68.931 Y101.716
G0 X68.365 Y100.344
G0 X68.464 Y100.334
G1 F3000 X68.645 Y101.088 E506.95338
G1 X68.964 Y101.694 E506.96477
G1 X69.461 Y102.275 E506.97748
G1 X70.028 Y102.666 E506.98893
G1 X70.784 Y102.969 E507.00248
G1 X71.472 Y103.053 E507.01401
G1 X72.162 Y102.981 E507.02554
G1 X72.815 Y102.758 E507.03702
G1 X73.35 Y102.42 E507.04754
G1 X73.868 Y101.929 E507.05941
G1 X74.257 Y101.314 E507.07151
G1 X74.48 Y100.665 E507.08293
G1 X74.552 Y100.025 E507.09364
G1 X74.481 Y99.338 E507.10512
G1 X74.258 Y98.685 E507.1166
G1 X73.92 Y98.15 E507.12712
G1 X73.429 Y97.632 E507.13899
G1 X72.814 Y97.243 E507.15109
G1 X72.165 Y97.02 E507.1625
G1 X71.522 Y96.947 E507.17327
G1 X70.795 Y97.029 E507.18543
G1 X70.098 Y97.285 E507.19778
G1 X69.465 Y97.722 E507.21057
G1 X69.012 Y98.234 E507.22194
G1 X68.647 Y98.906 E507.23466
G1 X68.483 Y99.573 E507.24608
G1 X68.464 Y100.334 E507.25874
G0 F7200 X68.365 Y100.344
G0 X68.931 Y101.716
G0 X70.01 Y102.701
G0 X70.775 Y103.007
G0 X72.17 Y103.02
G0 X77.859 Y99.958
G0 X77.872 Y96.372
G0 X122.128 Y96.372
G0 X126.055 Y98.008
G0 X126.132 Y98.071
G1 F3000 X125.743 Y98.686 E507.27084
G1 X125.52 Y99.335 E507.28225
G1 X125.448 Y99.975 E507.29297
G1 X125.519 Y100.662 E507.30445
G1 X125.742 Y101.315 E507.31593
G1 X126.08 Y101.85 E507.32645
G1 X126.571 Y102.368 E507.33832
G1 X127.186 Y102.757 E507.35042
G1 X127.835 Y102.98 E507.36183
G1 X128.475 Y103.052 E507.37254
G1 X129.162 Y102.981 E507.38403
G1 X129.815 Y102.758 E507.3955
G1 X130.35 Y102.42 E507.40603
G1 X130.868 Y101.929 E507.4179
G1 X131.257 Y101.314 E507.43
G1 X131.48 Y100.665 E507.44141
G1 X131.552 Y100.025 E507.45212
G1 X131.481 Y99.338 E507.46361
G1 X131.258 Y98.685 E507.47508
G1 X130.92 Y98.15 E507.48561
G1 X130.429 Y97.632 E507.49748
G1 X129.814 Y97.243 E507.50958
G1 X129.165 Y97.02 E507.52099
G1 X128.525 Y96.948 E507.5317
G1 X127.838 Y97.019 E507.54319
G1 X127.185 Y97.242 E507.55466
G1 X126.65 Y97.58 E507.56519
G1 X126.132 Y98.071 E507.57705
G0 F7200 X126.055 Y98.008
G0 X127.056 Y97.287
G0 X130.234 Y96.071
G0 X130.274 Y95.98
G1 F3000 X131.074 Y96.436 E507.59237
G1 X131.755 Y97.045 E507.60756
G1 X132.298 Y97.789 E507.62288
G1 X132.676 Y98.629 E507.6382
G1 X132.869 Y99.522 E507.65339
G1 X132.873 Y100.447 E507.66877
G1 X132.685 Y101.342 E507.68398
G1 X132.314 Y102.183 E507.69927
G1 X131.775 Y102.932 E507.71461
G1 X131.099 Y103.544 E507.72978
G1 X130.3 Y104.009 E507.74515
G1 X129.43 Y104.295 E507.76038
G1 X128.48 Y104.398 E507.77627
G1 X123.5 Y104.4 E507.85909
G1 X71.534 Y104.4 E508.72329
G1 X70.6 Y104.302 E508.73891
G1 X69.726 Y104.02 E508.75418
G1 X68.926 Y103.564 E508.76949
G1 X68.245 Y102.955 E508.78469
G1 X67.702 Y102.211 E508.8
G1 X67.324 Y101.371 E508.81532
G1 X67.131 Y100.478 E508.83052
G1 X67.127 Y99.553 E508.8459
G1 X67.315 Y98.658 E508.86111
G1 X67.686 Y97.817 E508.87639
G1 X68.225 Y97.068 E508.89174
G1 X68.901 Y96.456 E508.90691
G1 X69.7 Y95.991 E508.92228
G1 X70.57 Y95.705 E508.93751
G1 X71.52 Y95.602 E508.9534
G1 X76.417 Y95.6 E509.03484
G1 X128.466 Y95.6 E509.90042
G1 X129.4 Y95.698 E509.91603
G1 X130.274 Y95.98 E509.93131
G0 F7200 X130.433 Y95.61
;TYPE:WALL-OUTER
G1 F1500 X131.308 Y96.11 E509.94807
G1 X132.055 Y96.777 E509.96472
G1 X132.646 Y97.587 E509.98139
G1 X133.058 Y98.502 E509.99808
G1 X133.269 Y99.479 E510.0147
G1 X133.273 Y100.485 E510.03143
G1 X133.067 Y101.467 E510.04812
G1 X132.662 Y102.385 E510.06481
G1 X132.076 Y103.199 E510.08149
G1 X131.336 Y103.869 E510.09809
G1 X130.466 Y104.376 E510.11483
G1 X129.514 Y104.689 E510.1315
G1 X128.505 Y104.798 E510.14838
G1 X123.5 Y104.8 E510.23161
G1 X71.511 Y104.8 E511.09619
G1 X70.516 Y104.696 E511.11283
G1 X69.567 Y104.39 E511.12941
G1 X68.692 Y103.89 E511.14617
G1 X67.945 Y103.223 E511.16282
G1 X67.354 Y102.413 E511.1795
G1 X66.942 Y101.498 E511.19619
G1 X66.731 Y100.521 E511.21281
G1 X66.727 Y99.515 E511.22954
G1 X66.933 Y98.533 E511.24622
G1 X67.338 Y97.615 E511.26291
G1 X67.924 Y96.801 E511.27959
G1 X68.664 Y96.131 E511.29619
G1 X69.534 Y95.624 E511.31294
G1 X70.486 Y95.311 E511.3296
G1 X71.495 Y95.202 E511.34648
G1 X76.417 Y95.2 E511.42833
G1 X128.489 Y95.2 E512.29429
G1 X129.484 Y95.304 E512.31093
G1 X130.433 Y95.61 E512.32751
G0 F7200 X130.606 Y95.709
G0 X130.358 Y96.142
G0 X127.168 Y97.206
G0 X126.022 Y98.06
G0 X126.443 Y98.327
G1 F1500 X126.106 Y98.86 E512.338
G1 X125.913 Y99.423 E512.3479
G1 X125.85 Y99.977 E512.35717
G1 X125.912 Y100.576 E512.36718
G1 X126.105 Y101.141 E512.37711
G1 X126.397 Y101.603 E512.3862
G1 X126.827 Y102.057 E512.3966
G1 X127.36 Y102.394 E512.40709
G1 X127.923 Y102.587 E512.41699
G1 X128.477 Y102.65 E512.42626
G1 X129.076 Y102.588 E512.43627
G1 X129.641 Y102.395 E512.4462
G1 X130.103 Y102.103 E512.45529
G1 X130.557 Y101.673 E512.46569
G1 X130.894 Y101.14 E512.47618
G1 X131.087 Y100.577 E512.48607
G1 X131.15 Y100.023 E512.49535
G1 X131.088 Y99.424 E512.50536
G1 X130.895 Y98.859 E512.51529
G1 X130.603 Y98.397 E512.52438
G1 X130.173 Y97.943 E512.53478
G1 X129.64 Y97.606 E512.54527
G1 X129.077 Y97.413 E512.55516
G1 X128.523 Y97.35 E512.56444
G1 X127.924 Y97.412 E512.57445
G1 X127.359 Y97.605 E512.58438
G1 X126.897 Y97.897 E512.59347
G1 X126.443 Y98.327 E512.60387
G0 F7200 X126.337 Y98.496
G0 X125.915 Y98.228
G0 X122.128 Y103.628
G0 X77.872 Y103.628
G0 X78.3 Y103.2
G1 F1500 X121.7 Y103.2 E513.32561
G1 X121.7 Y96.8 E513.43204
G1 X78.3 Y96.8 E514.15379
G1 X78.3 Y103.2 E514.26022
G0 F7200 X78.5 Y103.2
G0 X78.5 Y103.7
G0 X70.775 Y103.007
G0 X70.01 Y102.701
G0 X68.931 Y101.716
G0 X68.366 Y100.28
G0 X68.865 Y100.292
G1 F1500 X69.022 Y100.946 E514.27141
G1 X69.297 Y101.468 E514.28122
G1 X69.731 Y101.975 E514.29232
G1 X70.218 Y102.311 E514.30216
G1 X70.884 Y102.578 E514.31409
G1 X71.476 Y102.65 E514.32401
G1 X72.076 Y102.588 E514.33404
G1 X72.641 Y102.395 E514.34397
G1 X73.103 Y102.103 E514.35306
G1 X73.557 Y101.673 E514.36346
G1 X73.894 Y101.14 E514.37394
G1 X74.087 Y100.577 E514.38384
G1 X74.15 Y100.023 E514.39311
G1 X74.088 Y99.424 E514.40313
G1 X73.895 Y98.859 E514.41306
G1 X73.603 Y98.397 E514.42215
G1 X73.173 Y97.943 E514.43254
G1 X72.64 Y97.606 E514.44303
G1 X72.077 Y97.413 E514.45293
G1 X71.522 Y97.35 E514.46222
G1 X70.888 Y97.421 E514.47283
G1 X70.284 Y97.643 E514.48353
G1 X69.732 Y98.024 E514.49468
G1 X69.342 Y98.465 E514.50447
G1 X69.023 Y99.052 E514.51558
G1 X68.882 Y99.626 E514.52541
G1 X68.865 Y100.292 E514.53649
G0 F7200 X68.911 Y100.486
G0 X68.072 Y100.375
;TYPE:SKIN
G1 F1500 X68.277 Y101.226 E514.55105
G1 X68.639 Y101.914 E514.56398
G1 X69.198 Y102.567 E514.57827
G1 X69.843 Y103.011 E514.59129
G1 X70.686 Y103.35 E514.6064
G1 X71.468 Y103.445 E514.6195
G1 X72.246 Y103.365 E514.63251
G1 X72.985 Y103.113 E514.6455
G1 X73.59 Y102.73 E514.6574
G1 X74.172 Y102.179 E514.67073
G1 X74.612 Y101.484 E514.68441
G1 X74.862 Y100.751 E514.69729
G1 X74.944 Y100.027 E514.70941
G1 X74.865 Y99.254 E514.72233
G1 X74.613 Y98.515 E514.73531
G1 X74.23 Y97.91 E514.74722
G1 X73.679 Y97.328 E514.76055
G1 X72.984 Y96.888 E514.77423
G1 X72.251 Y96.638 E514.78711
G1 X71.522 Y96.555 E514.79931
G1 X70.705 Y96.647 E514.81298
G1 X69.917 Y96.936 E514.82694
G1 X69.204 Y97.428 E514.84135
G1 X68.69 Y98.009 E514.85425
G1 X68.28 Y98.764 E514.86854
G1 X68.095 Y99.521 E514.8815
G1 X68.072 Y100.375 E514.8957
G0 F7200 X67.521 Y100.437
G1 F1500 X67.517 Y99.594 E514.90972
G1 X67.689 Y98.779 E514.92357
G1 X68.028 Y98.009 E514.93756
G1 X68.518 Y97.328 E514.95152
G1 X69.129 Y96.775 E514.96522
G1 X69.865 Y96.347 E514.97938
G1 X70.648 Y96.089 E514.99309
G1 X71.544 Y95.992 E515.00808
G1 X77.11 Y95.99 E515.10064
G1 X77.11 Y98.567 E515.1435
G1 X77.51 Y98.567 E515.15015
G1 X77.51 Y101.432 E515.19779
G1 X77.11 Y101.432 E515.20445
G1 X77.11 Y104.01 E515.24732
G1 X71.555 Y104.01 E515.3397
G1 X70.679 Y103.918 E515.35435
G1 X69.886 Y103.662 E515.3682
G1 X69.156 Y103.246 E515.38218
G1 X68.535 Y102.691 E515.39603
G1 X68.039 Y102.012 E515.41001
G1 X67.696 Y101.25 E515.42391
G1 X67.521 Y100.437 E515.43774
G0 F7200 X68.164 Y98.147
G1 F1500 X69.605 Y96.706 E515.47163
G0 F7200 X70.258 Y96.619
G1 F1500 X70.576 Y96.3 E515.47912
G0 F7200 X71.011 Y96.431
G1 F1500 X71.237 Y96.205 E515.48443
G0 F7200 X71.622 Y96.385
G1 F1500 X71.837 Y96.17 E515.48949
G0 F7200 X72.13 Y96.443
G1 F1500 X72.403 Y96.17 E515.49591
G0 F7200 X72.579 Y96.56
G1 F1500 X72.969 Y96.17 E515.50508
G0 F7200 X73.001 Y96.703
G1 F1500 X73.535 Y96.17 E515.51763
G0 F7200 X74.101 Y96.17
G1 F1500 X73.358 Y96.912 E515.53509
G0 F7200 X73.705 Y97.131
G1 F1500 X74.666 Y96.17 E515.55769
G0 F7200 X75.233 Y96.169
G1 F1500 X73.998 Y97.403 E515.58673
G0 F7200 X74.273 Y97.694
G1 F1500 X75.799 Y96.169 E515.6226
G0 F7200 X76.364 Y96.169
G1 F1500 X74.514 Y98.019 E515.66611
G0 F7200 X74.733 Y98.366
G1 F1500 X76.93 Y96.169 E515.71778
G0 F7200 X76.93 Y96.735
G1 F1500 X74.892 Y98.772 E515.7657
G0 F7200 X75.036 Y99.195
G1 F1500 X76.93 Y97.3 E515.81026
G0 F7200 X76.93 Y97.866
G1 F1500 X75.092 Y99.704 E515.85349
G0 F7200 X75.098 Y100.264
G1 F1500 X76.93 Y98.432 E515.89657
G0 F7200 X77.182 Y98.746
G1 F1500 X74.986 Y100.941 E515.94821
G1 X74.916 Y101.011
G0 F7200 X74.507 Y101.986
G1 F1500 X77.329 Y99.163 E516.01459
G0 F7200 X77.329 Y99.729
G1 F1500 X73.23 Y103.829 E516.111
G0 F7200 X73.795 Y103.829
G1 F1500 X77.329 Y100.295 E516.19412
G0 F7200 X77.329 Y100.861
G1 F1500 X76.939 Y101.251 E516.20329
G0 F7200 X76.929 Y101.261
G1 F1500 X74.361 Y103.829 E516.26368
G0 F7200 X74.927 Y103.829
G1 F1500 X76.929 Y101.826 E516.31078
G0 F7200 X76.929 Y102.392
G1 F1500 X75.492 Y103.829 E516.34457
G0 F7200 X76.058 Y103.829
G1 F1500 X76.929 Y102.958 E516.36506
G0 F7200 X76.929 Y103.523
G1 F1500 X76.624 Y103.829 E516.37224
G0 F7200 X73.486 Y103.007
G1 F1500 X72.664 Y103.829 E516.39158
G0 F7200 X72.439 Y103.488
G1 F1500 X72.098 Y103.829 E516.3996
G0 F7200 X71.768 Y103.593
G1 F1500 X71.536 Y103.825 E516.40505
G0 F7200 X71.204 Y103.592
G1 F1500 X71.023 Y103.772 E516.4093
G0 F7200 X70.7 Y103.531
G1 F1500 X70.545 Y103.685 E516.41293
G0 F7200 X70.284 Y103.38
G1 F1500 X70.118 Y103.547 E516.41685
G0 F7200 X69.881 Y103.218
G1 F1500 X69.733 Y103.366 E516.42033
G0 F7200 X69.524 Y103.009
G1 F1500 X69.372 Y103.161 E516.4239
G0 F7200 X69.054 Y102.913
G1 F1500 X69.188 Y102.779 E516.42705
G0 F7200 X68.902 Y102.5
G1 F1500 X68.755 Y102.647 E516.43051
G0 F7200 X68.5 Y102.336
G1 F1500 X68.641 Y102.195 E516.43383
G0 F7200 X68.408 Y101.862
G1 F1500 X68.261 Y102.009 E516.43728
G0 F7200 X68.068 Y101.637
G1 F1500 X68.213 Y101.492 E516.44069
G0 F7200 X67.892 Y101.247
G1 F1500 X68.056 Y101.083 E516.44455
G0 F7200 X67.782 Y100.791
G1 F1500 X67.945 Y100.628 E516.44839
G0 F7200 X67.7 Y100.308
G1 F1500 X67.898 Y100.11 E516.45304
G0 F7200 X67.697 Y99.745
G1 F1500 X67.914 Y99.528 E516.45815
G0 F7200 X67.812 Y99.064
G1 F1500 X68.088 Y98.789 E516.46462
G0 F7200 X69.439 Y97.693
G0 X70.786 Y96.991
G0 X77.872 Y96.372
G0 X122.89 Y95.99
G1 F1500 X128.445 Y95.99 E516.557
G1 X129.321 Y96.082 E516.57165
G1 X130.114 Y96.338 E516.58551
G1 X130.844 Y96.754 E516.59948
G1 X131.465 Y97.309 E516.61333
G1 X131.961 Y97.988 E516.62732
G1 X132.304 Y98.75 E516.64121
G1 X132.479 Y99.563 E516.65504
G1 X132.483 Y100.406 E516.66906
G1 X132.311 Y101.221 E516.68292
G1 X131.972 Y101.991 E516.69691
G1 X131.482 Y102.672 E516.71086
G1 X130.871 Y103.225 E516.72456
G1 X130.135 Y103.653 E516.73872
G1 X129.352 Y103.911 E516.75243
G1 X128.456 Y104.008 E516.76742
G1 X122.89 Y104.01 E516.85998
G1 X122.89 Y95.99 E516.99336
G0 F7200 X125.056 Y99.973
G1 F1500 X125.135 Y100.746 E517.00628
G1 X125.387 Y101.485 E517.01926
G1 X125.77 Y102.09 E517.03117
G1 X126.321 Y102.672 E517.0445
G1 X127.016 Y103.112 E517.05818
G1 X127.749 Y103.362 E517.07106
G1 X128.473 Y103.444 E517.08317
G1 X129.246 Y103.365 E517.0961
G1 X129.985 Y103.113 E517.10908
G1 X130.59 Y102.73 E517.12099
G1 X131.172 Y102.179 E517.13432
G1 X131.612 Y101.484 E517.148
G1 X131.862 Y100.751 E517.16088
G1 X131.944 Y100.027 E517.17299
G1 X131.865 Y99.254 E517.18592
G1 X131.613 Y98.515 E517.1989
G1 X131.23 Y97.91 E517.21081
G1 X130.679 Y97.328 E517.22414
G1 X129.984 Y96.888 E517.23782
G1 X129.251 Y96.638 E517.25069
G1 X128.527 Y96.556 E517.26281
G1 X127.754 Y96.635 E517.27573
G1 X127.015 Y96.887 E517.28872
G1 X126.41 Y97.27 E517.30063
G1 X125.828 Y97.821 E517.31395
G1 X125.388 Y98.516 E517.32763
G1 X125.138 Y99.249 E517.34051
G1 X125.056 Y99.973 E517.35263
G0 F7200 X123.315 Y96.17
G1 F1500 X123.069 Y96.416 E517.35842
G0 F7200 X123.069 Y96.981
G1 F1500 X123.881 Y96.17 E517.3775
G0 F7200 X124.447 Y96.17
G1 F1500 X123.069 Y97.547 E517.4099
G0 F7200 X123.069 Y98.113
G1 F1500 X125.012 Y96.17 E517.45559
G0 F7200 X125.578 Y96.17
G1 F1500 X123.069 Y98.678 E517.51459
G0 F7200 X123.069 Y99.244
G1 F1500 X126.144 Y96.17 E517.5869
G0 F7200 X126.709 Y96.17
G1 F1500 X123.069 Y99.81 E517.6725
G0 F7200 X123.069 Y100.375
G1 F1500 X125.594 Y97.85 E517.73189
G1 X125.664 Y97.78
G0 F7200 X126.353 Y97.092
G1 F1500 X127.275 Y96.17 E517.75357
G0 F7200 X127.469 Y96.541
G1 F1500 X127.841 Y96.17 E517.76231
G0 F7200 X128.164 Y96.412
G1 F1500 X128.407 Y96.17 E517.76801
G0 F7200 X128.742 Y96.399
G1 F1500 X128.921 Y96.22 E517.77222
G0 F7200 X129.25 Y96.457
G1 F1500 X129.409 Y96.298 E517.77596
G0 F7200 X129.679 Y96.595
G1 F1500 X129.836 Y96.437 E517.77967
G0 F7200 X130.093 Y96.746
G1 F1500 X130.228 Y96.611 E517.78284
G0 F7200 X130.44 Y96.964
G1 F1500 X130.589 Y96.816 E517.78633
G0 F7200 X130.913 Y97.057
G1 F1500 X130.787 Y97.184 E517.78931
G0 F7200 X131.063 Y97.473
G1 F1500 X131.212 Y97.324 E517.79281
G0 F7200 X131.473 Y97.628
G1 F1500 X131.338 Y97.763 E517.79599
G0 F7200 X131.564 Y98.103
G1 F1500 X131.712 Y97.955 E517.79947
G0 F7200 X131.912 Y98.321
G1 F1500 X131.782 Y98.451 E517.80253
G0 F7200 X132.088 Y98.711
G1 F1500 X131.926 Y98.873 E517.80634
G0 F7200 X132.206 Y99.158
G1 F1500 X132.051 Y99.313 E517.80998
G0 F7200 X132.298 Y99.632
G1 F1500 X132.104 Y99.826 E517.81454
G0 F7200 X132.3 Y100.196
G1 F1500 X132.079 Y100.416 E517.81973
G0 F7200 X132.201 Y100.861
G1 F1500 X131.917 Y101.145 E517.82641
G0 F7200 X131.881 Y101.746
G1 F1500 X130.251 Y103.376 E517.86474
G0 F7200 X129.643 Y103.419
G1 F1500 X129.335 Y103.726 E517.87198
G0 F7200 X128.917 Y103.579
G1 F1500 X128.695 Y103.801 E517.8772
G0 F7200 X128.322 Y103.608
G1 F1500 X128.102 Y103.828 E517.88237
G0 F7200 X127.815 Y103.55
G1 F1500 X127.536 Y103.828 E517.88892
G0 F7200 X127.375 Y103.424
G1 F1500 X126.97 Y103.828 E517.89843
G0 F7200 X126.953 Y103.28
G1 F1500 X126.404 Y103.829 E517.91135
G0 F7200 X125.838 Y103.829
G1 F1500 X126.604 Y103.063 E517.92936
G0 F7200 X126.258 Y102.844
G1 F1500 X125.273 Y103.829 E517.95253
G0 F7200 X124.706 Y103.83
G1 F1500 X125.971 Y102.565 E517.98228
G0 F7200 X125.696 Y102.274
G1 F1500 X124.141 Y103.83 E518.01886
G0 F7200 X123.575 Y103.83
G1 F1500 X125.462 Y101.942 E518.06325
G0 F7200 X125.242 Y101.597
G1 F1500 X123.069 Y103.77 E518.11436
G0 F7200 X123.069 Y103.204
G1 F1500 X125.091 Y101.182 E518.16191
G0 F7200 X124.953 Y100.754
G1 F1500 X123.069 Y102.638 E518.20622
G0 F7200 X123.069 Y102.072
G1 F1500 X124.901 Y100.241 E518.2493
G0 F7200 X124.908 Y99.668
G1 F1500 X123.069 Y101.507 E518.29255
G0 F7200 X123.069 Y100.941
G1 F1500 X125.041 Y98.969 E518.33892
G1 X125.111 Y98.899
G0 F7200 X122.319 Y96.035
G0 X122.234 Y96.119
;TYPE:SKIN
G1 F1500 X122.072 Y95.999 E518.34237
G1 X77.948 Y95.999 E519.09637
G1 X77.774 Y95.889 E519.09989
G0 F7200 X77.679 Y95.985
G0 X77.79 Y103.794
G0 X77.734 Y103.849
G1 F1500 X77.876 Y103.99 E519.1033
G1 X83.524 Y103.999 E519.19973
G1 X121.991 Y103.999 E519.85649
G1 X122.194 Y104.079 E519.86022
G0 F7200 X122.069 Y104
G1 F1500 E513.36022
;MESH:NONMESH
G0 F600 X122.069 Y104 Z3.1
G0 F7200 X80.01 Y103.6
G0 X80.01 Y102.335
G0 X80.01 Y97.9
;TIME_ELAPSED:1051.293545
;LAYER:28
;TYPE:SUPPORT
G1 F1500 E519.86022
G1 F3000 X79.4 Y97.9 E519.87036
G1 X79.4 Y102.1 E519.94021
G1 X80.01 Y102.1 E519.95035
G1 X80.01 Y97.9 E520.0202
G1 X82.677 Y97.9 E520.06455
G1 X82.677 Y102.1 E520.1344
G1 X85.344 Y102.1 E520.17875
G1 X85.344 Y97.9 E520.2486
G1 X88.011 Y97.9 E520.29295
G1 X88.011 Y102.1 E520.3628
G1 X90.678 Y102.1 E520.40715
G1 X90.678 Y97.9 E520.47699
G1 X93.345 Y97.9 E520.52135
G1 X93.345 Y102.1 E520.59119
G1 X96.012 Y102.1 E520.63555
G1 X96.012 Y97.9 E520.70539
G1 X98.679 Y97.9 E520.74974
G1 X98.679 Y102.1 E520.81959
G1 X101.346 Y102.1 E520.86394
G1 X101.346 Y97.9 E520.93379
G1 X104.013 Y97.9 E520.97814
G1 X104.013 Y102.1 E521.04799
G1 X106.68 Y102.1 E521.09234
G1 X106.68 Y97.9 E521.16219
G1 X109.347 Y97.9 E521.20654
G1 X109.347 Y102.1 E521.27638
G1 X112.014 Y102.1 E521.32074
G1 X112.014 Y97.9 E521.39058
G1 X114.681 Y97.9 E521.43494
G1 X114.681 Y102.1 E521.50478
G1 X117.348 Y102.1 E521.54913
G1 X117.348 Y97.9 E521.61898
G1 X120.015 Y97.9 E521.66333
G1 X120.015 Y102.1 E521.73318
G1 X120.6 Y102.1 E521.74291
G1 X120.6 Y97.9 E521.81275
G1 X120.015 Y97.9 E521.82248
G1 F1500 E515.32248
;MESH:reed_holder.stl
G0 F7200 X120.015 Y102.335
G0 X120.015 Y103.6
G0 X77.83 Y103.67
G0 X77.9 Y103.6
;TYPE:WALL-INNER
G1 F1500 E521.82248
G1 F3000 X122.1 Y103.6 E522.55753
G1 X122.1 Y96.4 E522.67727
G1 X77.9 Y96.4 E523.41232
G1 X77.9 Y103.6 E523.53205
G0 F7200 X77.83 Y103.67
G0 X77.17 Y104.33
G0 X77.1 Y104.4
G1 F3000 X77.1 Y95.6 E523.6784
G1 X122.9 Y95.6 E524.44006
G1 X122.9 Y104.4 E524.5864
G1 X77.1 Y104.4 E525.34806
G0 F7200 X76.7 Y104.8
;TYPE:WALL-OUTER
G1 F1500 X76.7 Y95.2 E525.50771
G1 X123.3 Y95.2 E526.28267
G1 X123.3 Y104.8 E526.44232
G1 X76.7 Y104.8 E527.21728
G0 F7200 X76.7 Y104.6
G0 X77.17 Y104.33
G0 X77.8 Y103.2
G0 X78.3 Y103.2
G1 F1500 X121.7 Y103.2 E527.93902
G1 X121.7 Y96.8 E528.04545
G1 X78.3 Y96.8 E528.7672
G1 X78.3 Y103.2 E528.87363
G0 F7200 X78.5 Y103.2
G0 X78.5 Y103.7
G0 X77.51 Y101.558
;TYPE:SKIN
G1 F1500 X77.49 Y101.558 E528.87396
G1 X77.49 Y98.442 E528.92578
G1 X77.51 Y98.442 E528.92612
G1 X77.51 Y101.558 E528.97794
G0 F7200 X77.553 Y101.878
;TYPE:SKIN
G1 F1500 X77.499 Y102.106 E528.98185
G1 X77.499 Y103.521 E529.00546
G1 X77.596 Y103.901 E529.012
G1 X77.314 Y104.184 E529.01867
G1 X78.543 Y103.999 E529.03941
G1 X122.383 Y103.999 E529.77095
G1 X122.499 Y103.548 E529.77872
G1 X122.499 Y96.477 E529.89672
G1 X122.401 Y96.096 E529.90328
G1 X122.684 Y95.814 E529.90995
G1 X121.454 Y95.998 E529.9307
G1 X77.614 Y95.998 E530.66225
G1 X77.499 Y96.45 E530.67003
G1 X77.459 Y98.106 E530.69767
G1 X77.317 Y98.247 E530.70101
G0 F7200 X77.5 Y98.27
G1 F1500 E524.20101
;MESH:NONMESH
G0 F600 X77.5 Y98.27 Z3.2
G0 F7200 X80.01 Y97.9
;TIME_ELAPSED:1072.504780
;LAYER:29
;TYPE:SUPPORT
G1 F1500 E530.70101
G1 F3000 X79.4 Y97.9 E530.71116
G1 X79.4 Y102.1 E530.781
G1 X80.01 Y102.1 E530.79115
G1 X80.01 Y97.9 E530.86099
G1 X82.677 Y97.9 E530.90535
G1 X82.677 Y102.1 E530.97519
G1 X85.344 Y102.1 E531.01954
G1 X85.344 Y97.9 E531.08939
G1 X88.011 Y97.9 E531.13374
G1 X88.011 Y102.1 E531.20359
G1 X90.678 Y102.1 E531.24794
G1 X90.678 Y97.9 E531.31779
G1 X93.345 Y97.9 E531.36214
G1 X93.345 Y102.1 E531.43199
G1 X96.012 Y102.1 E531.47634
G1 X96.012 Y97.9 E531.54619
G1 X98.679 Y97.9 E531.59054
G1 X98.679 Y102.1 E531.66038
G1 X101.346 Y102.1 E531.70474
G1 X101.346 Y97.9 E531.77458
G1 X104.013 Y97.9 E531.81893
G1 X104.013 Y102.1 E531.88878
G1 X106.68 Y102.1 E531.93313
G1 X106.68 Y97.9 E532.00298
G1 X109.347 Y97.9 E532.04733
G1 X109.347 Y102.1 E532.11718
G1 X112.014 Y102.1 E532.16153
G1 X112.014 Y97.9 E532.23138
G1 X114.681 Y97.9 E532.27573
G1 X114.681 Y102.1 E532.34558
G1 X117.348 Y102.1 E532.38993
G1 X117.348 Y97.9 E532.45977
G1 X120.015 Y97.9 E532.50413
G1 X120.015 Y102.1 E532.57397
G1 X120.6 Y102.1 E532.5837
G1 X120.6 Y97.9 E532.65355
G1 X120.015 Y97.9 E532.66328
G1 F1500 E526.16328
;MESH:reed_holder.stl
G0 F7200 X120.015 Y102.335
G0 X120.015 Y103.6
G0 X77.83 Y103.67
G0 X77.9 Y103.6
;TYPE:WALL-INNER
G1 F1500 E532.66328
G1 F3000 X122.1 Y103.6 E533.39833
G1 X122.1 Y96.4 E533.51806
G1 X77.9 Y96.4 E534.25311
G1 X77.9 Y103.6 E534.37285
G0 F7200 X77.83 Y103.67
G0 X77.17 Y104.33
G0 X77.1 Y104.4
G1 F3000 X77.1 Y95.6 E534.51919
G1 X122.9 Y95.6 E535.28085
G1 X122.9 Y104.4 E535.42719
G1 X77.1 Y104.4 E536.18885
G0 F7200 X76.7 Y104.8
;TYPE:WALL-OUTER
G1 F1500 X76.7 Y95.2 E536.3485
G1 X123.3 Y95.2 E537.12346
G1 X123.3 Y104.8 E537.28311
G1 X76.7 Y104.8 E538.05807
G0 F7200 X76.7 Y104.6
G0 X77.17 Y104.33
G0 X77.8 Y103.2
G0 X78.3 Y103.2
G1 F1500 X121.7 Y103.2 E538.77982
G1 X121.7 Y96.8 E538.88625
G1 X78.3 Y96.8 E539.60799
G1 X78.3 Y103.2 E539.71443
G0 F7200 X78.5 Y103.2
G0 X78.5 Y103.7
G0 X77.51 Y101.671
;TYPE:SKIN
G1 F1500 X77.49 Y101.671 E539.71476
G1 X77.49 Y98.329 E539.77034
G1 X77.51 Y98.329 E539.77067
G1 X77.51 Y101.671 E539.82625
G0 F7200 X77.388 Y101.933
;TYPE:SKIN
G1 F1500 X77.499 Y102.104 E539.82968
G1 X77.499 Y103.801 E539.85826
G1 X77.585 Y103.999 E539.86189
G1 X121.991 Y103.999 E540.6097
G1 X122.499 Y103.492 E540.62179
G1 X122.386 Y103.886 E540.62869
G1 X122.669 Y104.169 E540.63543
G1 X122.499 Y102.926 E540.65656
G1 X122.499 Y96.138 E540.77087
G1 X122.354 Y95.999 E540.77425
G1 X77.948 Y95.999 E541.52206
G1 X77.499 Y96.448 E541.53276
G1 X77.499 Y97.862 E541.55657
G1 X77.595 Y98.049 E541.56011
G0 F7200 X77.486 Y98.158
G0 X77.295 Y96.37
G1 F1500 X77.87 Y95.794 E541.56688
G0 F7200 X77.587 Y95.794
G1 F1500 X77.295 Y96.087 E541.57032
G0 F7200 X77.5 Y96.087
G1 F1500 E535.07032
;MESH:NONMESH
G0 F600 X77.5 Y96.087 Z3.3
G0 F7200 X80.01 Y96.4
G0 X80.01 Y97.9
;TIME_ELAPSED:1093.863350
;LAYER:30
;TYPE:SUPPORT
G1 F1500 E541.57032
G1 F3000 X79.4 Y97.9 E541.58046
G1 X79.4 Y102.1 E541.65031
G1 X80.01 Y102.1 E541.66045
G1 X80.01 Y97.9 E541.7303
G1 X82.677 Y97.9 E541.77465
G1 X82.677 Y102.1 E541.8445
G1 X85.344 Y102.1 E541.88885
G1 X85.344 Y97.9 E541.95869
G1 X88.011 Y97.9 E542.00305
G1 X88.011 Y102.1 E542.07289
G1 X90.678 Y102.1 E542.11725
G1 X90.678 Y97.9 E542.18709
G1 X93.345 Y97.9 E542.23144
G1 X93.345 Y102.1 E542.30129
G1 X96.012 Y102.1 E542.34564
G1 X96.012 Y97.9 E542.41549
G1 X98.679 Y97.9 E542.45984
G1 X98.679 Y102.1 E542.52969
G1 X101.346 Y102.1 E542.57404
G1 X101.346 Y97.9 E542.64389
G1 X104.013 Y97.9 E542.68824
G1 X104.013 Y102.1 E542.75809
G1 X106.68 Y102.1 E542.80244
G1 X106.68 Y97.9 E542.87228
G1 X109.347 Y97.9 E542.91664
G1 X109.347 Y102.1 E542.98648
G1 X112.014 Y102.1 E543.03084
G1 X112.014 Y97.9 E543.10068
G1 X114.681 Y97.9 E543.14503
G1 X114.681 Y102.1 E543.21488
G1 X117.348 Y102.1 E543.25923
G1 X117.348 Y97.9 E543.32908
G1 X120.015 Y97.9 E543.37343
G1 X120.015 Y102.1 E543.44328
G1 X120.6 Y102.1 E543.45301
G1 X120.6 Y97.9 E543.52285
G1 X120.015 Y97.9 E543.53258
G1 F1500 E537.03258
;MESH:reed_holder.stl
G0 F7200 X120.015 Y102.335
G0 X120.015 Y103.6
G0 X77.83 Y103.67
G0 X77.9 Y103.6
;TYPE:WALL-INNER
G1 F1500 E543.53258
G1 F3000 X122.1 Y103.6 E544.26763
G1 X122.1 Y96.4 E544.38737
G1 X77.9 Y96.4 E545.12242
G1 X77.9 Y103.6 E545.24215
G0 F7200 X77.83 Y103.67
G0 X77.17 Y104.33
G0 X77.1 Y104.4
G1 F3000 X77.1 Y95.6 E545.3885
G1 X122.9 Y95.6 E546.15015
G1 X122.9 Y104.4 E546.2965
G1 X77.1 Y104.4 E547.05816
G0 F7200 X76.7 Y104.8
;TYPE:WALL-OUTER
G1 F1500 X76.7 Y95.2 E547.2178
G1 X123.3 Y95.2 E547.99277
G1 X123.3 Y104.8 E548.15241
G1 X76.7 Y104.8 E548.92737
G0 F7200 X76.7 Y104.6
G0 X77.17 Y104.33
G0 X77.8 Y103.2
G0 X78.3 Y103.2
G1 F1500 X121.7 Y103.2 E549.64912
G1 X121.7 Y96.8 E549.75555
G1 X78.3 Y96.8 E550.4773
G1 X78.3 Y103.2 E550.58373
G0 F7200 X78.5 Y103.2
G0 X78.5 Y103.7
G0 X77.51 Y101.765
;TYPE:SKIN
G1 F1500 X77.49 Y101.765 E550.58406
G1 X77.49 Y98.235 E550.64277
G1 X77.51 Y98.236 E550.6431
G1 X77.51 Y101.765 E550.70179
G0 F7200 X77.656 Y101.981
;TYPE:SKIN
G1 F1500 X77.515 Y102.122 E550.70511
G1 X77.499 Y103.521 E550.72842
G1 X77.596 Y103.901 E550.73495
G1 X77.314 Y104.184 E550.74161
G1 X78.543 Y103.999 E550.76232
G1 X122.383 Y103.999 E551.49276
G1 X122.499 Y103.548 E551.50052
G1 X122.499 Y96.477 E551.61833
G1 X122.401 Y96.096 E551.62488
G1 X122.684 Y95.814 E551.63154
G1 X121.454 Y95.998 E551.65226
G1 X77.614 Y95.998 E552.3827
G1 X77.499 Y96.45 E552.39047
G1 X77.497 Y97.861 E552.41398
G1 X77.355 Y98.003 E552.41733
G0 F7200 X77.5 Y97.942
G1 F1500 E545.91733
;MESH:NONMESH
G0 F600 X77.5 Y97.942 Z3.4
G0 F7200 X80.01 Y97.9
;TIME_ELAPSED:1115.091669
;LAYER:31
;TYPE:SUPPORT
G1 F1500 E552.41733
G1 F3000 X79.4 Y97.9 E552.42747
G1 X79.4 Y102.1 E552.49732
G1 X80.01 Y102.1 E552.50746
G1 X80.01 Y97.9 E552.57731
G1 X82.677 Y97.9 E552.62166
G1 X82.677 Y102.1 E552.69151
G1 X85.344 Y102.1 E552.73586
G1 X85.344 Y97.9 E552.80571
G1 X88.011 Y97.9 E552.85006
G1 X88.011 Y102.1 E552.91991
G1 X90.678 Y102.1 E552.96426
G1 X90.678 Y97.9 E553.0341
G1 X93.345 Y97.9 E553.07846
G1 X93.345 Y102.1 E553.1483
G1 X96.012 Y102.1 E553.19266
G1 X96.012 Y97.9 E553.2625
G1 X98.679 Y97.9 E553.30685
G1 X98.679 Y102.1 E553.3767
G1 X101.346 Y102.1 E553.42105
G1 X101.346 Y97.9 E553.4909
G1 X104.013 Y97.9 E553.53525
G1 X104.013 Y102.1 E553.6051
G1 X106.68 Y102.1 E553.64945
G1 X106.68 Y97.9 E553.7193
G1 X109.347 Y97.9 E553.76365
G1 X109.347 Y102.1 E553.8335
G1 X112.014 Y102.1 E553.87785
G1 X112.014 Y97.9 E553.94769
G1 X114.681 Y97.9 E553.99205
G1 X114.681 Y102.1 E554.06189
G1 X117.348 Y102.1 E554.10624
G1 X117.348 Y97.9 E554.17609
G1 X120.015 Y97.9 E554.22044
G1 X120.015 Y102.1 E554.29029
G1 X120.6 Y102.1 E554.30002
G1 X120.6 Y97.9 E554.36986
G1 X120.015 Y97.9 E554.37959
G1 F1500 E547.87959
;MESH:reed_holder.stl
G0 F7200 X120.015 Y102.335
G0 X120.015 Y103.6
G0 X77.83 Y103.67
G0 X77.9 Y103.6
;TYPE:WALL-INNER
G1 F1500 E554.37959
G1 F3000 X122.1 Y103.6 E555.11464
G1 X122.1 Y96.4 E555.23438
G1 X77.9 Y96.4 E555.96943
G1 X77.9 Y103.6 E556.08916
G0 F7200 X77.83 Y103.67
G0 X77.17 Y104.33
G0 X77.1 Y104.4
G1 F3000 X77.1 Y95.6 E556.23551
G1 X122.9 Y95.6 E556.99717
G1 X122.9 Y104.4 E557.14351
G1 X77.1 Y104.4 E557.90517
G0 F7200 X76.7 Y104.8
;TYPE:WALL-OUTER
G1 F1500 X76.7 Y95.2 E558.06482
G1 X123.3 Y95.2 E558.83978
G1 X123.3 Y104.8 E558.99943
G1 X76.7 Y104.8 E559.77439
G0 F7200 X76.7 Y104.6
G0 X77.17 Y104.33
G0 X77.8 Y103.2
G0 X78.3 Y103.2
G1 F1500 X121.7 Y103.2 E560.49613
G1 X121.7 Y96.8 E560.60256
G1 X78.3 Y96.8 E561.32431
G1 X78.3 Y103.2 E561.43074
G0 F7200 X78.5 Y103.2
G0 X78.5 Y103.7
G0 X77.51 Y101.834
;TYPE:SKIN
G1 F1500 X77.49 Y101.834 E561.43107
G1 X77.49 Y98.166 E561.49207
G1 X77.51 Y98.167 E561.49241
G1 X77.51 Y101.834 E561.55339
G0 F7200 X77.448 Y102.155
;TYPE:SKIN
G1 F1500 X77.499 Y102.387 E561.55743
G1 X77.499 Y103.801 E561.58151
G1 X77.585 Y103.999 E561.58519
G1 X121.991 Y103.999 E562.3413
G1 X122.386 Y103.886 E562.34829
G1 X122.499 Y103.209 E562.35998
G1 X122.499 Y96.138 E562.48038
G1 X122.354 Y95.999 E562.4838
G1 X77.948 Y95.999 E563.23991
G1 X77.499 Y96.448 E563.25072
G1 X77.535 Y97.826 E563.27419
G1 X77.676 Y97.968 E563.2776
G0 F7200 X77.648 Y97.996
G0 X77.295 Y96.37
G1 F1500 X77.87 Y95.794 E563.28437
G0 F7200 X77.587 Y95.794
G1 F1500 X77.295 Y96.087 E563.28781
G0 F7200 X77.872 Y103.628
G0 X122.352 Y104.204
G0 X122.528 Y104.028
G1 F1500 X122.669 Y104.169 E563.29276
G0 F7200 X122.5 Y104
G1 F1500 E556.79276
;MESH:NONMESH
G0 F600 X122.5 Y104 Z3.5
G0 F7200 X80.01 Y103.6
G0 X80.01 Y102.335
G0 X80.01 Y97.9
;TIME_ELAPSED:1137.268160
;LAYER:32
;TYPE:SUPPORT
G1 F1500 E563.29276
G1 F3000 X79.4 Y97.9 E563.30291
G1 X79.4 Y102.1 E563.37276
G1 X80.01 Y102.1 E563.3829
G1 X80.01 Y97.9 E563.45275
G1 X82.677 Y97.9 E563.4971
G1 X82.677 Y102.1 E563.56694
G1 X85.344 Y102.1 E563.6113
G1 X85.344 Y97.9 E563.68114
G1 X88.011 Y97.9 E563.7255
G1 X88.011 Y102.1 E563.79534
G1 X90.678 Y102.1 E563.83969
G1 X90.678 Y97.9 E563.90954
G1 X93.345 Y97.9 E563.95389
G1 X93.345 Y102.1 E564.02374
G1 X96.012 Y102.1 E564.06809
G1 X96.012 Y97.9 E564.13794
G1 X98.679 Y97.9 E564.18229
G1 X98.679 Y102.1 E564.25214
G1 X101.346 Y102.1 E564.29649
G1 X101.346 Y97.9 E564.36634
G1 X104.013 Y97.9 E564.41069
G1 X104.013 Y102.1 E564.48053
G1 X106.68 Y102.1 E564.52489
G1 X106.68 Y97.9 E564.59473
G1 X109.347 Y97.9 E564.63908
G1 X109.347 Y102.1 E564.70893
G1 X112.014 Y102.1 E564.75328
G1 X112.014 Y97.9 E564.82313
G1 X114.681 Y97.9 E564.86748
G1 X114.681 Y102.1 E564.93733
G1 X117.348 Y102.1 E564.98168
G1 X117.348 Y97.9 E565.05153
G1 X120.015 Y97.9 E565.09588
G1 X120.015 Y102.1 E565.16573
G1 X120.6 Y102.1 E565.17545
G1 X120.6 Y97.9 E565.2453
G1 X120.015 Y97.9 E565.25503
G1 F1500 E558.75503
;MESH:reed_holder.stl
G0 F7200 X120.015 Y102.335
G0 X120.015 Y103.6
G0 X77.83 Y103.67
G0 X77.9 Y103.6
;TYPE:WALL-INNER
G1 F1500 E565.25503
G1 F3000 X122.1 Y103.6 E565.99008
G1 X122.1 Y96.4 E566.10981
G1 X77.9 Y96.4 E566.84486
G1 X77.9 Y103.6 E566.9646
G0 F7200 X77.83 Y103.67
G0 X77.17 Y104.33
G0 X77.1 Y104.4
G1 F3000 X77.1 Y95.6 E567.11094
G1 X122.9 Y95.6 E567.8726
G1 X122.9 Y104.4 E568.01895
G1 X77.1 Y104.4 E568.7806
G0 F7200 X76.7 Y104.8
;TYPE:WALL-OUTER
G1 F1500 X76.7 Y95.2 E568.94025
G1 X123.3 Y95.2 E569.71521
G1 X123.3 Y104.8 E569.87486
G1 X76.7 Y104.8 E570.64982
G0 F7200 X76.7 Y104.6
G0 X77.17 Y104.33
G0 X77.8 Y103.2
G0 X78.3 Y103.2
G1 F1500 X121.7 Y103.2 E571.37157
G1 X121.7 Y96.8 E571.478
G1 X78.3 Y96.8 E572.19975
G1 X78.3 Y103.2 E572.30618
G0 F7200 X78.5 Y103.2
G0 X78.5 Y103.7
G0 X77.51 Y101.902
;TYPE:SKIN
G1 F1500 X77.49 Y101.902 E572.30651
G1 X77.49 Y98.098 E572.36977
G1 X77.51 Y98.098 E572.3701
G1 X77.51 Y101.902 E572.43336
G0 F7200 X77.584 Y102.191
;TYPE:SKIN
G1 F1500 X77.499 Y102.389 E572.437
G1 X77.499 Y103.521 E572.45611
G1 X77.596 Y103.901 E572.46273
G1 X78.26 Y103.999 E572.47406
G1 X122.383 Y103.999 E573.21884
G1 X122.499 Y103.548 E573.2267
G1 X122.499 Y96.477 E573.34606
G1 X122.401 Y96.096 E573.3527
G1 X122.684 Y95.814 E573.35944
G1 X121.454 Y95.998 E573.38044
G1 X77.614 Y95.998 E574.12044
G1 X77.5 Y96.45 E574.12831
G1 X77.5 Y97.582 E574.14742
G1 X77.428 Y97.793 E574.15118
G0 F7200 X77.562 Y97.927
G0 X77.294 Y103.881
G0 X77.455 Y104.042
G1 F1500 X77.314 Y104.184 E574.15544
G0 F7200 X77.5 Y104
G1 F1500 E567.65544
;MESH:NONMESH
G0 F600 X77.5 Y104 Z3.6
G0 F7200 X77.9 Y97.9
G0 X80.01 Y97.9
;TIME_ELAPSED:1158.636873
;LAYER:33
;TYPE:SUPPORT
G1 F1500 E574.15544
G1 F3000 X79.4 Y97.9 E574.16559
G1 X79.4 Y99.915 E574.1991
G1 X79.315 Y100 E574.20109
G1 X79.4 Y100.085 E574.20309
G1 X79.4 Y102.1 E574.2366
G1 X80.01 Y102.1 E574.24675
G1 X80.01 Y97.9 E574.31659
G1 X82.677 Y97.9 E574.36095
G1 X82.677 Y102.1 E574.43079
G1 X85.344 Y102.1 E574.47515
G1 X85.344 Y97.9 E574.54499
G1 X88.011 Y97.9 E574.58934
G1 X88.011 Y102.1 E574.65919
G1 X90.678 Y102.1 E574.70354
G1 X90.678 Y97.9 E574.77339
G1 X93.345 Y97.9 E574.81774
G1 X93.345 Y102.1 E574.88759
G1 X96.012 Y102.1 E574.93194
G1 X96.012 Y97.9 E575.00179
G1 X98.679 Y97.9 E575.04614
G1 X98.679 Y102.1 E575.11598
G1 X101.346 Y102.1 E575.16034
G1 X101.346 Y97.9 E575.23018
G1 X104.013 Y97.9 E575.27454
G1 X104.013 Y102.1 E575.34438
G1 X106.68 Y102.1 E575.38873
G1 X106.68 Y97.9 E575.45858
G1 X109.347 Y97.9 E575.50293
G1 X109.347 Y102.1 E575.57278
G1 X112.014 Y102.1 E575.61713
G1 X112.014 Y97.9 E575.68698
G1 X114.681 Y97.9 E575.73133
G1 X114.681 Y102.1 E575.80118
G1 X117.348 Y102.1 E575.84553
G1 X117.348 Y97.9 E575.91538
G1 X120.015 Y97.9 E575.95973
G1 X120.015 Y102.1 E576.02957
G1 X120.6 Y102.1 E576.0393
G1 X120.6 Y97.9 E576.10915
G1 X120.015 Y97.9 E576.11888
G1 F1500 E569.61888
;MESH:reed_holder.stl
G0 F7200 X120.015 Y102.335
G0 X120.015 Y103.62
G0 X77.83 Y103.67
G0 X77.9 Y103.6
;TYPE:WALL-INNER
G1 F1500 E576.11888
G1 F3000 X122.1 Y103.6 E576.85393
G1 X122.1 Y96.4 E576.97366
G1 X77.9 Y96.4 E577.70871
G1 X77.9 Y99.059 E577.75293
G1 X77.1 Y99.059 E577.76624
G1 X77.1 Y95.6 E577.82376
G1 X122.9 Y95.6 E578.58542
G1 X122.9 Y104.4 E578.73176
G1 X77.1 Y104.4 E579.49342
G1 X77.1 Y100.941 E579.55094
G1 X77.9 Y100.941 E579.56425
G1 X77.9 Y103.6 E579.60846
G0 F7200 X78.3 Y103.2
;TYPE:WALL-OUTER
G1 F1500 X121.7 Y103.2 E580.33021
G1 X121.7 Y96.8 E580.43664
G1 X78.3 Y96.8 E581.15839
G1 X78.3 Y99.459 E581.20261
G1 X76.7 Y99.459 E581.22921
G1 X76.7 Y95.2 E581.30004
G1 X123.3 Y95.2 E582.075
G1 X123.3 Y104.8 E582.23465
G1 X76.7 Y104.8 E583.00961
G1 X76.7 Y100.541 E583.08044
G1 X78.3 Y100.541 E583.10705
G1 X78.3 Y103.2 E583.15127
G0 F7200 X78.5 Y103.2
G0 X78.5 Y103.7
G0 X77.51 Y101.957
;TYPE:SKIN
G1 F1500 X77.49 Y101.957 E583.1516
G1 X77.49 Y101.331 E583.16201
G1 X77.51 Y101.331 E583.16234
G1 X77.51 Y101.957 E583.17275
G0 F7200 X77.872 Y103.628
G0 X122.128 Y103.628
G0 X122.128 Y96.372
G0 X77.872 Y96.372
G0 X77.51 Y98.669
G1 F1500 X77.49 Y98.669 E583.17309
G1 X77.49 Y98.043 E583.1835
G1 X77.51 Y98.044 E583.18383
G1 X77.51 Y98.669 E583.19422
G0 F7200 X77.596 Y97.764
;TYPE:SKIN
G1 F1500 X77.499 Y97.579 E583.19778
G1 X77.499 Y96.448 E583.21707
G1 X77.582 Y96.082 E583.22346
G1 X77.441 Y95.94 E583.22687
G1 X78.797 Y95.999 E583.25001
G1 X122.354 Y95.999 E583.99255
G1 X122.499 Y96.138 E583.99597
G1 X122.499 Y103.492 E584.12134
G1 X122.386 Y103.886 E584.12833
G1 X121.708 Y103.999 E584.14004
G1 X77.585 Y103.999 E584.89223
G1 X77.499 Y103.519 E584.90054
G1 X77.499 Y102.387 E584.91984
G1 X77.387 Y102.217 E584.92331
G0 F7200 X77.479 Y102.126
G0 X77.872 Y103.628
G0 X122.352 Y104.204
G0 X122.528 Y104.028
G1 F1500 X122.669 Y104.169 E584.92827
G0 F7200 X122.5 Y104
G1 F1500 E578.42827
;MESH:NONMESH
G0 F600 X122.5 Y104 Z3.7
G0 F7200 X80.01 Y103.62
G0 X80.01 Y102.335
G0 X80.01 Y97.9
;TIME_ELAPSED:1181.390215
;LAYER:34
;TYPE:SUPPORT
G1 F1500 E584.92827
G1 F3000 X79.4 Y97.9 E584.93841
G1 X79.4 Y99.623 E584.96706
G1 X79.022 Y100 E584.97594
G1 X79.4 Y100.377 E584.98482
G1 X79.4 Y102.1 E585.01347
G1 X80.01 Y102.1 E585.02362
G1 X80.01 Y97.9 E585.09346
G1 X82.677 Y97.9 E585.13782
G1 X82.677 Y102.1 E585.20766
G1 X85.344 Y102.1 E585.25202
G1 X85.344 Y97.9 E585.32186
G1 X88.011 Y97.9 E585.36621
G1 X88.011 Y102.1 E585.43606
G1 X90.678 Y102.1 E585.48041
G1 X90.678 Y97.9 E585.55026
G1 X93.345 Y97.9 E585.59461
G1 X93.345 Y102.1 E585.66446
G1 X96.012 Y102.1 E585.70881
G1 X96.012 Y97.9 E585.77866
G1 X98.679 Y97.9 E585.82301
G1 X98.679 Y102.1 E585.89285
G1 X101.346 Y102.1 E585.93721
G1 X101.346 Y97.9 E586.00705
G1 X104.013 Y97.9 E586.05141
G1 X104.013 Y102.1 E586.12125
G1 X106.68 Y102.1 E586.1656
G1 X106.68 Y97.9 E586.23545
G1 X109.347 Y97.9 E586.2798
G1 X109.347 Y102.1 E586.34965
G1 X112.014 Y102.1 E586.394
G1 X112.014 Y97.9 E586.46385
G1 X114.681 Y97.9 E586.5082
G1 X114.681 Y102.1 E586.57805
G1 X117.348 Y102.1 E586.6224
G1 X117.348 Y97.9 E586.69225
G1 X120.015 Y97.9 E586.7366
G1 X120.015 Y102.1 E586.80644
G1 X120.6 Y102.1 E586.81617
G1 X120.6 Y97.9 E586.88602
G1 X120.015 Y97.9 E586.89575
G1 F1500 E580.39575
;MESH:reed_holder.stl
G0 F7200 X120.015 Y102.335
G0 X120.015 Y103.62
G0 X77.83 Y103.67
G0 X77.9 Y103.6
;TYPE:WALL-INNER
G1 F1500 E586.89575
G1 F3000 X122.1 Y103.6 E587.6308
G1 X122.1 Y96.4 E587.75053
G1 X77.9 Y96.4 E588.48558
G1 X77.9 Y98.767 E588.52495
G1 X77.1 Y98.767 E588.53825
G1 X77.1 Y95.6 E588.59092
G1 X122.9 Y95.6 E589.35257
G1 X122.9 Y104.4 E589.49892
G1 X77.1 Y104.4 E590.26058
G1 X77.1 Y101.233 E590.31324
G1 X77.9 Y101.233 E590.32655
G1 X77.9 Y103.6 E590.36591
G0 F7200 X78.3 Y103.2
;TYPE:WALL-OUTER
G1 F1500 X121.7 Y103.2 E591.08766
G1 X121.7 Y96.8 E591.19409
G1 X78.3 Y96.8 E591.91583
G1 X78.3 Y99.167 E591.9552
G1 X76.7 Y99.167 E591.9818
G1 X76.7 Y95.2 E592.04778
G1 X123.3 Y95.2 E592.82274
G1 X123.3 Y104.8 E592.98239
G1 X76.7 Y104.8 E593.75735
G1 X76.7 Y100.833 E593.82332
G1 X78.3 Y100.833 E593.84993
G1 X78.3 Y103.2 E593.88929
G0 F7200 X78.5 Y103.2
G0 X78.826 Y103.999
;TYPE:SKIN
G1 F1500 X79.109 Y103.999 E593.89407
G1 X122.383 Y103.999 E594.62522
G1 X122.499 Y103.548 E594.63308
G1 X122.499 Y96.477 E594.75255
G1 X122.401 Y96.096 E594.7592
G1 X122.684 Y95.814 E594.76595
G1 X121.454 Y95.998 E594.78696
G1 X77.614 Y95.998 E595.52767
G1 X77.499 Y96.45 E595.53555
G1 X77.467 Y98.397 E595.56845
G1 X77.326 Y98.539 E595.57183
G0 F7200 X77.294 Y98.507
G0 X77.872 Y96.372
G0 X122.128 Y96.372
G0 X122.128 Y103.628
G0 X77.872 Y103.628
G0 X77.385 Y101.427
G0 X77.545 Y101.587
G1 F1500 X77.499 Y101.824 E595.5764
G1 X77.499 Y103.521 E595.60855
G1 X77.596 Y103.901 E595.61598
G1 X78.26 Y103.999 E595.6287
G1 X78.543 Y103.999 E595.63406
G0 F7200 X77.455 Y104.042
G1 F1500 X77.314 Y104.184 E595.63832
G0 F7200 X77.334 Y104.204
G0 X77.705 Y101.464
G1 F1500 X77.668 Y101.427 E595.63875
G0 F7200 X77.5 Y101.633
G1 F1500 E589.13875
;MESH:NONMESH
G0 F600 X77.5 Y101.633 Z3.8
G0 F7200 X77.886 Y99.968
G0 X80.01 Y97.9
;TIME_ELAPSED:1203.258433
;LAYER:35
;TYPE:SUPPORT
G1 F1500 E595.63875
G1 F3000 X79.4 Y97.9 E595.6489
G1 X79.4 Y99.433 E595.67439
G1 X78.834 Y100 E595.68771
G1 X79.4 Y100.566 E595.70102
G1 X79.4 Y102.1 E595.72654
G1 X80.01 Y102.1 E595.73668
G1 X80.01 Y97.9 E595.80653
G1 X82.677 Y97.9 E595.85088
G1 X82.677 Y102.1 E595.92072
G1 X85.344 Y102.1 E595.96508
G1 X85.344 Y97.9 E596.03492
G1 X88.011 Y97.9 E596.07928
G1 X88.011 Y102.1 E596.14912
G1 X90.678 Y102.1 E596.19347
G1 X90.678 Y97.9 E596.26332
G1 X93.345 Y97.9 E596.30767
G1 X93.345 Y102.1 E596.37752
G1 X96.012 Y102.1 E596.42187
G1 X96.012 Y97.9 E596.49172
G1 X98.679 Y97.9 E596.53607
G1 X98.679 Y102.1 E596.60592
G1 X101.346 Y102.1 E596.65027
G1 X101.346 Y97.9 E596.72012
G1 X104.013 Y97.9 E596.76447
G1 X104.013 Y102.1 E596.83431
G1 X106.68 Y102.1 E596.87867
G1 X106.68 Y97.9 E596.94851
G1 X109.347 Y97.9 E596.99287
G1 X109.347 Y102.1 E597.06271
G1 X112.014 Y102.1 E597.10706
G1 X112.014 Y97.9 E597.17691
G1 X114.681 Y97.9 E597.22126
G1 X114.681 Y102.1 E597.29111
G1 X117.348 Y102.1 E597.33546
G1 X117.348 Y97.9 E597.40531
G1 X120.015 Y97.9 E597.44966
G1 X120.015 Y102.1 E597.51951
G1 X120.6 Y102.1 E597.52923
G1 X120.6 Y97.9 E597.59908
G1 X120.015 Y97.9 E597.60881
G1 F1500 E591.10881
;MESH:reed_holder.stl
G0 F7200 X120.015 Y102.335
G0 X120.015 Y103.62
G0 X77.83 Y103.67
G0 X77.9 Y103.6
;TYPE:WALL-INNER
G1 F1500 E597.60881
G1 F3000 X122.1 Y103.6 E598.34386
G1 X122.1 Y96.4 E598.4636
G1 X77.9 Y96.4 E599.19864
G1 X77.9 Y98.577 E599.23485
G1 X77.3 Y98.578 E599.24483
G1 X77.1 Y98.578 E599.24815
G1 X77.1 Y98.378 E599.25031
G1 X77.1 Y95.6 E599.2965
G1 X122.9 Y95.6 E600.05816
G1 X122.9 Y104.4 E600.20451
G1 X77.1 Y104.4 E600.96616
G1 X77.1 Y101.423 E601.01567
G1 X77.7 Y101.422 E601.02565
G1 X77.9 Y101.422 E601.02897
G1 X77.9 Y101.622 E601.03113
G1 X77.9 Y103.6 E601.06402
G0 F7200 X78.3 Y103.2
;TYPE:WALL-OUTER
G1 F1500 X121.7 Y103.2 E601.78577
G1 X121.7 Y96.8 E601.8922
G1 X78.3 Y96.8 E602.61394
G1 X78.3 Y98.977 E602.65015
G1 X76.901 Y98.978 E602.67341
G1 X76.703 Y98.978 E602.67671
G1 X76.7 Y98.978 E602.67676
G1 X76.7 Y98.78 E602.67889
G1 X76.7 Y95.2 E602.73843
G1 X123.3 Y95.2 E603.51339
G1 X123.3 Y104.8 E603.67304
G1 X76.7 Y104.8 E604.448
G1 X76.7 Y101.023 E604.51081
G1 X78.1 Y101.022 E604.53409
G1 X78.3 Y101.022 E604.53742
G1 X78.3 Y101.222 E604.53957
G1 X78.3 Y103.2 E604.57247
G0 F7200 X78.5 Y103.2
G0 X78.433 Y103.999
;TYPE:SKIN
G1 F1500 X78.15 Y103.999 E604.57796
G1 X77.585 Y103.999 E604.58891
G1 X77.499 Y103.519 E604.59836
G1 X77.499 Y101.822 E604.63127
G1 X77.359 Y101.68 E604.63513
G0 F7200 X77.295 Y101.744
G0 X77.872 Y103.628
G0 X78.922 Y103.794
G0 X78.716 Y103.999
G1 F1500 X78.999 Y103.999 E604.63989
G1 X121.991 Y103.999 E605.36224
G1 X122.499 Y103.492 E605.3743
G1 X122.386 Y103.886 E605.38119
G1 X122.669 Y104.169 E605.38791
G1 X122.499 Y102.926 E605.40899
G1 X122.499 Y96.138 E605.52304
G1 X122.354 Y95.999 E605.52642
G1 X77.948 Y95.999 E606.27253
G1 X77.499 Y96.448 E606.2832
G1 X77.499 Y98.145 E606.31171
G1 X77.625 Y98.302 E606.31509
G0 F7200 X77.704 Y98.223
G0 X77.295 Y96.37
G1 F1500 X77.87 Y95.794 E606.32186
G0 F7200 X77.587 Y95.794
G1 F1500 X77.295 Y96.087 E606.3253
G0 F7200 X77.5 Y96.087
G1 F1500 E599.8253
;MESH:NONMESH
G0 F600 X77.5 Y96.087 Z3.9
G0 F7200 X77.342 Y98.577
G0 X77.343 Y100.048
;TIME_ELAPSED:1224.213615
;LAYER:36
;TYPE:SUPPORT
G1 F1500 E606.3253
G1 F3000 X78.756 Y100.048 E606.3488
G1 X79.4 Y100.692 E606.36394
G1 X79.4 Y102.1 E606.38736
G1 X80.01 Y102.1 E606.3975
G1 X80.01 Y97.9 E606.46735
G1 X82.677 Y97.9 E606.5117
G1 X82.677 Y102.1 E606.58155
G1 X85.344 Y102.1 E606.6259
G1 X85.344 Y97.9 E606.69575
G1 X88.011 Y97.9 E606.7401
G1 X88.011 Y102.1 E606.80994
G1 X90.678 Y102.1 E606.8543
G1 X90.678 Y97.9 E606.92414
G1 X93.345 Y97.9 E606.9685
G1 X93.345 Y102.1 E607.03834
G1 X96.012 Y102.1 E607.08269
G1 X96.012 Y97.9 E607.15254
G1 X98.679 Y97.9 E607.19689
G1 X98.679 Y102.1 E607.26674
G1 X101.346 Y102.1 E607.31109
G1 X101.346 Y97.9 E607.38094
G1 X104.013 Y97.9 E607.42529
G1 X104.013 Y102.1 E607.49514
G1 X106.68 Y102.1 E607.53949
G1 X106.68 Y97.9 E607.60934
G1 X109.347 Y97.9 E607.65369
G1 X109.347 Y102.1 E607.72353
G1 X112.014 Y102.1 E607.76789
G1 X112.014 Y97.9 E607.83773
G1 X114.681 Y97.9 E607.88208
G1 X114.681 Y102.1 E607.95193
G1 X117.348 Y102.1 E607.99628
G1 X117.348 Y97.9 E608.06613
G1 X120.015 Y97.9 E608.11048
G1 X120.015 Y102.1 E608.18033
G1 X120.6 Y102.1 E608.19006
G1 X120.6 Y97.9 E608.2599
G1 X120.015 Y97.9 E608.26963
G0 F7200 X77.343 Y100.048
G1 F3000 X76.7 Y100.048 E608.28033
G1 X76.7 Y99.952 E608.28192
G1 X77.343 Y99.952 E608.29261
G1 X77.343 Y100.048 E608.29421
G1 F1500 E601.79421
;MESH:reed_holder.stl
G0 F7200 X77.343 Y101.568
G0 X77.83 Y103.67
G0 X77.9 Y103.6
;TYPE:WALL-INNER
G1 F1500 E608.29421
G1 F3000 X122.1 Y103.6 E609.02926
G1 X122.1 Y96.4 E609.149
G1 X77.9 Y96.4 E609.88405
G1 X77.9 Y98.452 E609.91817
G1 X77.1 Y98.452 E609.93147
G1 X77.1 Y95.6 E609.9789
G1 X122.9 Y95.6 E610.74056
G1 X122.9 Y104.4 E610.88691
G1 X77.1 Y104.4 E611.64856
G1 X77.1 Y101.548 E611.69599
G1 X77.9 Y101.548 E611.7093
G1 X77.9 Y103.6 E611.74342
G0 F7200 X78.3 Y103.2
;TYPE:WALL-OUTER
G1 F1500 X121.7 Y103.2 E612.46517
G1 X121.7 Y96.8 E612.5716
G1 X78.3 Y96.8 E613.29334
G1 X78.3 Y98.852 E613.32747
G1 X76.7 Y98.852 E613.35408
G1 X76.7 Y95.2 E613.41481
G1 X123.3 Y95.2 E614.18977
G1 X123.3 Y104.8 E614.34942
G1 X76.7 Y104.8 E615.12438
G1 X76.7 Y101.148 E615.18511
G1 X78.3 Y101.148 E615.21172
G1 X78.3 Y103.2 E615.24585
G0 F7200 X78.5 Y103.2
G0 X78.826 Y103.999
;TYPE:SKIN
G1 F1500 X79.109 Y103.999 E615.25063
G1 X122.383 Y103.999 E615.98151
G1 X122.499 Y103.548 E615.98938
G1 X122.499 Y96.477 E616.1088
G1 X122.401 Y96.096 E616.11545
G1 X122.684 Y95.814 E616.1222
G1 X121.454 Y95.998 E616.1432
G1 X77.614 Y95.998 E616.88365
G1 X77.499 Y96.45 E616.89152
G1 X77.451 Y98.099 E616.91939
G1 X77.31 Y98.24 E616.92276
G0 F7200 X77.325 Y98.256
G0 X77.872 Y96.372
G0 X122.128 Y96.372
G0 X122.128 Y103.628
G0 X77.872 Y103.628
G0 X77.417 Y101.742
G0 X77.56 Y101.885
G1 F1500 X77.499 Y102.106 E616.92585
G1 X77.499 Y103.521 E616.94493
G1 X77.596 Y103.901 E616.95021
G1 X77.314 Y104.184 E616.9556
G1 X78.543 Y103.999 E616.97236
G0 F7200 X78.338 Y104
G1 F1500 E610.47236
;MESH:NONMESH
G0 F600 X78.338 Y104 Z4
G0 F7200 X77.343 Y101.568
G0 X77.343 Y100.162
;TIME_ELAPSED:1245.889553
;LAYER:37
;TYPE:SUPPORT
G1 F1500 E616.97236
G1 F3000 X78.756 Y100.162 E616.99586
G1 X79.4 Y100.806 E617.011
G1 X79.4 Y102.1 E617.03252
G1 X80.01 Y102.1 E617.04267
G1 X80.01 Y97.9 E617.11251
G1 X82.677 Y97.9 E617.15686
G1 X82.677 Y102.1 E617.22671
G1 X85.344 Y102.1 E617.27106
G1 X85.344 Y97.9 E617.34091
G1 X88.011 Y97.9 E617.38526
G1 X88.011 Y102.1 E617.45511
G1 X90.678 Y102.1 E617.49946
G1 X90.678 Y97.9 E617.56931
G1 X93.345 Y97.9 E617.61366
G1 X93.345 Y102.1 E617.68351
G1 X96.012 Y102.1 E617.72786
G1 X96.012 Y97.9 E617.7977
G1 X98.679 Y97.9 E617.84206
G1 X98.679 Y102.1 E617.9119
G1 X101.346 Y102.1 E617.95626
G1 X101.346 Y97.9 E618.0261
G1 X104.013 Y97.9 E618.07045
G1 X104.013 Y102.1 E618.1403
G1 X106.68 Y102.1 E618.18465
G1 X106.68 Y97.9 E618.2545
G1 X109.347 Y97.9 E618.29885
G1 X109.347 Y102.1 E618.3687
G1 X112.014 Y102.1 E618.41305
G1 X112.014 Y97.9 E618.4829
G1 X114.681 Y97.9 E618.52725
G1 X114.681 Y102.1 E618.59709
G1 X117.348 Y102.1 E618.64145
G1 X117.348 Y97.9 E618.71129
G1 X120.015 Y97.9 E618.75565
G1 X120.015 Y102.1 E618.82549
G1 X120.6 Y102.1 E618.83522
G1 X120.6 Y97.9 E618.90507
G1 X120.015 Y97.9 E618.9148
G0 F7200 X77.343 Y100.162
G1 F3000 X76.7 Y100.162 E618.92549
G1 X76.7 Y99.838 E618.93088
G1 X77.343 Y99.838 E618.94157
G1 X77.343 Y100.162 E618.94696
G1 F1500 E612.44696
;MESH:reed_holder.stl
G0 F7200 X77.343 Y101.682
G0 X77.83 Y103.67
G0 X77.9 Y103.6
;TYPE:WALL-INNER
G1 F1500 E618.94696
G1 F3000 X122.1 Y103.6 E619.68201
G1 X122.1 Y96.4 E619.80174
G1 X77.9 Y96.4 E620.53679
G1 X77.9 Y98.338 E620.56902
G1 X77.1 Y98.338 E620.58233
G1 X77.1 Y95.6 E620.62786
G1 X122.9 Y95.6 E621.38952
G1 X122.9 Y104.4 E621.53586
G1 X77.1 Y104.4 E622.29752
G1 X77.1 Y101.662 E622.34305
G1 X77.9 Y101.662 E622.35635
G1 X77.9 Y103.6 E622.38858
G0 F7200 X78.3 Y103.2
;TYPE:WALL-OUTER
G1 F1500 X121.7 Y103.2 E623.11033
G1 X121.7 Y96.8 E623.21676
G1 X78.3 Y96.8 E623.93851
G1 X78.3 Y98.738 E623.97074
G1 X76.7 Y98.738 E623.99734
G1 X76.7 Y95.2 E624.05618
G1 X123.3 Y95.2 E624.83114
G1 X123.3 Y104.8 E624.99079
G1 X76.7 Y104.8 E625.76575
G1 X76.7 Y101.262 E625.82459
G1 X78.3 Y101.262 E625.8512
G1 X78.3 Y103.2 E625.88343
G0 F7200 X78.5 Y103.2
G0 X78.433 Y103.999
;TYPE:SKIN
G1 F1500 X78.15 Y103.999 E625.88901
G1 X77.585 Y103.999 E625.90017
G1 X77.499 Y103.519 E625.90979
G1 X77.499 Y102.104 E625.93773
G1 X77.38 Y101.941 E625.94171
G0 F7200 X77.466 Y101.855
G0 X77.872 Y103.628
G0 X78.922 Y103.794
G0 X78.716 Y103.999
G1 F1500 X78.999 Y103.999 E625.94647
G1 X121.991 Y103.999 E626.66897
G1 X122.499 Y103.492 E626.68103
G1 X122.386 Y103.886 E626.68792
G1 X122.669 Y104.169 E626.69465
G1 X122.499 Y102.926 E626.71573
G1 X122.499 Y96.138 E626.82981
G1 X122.354 Y95.999 E626.83318
G1 X77.948 Y95.999 E627.57945
G1 X77.499 Y96.448 E627.59012
G1 X77.499 Y97.862 E627.61388
G1 X77.603 Y98.041 E627.61736
G0 F7200 X77.503 Y98.142
G0 X77.295 Y96.37
G1 F1500 X77.87 Y95.794 E627.62413
G0 F7200 X77.587 Y95.794
G1 F1500 X77.295 Y96.087 E627.62757
G0 F7200 X77.5 Y96.087
G1 F1500 E621.12757
;MESH:NONMESH
G0 F600 X77.5 Y96.087 Z4.1
G0 F7200 X77.343 Y98.318
G0 X77.343 Y100.255
;TIME_ELAPSED:1266.769673
;LAYER:38
;TYPE:SUPPORT
G1 F1500 E627.62757
G1 F3000 X78.756 Y100.255 E627.65106
G1 X79.4 Y100.899 E627.66621
G1 X79.4 Y102.1 E627.68618
G1 X80.01 Y102.1 E627.69633
G1 X80.01 Y97.9 E627.76617
G1 X82.677 Y97.9 E627.81053
G1 X82.677 Y102.1 E627.88037
G1 X85.344 Y102.1 E627.92473
G1 X85.344 Y97.9 E627.99457
G1 X88.011 Y97.9 E628.03892
G1 X88.011 Y102.1 E628.10877
G1 X90.678 Y102.1 E628.15312
G1 X90.678 Y97.9 E628.22297
G1 X93.345 Y97.9 E628.26732
G1 X93.345 Y102.1 E628.33717
G1 X96.012 Y102.1 E628.38152
G1 X96.012 Y97.9 E628.45137
G1 X98.679 Y97.9 E628.49572
G1 X98.679 Y102.1 E628.56556
G1 X101.346 Y102.1 E628.60992
G1 X101.346 Y97.9 E628.67976
G1 X104.013 Y97.9 E628.72412
G1 X104.013 Y102.1 E628.79396
G1 X106.68 Y102.1 E628.83831
G1 X106.68 Y97.9 E628.90816
G1 X109.347 Y97.9 E628.95251
G1 X109.347 Y102.1 E629.02236
G1 X112.014 Y102.1 E629.06671
G1 X112.014 Y97.9 E629.13656
G1 X114.681 Y97.9 E629.18091
G1 X114.681 Y102.1 E629.25076
G1 X117.348 Y102.1 E629.29511
G1 X117.348 Y97.9 E629.36496
G1 X120.015 Y97.9 E629.40931
G1 X120.015 Y102.1 E629.47915
G1 X120.6 Y102.1 E629.48888
G1 X120.6 Y97.9 E629.55873
G1 X120.015 Y97.9 E629.56846
G0 F7200 X77.343 Y100.255
G1 F3000 X76.7 Y100.255 E629.57915
G1 X76.7 Y99.745 E629.58763
G1 X77.343 Y99.746 E629.59833
G1 X77.343 Y100.255 E629.60679
G1 F1500 E623.10679
;MESH:reed_holder.stl
G0 F7200 X77.343 Y101.775
G0 X77.83 Y103.67
G0 X77.9 Y103.6
;TYPE:WALL-INNER
G1 F1500 E629.60679
G1 F3000 X122.1 Y103.6 E630.34184
G1 X122.1 Y96.4 E630.46158
G1 X77.9 Y96.4 E631.19662
G1 X77.9 Y98.046 E631.224
G1 X77.9 Y98.246 E631.22732
G1 X77.7 Y98.246 E631.22948
G1 X77.1 Y98.245 E631.23946
G1 X77.1 Y95.6 E631.28344
G1 X122.9 Y95.6 E632.0451
G1 X122.9 Y104.4 E632.19144
G1 X77.1 Y104.4 E632.9531
G1 X77.1 Y101.755 E632.99709
G1 X77.9 Y101.755 E633.01039
G1 X77.9 Y103.6 E633.04107
G0 F7200 X78.3 Y103.2
;TYPE:WALL-OUTER
G1 F1500 X121.7 Y103.2 E633.76282
G1 X121.7 Y96.8 E633.86925
G1 X78.3 Y96.8 E634.591
G1 X78.3 Y98.446 E634.61837
G1 X78.3 Y98.646 E634.6217
G1 X78.1 Y98.646 E634.62385
G1 X76.7 Y98.645 E634.64713
G1 X76.7 Y95.2 E634.70442
G1 X123.3 Y95.2 E635.47938
G1 X123.3 Y104.8 E635.63903
G1 X76.7 Y104.8 E636.41399
G1 X76.7 Y101.355 E636.47128
G1 X78.3 Y101.355 E636.49789
G1 X78.3 Y103.2 E636.52857
G0 F7200 X78.5 Y103.2
G0 X78.826 Y103.999
;TYPE:SKIN
G1 F1500 X79.109 Y103.999 E636.53336
G1 X122.383 Y103.999 E637.26479
G1 X122.499 Y103.548 E637.27266
G1 X122.499 Y96.477 E637.39217
G1 X122.401 Y96.096 E637.39882
G1 X122.684 Y95.814 E637.40557
G1 X121.454 Y95.998 E637.4266
G1 X77.614 Y95.998 E638.16759
G1 X77.499 Y96.45 E638.17547
G1 X77.489 Y97.854 E638.1992
G1 X77.348 Y97.995 E638.20258
G0 F7200 X77.294 Y97.942
G0 X77.872 Y96.372
G0 X122.128 Y96.372
G0 X122.128 Y103.628
G0 X77.872 Y103.628
G0 X77.341 Y101.949
G0 X77.523 Y102.13
G1 F1500 X77.664 Y101.989 E638.20503
G1 X77.499 Y102.672 E638.21366
G1 X77.499 Y103.521 E638.2241
G1 X77.596 Y103.901 E638.22892
G1 X77.314 Y104.184 E638.23383
G1 X78.543 Y103.999 E638.24911
G0 F7200 X78.338 Y104
G1 F1500 E631.74911
;MESH:NONMESH
G0 F600 X78.338 Y104 Z4.2
G0 F7200 X77.343 Y101.775
G0 X77.343 Y100.324
;TIME_ELAPSED:1288.406943
;LAYER:39
;TYPE:SUPPORT
G1 F1500 E638.24911
G1 F3000 X78.756 Y100.324 E638.27261
G1 X79.4 Y100.968 E638.28775
G1 X79.4 Y102.1 E638.30658
G1 X80.01 Y102.1 E638.31672
G1 X80.01 Y97.9 E638.38657
G1 X82.677 Y97.9 E638.43092
G1 X82.677 Y102.1 E638.50077
G1 X85.344 Y102.1 E638.54512
G1 X85.344 Y97.9 E638.61497
G1 X88.011 Y97.9 E638.65932
G1 X88.011 Y102.1 E638.72917
G1 X90.678 Y102.1 E638.77352
G1 X90.678 Y97.9 E638.84337
G1 X93.345 Y97.9 E638.88772
G1 X93.345 Y102.1 E638.95756
G1 X96.012 Y102.1 E639.00192
G1 X96.012 Y97.9 E639.07176
G1 X98.679 Y97.9 E639.11612
G1 X98.679 Y102.1 E639.18596
G1 X101.346 Y102.1 E639.23031
G1 X101.346 Y97.9 E639.30016
G1 X104.013 Y97.9 E639.34451
G1 X104.013 Y102.1 E639.41436
G1 X106.68 Y102.1 E639.45871
G1 X106.68 Y97.9 E639.52856
G1 X109.347 Y97.9 E639.57291
G1 X109.347 Y102.1 E639.64276
G1 X112.014 Y102.1 E639.68711
G1 X112.014 Y97.9 E639.75695
G1 X114.681 Y97.9 E639.80131
G1 X114.681 Y102.1 E639.87115
G1 X117.348 Y102.1 E639.91551
G1 X117.348 Y97.9 E639.98535
G1 X120.015 Y97.9 E640.0297
G1 X120.015 Y102.1 E640.09955
G1 X120.6 Y102.1 E640.10928
G1 X120.6 Y97.9 E640.17913
G1 X120.015 Y97.9 E640.18885
G0 F7200 X77.343 Y100.324
G1 F3000 X76.7 Y100.324 E640.19955
G1 X76.7 Y99.676 E640.21032
G1 X77.343 Y99.677 E640.22102
G1 X77.343 Y100.324 E640.23178
G1 F1500 E633.73178
;MESH:reed_holder.stl
G0 F7200 X77.343 Y101.844
G0 X77.83 Y103.67
G0 X77.9 Y103.6
;TYPE:WALL-INNER
G1 F1500 E640.23178
G1 F3000 X122.1 Y103.6 E640.96683
G1 X122.1 Y96.4 E641.08656
G1 X77.9 Y96.4 E641.82161
G1 X77.9 Y97.977 E641.84784
G1 X77.9 Y98.177 E641.85116
G1 X77.7 Y98.177 E641.85332
G1 X77.1 Y98.176 E641.86329
G1 X77.1 Y95.6 E641.90613
G1 X122.9 Y95.6 E642.66779
G1 X122.9 Y104.4 E642.81414
G1 X77.1 Y104.4 E643.57579
G1 X77.1 Y101.824 E643.61863
G1 X77.9 Y101.824 E643.63194
G1 X77.9 Y103.6 E643.66147
G0 F7200 X78.3 Y103.2
;TYPE:WALL-OUTER
G1 F1500 X121.7 Y103.2 E644.38322
G1 X121.7 Y96.8 E644.48965
G1 X78.3 Y96.8 E645.21139
G1 X78.3 Y98.377 E645.23762
G1 X78.3 Y98.577 E645.24094
G1 X78.1 Y98.577 E645.2431
G1 X76.7 Y98.576 E645.26638
G1 X76.7 Y95.2 E645.32252
G1 X123.3 Y95.2 E646.09748
G1 X123.3 Y104.8 E646.25713
G1 X76.7 Y104.8 E647.03209
G1 X76.7 Y101.424 E647.08824
G1 X78.3 Y101.424 E647.11485
G1 X78.3 Y103.2 E647.14438
G0 F7200 X78.5 Y103.2
G0 X78.433 Y103.999
;TYPE:SKIN
G1 F1500 X78.15 Y103.999 E647.15013
G1 X77.585 Y103.999 E647.16162
G1 X77.499 Y103.519 E647.17153
G1 X77.499 Y102.387 E647.19453
G1 X77.44 Y102.163 E647.19924
G0 F7200 X77.295 Y102.309
G0 X77.872 Y103.628
G0 X78.922 Y103.794
G0 X78.716 Y103.999
G1 F1500 X78.999 Y103.999 E647.20399
G1 X121.991 Y103.999 E647.92561
G1 X122.499 Y103.492 E647.93765
G1 X122.386 Y103.886 E647.94453
G1 X122.669 Y104.169 E647.95125
G1 X122.499 Y102.926 E647.97231
G1 X122.499 Y96.138 E648.08625
G1 X122.354 Y95.999 E648.08962
G1 X77.948 Y95.999 E648.83497
G1 X77.499 Y96.448 E648.84562
G1 X77.542 Y97.818 E648.86863
G1 X77.683 Y97.96 E648.87199
G0 F7200 X77.663 Y97.981
G0 X77.295 Y96.37
G1 F1500 X77.87 Y95.794 E648.87876
G0 F7200 X77.587 Y95.794
G1 F1500 X77.295 Y96.087 E648.8822
G0 F7200 X77.5 Y96.087
G1 F1500 E642.3822
;MESH:NONMESH
G0 F600 X77.5 Y96.087 Z4.3
G0 F7200 X77.347 Y98.157
G0 X77.343 Y100.393
;TIME_ELAPSED:1309.236710
;LAYER:40
;TYPE:SUPPORT
G1 F1500 E648.8822
G1 F3000 X78.756 Y100.392 E648.90569
G1 X79.4 Y101.036 E648.92084
G1 X79.4 Y102.1 E648.93854
G1 X80.01 Y102.1 E648.94868
G1 X80.01 Y97.9 E649.01853
G1 X82.677 Y97.9 E649.06288
G1 X82.677 Y102.1 E649.13272
G1 X85.344 Y102.1 E649.17708
G1 X85.344 Y97.9 E649.24692
G1 X88.011 Y97.9 E649.29128
G1 X88.011 Y102.1 E649.36112
G1 X90.678 Y102.1 E649.40547
G1 X90.678 Y97.9 E649.47532
G1 X93.345 Y97.9 E649.51967
G1 X93.345 Y102.1 E649.58952
G1 X96.012 Y102.1 E649.63387
G1 X96.012 Y97.9 E649.70372
G1 X98.679 Y97.9 E649.74807
G1 X98.679 Y102.1 E649.81792
G1 X101.346 Y102.1 E649.86227
G1 X101.346 Y97.9 E649.93212
G1 X104.013 Y97.9 E649.97647
G1 X104.013 Y102.1 E650.04631
G1 X106.68 Y102.1 E650.09067
G1 X106.68 Y97.9 E650.16051
G1 X109.347 Y97.9 E650.20486
G1 X109.347 Y102.1 E650.27471
G1 X112.014 Y102.1 E650.31906
G1 X112.014 Y97.9 E650.38891
G1 X114.681 Y97.9 E650.43326
G1 X114.681 Y102.1 E650.50311
G1 X117.348 Y102.1 E650.54746
G1 X117.348 Y97.9 E650.61731
G1 X120.015 Y97.9 E650.66166
G1 X120.015 Y102.1 E650.73151
G1 X120.6 Y102.1 E650.74123
G1 X120.6 Y97.9 E650.81108
G1 X120.015 Y97.9 E650.82081
G0 F7200 X77.343 Y100.393
G1 F3000 X76.7 Y100.393 E650.8315
G1 X76.7 Y99.608 E650.84456
G1 X77.343 Y99.608 E650.85525
G1 X77.343 Y100.393 E650.8683
G1 F1500 E644.3683
;MESH:reed_holder.stl
G0 F7200 X77.344 Y101.893
G0 X77.83 Y103.67
G0 X77.9 Y103.6
;TYPE:WALL-INNER
G1 F1500 E650.8683
G1 F3000 X122.1 Y103.6 E651.60335
G1 X122.1 Y96.4 E651.72309
G1 X77.9 Y96.4 E652.45814
G1 X77.9 Y98.108 E652.48654
G1 X77.1 Y98.108 E652.49985
G1 X77.1 Y95.6 E652.54156
G1 X122.9 Y95.6 E653.30321
G1 X122.9 Y104.4 E653.44956
G1 X77.1 Y104.4 E654.21121
G1 X77.1 Y101.893 E654.25291
G1 X77.7 Y101.892 E654.26288
G1 X77.9 Y101.892 E654.26621
G1 X77.9 Y102.092 E654.26836
G1 X77.9 Y103.6 E654.29344
G0 F7200 X78.3 Y103.2
;TYPE:WALL-OUTER
G1 F1500 X121.7 Y103.2 E655.01519
G1 X121.7 Y96.8 E655.12162
G1 X78.3 Y96.8 E655.84336
G1 X78.3 Y98.508 E655.87177
G1 X76.7 Y98.508 E655.89838
G1 X76.7 Y95.2 E655.95339
G1 X123.3 Y95.2 E656.72835
G1 X123.3 Y104.8 E656.888
G1 X76.7 Y104.8 E657.66296
G1 X76.7 Y101.493 E657.71796
G1 X78.1 Y101.492 E657.74124
G1 X78.3 Y101.492 E657.74456
G1 X78.3 Y101.692 E657.74672
G1 X78.3 Y103.2 E657.7718
G0 F7200 X78.5 Y103.2
G0 X78.826 Y103.999
;TYPE:SKIN
G1 F1500 X79.109 Y103.999 E657.77658
G1 X122.383 Y103.999 E658.50869
G1 X122.499 Y103.548 E658.51657
G1 X122.499 Y96.477 E658.63619
G1 X122.401 Y96.096 E658.64285
G1 X122.684 Y95.814 E658.64961
G1 X121.454 Y95.998 E658.67065
G1 X77.614 Y95.998 E659.41233
G1 X77.499 Y96.45 E659.42022
G1 X77.499 Y97.581 E659.43936
G1 X77.42 Y97.785 E659.44306
G0 F7200 X77.547 Y97.912
G0 X77.872 Y96.372
G0 X122.128 Y96.372
G0 X122.128 Y103.628
G0 X77.872 Y103.628
G0 X77.479 Y102.087
G0 X77.592 Y102.199
G1 F1500 X77.499 Y102.389 E659.447
G1 X77.499 Y103.521 E659.46808
G1 X77.596 Y103.901 E659.47539
G1 X78.26 Y103.999 E659.48789
G1 X78.543 Y103.999 E659.49316
G0 F7200 X77.455 Y104.042
G1 F1500 X77.314 Y104.184 E659.49742
G0 F7200 X77.5 Y104
G1 F1500 E652.99742
;MESH:NONMESH
G0 F600 X77.5 Y104 Z4.4
G0 F7200 X77.344 Y101.893
G0 X77.343 Y100.447
;TIME_ELAPSED:1330.820606
;LAYER:41
;TYPE:SUPPORT
G1 F1500 E659.49742
G1 F3000 X78.756 Y100.447 E659.52092
G1 X79.4 Y101.091 E659.53607
G1 X79.4 Y102.1 E659.55285
G1 X80.01 Y102.1 E659.56299
G1 X80.01 Y97.9 E659.63284
G1 X82.677 Y97.9 E659.67719
G1 X82.677 Y102.1 E659.74703
G1 X85.344 Y102.1 E659.79139
G1 X85.344 Y97.9 E659.86123
G1 X88.011 Y97.9 E659.90559
G1 X88.011 Y102.1 E659.97543
G1 X90.678 Y102.1 E660.01978
G1 X90.678 Y97.9 E660.08963
G1 X93.345 Y97.9 E660.13398
G1 X93.345 Y102.1 E660.20383
G1 X96.012 Y102.1 E660.24818
G1 X96.012 Y97.9 E660.31803
G1 X98.679 Y97.9 E660.36238
G1 X98.679 Y102.1 E660.43223
G1 X101.346 Y102.1 E660.47658
G1 X101.346 Y97.9 E660.54643
G1 X104.013 Y97.9 E660.59078
G1 X104.013 Y102.1 E660.66062
G1 X106.68 Y102.1 E660.70498
G1 X106.68 Y97.9 E660.77482
G1 X109.347 Y97.9 E660.81918
G1 X109.347 Y102.1 E660.88902
G1 X112.014 Y102.1 E660.93337
G1 X112.014 Y97.9 E661.00322
G1 X114.681 Y97.9 E661.04757
G1 X114.681 Y102.1 E661.11742
G1 X117.348 Y102.1 E661.16177
G1 X117.348 Y97.9 E661.23162
G1 X120.015 Y97.9 E661.27597
G1 X120.015 Y102.1 E661.34582
G1 X120.6 Y102.1 E661.35554
G1 X120.6 Y97.9 E661.42539
G1 X120.015 Y97.9 E661.43512
G0 F7200 X77.343 Y100.447
G1 F3000 X76.7 Y100.447 E661.44581
G1 X76.7 Y99.553 E661.46068
G1 X77.343 Y99.554 E661.47137
G1 X77.343 Y100.447 E661.48622
G1 F1500 E654.98622
;MESH:reed_holder.stl
G0 F7200 X77.343 Y101.967
G0 X77.83 Y103.67
G0 X77.9 Y103.6
;TYPE:WALL-INNER
G1 F1500 E661.48622
G1 F3000 X122.1 Y103.6 E662.22127
G1 X122.1 Y96.4 E662.34101
G1 X77.9 Y96.4 E663.07606
G1 X77.9 Y97.854 E663.10024
G1 X77.9 Y98.054 E663.10356
G1 X77.7 Y98.054 E663.10572
G1 X77.1 Y98.053 E663.1157
G1 X77.1 Y95.6 E663.15649
G1 X122.9 Y95.6 E663.91815
G1 X122.9 Y104.4 E664.06449
G1 X77.1 Y104.4 E664.82615
G1 X77.1 Y101.947 E664.86694
G1 X77.9 Y101.947 E664.88025
G1 X77.9 Y103.6 E664.90774
G0 F7200 X78.3 Y103.2
;TYPE:WALL-OUTER
G1 F1500 X121.7 Y103.2 E665.62948
G1 X121.7 Y96.8 E665.73591
G1 X78.3 Y96.8 E666.45766
G1 X78.3 Y98.254 E666.48184
G1 X78.3 Y98.454 E666.48516
G1 X78.1 Y98.454 E666.48732
G1 X76.7 Y98.453 E666.5106
G1 X76.7 Y95.2 E666.5647
G1 X123.3 Y95.2 E667.33966
G1 X123.3 Y104.8 E667.49931
G1 X76.7 Y104.8 E668.27427
G1 X76.7 Y101.547 E668.32837
G1 X78.3 Y101.547 E668.35497
G1 X78.3 Y103.2 E668.38246
G0 F7200 X78.5 Y103.2
G0 X78.433 Y103.999
;TYPE:SKIN
G1 F1500 X78.15 Y103.999 E668.38812
G1 X77.585 Y103.999 E668.39942
G1 X77.499 Y103.519 E668.40917
G1 X77.499 Y102.387 E668.43181
G1 X77.379 Y102.225 E668.43584
G0 F7200 X77.295 Y102.309
G0 X77.872 Y103.628
G0 X78.922 Y103.794
G0 X78.716 Y103.999
G1 F1500 X78.999 Y103.999 E668.44059
G1 X121.991 Y103.999 E669.16308
G1 X122.499 Y103.492 E669.17514
G1 X122.386 Y103.886 E669.18203
G1 X122.669 Y104.169 E669.18875
G1 X122.499 Y102.926 E669.20984
G1 X122.499 Y96.138 E669.32391
G1 X122.354 Y95.999 E669.32728
G1 X77.948 Y95.999 E670.07353
G1 X77.499 Y96.448 E670.0842
G1 X77.499 Y97.579 E670.10321
G1 X77.603 Y97.757 E670.10667
G0 F7200 X77.704 Y97.657
G0 X77.295 Y96.37
G1 F1500 X77.87 Y95.794 E670.11344
G0 F7200 X77.587 Y95.794
G1 F1500 X77.295 Y96.087 E670.11688
G0 F7200 X77.5 Y96.087
G1 F1500 E663.61688
;MESH:NONMESH
G0 F600 X77.5 Y96.087 Z4.5
G0 F7200 X77.348 Y98.034
G0 X77.343 Y100.485
;TIME_ELAPSED:1351.613397
;LAYER:42
;TYPE:SUPPORT
G1 F1500 E670.11688
G1 F3000 X78.756 Y100.485 E670.14038
G1 X79.4 Y101.129 E670.15552
G1 X79.4 Y102.1 E670.17167
G1 X80.01 Y102.1 E670.18181
G1 X80.01 Y97.9 E670.25166
G1 X82.677 Y97.9 E670.29601
G1 X82.677 Y102.1 E670.36586
G1 X85.344 Y102.1 E670.41021
G1 X85.344 Y97.9 E670.48006
G1 X88.011 Y97.9 E670.52441
G1 X88.011 Y102.1 E670.59426
G1 X90.678 Y102.1 E670.63861
G1 X90.678 Y97.9 E670.70846
G1 X93.345 Y97.9 E670.75281
G1 X93.345 Y102.1 E670.82265
G1 X96.012 Y102.1 E670.86701
G1 X96.012 Y97.9 E670.93685
G1 X98.679 Y97.9 E670.9812
G1 X98.679 Y102.1 E671.05105
G1 X101.346 Y102.1 E671.0954
G1 X101.346 Y97.9 E671.16525
G1 X104.013 Y97.9 E671.2096
G1 X104.013 Y102.1 E671.27945
G1 X106.68 Y102.1 E671.3238
G1 X106.68 Y97.9 E671.39365
G1 X109.347 Y97.9 E671.438
G1 X109.347 Y102.1 E671.50785
G1 X112.014 Y102.1 E671.5522
G1 X112.014 Y97.9 E671.62204
G1 X114.681 Y97.9 E671.6664
G1 X114.681 Y102.1 E671.73624
G1 X117.348 Y102.1 E671.7806
G1 X117.348 Y97.9 E671.85044
G1 X120.015 Y97.9 E671.89479
G1 X120.015 Y102.1 E671.96464
G1 X120.6 Y102.1 E671.97437
G1 X120.6 Y97.9 E672.04422
G1 X120.015 Y97.9 E672.05394
G0 F7200 X77.343 Y100.485
G1 F3000 X76.7 Y100.485 E672.06464
G1 X76.7 Y99.515 E672.08077
G1 X77.343 Y99.516 E672.09146
G1 X77.343 Y100.485 E672.10758
G1 F1500 E665.60758
;MESH:reed_holder.stl
G0 F7200 X77.343 Y102.005
G0 X77.83 Y103.67
G0 X77.9 Y103.6
;TYPE:WALL-INNER
G1 F1500 E672.10758
G1 F3000 X122.1 Y103.6 E672.84263
G1 X122.1 Y96.4 E672.96236
G1 X77.9 Y96.4 E673.69741
G1 X77.9 Y97.816 E673.72096
G1 X77.9 Y98.016 E673.72428
G1 X77.7 Y98.016 E673.72644
G1 X77.1 Y98.015 E673.73642
G1 X77.1 Y95.6 E673.77658
G1 X122.9 Y95.6 E674.53824
G1 X122.9 Y104.4 E674.68458
G1 X77.1 Y104.4 E675.44624
G1 X77.1 Y101.985 E675.4864
G1 X77.9 Y101.985 E675.4997
G1 X77.9 Y103.6 E675.52656
G0 F7200 X78.3 Y103.2
;TYPE:WALL-OUTER
G1 F1500 X121.7 Y103.2 E676.2483
G1 X121.7 Y96.8 E676.35474
G1 X78.3 Y96.8 E677.07648
G1 X78.3 Y98.216 E677.10003
G1 X78.3 Y98.416 E677.10336
G1 X78.1 Y98.416 E677.10551
G1 X76.7 Y98.415 E677.12879
G1 X76.7 Y95.2 E677.18226
G1 X123.3 Y95.2 E677.95722
G1 X123.3 Y104.8 E678.11687
G1 X76.7 Y104.8 E678.89183
G1 X76.7 Y101.585 E678.94529
G1 X78.3 Y101.585 E678.9719
G1 X78.3 Y103.2 E678.99876
G0 F7200 X78.5 Y103.2
G0 X78.826 Y103.999
;TYPE:SKIN
G1 F1500 X79.109 Y103.999 E679.00354
G1 X122.383 Y103.999 E679.7352
G1 X122.499 Y103.548 E679.74308
G1 X122.499 Y96.477 E679.86263
G1 X122.401 Y96.096 E679.86928
G1 X122.684 Y95.814 E679.87603
G1 X121.454 Y95.998 E679.89706
G1 X77.614 Y95.998 E680.63829
G1 X77.499 Y96.45 E680.64617
G1 X77.499 Y97.581 E680.6653
G1 X77.375 Y97.739 E680.66869
G0 F7200 X77.455 Y97.819
G0 X77.872 Y96.372
G0 X122.128 Y96.372
G0 X122.128 Y103.628
G0 X77.872 Y103.628
G0 X77.571 Y102.179
G0 X77.637 Y102.245
G1 F1500 X77.499 Y102.389 E680.67225
G1 X77.499 Y103.521 E680.69242
G1 X77.596 Y103.901 E680.69941
G1 X78.26 Y103.999 E680.71138
G1 X78.543 Y103.999 E680.71642
G0 F7200 X77.455 Y104.042
G1 F1500 X77.314 Y104.184 E680.72068
G0 F7200 X77.5 Y104
G1 F1500 E674.22068
;MESH:NONMESH
G0 F600 X77.5 Y104 Z4.6
G0 F7200 X77.343 Y102.005
G0 X77.343 Y100.523
;TIME_ELAPSED:1373.171259
;LAYER:43
;TYPE:SUPPORT
G1 F1500 E680.72068
G1 F3000 X78.756 Y100.523 E680.74418
G1 X79.4 Y101.167 E680.75932
G1 X79.4 Y102.1 E680.77484
G1 X80.01 Y102.1 E680.78498
G1 X80.01 Y97.9 E680.85483
G1 X82.677 Y97.9 E680.89918
G1 X82.677 Y102.1 E680.96903
G1 X85.344 Y102.1 E681.01338
G1 X85.344 Y97.9 E681.08323
G1 X88.011 Y97.9 E681.12758
G1 X88.011 Y102.1 E681.19743
G1 X90.678 Y102.1 E681.24178
G1 X90.678 Y97.9 E681.31162
G1 X93.345 Y97.9 E681.35598
G1 X93.345 Y102.1 E681.42582
G1 X96.012 Y102.1 E681.47018
G1 X96.012 Y97.9 E681.54002
G1 X98.679 Y97.9 E681.58437
G1 X98.679 Y102.1 E681.65422
G1 X101.346 Y102.1 E681.69857
G1 X101.346 Y97.9 E681.76842
G1 X104.013 Y97.9 E681.81277
G1 X104.013 Y102.1 E681.88262
G1 X106.68 Y102.1 E681.92697
G1 X106.68 Y97.9 E681.99682
G1 X109.347 Y97.9 E682.04117
G1 X109.347 Y102.1 E682.11102
G1 X112.014 Y102.1 E682.15537
G1 X112.014 Y97.9 E682.22521
G1 X114.681 Y97.9 E682.26957
G1 X114.681 Y102.1 E682.33941
G1 X117.348 Y102.1 E682.38376
G1 X117.348 Y97.9 E682.45361
G1 X120.015 Y97.9 E682.49796
G1 X120.015 Y102.1 E682.56781
G1 X120.6 Y102.1 E682.57754
G1 X120.6 Y97.9 E682.64738
G1 X120.015 Y97.9 E682.65711
G0 F7200 X77.343 Y100.523
G1 F3000 X76.7 Y100.523 E682.66781
G1 X76.7 Y99.477 E682.6852
G1 X77.343 Y99.478 E682.69589
G1 X77.343 Y100.523 E682.71327
G1 F1500 E676.21327
;MESH:reed_holder.stl
G0 F7200 X77.343 Y102.043
G0 X77.83 Y103.67
G0 X77.9 Y103.6
;TYPE:WALL-INNER
G1 F1500 E682.71327
G1 F3000 X122.1 Y103.6 E683.44832
G1 X122.1 Y96.4 E683.56806
G1 X77.9 Y96.4 E684.30311
G1 X77.9 Y97.778 E684.32602
G1 X77.9 Y97.978 E684.32935
G1 X77.7 Y97.978 E684.3315
G1 X77.1 Y97.977 E684.34148
G1 X77.1 Y95.6 E684.38101
G1 X122.9 Y95.6 E685.14267
G1 X122.9 Y104.4 E685.28901
G1 X77.1 Y104.4 E686.05067
G1 X77.1 Y102.023 E686.0902
G1 X77.9 Y102.023 E686.1035
G1 X77.9 Y103.6 E686.12973
G0 F7200 X78.3 Y103.2
;TYPE:WALL-OUTER
G1 F1500 X121.7 Y103.2 E686.85147
G1 X121.7 Y96.8 E686.95791
G1 X78.3 Y96.8 E687.67965
G1 X78.3 Y98.178 E687.70257
G1 X78.3 Y98.378 E687.70589
G1 X78.1 Y98.378 E687.70805
G1 X76.7 Y98.377 E687.73133
G1 X76.7 Y95.2 E687.78416
G1 X123.3 Y95.2 E688.55912
G1 X123.3 Y104.8 E688.71877
G1 X76.7 Y104.8 E689.49373
G1 X76.7 Y101.623 E689.54657
G1 X78.3 Y101.623 E689.57318
G1 X78.3 Y103.2 E689.5994
G0 F7200 X78.5 Y103.2
G0 X78.433 Y103.999
;TYPE:SKIN
G1 F1500 X78.15 Y103.999 E689.60498
G1 X77.585 Y103.999 E689.6161
G1 X77.499 Y103.519 E689.62571
G1 X77.482 Y102.405 E689.64765
G1 X77.34 Y102.263 E689.65161
G0 F7200 X77.294 Y102.31
G0 X77.872 Y103.628
G0 X78.922 Y103.794
G0 X78.716 Y103.999
G1 F1500 X78.999 Y103.999 E689.65636
G1 X121.991 Y103.999 E690.3785
G1 X122.499 Y103.492 E690.39055
G1 X122.386 Y103.886 E690.39744
G1 X122.669 Y104.169 E690.40416
G1 X122.499 Y102.926 E690.42523
G1 X122.499 Y96.138 E690.53925
G1 X122.354 Y95.999 E690.54262
G1 X77.948 Y95.999 E691.28851
G1 X77.499 Y96.448 E691.29918
G1 X77.5 Y97.578 E691.31816
G1 X77.642 Y97.719 E691.32152
G0 F7200 X77.704 Y97.657
G0 X77.295 Y96.37
G1 F1500 X77.87 Y95.794 E691.32829
G0 F7200 X77.587 Y95.794
G1 F1500 X77.295 Y96.087 E691.33172
G0 F7200 X77.5 Y96.087
G1 F1500 E684.83172
;MESH:NONMESH
G0 F600 X77.5 Y96.087 Z4.7
G0 F7200 X77.348 Y97.958
G0 X77.343 Y100.558
;TIME_ELAPSED:1393.945467
;LAYER:44
;TYPE:SUPPORT
G1 F1500 E691.33172
G1 F3000 X78.756 Y100.558 E691.35522
G1 X79.4 Y101.202 E691.37037
G1 X79.4 Y102.1 E691.3853
G1 X80.01 Y102.1 E691.39545
G1 X80.01 Y97.9 E691.46529
G1 X82.677 Y97.9 E691.50965
G1 X82.677 Y102.1 E691.57949
G1 X85.344 Y102.1 E691.62384
G1 X85.344 Y97.9 E691.69369
G1 X88.011 Y97.9 E691.73804
G1 X88.011 Y102.1 E691.80789
G1 X90.678 Y102.1 E691.85224
G1 X90.678 Y97.9 E691.92209
G1 X93.345 Y97.9 E691.96644
G1 X93.345 Y102.1 E692.03629
G1 X96.012 Y102.1 E692.08064
G1 X96.012 Y97.9 E692.15049
G1 X98.679 Y97.9 E692.19484
G1 X98.679 Y102.1 E692.26468
G1 X101.346 Y102.1 E692.30904
G1 X101.346 Y97.9 E692.37888
G1 X104.013 Y97.9 E692.42324
G1 X104.013 Y102.1 E692.49308
G1 X106.68 Y102.1 E692.53743
G1 X106.68 Y97.9 E692.60728
G1 X109.347 Y97.9 E692.65163
G1 X109.347 Y102.1 E692.72148
G1 X112.014 Y102.1 E692.76583
G1 X112.014 Y97.9 E692.83568
G1 X114.681 Y97.9 E692.88003
G1 X114.681 Y102.1 E692.94988
G1 X117.348 Y102.1 E692.99423
G1 X117.348 Y97.9 E693.06407
G1 X120.015 Y97.9 E693.10843
G1 X120.015 Y102.1 E693.17827
G1 X120.6 Y102.1 E693.188
G1 X120.6 Y97.9 E693.25785
G1 X120.015 Y97.9 E693.26758
G0 F7200 X77.343 Y100.558
G1 F3000 X76.7 Y100.558 E693.27827
G1 X76.7 Y99.442 E693.29683
G1 X77.343 Y99.443 E693.30752
G1 X77.343 Y100.558 E693.32607
G1 F1500 E686.82607
;MESH:reed_holder.stl
G0 F7200 X77.343 Y102.078
G0 X77.83 Y103.67
G0 X77.9 Y103.6
;TYPE:WALL-INNER
G1 F1500 E693.32607
G1 F3000 X122.1 Y103.6 E694.06111
G1 X122.1 Y96.4 E694.18085
G1 X77.9 Y96.4 E694.9159
G1 X77.9 Y97.743 E694.93823
G1 X77.9 Y97.943 E694.94156
G1 X77.7 Y97.943 E694.94371
G1 X77.1 Y97.942 E694.95369
G1 X77.1 Y95.6 E694.99264
G1 X122.9 Y95.6 E695.7543
G1 X122.9 Y104.4 E695.90064
G1 X77.1 Y104.4 E696.6623
G1 X77.1 Y102.058 E696.70125
G1 X77.9 Y102.058 E696.71455
G1 X77.9 Y103.6 E696.74019
G0 F7200 X78.3 Y103.2
;TYPE:WALL-OUTER
G1 F1500 X121.7 Y103.2 E697.46194
G1 X121.7 Y96.8 E697.56837
G1 X78.3 Y96.8 E698.29012
G1 X78.3 Y98.143 E698.31245
G1 X78.3 Y98.343 E698.31578
G1 X78.1 Y98.343 E698.31793
G1 X76.7 Y98.342 E698.34121
G1 X76.7 Y95.2 E698.39346
G1 X123.3 Y95.2 E699.16842
G1 X123.3 Y104.8 E699.32807
G1 X76.7 Y104.8 E700.10303
G1 X76.7 Y101.658 E700.15529
G1 X78.3 Y101.658 E700.18189
G1 X78.3 Y103.2 E700.20754
G0 F7200 X78.5 Y103.2
G0 X78.826 Y103.999
;TYPE:SKIN
G1 F1500 X79.109 Y103.999 E700.21232
G1 X122.383 Y103.999 E700.94356
G1 X122.499 Y103.548 E700.95143
G1 X122.499 Y96.477 E701.07091
G1 X122.401 Y96.096 E701.07756
G1 X122.684 Y95.814 E701.08431
G1 X121.454 Y95.998 E701.10533
G1 X77.614 Y95.998 E701.84613
G1 X77.5 Y96.45 E701.85401
G1 X77.48 Y97.561 E701.87279
G1 X77.338 Y97.702 E701.87617
G0 F7200 X77.381 Y97.746
G0 X77.872 Y96.372
G0 X122.128 Y96.372
G0 X122.128 Y103.628
G0 X77.872 Y103.628
G0 X77.362 Y102.252
G0 X77.533 Y102.423
G1 F1500 X77.674 Y102.281 E701.87947
G1 X77.499 Y102.672 E701.88652
G1 X77.499 Y103.521 E701.90051
G1 X77.596 Y103.901 E701.90697
G1 X78.26 Y103.999 E701.91802
G1 X78.543 Y103.999 E701.92268
G0 F7200 X77.455 Y104.042
G1 F1500 X77.314 Y104.184 E701.92694
G0 F7200 X77.5 Y104
G1 F1500 E695.42694
;MESH:NONMESH
G0 F600 X77.5 Y104 Z4.8
G0 F7200 X77.343 Y102.078
G0 X77.343 Y100.57
;TIME_ELAPSED:1415.498532
;LAYER:45
;TYPE:SUPPORT
G1 F1500 E701.92694
G1 F3000 X78.756 Y100.57 E701.95044
G1 X79.4 Y101.214 E701.96559
G1 X79.4 Y102.1 E701.98032
G1 X80.01 Y102.1 E701.99047
G1 X80.01 Y97.9 E702.06031
G1 X82.677 Y97.9 E702.10466
G1 X82.677 Y102.1 E702.17451
G1 X85.344 Y102.1 E702.21886
G1 X85.344 Y97.9 E702.28871
G1 X88.011 Y97.9 E702.33306
G1 X88.011 Y102.1 E702.40291
G1 X90.678 Y102.1 E702.44726
G1 X90.678 Y97.9 E702.51711
G1 X93.345 Y97.9 E702.56146
G1 X93.345 Y102.1 E702.63131
G1 X96.012 Y102.1 E702.67566
G1 X96.012 Y97.9 E702.7455
G1 X98.679 Y97.9 E702.78986
G1 X98.679 Y102.1 E702.8597
G1 X101.346 Y102.1 E702.90405
G1 X101.346 Y97.9 E702.9739
G1 X104.013 Y97.9 E703.01825
G1 X104.013 Y102.1 E703.0881
G1 X106.68 Y102.1 E703.13245
G1 X106.68 Y97.9 E703.2023
G1 X109.347 Y97.9 E703.24665
G1 X109.347 Y102.1 E703.3165
G1 X112.014 Y102.1 E703.36085
G1 X112.014 Y97.9 E703.4307
G1 X114.681 Y97.9 E703.47505
G1 X114.681 Y102.1 E703.54489
G1 X117.348 Y102.1 E703.58925
G1 X117.348 Y97.9 E703.65909
G1 X120.015 Y97.9 E703.70345
G1 X120.015 Y102.1 E703.77329
G1 X120.6 Y102.1 E703.78302
G1 X120.6 Y97.9 E703.85287
G1 X120.015 Y97.9 E703.8626
G0 F7200 X77.343 Y100.57
G1 F3000 X76.7 Y100.57 E703.87329
G1 X76.7 Y99.43 E703.89225
G1 X77.343 Y99.431 E703.90294
G1 X77.343 Y100.57 E703.92188
G1 F1500 E697.42188
;MESH:reed_holder.stl
G0 F7200 X77.343 Y102.09
G0 X77.83 Y103.67
G0 X77.9 Y103.6
;TYPE:WALL-INNER
G1 F1500 E703.92188
G1 F3000 X122.1 Y103.6 E704.65693
G1 X122.1 Y96.4 E704.77667
G1 X77.9 Y96.4 E705.51172
G1 X77.9 Y97.731 E705.53385
G1 X77.9 Y97.931 E705.53718
G1 X77.7 Y97.931 E705.53933
G1 X77.1 Y97.93 E705.54931
G1 X77.1 Y95.6 E705.58806
G1 X122.9 Y95.6 E706.34971
G1 X122.9 Y104.4 E706.49606
G1 X77.1 Y104.4 E707.25772
G1 X77.1 Y102.07 E707.29646
G1 X77.9 Y102.07 E707.30977
G1 X77.9 Y103.6 E707.33521
G0 F7200 X78.3 Y103.2
;TYPE:WALL-OUTER
G1 F1500 X121.7 Y103.2 E708.05696
G1 X121.7 Y96.8 E708.16339
G1 X78.3 Y96.8 E708.88513
G1 X78.3 Y98.131 E708.90727
G1 X78.3 Y98.331 E708.91059
G1 X78.1 Y98.331 E708.91275
G1 X76.7 Y98.33 E708.93603
G1 X76.7 Y95.2 E708.98808
G1 X123.3 Y95.2 E709.76304
G1 X123.3 Y104.8 E709.92269
G1 X76.7 Y104.8 E710.69765
G1 X76.7 Y101.67 E710.7497
G1 X78.3 Y101.67 E710.77631
G1 X78.3 Y103.2 E710.80176
G0 F7200 X78.5 Y103.2
G0 X78.433 Y103.999
;TYPE:SKIN
G1 F1500 X78.15 Y103.999 E710.80726
G1 X77.585 Y103.999 E710.81825
G1 X77.499 Y103.519 E710.82774
G1 X77.459 Y102.428 E710.84897
G1 X77.317 Y102.286 E710.85288
G0 F7200 X77.295 Y102.309
G0 X77.872 Y103.628
G0 X78.922 Y103.794
G0 X78.716 Y103.999
G1 F1500 X78.999 Y103.999 E710.85763
G1 X121.991 Y103.999 E711.57946
G1 X122.499 Y103.492 E711.59151
G1 X122.386 Y103.886 E711.59839
G1 X122.669 Y104.169 E711.60511
G1 X122.499 Y102.926 E711.62618
G1 X122.499 Y96.138 E711.74015
G1 X122.354 Y95.999 E711.74352
G1 X77.948 Y95.999 E712.48909
G1 X77.499 Y96.448 E712.49975
G1 X77.524 Y97.554 E712.51833
G1 X77.665 Y97.696 E712.52169
G0 F7200 X77.704 Y97.657
G0 X77.295 Y96.37
G1 F1500 X77.87 Y95.794 E712.52846
G0 F7200 X77.587 Y95.794
G1 F1500 X77.295 Y96.087 E712.53189
G0 F7200 X77.5 Y96.087
G1 F1500 E706.03189
;MESH:NONMESH
G0 F600 X77.5 Y96.087 Z4.9
G0 F7200 X77.348 Y97.911
G0 X77.343 Y100.583
;TIME_ELAPSED:1436.259702
;LAYER:46
;TYPE:SUPPORT
G1 F1500 E712.53189
G1 F3000 X78.756 Y100.583 E712.55539
G1 X79.4 Y101.227 E712.57054
G1 X79.4 Y102.1 E712.58506
G1 X80.01 Y102.1 E712.5952
G1 X80.01 Y97.9 E712.66505
G1 X82.677 Y97.9 E712.7094
G1 X82.677 Y102.1 E712.77925
G1 X85.344 Y102.1 E712.8236
G1 X85.344 Y97.9 E712.89345
G1 X88.011 Y97.9 E712.9378
G1 X88.011 Y102.1 E713.00764
G1 X90.678 Y102.1 E713.052
G1 X90.678 Y97.9 E713.12184
G1 X93.345 Y97.9 E713.16619
G1 X93.345 Y102.1 E713.23604
G1 X96.012 Y102.1 E713.28039
G1 X96.012 Y97.9 E713.35024
G1 X98.679 Y97.9 E713.39459
G1 X98.679 Y102.1 E713.46444
G1 X101.346 Y102.1 E713.50879
G1 X101.346 Y97.9 E713.57864
G1 X104.013 Y97.9 E713.62299
G1 X104.013 Y102.1 E713.69284
G1 X106.68 Y102.1 E713.73719
G1 X106.68 Y97.9 E713.80703
G1 X109.347 Y97.9 E713.85139
G1 X109.347 Y102.1 E713.92123
G1 X112.014 Y102.1 E713.96559
G1 X112.014 Y97.9 E714.03543
G1 X114.681 Y97.9 E714.07978
G1 X114.681 Y102.1 E714.14963
G1 X117.348 Y102.1 E714.19398
G1 X117.348 Y97.9 E714.26383
G1 X120.015 Y97.9 E714.30818
G1 X120.015 Y102.1 E714.37803
G1 X120.6 Y102.1 E714.38776
G1 X120.6 Y97.9 E714.4576
G1 X120.015 Y97.9 E714.46733
G0 F7200 X77.343 Y100.583
G1 F3000 X76.7 Y100.583 E714.47802
G1 X76.7 Y99.417 E714.49742
G1 X77.343 Y99.418 E714.50811
G1 X77.343 Y100.583 E714.52748
G1 F1500 E708.02748
;MESH:reed_holder.stl
G0 F7200 X77.343 Y102.103
G0 X77.83 Y103.67
G0 X77.9 Y103.6
;TYPE:WALL-INNER
G1 F1500 E714.52748
G1 F3000 X122.1 Y103.6 E715.26253
G1 X122.1 Y96.4 E715.38227
G1 X77.9 Y96.4 E716.11732
G1 X77.9 Y97.718 E716.13924
G1 X77.9 Y97.918 E716.14256
G1 X77.7 Y97.918 E716.14471
G1 X77.1 Y97.917 E716.15469
G1 X77.1 Y95.6 E716.19322
G1 X122.9 Y95.6 E716.95488
G1 X122.9 Y104.4 E717.10123
G1 X77.1 Y104.4 E717.86288
G1 X77.1 Y102.083 E717.90142
G1 X77.9 Y102.083 E717.91472
G1 X77.9 Y103.6 E717.93995
G0 F7200 X78.3 Y103.2
;TYPE:WALL-OUTER
G1 F1500 X121.7 Y103.2 E718.66169
G1 X121.7 Y96.8 E718.76812
G1 X78.3 Y96.8 E719.48987
G1 X78.3 Y98.118 E719.51179
G1 X78.3 Y98.318 E719.51511
G1 X78.1 Y98.318 E719.51727
G1 X76.7 Y98.317 E719.54055
G1 X76.7 Y95.2 E719.59239
G1 X123.3 Y95.2 E720.36735
G1 X123.3 Y104.8 E720.527
G1 X76.7 Y104.8 E721.30196
G1 X76.7 Y101.683 E721.35379
G1 X78.3 Y101.683 E721.3804
G1 X78.3 Y103.2 E721.40563
G0 F7200 X78.5 Y103.2
G0 X78.826 Y103.999
;TYPE:SKIN
G1 F1500 X79.109 Y103.999 E721.41041
G1 X122.383 Y103.999 E722.14151
G1 X122.499 Y103.548 E722.14938
G1 X122.499 Y96.477 E722.26884
G1 X122.401 Y96.096 E722.27549
G1 X122.684 Y95.814 E722.28224
G1 X121.454 Y95.998 E722.30325
G1 X77.614 Y95.998 E723.04391
G1 X77.499 Y96.45 E723.05179
G1 X77.466 Y97.548 E723.07035
G1 X77.325 Y97.69 E723.07373
G0 F7200 X77.356 Y97.721
G0 X77.872 Y96.372
G0 X122.128 Y96.372
G0 X122.128 Y103.628
G0 X77.872 Y103.628
G0 X77.387 Y102.277
G0 X77.546 Y102.436
G1 F1500 X77.687 Y102.294 E723.07697
G1 X77.499 Y102.672 E723.08382
G1 X77.499 Y103.521 E723.09757
G1 X77.596 Y103.901 E723.10393
G1 X78.26 Y103.999 E723.11481
G1 X78.543 Y103.999 E723.11939
G0 F7200 X77.455 Y104.042
G1 F1500 X77.314 Y104.184 E723.12365
G0 F7200 X77.5 Y104
G1 F1500 E716.62365
;MESH:NONMESH
G0 F600 X77.5 Y104 Z5
G0 F7200 X77.343 Y102.103
G0 X77.343 Y100.595
;TIME_ELAPSED:1457.805148
;LAYER:47
;TYPE:SUPPORT
G1 F1500 E723.12365
G1 F3000 X78.756 Y100.594 E723.14715
G1 X79.008 Y100.847 E723.15309
G1 X80.01 Y100.847 E723.16975
G1 X80.01 Y99.154 E723.19791
G1 X82.677 Y99.154 E723.24226
G1 X82.677 Y100.847 E723.27041
G1 X85.3 Y100.846 E723.31403
G1 X85.3 Y99.154 E723.34217
G1 X82.677 Y99.154 E723.38579
G0 F7200 X77.343 Y100.595
G1 F3000 X76.7 Y100.595 E723.39649
G1 X76.7 Y99.406 E723.41626
G1 X77.343 Y99.406 E723.42695
G1 X77.343 Y100.595 E723.44672
G1 F1500 E716.94672
;MESH:reed_holder.stl
G0 F7200 X77.344 Y102.095
G0 X77.83 Y103.67
G0 X77.9 Y103.6
;TYPE:WALL-INNER
G1 F1500 E723.44672
G1 F3000 X122.1 Y103.6 E724.18177
G1 X122.1 Y96.4 E724.30151
G1 X77.9 Y96.4 E725.03656
G1 X77.9 Y97.906 E725.0616
G1 X77.1 Y97.906 E725.07491
G1 X77.1 Y95.6 E725.11326
G1 X122.9 Y95.6 E725.87491
G1 X122.9 Y104.4 E726.02126
G1 X77.1 Y104.4 E726.78292
G1 X77.1 Y102.095 E726.82125
G1 X77.7 Y102.094 E726.83123
G1 X77.9 Y102.094 E726.83455
G1 X77.9 Y102.294 E726.83671
G1 X77.9 Y103.6 E726.85842
G0 F7200 X78.3 Y103.2
;TYPE:WALL-OUTER
G1 F1500 X121.7 Y103.2 E727.58017
G1 X121.7 Y96.8 E727.6866
G1 X78.3 Y96.8 E728.40835
G1 X78.3 Y98.306 E728.43339
G1 X76.7 Y98.306 E728.46
G1 X76.7 Y95.2 E728.51165
G1 X123.3 Y95.2 E729.28661
G1 X123.3 Y104.8 E729.44626
G1 X76.7 Y104.8 E730.22122
G1 X76.7 Y101.695 E730.27286
G1 X78.1 Y101.694 E730.29614
G1 X78.3 Y101.694 E730.29947
G1 X78.3 Y101.894 E730.30162
G1 X78.3 Y103.2 E730.32334
G0 F7200 X78.5 Y103.2
G0 X78.433 Y103.999
;TYPE:SKIN
G1 F1500 X78.15 Y103.999 E730.3292
G1 X77.585 Y103.999 E730.3409
G1 X77.499 Y103.519 E730.351
G1 X77.447 Y102.44 E730.37337
G0 F7200 X77.6 Y102.287
G0 X77.872 Y103.628
G0 X78.922 Y103.794
G0 X78.716 Y103.999
G1 F1500 X78.999 Y103.999 E730.37812
G1 X121.991 Y103.999 E731.09979
G1 X122.499 Y103.492 E731.11183
G1 X122.386 Y103.886 E731.11871
G1 X122.669 Y104.169 E731.12543
G1 X122.499 Y102.926 E731.14649
G1 X122.499 Y96.138 E731.26043
G1 X122.354 Y95.999 E731.26381
G1 X77.948 Y95.999 E732.0092
G1 X77.499 Y96.448 E732.01986
G1 X77.536 Y97.542 E732.03824
G1 X77.678 Y97.683 E732.0416
G0 F7200 X77.704 Y97.657
G0 X77.295 Y96.37
G1 F1500 X77.87 Y95.794 E732.04836
G0 F7200 X77.587 Y95.794
G1 F1500 X77.295 Y96.087 E732.0518
G0 F7200 X77.5 Y96.087
G1 F1500 E725.5518
;MESH:NONMESH
G0 F600 X77.5 Y96.087 Z5.1
G0 F7200 X77.343 Y97.886
G0 X77.343 Y100.594
;TIME_ELAPSED:1476.052301
;LAYER:48
;TYPE:SUPPORT
G1 F1500 E732.0518
G1 F3000 X79.14 Y100.594 E732.08169
G1 X79.035 Y100.847 E732.08624
G1 X80.01 Y100.847 E732.10246
G1 X80.01 Y99.154 E732.13061
G1 X82.677 Y99.154 E732.17496
G1 X82.677 Y100.847 E732.20312
G1 X85.1 Y100.846 E732.24341
G1 X85.1 Y99.154 E732.27155
G1 X82.677 Y99.154 E732.31185
G0 F7200 X77.343 Y100.594
G1 F3000 X76.7 Y100.594 E732.32254
G1 X76.7 Y99.407 E732.34228
G1 X77.343 Y99.407 E732.35297
G1 X77.343 Y100.594 E732.37271
G1 F1500 E725.87271
;MESH:reed_holder.stl
G0 F7200 X77.343 Y102.094
G0 X77.746 Y102.253
;TYPE:FILL
G1 F1500 E732.37271
G1 F3000 X77.94 Y102.447 E732.37727
G0 F7200 X77.259 Y103.651
G1 F3000 X77.846 Y104.238 E732.39108
G1 X77.916 Y104.308
G0 F7200 X77.916 Y104.3
G0 X79.053 Y103.56
G1 F3000 X79.731 Y104.238 E732.40702
G1 X79.801 Y104.308
G0 F7200 X79.801 Y104.3
G0 X80.938 Y103.56
G1 F3000 X81.617 Y104.238 E732.42298
G1 X81.687 Y104.308
G0 F7200 X81.687 Y104.3
G0 X82.823 Y103.56
G1 F3000 X83.502 Y104.238 E732.43894
G1 X83.572 Y104.308
G0 F7200 X83.572 Y104.3
G0 X84.708 Y103.56
G1 F3000 X85.387 Y104.238 E732.4549
G1 X85.457 Y104.308
G0 F7200 X85.457 Y104.3
G0 X86.593 Y103.56
G1 F3000 X87.272 Y104.238 E732.47085
G1 X87.342 Y104.308
G0 F7200 X87.342 Y104.3
G0 X88.478 Y103.56
G1 F3000 X89.157 Y104.238 E732.48681
G1 X89.227 Y104.308
G0 F7200 X89.227 Y104.3
G0 X90.364 Y103.56
G1 F3000 X91.042 Y104.238 E732.50276
G1 X91.112 Y104.308
G0 F7200 X91.112 Y104.3
G0 X92.249 Y103.56
G1 F3000 X92.927 Y104.238 E732.5187
G1 X92.997 Y104.308
G0 F7200 X92.997 Y104.3
G0 X94.134 Y103.56
G1 F3000 X94.813 Y104.238 E732.53466
G1 X94.883 Y104.308
G0 F7200 X94.883 Y104.3
G0 X96.019 Y103.56
G1 F3000 X96.698 Y104.238 E732.55062
G1 X96.768 Y104.308
G0 F7200 X96.768 Y104.3
G0 X97.904 Y103.56
G1 F3000 X98.583 Y104.238 E732.56657
G1 X98.653 Y104.308
G0 F7200 X98.653 Y104.3
G0 X99.789 Y103.56
G1 F3000 X100.469 Y104.239 E732.58256
G1 X100.539 Y104.309
G0 F7200 X100.539 Y104.3
G0 X101.674 Y103.56
G1 F3000 X102.354 Y104.239 E732.59854
G1 X102.424 Y104.309
G0 F7200 X102.424 Y104.3
G0 X103.56 Y103.56
G1 F3000 X104.239 Y104.239 E732.6145
G1 X104.309 Y104.309
G0 F7200 X104.309 Y104.3
G0 X105.445 Y103.56
G1 F3000 X106.124 Y104.239 E732.63047
G1 X106.194 Y104.309
G0 F7200 X106.194 Y104.3
G0 X107.33 Y103.56
G1 F3000 X108.009 Y104.239 E732.64644
G1 X108.079 Y104.309
G0 F7200 X108.079 Y104.3
G0 X109.215 Y103.56
G1 F3000 X109.895 Y104.239 E732.66242
G1 X109.965 Y104.309
G0 F7200 X109.965 Y104.3
G0 X111.1 Y103.56
G1 F3000 X111.78 Y104.239 E732.6784
G1 X111.85 Y104.309
G0 F7200 X111.85 Y104.3
G0 X112.985 Y103.56
G1 F3000 X113.665 Y104.239 E732.69439
G1 X113.735 Y104.309
G0 F7200 X113.735 Y104.3
G0 X114.87 Y103.56
G1 F3000 X115.55 Y104.239 E732.71037
G1 X115.62 Y104.309
G0 F7200 X115.62 Y104.3
G0 X116.756 Y103.56
G1 F3000 X117.435 Y104.239 E732.72634
G1 X117.505 Y104.309
G0 F7200 X117.505 Y104.3
G0 X118.641 Y103.56
G1 F3000 X119.32 Y104.239 E732.7423
G1 X119.39 Y104.309
G0 F7200 X119.39 Y104.3
G0 X120.526 Y103.56
G1 F3000 X121.205 Y104.239 E732.75827
G1 X121.275 Y104.309
G0 F7200 X121.275 Y104.3
G0 X122.059 Y103.207
G1 F3000 X122.739 Y103.888 E732.77428
G1 X122.809 Y103.958
G0 F7200 X122.8 Y103.958
G0 X122.739 Y102.002
G1 F3000 X122.059 Y101.322 E732.79027
G1 X121.989 Y101.252
G0 F7200 X122.739 Y100.117
G1 F3000 X122.059 Y99.437 E732.80626
G1 X121.989 Y99.367
G0 F7200 X122.739 Y98.232
G1 F3000 X122.059 Y97.552 E732.82226
G1 X121.989 Y97.482
G0 F7200 X122.739 Y96.347
G1 F3000 X122.151 Y95.759 E732.83608
G1 X122.081 Y95.689
G0 F7200 X122.081 Y95.7
G0 X120.946 Y96.439
G1 F3000 X120.266 Y95.759 E732.85208
G1 X120.196 Y95.689
G0 F7200 X120.196 Y95.7
G0 X119.061 Y96.439
G1 F3000 X118.381 Y95.759 E732.86807
G1 X118.311 Y95.689
G0 F7200 X118.311 Y95.7
G0 X117.176 Y96.439
G1 F3000 X116.496 Y95.759 E732.88406
G1 X116.426 Y95.689
G0 F7200 X116.426 Y95.7
G0 X115.29 Y96.439
G1 F3000 X114.611 Y95.759 E732.90004
G1 X114.541 Y95.689
G0 F7200 X114.541 Y95.7
G0 X113.405 Y96.439
G1 F3000 X112.726 Y95.759 E732.91602
G1 X112.656 Y95.689
G0 F7200 X112.656 Y95.7
G0 X111.52 Y96.439
G1 F3000 X110.841 Y95.759 E732.932
G1 X110.771 Y95.689
G0 F7200 X110.771 Y95.7
G0 X109.635 Y96.439
G1 F3000 X108.955 Y95.759 E732.948
G1 X108.885 Y95.689
G0 F7200 X108.885 Y95.7
G0 X107.75 Y96.439
G1 F3000 X107.07 Y95.759 E732.96399
G1 X107 Y95.689
G0 F7200 X107 Y95.7
G0 X105.865 Y96.439
G1 F3000 X105.185 Y95.759 E732.97998
G1 X105.115 Y95.689
G0 F7200 X105.115 Y95.7
G0 X103.98 Y96.439
G1 F3000 X103.3 Y95.759 E732.99597
G1 X103.23 Y95.689
G0 F7200 X103.23 Y95.7
G0 X102.094 Y96.439
G1 F3000 X101.415 Y95.759 E733.01196
G1 X101.345 Y95.689
G0 F7200 X101.345 Y95.7
G0 X100.209 Y96.439
G1 F3000 X99.53 Y95.759 E733.02794
G1 X99.46 Y95.689
G0 F7200 X99.46 Y95.7
G0 X98.324 Y96.439
G1 F3000 X97.645 Y95.759 E733.04392
G1 X97.575 Y95.689
G0 F7200 X97.575 Y95.7
G0 X96.439 Y96.439
G1 F3000 X95.759 Y95.759 E733.05991
G1 X95.689 Y95.689
G0 F7200 X95.689 Y95.7
G0 X94.554 Y96.439
G1 F3000 X93.874 Y95.759 E733.0759
G1 X93.804 Y95.689
G0 F7200 X93.804 Y95.7
G0 X92.669 Y96.439
G1 F3000 X91.989 Y95.759 E733.09189
G1 X91.919 Y95.689
G0 F7200 X91.919 Y95.7
G0 X90.784 Y96.439
G1 F3000 X90.104 Y95.759 E733.10789
G1 X90.034 Y95.689
G0 F7200 X90.034 Y95.7
G0 X88.898 Y96.439
G1 F3000 X88.219 Y95.759 E733.12387
G1 X88.149 Y95.689
G0 F7200 X88.149 Y95.7
G0 X87.013 Y96.439
G1 F3000 X86.334 Y95.759 E733.13985
G1 X86.264 Y95.689
G0 F7200 X86.264 Y95.7
G0 X85.128 Y96.439
G1 F3000 X84.449 Y95.759 E733.15583
G1 X84.379 Y95.689
G0 F7200 X84.379 Y95.7
G0 X83.243 Y96.439
G1 F3000 X82.563 Y95.759 E733.17182
G1 X82.493 Y95.689
G0 F7200 X82.493 Y95.7
G0 X81.358 Y96.439
G1 F3000 X80.678 Y95.759 E733.18781
G1 X80.608 Y95.689
G0 F7200 X80.608 Y95.7
G0 X79.473 Y96.439
G1 F3000 X78.793 Y95.759 E733.20381
G1 X78.723 Y95.689
G0 F7200 X78.723 Y95.7
G0 X77.94 Y96.791
G1 F3000 X77.259 Y96.111 E733.21981
G1 X77.189 Y96.041
G0 F7200 X77.2 Y96.041
G0 X86.17 Y97.836
G0 X86.1 Y97.906
;TYPE:WALL-INNER
G1 F3000 X85.9 Y97.906 E733.22314
G1 X77.3 Y97.907 E733.36616
G1 X77.1 Y97.907 E733.36948
G1 X77.1 Y97.707 E733.37164
G1 X77.1 Y95.6 E733.40668
G1 X122.9 Y95.6 E734.16833
G1 X122.9 Y104.4 E734.31468
G1 X77.1 Y104.4 E735.07633
G1 X77.1 Y102.094 E735.11468
G1 X86.1 Y102.093 E735.26435
G1 X86.1 Y98.106 E735.33066
G1 X86.1 Y97.906 E735.33281
G0 F7200 X85.7 Y98.306
;TYPE:WALL-OUTER
G1 F1500 X85.5 Y98.306 E735.33614
G1 X76.9 Y98.307 E735.47916
G1 X76.7 Y98.307 E735.48248
G1 X76.7 Y98.107 E735.48464
G1 X76.7 Y95.2 E735.53298
G1 X123.3 Y95.2 E736.30794
G1 X123.3 Y104.8 E736.46759
G1 X76.7 Y104.8 E737.24255
G1 X76.7 Y101.694 E737.2942
G1 X85.7 Y101.693 E737.44387
G1 X85.7 Y98.506 E737.49687
G1 X85.7 Y98.306 E737.49903
G0 F7200 X85.5 Y98.306
G0 X85.5 Y97.806
G0 X86.49 Y97.516
;TYPE:SKIN
G1 F1500 X77.89 Y97.517 E737.64205
G1 X77.89 Y96.39 E737.66079
G1 X122.11 Y96.39 E738.39617
G1 X122.11 Y103.61 E738.51624
G1 X77.89 Y103.61 E739.25162
G1 X77.89 Y102.484 E739.27035
G1 X86.49 Y102.483 E739.41336
G1 X86.49 Y97.516 E739.49597
G0 F7200 X86.128 Y102.121
G0 X78.539 Y103.429
G1 F1500 X78.069 Y102.959 E739.50702
G0 F7200 X78.338 Y102.663
G1 F1500 X79.104 Y103.429 E739.52503
G0 F7200 X79.67 Y103.429
G1 F1500 X78.904 Y102.663 E739.54305
G0 F7200 X79.47 Y102.663
G1 F1500 X80.236 Y103.429 E739.56106
G0 F7200 X80.801 Y103.429
G1 F1500 X80.036 Y102.663 E739.57907
G0 F7200 X80.601 Y102.663
G1 F1500 X81.367 Y103.429 E739.59708
G0 F7200 X81.933 Y103.429
G1 F1500 X81.167 Y102.663 E739.6151
G0 F7200 X81.733 Y102.663
G1 F1500 X82.498 Y103.429 E739.6331
G0 F7200 X83.064 Y103.429
G1 F1500 X82.298 Y102.663 E739.65112
G0 F7200 X82.863 Y102.662
G1 F1500 X83.63 Y103.429 E739.66916
G0 F7200 X84.195 Y103.429
G1 F1500 X83.429 Y102.662 E739.68718
G0 F7200 X83.995 Y102.662
G1 F1500 X84.761 Y103.429 E739.70521
G0 F7200 X85.327 Y103.429
G1 F1500 X84.56 Y102.662 E739.72325
G0 F7200 X85.126 Y102.662
G1 F1500 X85.892 Y103.429 E739.74128
G0 F7200 X86.458 Y103.429
G1 F1500 X85.692 Y102.662 E739.7593
G0 F7200 X86.257 Y102.662
G1 F1500 X87.024 Y103.429 E739.77734
G0 F7200 X87.59 Y103.429
G1 F1500 X86.669 Y102.508 E739.799
G0 F7200 X86.669 Y101.942
G1 F1500 X88.155 Y103.429 E739.83396
G0 F7200 X88.721 Y103.429
G1 F1500 X86.669 Y101.377 E739.88222
G0 F7200 X86.669 Y100.811
G1 F1500 X89.287 Y103.429 E739.94379
G0 F7200 X89.852 Y103.429
G1 F1500 X86.669 Y100.245 E740.01866
G0 F7200 X86.669 Y99.68
G1 F1500 X90.418 Y103.429 E740.10683
G0 F7200 X90.984 Y103.429
G1 F1500 X86.669 Y99.114 E740.20832
G0 F7200 X86.669 Y98.548
G1 F1500 X91.549 Y103.429 E740.3231
G0 F7200 X92.115 Y103.429
G1 F1500 X86.669 Y97.983 E740.45118
G0 F7200 X86.669 Y97.417
G1 F1500 X92.681 Y103.429 E740.59257
G0 F7200 X93.246 Y103.429
G1 F1500 X86.387 Y96.569 E740.7539
G0 F7200 X86.952 Y96.569
G1 F1500 X93.812 Y103.429 E740.91523
G0 F7200 X94.378 Y103.429
G1 F1500 X87.518 Y96.569 E741.07657
G0 F7200 X88.084 Y96.569
G1 F1500 X94.943 Y103.429 E741.2379
G0 F7200 X95.509 Y103.429
G1 F1500 X88.649 Y96.569 E741.39923
G0 F7200 X89.215 Y96.569
G1 F1500 X96.075 Y103.429 E741.56057
G0 F7200 X96.64 Y103.429
G1 F1500 X89.781 Y96.569 E741.72189
G0 F7200 X90.347 Y96.569
G1 F1500 X97.206 Y103.429 E741.88322
G0 F7200 X97.772 Y103.429
G1 F1500 X90.912 Y96.569 E742.04456
G0 F7200 X91.478 Y96.569
G1 F1500 X98.338 Y103.429 E742.20589
G0 F7200 X98.903 Y103.429
G1 F1500 X92.044 Y96.569 E742.36722
G0 F7200 X92.609 Y96.569
G1 F1500 X99.469 Y103.429 E742.52855
G0 F7200 X100.035 Y103.429
G1 F1500 X93.175 Y96.569 E742.68989
G0 F7200 X93.741 Y96.569
G1 F1500 X100.6 Y103.429 E742.85122
G0 F7200 X101.166 Y103.429
G1 F1500 X94.306 Y96.569 E743.01255
G0 F7200 X94.872 Y96.569
G1 F1500 X101.732 Y103.429 E743.17389
G0 F7200 X102.297 Y103.429
G1 F1500 X95.438 Y96.569 E743.33521
G0 F7200 X96.003 Y96.569
G1 F1500 X102.863 Y103.429 E743.49655
G0 F7200 X103.429 Y103.429
G1 F1500 X96.569 Y96.569 E743.65789
G0 F7200 X97.135 Y96.569
G1 F1500 X103.994 Y103.429 E743.81921
G0 F7200 X104.56 Y103.429
G1 F1500 X97.7 Y96.569 E743.98055
G0 F7200 X98.266 Y96.569
G1 F1500 X105.126 Y103.429 E744.14189
G0 F7200 X105.691 Y103.429
G1 F1500 X98.832 Y96.569 E744.30321
G0 F7200 X99.398 Y96.569
G1 F1500 X106.257 Y103.429 E744.46454
G0 F7200 X106.823 Y103.429
G1 F1500 X99.963 Y96.569 E744.62587
G0 F7200 X100.529 Y96.569
G1 F1500 X107.389 Y103.429 E744.78721
G0 F7200 X107.954 Y103.429
G1 F1500 X101.095 Y96.569 E744.94853
G0 F7200 X101.66 Y96.569
G1 F1500 X108.52 Y103.429 E745.10987
G0 F7200 X109.086 Y103.429
G1 F1500 X102.226 Y96.569 E745.27121
G0 F7200 X102.792 Y96.569
G1 F1500 X109.651 Y103.429 E745.43253
G0 F7200 X110.217 Y103.429
G1 F1500 X103.357 Y96.569 E745.59387
G0 F7200 X103.923 Y96.569
G1 F1500 X110.783 Y103.429 E745.75521
G0 F7200 X111.348 Y103.429
G1 F1500 X104.489 Y96.569 E745.91653
G0 F7200 X105.054 Y96.569
G1 F1500 X111.914 Y103.429 E746.07787
G0 F7200 X112.48 Y103.429
G1 F1500 X105.62 Y96.569 E746.2392
G0 F7200 X106.186 Y96.569
G1 F1500 X113.045 Y103.429 E746.40053
G0 F7200 X113.611 Y103.429
G1 F1500 X106.751 Y96.569 E746.56187
G0 F7200 X107.317 Y96.569
G1 F1500 X114.177 Y103.429 E746.7232
G0 F7200 X114.742 Y103.429
G1 F1500 X107.883 Y96.569 E746.88453
G0 F7200 X108.448 Y96.569
G1 F1500 X115.308 Y103.429 E747.04586
G0 F7200 X115.874 Y103.429
G1 F1500 X109.014 Y96.569 E747.2072
G0 F7200 X109.58 Y96.569
G1 F1500 X116.439 Y103.429 E747.36853
G0 F7200 X117.005 Y103.429
G1 F1500 X110.146 Y96.569 E747.52985
G0 F7200 X110.711 Y96.569
G1 F1500 X117.571 Y103.429 E747.69119
G0 F7200 X118.137 Y103.429
G1 F1500 X111.277 Y96.569 E747.85252
G0 F7200 X111.843 Y96.569
G1 F1500 X118.702 Y103.429 E748.01385
G0 F7200 X119.268 Y103.429
G1 F1500 X112.408 Y96.569 E748.17519
G0 F7200 X112.974 Y96.569
G1 F1500 X119.834 Y103.429 E748.33652
G0 F7200 X120.399 Y103.429
G1 F1500 X113.54 Y96.569 E748.49785
G0 F7200 X114.105 Y96.569
G1 F1500 X120.965 Y103.429 E748.65918
G0 F7200 X121.531 Y103.429
G1 F1500 X114.671 Y96.569 E748.82052
G0 F7200 X115.237 Y96.569
G1 F1500 X121.929 Y103.261 E748.97791
G0 F7200 X121.929 Y102.695
G1 F1500 X115.802 Y96.569 E749.12199
G0 F7200 X116.368 Y96.569
G1 F1500 X121.929 Y102.13 E749.25278
G0 F7200 X121.929 Y101.564
G1 F1500 X116.934 Y96.569 E749.37025
G0 F7200 X117.499 Y96.569
G1 F1500 X121.929 Y100.998 E749.47443
G0 F7200 X121.929 Y100.433
G1 F1500 X118.065 Y96.569 E749.5653
G0 F7200 X118.631 Y96.569
G1 F1500 X121.929 Y99.867 E749.64287
G0 F7200 X121.929 Y99.301
G1 F1500 X119.196 Y96.569 E749.70713
G0 F7200 X119.762 Y96.569
G1 F1500 X121.929 Y98.736 E749.7581
G0 F7200 X121.929 Y98.17
G1 F1500 X120.328 Y96.569 E749.79575
G0 F7200 X120.894 Y96.569
G1 F1500 X121.929 Y97.604 E749.82009
G0 F7200 X121.929 Y97.039
G1 F1500 X121.459 Y96.569 E749.83114
G0 F7200 X86.587 Y97.335
G1 F1500 X85.821 Y96.569 E749.84916
G0 F7200 X85.255 Y96.569
G1 F1500 X86.021 Y97.335 E749.86717
G0 F7200 X85.455 Y97.335
G1 F1500 X84.69 Y96.569 E749.88518
G0 F7200 X84.124 Y96.569
G1 F1500 X84.89 Y97.335 E749.90319
G0 F7200 X84.324 Y97.335
G1 F1500 X83.558 Y96.569 E749.92121
G0 F7200 X82.993 Y96.569
G1 F1500 X83.758 Y97.335 E749.93921
G0 F7200 X83.193 Y97.335
G1 F1500 X82.427 Y96.569 E749.95723
G0 F7200 X81.861 Y96.569
G1 F1500 X82.627 Y97.335 E749.97524
G0 F7200 X82.061 Y97.335
G1 F1500 X81.296 Y96.569 E749.99325
G0 F7200 X80.73 Y96.569
G1 F1500 X81.496 Y97.335 E750.01126
G0 F7200 X80.93 Y97.335
G1 F1500 X80.164 Y96.569 E750.02928
G0 F7200 X79.599 Y96.569
G1 F1500 X80.364 Y97.335 E750.04728
G0 F7200 X79.799 Y97.335
G1 F1500 X79.033 Y96.569 E750.06529
G0 F7200 X78.467 Y96.569
G1 F1500 X79.233 Y97.335 E750.08331
G0 F7200 X78.667 Y97.335
G1 F1500 X78.07 Y96.737 E750.09736
G1 X78 Y96.667
G1 F1500 E743.59736
;MESH:NONMESH
G0 F600 X78 Y96.667 Z5.2
G0 F7200 X77.343 Y97.906
G0 X77.343 Y100.582
;TIME_ELAPSED:1521.575829
;LAYER:49
;TYPE:SUPPORT
G1 F1500 E750.09736
G1 F3000 X80.01 Y100.582 E750.14171
G1 X80.01 Y99.418 E750.16107
G1 X82.677 Y99.418 E750.20542
G1 X82.677 Y100.582 E750.22478
G1 X84.6 Y100.581 E750.25676
G1 X84.6 Y99.418 E750.2761
G1 X82.677 Y99.418 E750.30808
G0 F7200 X77.343 Y100.582
G1 F3000 X76.7 Y100.582 E750.31877
G1 X76.7 Y99.419 E750.33812
G1 X77.343 Y99.418 E750.34881
G1 X77.343 Y100.582 E750.36817
G1 F1500 E743.86817
;MESH:reed_holder.stl
G0 F7200 X77.343 Y102.082
G0 X77.939 Y103.208
;TYPE:FILL
G1 F1500 E750.36817
G1 F3000 X77.26 Y103.887 E750.38413
G1 X77.19 Y103.957
G0 F7200 X77.2 Y103.957
G0 X78.793 Y104.239
G1 F3000 X79.473 Y103.559 E750.40013
G1 X79.543 Y103.489
G0 F7200 X80.678 Y104.239
G1 F3000 X81.358 Y103.559 E750.41612
G1 X81.428 Y103.489
G0 F7200 X82.563 Y104.239
G1 F3000 X83.244 Y103.559 E750.43212
G1 X83.314 Y103.489
G0 F7200 X84.449 Y104.239
G1 F3000 X85.129 Y103.559 E750.44812
G1 X85.199 Y103.489
G0 F7200 X86.334 Y104.239
G1 F3000 X87.014 Y103.559 E750.46411
G1 X87.084 Y103.489
G0 F7200 X88.219 Y104.239
G1 F3000 X88.899 Y103.559 E750.4801
G1 X88.969 Y103.489
G0 F7200 X90.104 Y104.239
G1 F3000 X90.784 Y103.559 E750.49609
G1 X90.854 Y103.489
G0 F7200 X91.989 Y104.239
G1 F3000 X92.669 Y103.559 E750.51209
G1 X92.739 Y103.489
G0 F7200 X93.874 Y104.239
G1 F3000 X94.555 Y103.559 E750.52809
G1 X94.625 Y103.489
G0 F7200 X95.759 Y104.239
G1 F3000 X96.44 Y103.559 E750.5441
G1 X96.51 Y103.489
G0 F7200 X97.645 Y104.239
G1 F3000 X98.325 Y103.559 E750.56009
G1 X98.395 Y103.489
G0 F7200 X99.53 Y104.239
G1 F3000 X100.21 Y103.559 E750.57608
G1 X100.28 Y103.489
G0 F7200 X101.414 Y104.24
G1 F3000 X102.095 Y103.559 E750.5921
G1 X102.165 Y103.489
G0 F7200 X103.299 Y104.24
G1 F3000 X103.98 Y103.559 E750.60811
G1 X104.05 Y103.489
G0 F7200 X105.184 Y104.24
G1 F3000 X105.865 Y103.559 E750.62413
G1 X105.935 Y103.489
G0 F7200 X107.07 Y104.24
G1 F3000 X107.751 Y103.559 E750.64014
G1 X107.821 Y103.489
G0 F7200 X108.955 Y104.24
G1 F3000 X109.636 Y103.559 E750.65616
G1 X109.706 Y103.489
G0 F7200 X110.84 Y104.24
G1 F3000 X111.521 Y103.559 E750.67218
G1 X111.591 Y103.489
G0 F7200 X112.725 Y104.24
G1 F3000 X113.406 Y103.559 E750.68819
G1 X113.476 Y103.489
G0 F7200 X114.61 Y104.24
G1 F3000 X115.291 Y103.559 E750.70421
G1 X115.361 Y103.489
G0 F7200 X116.495 Y104.24
G1 F3000 X117.176 Y103.559 E750.72023
G1 X117.246 Y103.489
G0 F7200 X118.38 Y104.24
G1 F3000 X119.061 Y103.559 E750.73624
G1 X119.131 Y103.489
G0 F7200 X120.266 Y104.24
G1 F3000 X120.947 Y103.559 E750.75226
G1 X121.017 Y103.489
G0 F7200 X122.151 Y104.24
G1 F3000 X122.738 Y103.652 E750.76607
G1 X122.808 Y103.582
G0 F7200 X122.8 Y103.582
G0 X122.059 Y102.447
G1 F3000 X122.738 Y101.767 E750.78206
G1 X122.808 Y101.697
G0 F7200 X122.8 Y101.697
G0 X122.059 Y100.561
G1 F3000 X122.738 Y99.882 E750.79802
G1 X122.808 Y99.812
G0 F7200 X122.8 Y99.812
G0 X122.059 Y98.676
G1 F3000 X122.738 Y97.997 E750.81399
G1 X122.808 Y97.927
G0 F7200 X122.8 Y97.927
G0 X122.059 Y96.791
G1 F3000 X122.738 Y96.112 E750.82996
G1 X122.808 Y96.042
G0 F7200 X122.8 Y96.042
G0 X121.206 Y95.759
G1 F3000 X120.526 Y96.439 E750.84596
G1 X120.456 Y96.509
G0 F7200 X119.321 Y95.759
G1 F3000 X118.641 Y96.439 E750.86195
G1 X118.571 Y96.509
G0 F7200 X117.436 Y95.759
G1 F3000 X116.756 Y96.439 E750.87794
G1 X116.686 Y96.509
G0 F7200 X115.551 Y95.759
G1 F3000 X114.87 Y96.439 E750.89394
G1 X114.8 Y96.509
G0 F7200 X113.666 Y95.759
G1 F3000 X112.985 Y96.439 E750.90995
G1 X112.915 Y96.509
G0 F7200 X111.78 Y95.759
G1 F3000 X111.1 Y96.439 E750.92594
G1 X111.03 Y96.509
G0 F7200 X109.895 Y95.759
G1 F3000 X109.215 Y96.439 E750.94193
G1 X109.145 Y96.509
G0 F7200 X108.01 Y95.759
G1 F3000 X107.33 Y96.439 E750.95793
G1 X107.26 Y96.509
G0 F7200 X106.125 Y95.759
G1 F3000 X105.445 Y96.439 E750.97392
G1 X105.375 Y96.509
G0 F7200 X104.24 Y95.759
G1 F3000 X103.56 Y96.439 E750.98991
G1 X103.49 Y96.509
G0 F7200 X102.355 Y95.759
G1 F3000 X101.674 Y96.439 E751.00592
G1 X101.604 Y96.509
G0 F7200 X100.469 Y95.759
G1 F3000 X99.789 Y96.439 E751.02191
G1 X99.719 Y96.509
G0 F7200 X98.584 Y95.759
G1 F3000 X97.904 Y96.439 E751.0379
G1 X97.834 Y96.509
G0 F7200 X96.699 Y95.759
G1 F3000 X96.019 Y96.439 E751.05389
G1 X95.949 Y96.509
G0 F7200 X94.814 Y95.759
G1 F3000 X94.134 Y96.439 E751.06989
G1 X94.064 Y96.509
G0 F7200 X92.929 Y95.759
G1 F3000 X92.249 Y96.439 E751.08588
G1 X92.179 Y96.509
G0 F7200 X91.044 Y95.759
G1 F3000 X90.364 Y96.439 E751.10187
G1 X90.294 Y96.509
G0 F7200 X89.159 Y95.759
G1 F3000 X88.478 Y96.439 E751.11788
G1 X88.408 Y96.509
G0 F7200 X87.273 Y95.759
G1 F3000 X86.593 Y96.439 E751.13387
G1 X86.523 Y96.509
G0 F7200 X85.388 Y95.759
G1 F3000 X84.708 Y96.439 E751.14986
G1 X84.638 Y96.509
G0 F7200 X83.503 Y95.759
G1 F3000 X82.823 Y96.439 E751.16585
G1 X82.753 Y96.509
G0 F7200 X81.618 Y95.759
G1 F3000 X80.938 Y96.439 E751.18185
G1 X80.868 Y96.509
G0 F7200 X79.733 Y95.759
G1 F3000 X79.053 Y96.439 E751.19784
G1 X78.983 Y96.509
G0 F7200 X77.848 Y95.759
G1 F3000 X77.26 Y96.346 E751.21166
G1 X77.19 Y96.416
G0 F7200 X77.2 Y96.416
G0 X77.939 Y97.553
G1 F3000 X77.734 Y97.758 E751.21648
G0 F7200 X86.17 Y97.848
G0 X86.1 Y97.918
;TYPE:WALL-INNER
G1 F3000 X85.9 Y97.918 E751.2198
G1 X77.3 Y97.919 E751.36282
G1 X77.1 Y97.919 E751.36615
G1 X77.1 Y97.719 E751.3683
G1 X77.1 Y95.6 E751.40354
G1 X122.9 Y95.6 E752.1652
G1 X122.9 Y104.4 E752.31154
G1 X77.1 Y104.4 E753.0732
G1 X77.1 Y102.082 E753.11175
G1 X86.1 Y102.081 E753.26142
G1 X86.1 Y98.118 E753.32732
G1 X86.1 Y97.918 E753.32948
G0 F7200 X85.7 Y98.318
;TYPE:WALL-OUTER
G1 F1500 X85.5 Y98.318 E753.3328
G1 X76.9 Y98.319 E753.47582
G1 X76.7 Y98.319 E753.47915
G1 X76.7 Y98.119 E753.4813
G1 X76.7 Y95.2 E753.52984
G1 X123.3 Y95.2 E754.30481
G1 X123.3 Y104.8 E754.46445
G1 X76.7 Y104.8 E755.23941
G1 X76.7 Y101.682 E755.29127
G1 X85.7 Y101.681 E755.44094
G1 X85.7 Y98.518 E755.49354
G1 X85.7 Y98.318 E755.49569
G0 F7200 X85.5 Y98.318
G0 X85.5 Y97.818
G0 X86.49 Y97.528
;TYPE:SKIN
G1 F1500 X77.89 Y97.529 E755.63871
G1 X77.89 Y96.39 E755.65765
G1 X122.11 Y96.39 E756.39303
G1 X122.11 Y103.61 E756.5131
G1 X77.89 Y103.61 E757.24849
G1 X77.89 Y102.472 E757.26741
G1 X86.49 Y102.471 E757.41043
G1 X86.49 Y97.528 E757.49263
G0 F7200 X78.07 Y96.726
G1 F1500 X78.227 Y96.569 E757.49632
G0 F7200 X78.792 Y96.569
G1 F1500 X78.07 Y97.292 E757.51332
G0 F7200 X78.58 Y97.348
G1 F1500 X79.358 Y96.569 E757.53162
G0 F7200 X79.924 Y96.569
G1 F1500 X79.145 Y97.348 E757.54995
G0 F7200 X79.711 Y97.348
G1 F1500 X80.489 Y96.569 E757.56825
G0 F7200 X81.055 Y96.569
G1 F1500 X80.277 Y97.348 E757.58656
G0 F7200 X80.842 Y97.348
G1 F1500 X81.621 Y96.569 E757.60488
G0 F7200 X82.187 Y96.569
G1 F1500 X81.408 Y97.348 E757.62321
G0 F7200 X81.974 Y97.348
G1 F1500 X82.752 Y96.569 E757.64151
G0 F7200 X83.318 Y96.569
G1 F1500 X82.539 Y97.348 E757.65984
G0 F7200 X83.105 Y97.348
G1 F1500 X83.884 Y96.569 E757.67816
G0 F7200 X84.449 Y96.569
G1 F1500 X83.671 Y97.348 E757.69647
G0 F7200 X84.236 Y97.348
G1 F1500 X85.015 Y96.569 E757.71479
G0 F7200 X85.581 Y96.569
G1 F1500 X84.802 Y97.348 E757.73311
G0 F7200 X85.368 Y97.348
G1 F1500 X86.146 Y96.569 E757.75142
G0 F7200 X86.712 Y96.569
G1 F1500 X85.933 Y97.348 E757.76974
G0 F7200 X86.499 Y97.348
G1 F1500 X87.278 Y96.569 E757.78806
G0 F7200 X87.843 Y96.569
G1 F1500 X86.67 Y97.743 E757.81566
G0 F7200 X86.67 Y98.309
G1 F1500 X88.409 Y96.569 E757.85657
G0 F7200 X88.975 Y96.569
G1 F1500 X86.67 Y98.874 E757.91078
G0 F7200 X86.67 Y99.44
G1 F1500 X89.54 Y96.569 E757.97829
G0 F7200 X90.106 Y96.569
G1 F1500 X86.67 Y100.006 E758.05911
G0 F7200 X86.67 Y100.571
G1 F1500 X90.672 Y96.569 E758.15323
G0 F7200 X91.237 Y96.569
G1 F1500 X86.67 Y101.137 E758.26065
G0 F7200 X86.67 Y101.703
G1 F1500 X91.803 Y96.569 E758.38138
G0 F7200 X92.369 Y96.569
G1 F1500 X86.67 Y102.268 E758.51541
G0 F7200 X86.288 Y102.65
G1 F1500 X85.509 Y103.429 E758.53373
G0 F7200 X86.074 Y103.429
G1 F1500 X92.935 Y96.569 E758.69508
G0 F7200 X93.5 Y96.569
G1 F1500 X86.64 Y103.429 E758.85642
G0 F7200 X87.206 Y103.429
G1 F1500 X94.066 Y96.569 E759.01776
G0 F7200 X94.632 Y96.569
G1 F1500 X87.771 Y103.429 E759.17911
G0 F7200 X88.337 Y103.429
G1 F1500 X95.197 Y96.569 E759.34044
G0 F7200 X95.763 Y96.569
G1 F1500 X88.903 Y103.429 E759.50178
G0 F7200 X89.468 Y103.429
G1 F1500 X96.329 Y96.569 E759.66313
G0 F7200 X96.894 Y96.569
G1 F1500 X90.034 Y103.429 E759.82446
G0 F7200 X90.6 Y103.429
G1 F1500 X97.46 Y96.569 E759.9858
G0 F7200 X98.026 Y96.569
G1 F1500 X91.165 Y103.429 E760.14715
G0 F7200 X91.731 Y103.429
G1 F1500 X98.591 Y96.569 E760.30849
G0 F7200 X99.157 Y96.569
G1 F1500 X92.297 Y103.429 E760.46982
G0 F7200 X92.862 Y103.429
G1 F1500 X99.723 Y96.569 E760.63117
G0 F7200 X100.288 Y96.569
G1 F1500 X93.428 Y103.429 E760.79251
G0 F7200 X93.994 Y103.429
G1 F1500 X100.854 Y96.569 E760.95384
G0 F7200 X101.42 Y96.569
G1 F1500 X94.559 Y103.429 E761.11519
G0 F7200 X95.125 Y103.429
G1 F1500 X101.986 Y96.569 E761.27654
G0 F7200 X102.551 Y96.569
G1 F1500 X95.691 Y103.429 E761.43788
G0 F7200 X96.257 Y103.429
G1 F1500 X103.117 Y96.569 E761.59921
G0 F7200 X103.683 Y96.569
G1 F1500 X96.822 Y103.429 E761.76056
G0 F7200 X97.388 Y103.429
G1 F1500 X104.248 Y96.569 E761.9219
G0 F7200 X104.814 Y96.569
G1 F1500 X97.954 Y103.429 E762.08324
G0 F7200 X98.519 Y103.429
G1 F1500 X105.38 Y96.569 E762.24458
G0 F7200 X105.945 Y96.569
G1 F1500 X99.085 Y103.429 E762.40592
G0 F7200 X99.651 Y103.429
G1 F1500 X106.511 Y96.569 E762.56726
G0 F7200 X107.077 Y96.569
G1 F1500 X100.216 Y103.429 E762.72861
G0 F7200 X100.782 Y103.429
G1 F1500 X107.642 Y96.569 E762.88994
G0 F7200 X108.208 Y96.569
G1 F1500 X101.348 Y103.429 E763.05128
G0 F7200 X101.913 Y103.429
G1 F1500 X108.774 Y96.569 E763.21263
G0 F7200 X109.339 Y96.569
G1 F1500 X102.479 Y103.429 E763.37396
G0 F7200 X103.045 Y103.429
G1 F1500 X109.905 Y96.569 E763.5353
G0 F7200 X110.471 Y96.569
G1 F1500 X103.61 Y103.429 E763.69665
G0 F7200 X104.176 Y103.429
G1 F1500 X111.036 Y96.569 E763.85799
G0 F7200 X111.602 Y96.569
G1 F1500 X104.742 Y103.429 E764.01932
G0 F7200 X105.307 Y103.429
G1 F1500 X112.168 Y96.569 E764.18067
G0 F7200 X112.734 Y96.569
G1 F1500 X105.873 Y103.429 E764.34202
G0 F7200 X106.439 Y103.429
G1 F1500 X113.299 Y96.569 E764.50336
G0 F7200 X113.865 Y96.569
G1 F1500 X107.005 Y103.429 E764.66469
G0 F7200 X107.57 Y103.429
G1 F1500 X114.431 Y96.569 E764.82604
G0 F7200 X114.996 Y96.569
G1 F1500 X108.136 Y103.429 E764.98738
G0 F7200 X108.702 Y103.429
G1 F1500 X115.562 Y96.569 E765.14872
G0 F7200 X116.128 Y96.569
G1 F1500 X109.267 Y103.429 E765.31006
G0 F7200 X109.833 Y103.429
G1 F1500 X116.693 Y96.569 E765.4714
G0 F7200 X117.259 Y96.569
G1 F1500 X110.399 Y103.429 E765.63274
G0 F7200 X110.964 Y103.429
G1 F1500 X117.825 Y96.569 E765.79409
G0 F7200 X118.39 Y96.569
G1 F1500 X111.53 Y103.429 E765.95542
G0 F7200 X112.096 Y103.429
G1 F1500 X118.956 Y96.569 E766.11676
G0 F7200 X119.522 Y96.569
G1 F1500 X112.661 Y103.429 E766.27811
G0 F7200 X113.227 Y103.429
G1 F1500 X120.087 Y96.569 E766.43944
G0 F7200 X120.653 Y96.569
G1 F1500 X113.793 Y103.429 E766.60078
G0 F7200 X114.358 Y103.429
G1 F1500 X121.219 Y96.569 E766.76213
G0 F7200 X121.785 Y96.569
G1 F1500 X114.924 Y103.429 E766.92348
G0 F7200 X115.49 Y103.429
G1 F1500 X121.929 Y96.991 E767.0749
G0 F7200 X121.929 Y97.556
G1 F1500 X116.056 Y103.429 E767.21303
G0 F7200 X116.621 Y103.429
G1 F1500 X121.929 Y98.122 E767.33785
G0 F7200 X121.929 Y98.688
G1 F1500 X117.187 Y103.429 E767.44936
G0 F7200 X117.753 Y103.429
G1 F1500 X121.929 Y99.253 E767.54758
G0 F7200 X121.929 Y99.819
G1 F1500 X118.318 Y103.429 E767.63249
G0 F7200 X118.884 Y103.429
G1 F1500 X121.929 Y100.385 E767.70409
G0 F7200 X121.929 Y100.95
G1 F1500 X119.45 Y103.429 E767.76239
G0 F7200 X120.015 Y103.429
G1 F1500 X121.929 Y101.516 E767.8074
G0 F7200 X121.929 Y102.082
G1 F1500 X120.581 Y103.429 E767.83909
G0 F7200 X121.147 Y103.429
G1 F1500 X121.929 Y102.647 E767.85748
G0 F7200 X121.929 Y103.213
G1 F1500 X121.712 Y103.429 E767.86257
G0 F7200 X85.722 Y102.65
G1 F1500 X84.943 Y103.429 E767.88089
G0 F7200 X84.377 Y103.429
G1 F1500 X85.156 Y102.65 E767.89921
G0 F7200 X84.591 Y102.65
G1 F1500 X83.811 Y103.429 E767.91754
G0 F7200 X83.246 Y103.429
G1 F1500 X84.025 Y102.65 E767.93587
G0 F7200 X83.459 Y102.65
G1 F1500 X82.68 Y103.429 E767.95419
G0 F7200 X82.114 Y103.429
G1 F1500 X82.894 Y102.65 E767.97252
G0 F7200 X82.328 Y102.65
G1 F1500 X81.549 Y103.429 E767.99084
G0 F7200 X80.983 Y103.429
G1 F1500 X81.762 Y102.65 E768.00916
G0 F7200 X81.197 Y102.65
G1 F1500 X80.417 Y103.429 E768.02749
G0 F7200 X79.852 Y103.429
G1 F1500 X80.631 Y102.65 E768.04581
G0 F7200 X80.065 Y102.65
G1 F1500 X79.286 Y103.429 E768.06414
G0 F7200 X78.72 Y103.429
G1 F1500 X79.5 Y102.65 E768.08247
G0 F7200 X78.934 Y102.65
G1 F1500 X78.155 Y103.429 E768.10079
G0 F7200 X78.069 Y102.949
G1 F1500 X78.368 Y102.65 E768.10782
G1 F1500 E761.60782
;MESH:NONMESH
G0 F600 X78.368 Y102.65 Z5.3
G0 F7200 X77.343 Y102.082
G0 X77.343 Y100.569
;TIME_ELAPSED:1566.946679
;LAYER:50
;TYPE:SUPPORT
G1 F1500 E768.10782
G1 F3000 X80.01 Y100.569 E768.15217
G1 X80.01 Y99.431 E768.1711
G1 X82.677 Y99.431 E768.21545
G1 X82.677 Y100.569 E768.23438
G1 X84.6 Y100.568 E768.26636
G1 X84.6 Y99.431 E768.28526
G1 X82.677 Y99.431 E768.31724
G0 F7200 X77.343 Y100.569
G1 F3000 X76.7 Y100.569 E768.32794
G1 X76.7 Y99.432 E768.34684
G1 X77.343 Y99.431 E768.35754
G1 X77.343 Y100.569 E768.37646
G1 F1500 E761.87646
;MESH:reed_holder.stl
G0 F7200 X77.343 Y102.068
G0 X77.72 Y102.227
;TYPE:FILL
G1 F1500 E768.37646
G1 F3000 X77.94 Y102.447 E768.38164
G0 F7200 X77.259 Y103.651
G1 F3000 X77.846 Y104.238 E768.39544
G1 X77.916 Y104.308
G0 F7200 X77.916 Y104.3
G0 X79.053 Y103.56
G1 F3000 X79.731 Y104.238 E768.41139
G1 X79.801 Y104.308
G0 F7200 X79.801 Y104.3
G0 X80.938 Y103.56
G1 F3000 X81.617 Y104.238 E768.42734
G1 X81.687 Y104.308
G0 F7200 X81.687 Y104.3
G0 X82.823 Y103.56
G1 F3000 X83.502 Y104.238 E768.4433
G1 X83.572 Y104.308
G0 F7200 X83.572 Y104.3
G0 X84.708 Y103.56
G1 F3000 X85.387 Y104.238 E768.45926
G1 X85.457 Y104.308
G0 F7200 X85.457 Y104.3
G0 X86.593 Y103.56
G1 F3000 X87.272 Y104.238 E768.47522
G1 X87.342 Y104.308
G0 F7200 X87.342 Y104.3
G0 X88.478 Y103.56
G1 F3000 X89.157 Y104.238 E768.49117
G1 X89.227 Y104.308
G0 F7200 X89.227 Y104.3
G0 X90.364 Y103.56
G1 F3000 X91.042 Y104.238 E768.50712
G1 X91.112 Y104.308
G0 F7200 X91.112 Y104.3
G0 X92.249 Y103.56
G1 F3000 X92.927 Y104.238 E768.52307
G1 X92.997 Y104.308
G0 F7200 X92.997 Y104.3
G0 X94.134 Y103.56
G1 F3000 X94.813 Y104.238 E768.53902
G1 X94.883 Y104.308
G0 F7200 X94.883 Y104.3
G0 X96.019 Y103.56
G1 F3000 X96.698 Y104.238 E768.55498
G1 X96.768 Y104.308
G0 F7200 X96.768 Y104.3
G0 X97.904 Y103.56
G1 F3000 X98.583 Y104.238 E768.57094
G1 X98.653 Y104.308
G0 F7200 X98.653 Y104.3
G0 X99.789 Y103.56
G1 F3000 X100.469 Y104.239 E768.58692
G1 X100.539 Y104.309
G0 F7200 X100.539 Y104.3
G0 X101.674 Y103.56
G1 F3000 X102.354 Y104.239 E768.6029
G1 X102.424 Y104.309
G0 F7200 X102.424 Y104.3
G0 X103.56 Y103.56
G1 F3000 X104.239 Y104.239 E768.61887
G1 X104.309 Y104.309
G0 F7200 X104.309 Y104.3
G0 X105.445 Y103.56
G1 F3000 X106.124 Y104.239 E768.63484
G1 X106.194 Y104.309
G0 F7200 X106.194 Y104.3
G0 X107.33 Y103.56
G1 F3000 X108.009 Y104.239 E768.65081
G1 X108.079 Y104.309
G0 F7200 X108.079 Y104.3
G0 X109.215 Y103.56
G1 F3000 X109.895 Y104.239 E768.66679
G1 X109.965 Y104.309
G0 F7200 X109.965 Y104.3
G0 X111.1 Y103.56
G1 F3000 X111.78 Y104.239 E768.68277
G1 X111.85 Y104.309
G0 F7200 X111.85 Y104.3
G0 X112.985 Y103.56
G1 F3000 X113.665 Y104.239 E768.69875
G1 X113.735 Y104.309
G0 F7200 X113.735 Y104.3
G0 X114.87 Y103.56
G1 F3000 X115.55 Y104.239 E768.71473
G1 X115.62 Y104.309
G0 F7200 X115.62 Y104.3
G0 X116.756 Y103.56
G1 F3000 X117.435 Y104.239 E768.7307
G1 X117.505 Y104.309
G0 F7200 X117.505 Y104.3
G0 X118.641 Y103.56
G1 F3000 X119.32 Y104.239 E768.74667
G1 X119.39 Y104.309
G0 F7200 X119.39 Y104.3
G0 X120.526 Y103.56
G1 F3000 X121.205 Y104.239 E768.76264
G1 X121.275 Y104.309
G0 F7200 X121.275 Y104.3
G0 X122.059 Y103.207
G1 F3000 X122.739 Y103.888 E768.77864
G1 X122.809 Y103.958
G0 F7200 X122.8 Y103.958
G0 X122.739 Y102.002
G1 F3000 X122.059 Y101.322 E768.79463
G1 X121.989 Y101.252
G0 F7200 X122.739 Y100.117
G1 F3000 X122.059 Y99.437 E768.81063
G1 X121.989 Y99.367
G0 F7200 X122.739 Y98.232
G1 F3000 X122.059 Y97.552 E768.82662
G1 X121.989 Y97.482
G0 F7200 X122.739 Y96.347
G1 F3000 X122.151 Y95.759 E768.84045
G1 X122.081 Y95.689
G0 F7200 X122.081 Y95.7
G0 X120.946 Y96.439
G1 F3000 X120.266 Y95.759 E768.85644
G1 X120.196 Y95.689
G0 F7200 X120.196 Y95.7
G0 X119.061 Y96.439
G1 F3000 X118.381 Y95.759 E768.87243
G1 X118.311 Y95.689
G0 F7200 X118.311 Y95.7
G0 X117.176 Y96.439
G1 F3000 X116.496 Y95.759 E768.88842
G1 X116.426 Y95.689
G0 F7200 X116.426 Y95.7
G0 X115.29 Y96.439
G1 F3000 X114.611 Y95.759 E768.90441
G1 X114.541 Y95.689
G0 F7200 X114.541 Y95.7
G0 X113.405 Y96.439
G1 F3000 X112.726 Y95.759 E768.92039
G1 X112.656 Y95.689
G0 F7200 X112.656 Y95.7
G0 X111.52 Y96.439
G1 F3000 X110.841 Y95.759 E768.93637
G1 X110.771 Y95.689
G0 F7200 X110.771 Y95.7
G0 X109.635 Y96.439
G1 F3000 X108.955 Y95.759 E768.95236
G1 X108.885 Y95.689
G0 F7200 X108.885 Y95.7
G0 X107.75 Y96.439
G1 F3000 X107.07 Y95.759 E768.96835
G1 X107 Y95.689
G0 F7200 X107 Y95.7
G0 X105.865 Y96.439
G1 F3000 X105.185 Y95.759 E768.98434
G1 X105.115 Y95.689
G0 F7200 X105.115 Y95.7
G0 X103.98 Y96.439
G1 F3000 X103.3 Y95.759 E769.00034
G1 X103.23 Y95.689
G0 F7200 X103.23 Y95.7
G0 X102.094 Y96.439
G1 F3000 X101.415 Y95.759 E769.01632
G1 X101.345 Y95.689
G0 F7200 X101.345 Y95.7
G0 X100.209 Y96.439
G1 F3000 X99.53 Y95.759 E769.0323
G1 X99.46 Y95.689
G0 F7200 X99.46 Y95.7
G0 X98.324 Y96.439
G1 F3000 X97.645 Y95.759 E769.04828
G1 X97.575 Y95.689
G0 F7200 X97.575 Y95.7
G0 X96.439 Y96.439
G1 F3000 X95.759 Y95.759 E769.06427
G1 X95.689 Y95.689
G0 F7200 X95.689 Y95.7
G0 X94.554 Y96.439
G1 F3000 X93.874 Y95.759 E769.08026
G1 X93.804 Y95.689
G0 F7200 X93.804 Y95.7
G0 X92.669 Y96.439
G1 F3000 X91.989 Y95.759 E769.09626
G1 X91.919 Y95.689
G0 F7200 X91.919 Y95.7
G0 X90.784 Y96.439
G1 F3000 X90.104 Y95.759 E769.11225
G1 X90.034 Y95.689
G0 F7200 X90.034 Y95.7
G0 X88.898 Y96.439
G1 F3000 X88.219 Y95.759 E769.12823
G1 X88.149 Y95.689
G0 F7200 X88.149 Y95.7
G0 X87.013 Y96.439
G1 F3000 X86.334 Y95.759 E769.14421
G1 X86.264 Y95.689
G0 F7200 X86.264 Y95.7
G0 X85.128 Y96.439
G1 F3000 X84.449 Y95.759 E769.16019
G1 X84.379 Y95.689
G0 F7200 X84.379 Y95.7
G0 X83.243 Y96.439
G1 F3000 X82.563 Y95.759 E769.17618
G1 X82.493 Y95.689
G0 F7200 X82.493 Y95.7
G0 X81.358 Y96.439
G1 F3000 X80.678 Y95.759 E769.19218
G1 X80.608 Y95.689
G0 F7200 X80.608 Y95.7
G0 X79.473 Y96.439
G1 F3000 X78.793 Y95.759 E769.20817
G1 X78.723 Y95.689
G0 F7200 X78.723 Y95.7
G0 X77.94 Y96.791
G1 F3000 X77.259 Y96.111 E769.22417
G1 X77.189 Y96.041
G0 F7200 X77.2 Y96.041
G0 X86.17 Y97.861
G0 X86.1 Y97.931
;TYPE:WALL-INNER
G1 F3000 X85.9 Y97.931 E769.2275
G1 X77.3 Y97.932 E769.37052
G1 X77.1 Y97.932 E769.37384
G1 X77.1 Y97.732 E769.376
G1 X77.1 Y95.6 E769.41145
G1 X122.9 Y95.6 E770.17311
G1 X122.9 Y104.4 E770.31946
G1 X77.1 Y104.4 E771.08111
G1 X77.1 Y102.068 E771.11989
G1 X86.1 Y102.067 E771.26956
G1 X86.1 Y98.131 E771.33502
G1 X86.1 Y97.931 E771.33717
G0 F7200 X86.17 Y97.861
G0 X86.2 Y101.668
G0 X85.7 Y101.668
;TYPE:WALL-OUTER
G1 F1500 X85.7 Y98.531 E771.38934
G1 X85.7 Y98.331 E771.39267
G1 X85.5 Y98.331 E771.39482
G1 X76.9 Y98.332 E771.53784
G1 X76.7 Y98.332 E771.54117
G1 X76.7 Y98.132 E771.54332
G1 X76.7 Y95.2 E771.59208
G1 X123.3 Y95.2 E772.36704
G1 X123.3 Y104.8 E772.52669
G1 X76.7 Y104.8 E773.30165
G1 X76.7 Y101.669 E773.35372
G1 X77.106 Y101.668 E773.36047
G1 X85.7 Y101.668 E773.50339
G0 F7200 X85.7 Y101.468
G0 X86.2 Y101.468
G0 X86.49 Y102.457
;TYPE:SKIN
G1 F1500 X86.49 Y97.541 E773.58514
G1 X77.89 Y97.542 E773.72816
G1 X77.89 Y96.39 E773.74732
G1 X122.11 Y96.39 E774.4827
G1 X122.11 Y103.61 E774.60277
G1 X77.89 Y103.61 E775.33815
G1 X77.89 Y102.458 E775.35731
G1 X86.49 Y102.457 E775.50033
G0 F7200 X78.539 Y103.429
G1 F1500 X78.069 Y102.959 E775.51138
G0 F7200 X78.312 Y102.637
G1 F1500 X79.104 Y103.429 E775.53001
G0 F7200 X79.67 Y103.429
G1 F1500 X78.878 Y102.637 E775.54864
G0 F7200 X79.444 Y102.637
G1 F1500 X80.236 Y103.429 E775.56726
G0 F7200 X80.801 Y103.429
G1 F1500 X80.009 Y102.637 E775.58589
G0 F7200 X80.575 Y102.637
G1 F1500 X81.367 Y103.429 E775.60452
G0 F7200 X81.933 Y103.429
G1 F1500 X81.141 Y102.637 E775.62314
G0 F7200 X81.706 Y102.637
G1 F1500 X82.498 Y103.429 E775.64177
G0 F7200 X83.064 Y103.429
G1 F1500 X82.272 Y102.637 E775.6604
G0 F7200 X82.838 Y102.637
G1 F1500 X83.63 Y103.429 E775.67902
G0 F7200 X84.195 Y103.429
G1 F1500 X83.403 Y102.637 E775.69765
G0 F7200 X83.969 Y102.637
G1 F1500 X84.761 Y103.429 E775.71628
G0 F7200 X85.327 Y103.429
G1 F1500 X84.535 Y102.637 E775.7349
G0 F7200 X85.101 Y102.637
G1 F1500 X85.892 Y103.429 E775.75352
G0 F7200 X86.458 Y103.429
G1 F1500 X85.666 Y102.637 E775.77214
G0 F7200 X86.232 Y102.637
G1 F1500 X87.024 Y103.429 E775.79077
G0 F7200 X87.59 Y103.429
G1 F1500 X86.67 Y102.509 E775.81241
G0 F7200 X86.67 Y101.943
G1 F1500 X88.155 Y103.429 E775.84734
G0 F7200 X88.721 Y103.429
G1 F1500 X86.67 Y101.377 E775.89559
G0 F7200 X86.67 Y100.812
G1 F1500 X89.287 Y103.429 E775.95714
G0 F7200 X89.852 Y103.429
G1 F1500 X86.67 Y100.246 E776.03199
G0 F7200 X86.67 Y99.68
G1 F1500 X90.418 Y103.429 E776.12015
G0 F7200 X90.984 Y103.429
G1 F1500 X86.67 Y99.115 E776.2216
G0 F7200 X86.67 Y98.549
G1 F1500 X91.549 Y103.429 E776.33636
G0 F7200 X92.115 Y103.429
G1 F1500 X86.67 Y97.983 E776.46443
G0 F7200 X86.67 Y97.418
G1 F1500 X92.681 Y103.429 E776.6058
G0 F7200 X93.246 Y103.429
G1 F1500 X86.387 Y96.569 E776.76713
G0 F7200 X86.952 Y96.569
G1 F1500 X93.812 Y103.429 E776.92846
G0 F7200 X94.378 Y103.429
G1 F1500 X87.518 Y96.569 E777.0898
G0 F7200 X88.084 Y96.569
G1 F1500 X94.943 Y103.429 E777.25113
G0 F7200 X95.509 Y103.429
G1 F1500 X88.649 Y96.569 E777.41246
G0 F7200 X89.215 Y96.569
G1 F1500 X96.075 Y103.429 E777.5738
G0 F7200 X96.64 Y103.429
G1 F1500 X89.781 Y96.569 E777.73512
G0 F7200 X90.347 Y96.569
G1 F1500 X97.206 Y103.429 E777.89645
G0 F7200 X97.772 Y103.429
G1 F1500 X90.912 Y96.569 E778.05779
G0 F7200 X91.478 Y96.569
G1 F1500 X98.338 Y103.429 E778.21912
G0 F7200 X98.903 Y103.429
G1 F1500 X92.044 Y96.569 E778.38045
G0 F7200 X92.609 Y96.569
G1 F1500 X99.469 Y103.429 E778.54178
G0 F7200 X100.035 Y103.429
G1 F1500 X93.175 Y96.569 E778.70312
G0 F7200 X93.741 Y96.569
G1 F1500 X100.6 Y103.429 E778.86445
G0 F7200 X101.166 Y103.429
G1 F1500 X94.306 Y96.569 E779.02578
G0 F7200 X94.872 Y96.569
G1 F1500 X101.732 Y103.429 E779.18712
G0 F7200 X102.297 Y103.429
G1 F1500 X95.438 Y96.569 E779.34844
G0 F7200 X96.003 Y96.569
G1 F1500 X102.863 Y103.429 E779.50978
G0 F7200 X103.429 Y103.429
G1 F1500 X96.569 Y96.569 E779.67112
G0 F7200 X97.135 Y96.569
G1 F1500 X103.994 Y103.429 E779.83244
G0 F7200 X104.56 Y103.429
G1 F1500 X97.7 Y96.569 E779.99378
G0 F7200 X98.266 Y96.569
G1 F1500 X105.126 Y103.429 E780.15512
G0 F7200 X105.691 Y103.429
G1 F1500 X98.832 Y96.569 E780.31644
G0 F7200 X99.398 Y96.569
G1 F1500 X106.257 Y103.429 E780.47777
G0 F7200 X106.823 Y103.429
G1 F1500 X99.963 Y96.569 E780.6391
G0 F7200 X100.529 Y96.569
G1 F1500 X107.389 Y103.429 E780.80044
G0 F7200 X107.954 Y103.429
G1 F1500 X101.095 Y96.569 E780.96176
G0 F7200 X101.66 Y96.569
G1 F1500 X108.52 Y103.429 E781.1231
G0 F7200 X109.086 Y103.429
G1 F1500 X102.226 Y96.569 E781.28444
G0 F7200 X102.792 Y96.569
G1 F1500 X109.651 Y103.429 E781.44576
G0 F7200 X110.217 Y103.429
G1 F1500 X103.357 Y96.569 E781.6071
G0 F7200 X103.923 Y96.569
G1 F1500 X110.783 Y103.429 E781.76844
G0 F7200 X111.348 Y103.429
G1 F1500 X104.489 Y96.569 E781.92976
G0 F7200 X105.054 Y96.569
G1 F1500 X111.914 Y103.429 E782.0911
G0 F7200 X112.48 Y103.429
G1 F1500 X105.62 Y96.569 E782.25243
G0 F7200 X106.186 Y96.569
G1 F1500 X113.045 Y103.429 E782.41376
G0 F7200 X113.611 Y103.429
G1 F1500 X106.751 Y96.569 E782.57509
G0 F7200 X107.317 Y96.569
G1 F1500 X114.177 Y103.429 E782.73643
G0 F7200 X114.742 Y103.429
G1 F1500 X107.883 Y96.569 E782.89776
G0 F7200 X108.448 Y96.569
G1 F1500 X115.308 Y103.429 E783.05909
G0 F7200 X115.874 Y103.429
G1 F1500 X109.014 Y96.569 E783.22043
G0 F7200 X109.58 Y96.569
G1 F1500 X116.439 Y103.429 E783.38175
G0 F7200 X117.005 Y103.429
G1 F1500 X110.146 Y96.569 E783.54308
G0 F7200 X110.711 Y96.569
G1 F1500 X117.571 Y103.429 E783.70442
G0 F7200 X118.137 Y103.429
G1 F1500 X111.277 Y96.569 E783.86575
G0 F7200 X111.843 Y96.569
G1 F1500 X118.702 Y103.429 E784.02708
G0 F7200 X119.268 Y103.429
G1 F1500 X112.408 Y96.569 E784.18841
G0 F7200 X112.974 Y96.569
G1 F1500 X119.834 Y103.429 E784.34975
G0 F7200 X120.399 Y103.429
G1 F1500 X113.54 Y96.569 E784.51108
G0 F7200 X114.105 Y96.569
G1 F1500 X120.965 Y103.429 E784.67241
G0 F7200 X121.531 Y103.429
G1 F1500 X114.671 Y96.569 E784.83375
G0 F7200 X115.237 Y96.569
G1 F1500 X121.929 Y103.261 E784.99114
G0 F7200 X121.929 Y102.695
G1 F1500 X115.802 Y96.569 E785.13522
G0 F7200 X116.368 Y96.569
G1 F1500 X121.929 Y102.13 E785.26601
G0 F7200 X121.929 Y101.564
G1 F1500 X116.934 Y96.569 E785.38348
G0 F7200 X117.499 Y96.569
G1 F1500 X121.929 Y100.998 E785.48766
G0 F7200 X121.929 Y100.433
G1 F1500 X118.065 Y96.569 E785.57853
G0 F7200 X118.631 Y96.569
G1 F1500 X121.929 Y99.867 E785.6561
G0 F7200 X121.929 Y99.301
G1 F1500 X119.196 Y96.569 E785.72036
G0 F7200 X119.762 Y96.569
G1 F1500 X121.929 Y98.736 E785.77133
G0 F7200 X121.929 Y98.17
G1 F1500 X120.328 Y96.569 E785.80898
G0 F7200 X120.894 Y96.569
G1 F1500 X121.929 Y97.604 E785.83332
G0 F7200 X121.929 Y97.039
G1 F1500 X121.459 Y96.569 E785.84437
G0 F7200 X86.612 Y97.36
G1 F1500 X85.821 Y96.569 E785.86298
G0 F7200 X85.255 Y96.569
G1 F1500 X86.046 Y97.36 E785.88158
G0 F7200 X85.48 Y97.36
G1 F1500 X84.69 Y96.569 E785.90017
G0 F7200 X84.124 Y96.569
G1 F1500 X84.915 Y97.36 E785.91877
G0 F7200 X84.349 Y97.36
G1 F1500 X83.558 Y96.569 E785.93738
G0 F7200 X82.993 Y96.569
G1 F1500 X83.783 Y97.36 E785.95597
G0 F7200 X83.217 Y97.36
G1 F1500 X82.427 Y96.569 E785.97456
G0 F7200 X81.861 Y96.569
G1 F1500 X82.652 Y97.36 E785.99316
G0 F7200 X82.087 Y97.36
G1 F1500 X81.296 Y96.569 E786.01177
G0 F7200 X80.73 Y96.569
G1 F1500 X81.521 Y97.36 E786.03037
G0 F7200 X80.955 Y97.36
G1 F1500 X80.164 Y96.569 E786.04897
G0 F7200 X79.599 Y96.569
G1 F1500 X80.39 Y97.36 E786.06758
G0 F7200 X79.824 Y97.36
G1 F1500 X79.033 Y96.569 E786.08618
G0 F7200 X78.467 Y96.569
G1 F1500 X79.258 Y97.36 E786.10478
G0 F7200 X78.693 Y97.36
G1 F1500 X78.07 Y96.737 E786.11943
G0 F7200 X78.07 Y97.303
G1 F1500 X78.127 Y97.36 E786.12077
G1 F1500 E779.62077
;MESH:NONMESH
G0 F600 X78.127 Y97.36 Z5.4
G0 F7200 X77.343 Y97.931
G0 X77.343 Y100.557
;TIME_ELAPSED:1612.455750
;LAYER:51
;TYPE:SUPPORT
G1 F1500 E786.12077
G1 F3000 X80.01 Y100.557 E786.16513
G1 X80.01 Y99.443 E786.18365
G1 X82.677 Y99.443 E786.228
G1 X82.677 Y100.556 E786.24651
G1 X84.6 Y100.555 E786.27849
G1 X84.6 Y99.443 E786.29699
G1 X82.677 Y99.443 E786.32897
G0 F7200 X77.343 Y100.557
G1 F3000 X76.7 Y100.557 E786.33966
G1 X76.7 Y99.443 E786.35819
G1 X77.343 Y99.443 E786.36888
G1 X77.343 Y100.557 E786.3874
G1 F1500 E779.8874
;MESH:reed_holder.stl
G0 F7200 X77.343 Y102.057
G0 X77.939 Y103.208
;TYPE:FILL
G1 F1500 E786.3874
G1 F3000 X77.259 Y103.888 E786.4034
G1 X77.189 Y103.958
G0 F7200 X77.2 Y103.958
G0 X78.793 Y104.239
G1 F3000 X79.473 Y103.559 E786.41939
G1 X79.543 Y103.489
G0 F7200 X80.678 Y104.239
G1 F3000 X81.358 Y103.559 E786.43538
G1 X81.428 Y103.489
G0 F7200 X82.563 Y104.239
G1 F3000 X83.244 Y103.559 E786.45139
G1 X83.314 Y103.489
G0 F7200 X84.449 Y104.239
G1 F3000 X85.129 Y103.559 E786.46738
G1 X85.199 Y103.489
G0 F7200 X86.334 Y104.239
G1 F3000 X87.014 Y103.559 E786.48337
G1 X87.084 Y103.489
G0 F7200 X88.219 Y104.239
G1 F3000 X88.899 Y103.559 E786.49936
G1 X88.969 Y103.489
G0 F7200 X90.104 Y104.239
G1 F3000 X90.784 Y103.559 E786.51536
G1 X90.854 Y103.489
G0 F7200 X91.989 Y104.239
G1 F3000 X92.669 Y103.559 E786.53135
G1 X92.739 Y103.489
G0 F7200 X93.874 Y104.239
G1 F3000 X94.555 Y103.559 E786.54735
G1 X94.625 Y103.489
G0 F7200 X95.759 Y104.239
G1 F3000 X96.44 Y103.559 E786.56336
G1 X96.51 Y103.489
G0 F7200 X97.645 Y104.239
G1 F3000 X98.325 Y103.559 E786.57935
G1 X98.395 Y103.489
G0 F7200 X99.53 Y104.239
G1 F3000 X100.21 Y103.559 E786.59534
G1 X100.28 Y103.489
G0 F7200 X101.414 Y104.24
G1 F3000 X102.095 Y103.559 E786.61136
G1 X102.165 Y103.489
G0 F7200 X103.299 Y104.24
G1 F3000 X103.98 Y103.559 E786.62737
G1 X104.05 Y103.489
G0 F7200 X105.184 Y104.24
G1 F3000 X105.865 Y103.559 E786.64339
G1 X105.935 Y103.489
G0 F7200 X107.07 Y104.24
G1 F3000 X107.751 Y103.559 E786.65941
G1 X107.821 Y103.489
G0 F7200 X108.955 Y104.24
G1 F3000 X109.636 Y103.559 E786.67542
G1 X109.706 Y103.489
G0 F7200 X110.84 Y104.24
G1 F3000 X111.521 Y103.559 E786.69144
G1 X111.591 Y103.489
G0 F7200 X112.725 Y104.24
G1 F3000 X113.406 Y103.559 E786.70746
G1 X113.476 Y103.489
G0 F7200 X114.61 Y104.24
G1 F3000 X115.291 Y103.559 E786.72347
G1 X115.361 Y103.489
G0 F7200 X116.495 Y104.24
G1 F3000 X117.176 Y103.559 E786.73949
G1 X117.246 Y103.489
G0 F7200 X118.38 Y104.24
G1 F3000 X119.061 Y103.559 E786.7555
G1 X119.131 Y103.489
G0 F7200 X120.266 Y104.24
G1 F3000 X120.947 Y103.559 E786.77152
G1 X121.017 Y103.489
G0 F7200 X122.151 Y104.24
G1 F3000 X122.738 Y103.652 E786.78534
G1 X122.808 Y103.582
G0 F7200 X122.8 Y103.582
G0 X122.059 Y102.447
G1 F3000 X122.738 Y101.767 E786.80132
G1 X122.808 Y101.697
G0 F7200 X122.8 Y101.697
G0 X122.059 Y100.561
G1 F3000 X122.738 Y99.882 E786.81729
G1 X122.808 Y99.812
G0 F7200 X122.8 Y99.812
G0 X122.059 Y98.676
G1 F3000 X122.738 Y97.997 E786.83326
G1 X122.808 Y97.927
G0 F7200 X122.8 Y97.927
G0 X122.059 Y96.791
G1 F3000 X122.738 Y96.112 E786.84922
G1 X122.808 Y96.042
G0 F7200 X122.8 Y96.042
G0 X121.206 Y95.759
G1 F3000 X120.526 Y96.439 E786.86522
G1 X120.456 Y96.509
G0 F7200 X119.321 Y95.759
G1 F3000 X118.641 Y96.439 E786.88121
G1 X118.571 Y96.509
G0 F7200 X117.436 Y95.759
G1 F3000 X116.756 Y96.439 E786.8972
G1 X116.686 Y96.509
G0 F7200 X115.551 Y95.759
G1 F3000 X114.87 Y96.439 E786.91321
G1 X114.8 Y96.509
G0 F7200 X113.666 Y95.759
G1 F3000 X112.985 Y96.439 E786.92921
G1 X112.915 Y96.509
G0 F7200 X111.78 Y95.759
G1 F3000 X111.1 Y96.439 E786.9452
G1 X111.03 Y96.509
G0 F7200 X109.895 Y95.759
G1 F3000 X109.215 Y96.439 E786.9612
G1 X109.145 Y96.509
G0 F7200 X108.01 Y95.759
G1 F3000 X107.33 Y96.439 E786.97719
G1 X107.26 Y96.509
G0 F7200 X106.125 Y95.759
G1 F3000 X105.445 Y96.439 E786.99318
G1 X105.375 Y96.509
G0 F7200 X104.24 Y95.759
G1 F3000 X103.56 Y96.439 E787.00917
G1 X103.49 Y96.509
G0 F7200 X102.355 Y95.759
G1 F3000 X101.674 Y96.439 E787.02518
G1 X101.604 Y96.509
G0 F7200 X100.469 Y95.759
G1 F3000 X99.789 Y96.439 E787.04117
G1 X99.719 Y96.509
G0 F7200 X98.584 Y95.759
G1 F3000 X97.904 Y96.439 E787.05716
G1 X97.834 Y96.509
G0 F7200 X96.699 Y95.759
G1 F3000 X96.019 Y96.439 E787.07316
G1 X95.949 Y96.509
G0 F7200 X94.814 Y95.759
G1 F3000 X94.134 Y96.439 E787.08915
G1 X94.064 Y96.509
G0 F7200 X92.929 Y95.759
G1 F3000 X92.249 Y96.439 E787.10514
G1 X92.179 Y96.509
G0 F7200 X91.044 Y95.759
G1 F3000 X90.364 Y96.439 E787.12113
G1 X90.294 Y96.509
G0 F7200 X89.159 Y95.759
G1 F3000 X88.478 Y96.439 E787.13714
G1 X88.408 Y96.509
G0 F7200 X87.273 Y95.759
G1 F3000 X86.593 Y96.439 E787.15313
G1 X86.523 Y96.509
G0 F7200 X85.388 Y95.759
G1 F3000 X84.708 Y96.439 E787.16912
G1 X84.638 Y96.509
G0 F7200 X83.503 Y95.759
G1 F3000 X82.823 Y96.439 E787.18512
G1 X82.753 Y96.509
G0 F7200 X81.618 Y95.759
G1 F3000 X80.938 Y96.439 E787.20111
G1 X80.868 Y96.509
G0 F7200 X79.733 Y95.759
G1 F3000 X79.053 Y96.439 E787.2171
G1 X78.983 Y96.509
G0 F7200 X77.848 Y95.759
G1 F3000 X77.26 Y96.346 E787.23092
G1 X77.19 Y96.416
G0 F7200 X77.2 Y96.416
G0 X77.939 Y97.553
G1 F3000 X77.71 Y97.782 E787.2363
G0 F7200 X86.17 Y97.873
G0 X86.1 Y97.943
;TYPE:WALL-INNER
G1 F3000 X77.1 Y97.943 E787.38597
G1 X77.1 Y95.6 E787.42494
G1 X122.9 Y95.6 E788.1866
G1 X122.9 Y104.4 E788.33294
G1 X77.1 Y104.4 E789.0946
G1 X77.1 Y102.057 E789.13356
G1 X86.1 Y102.055 E789.28323
G1 X86.1 Y97.943 E789.35161
G0 F7200 X85.7 Y98.343
;TYPE:WALL-OUTER
G1 F1500 X76.7 Y98.343 E789.50129
G1 X76.7 Y95.2 E789.55355
G1 X123.3 Y95.2 E790.32851
G1 X123.3 Y104.8 E790.48816
G1 X76.7 Y104.8 E791.26312
G1 X76.7 Y101.657 E791.31539
G1 X85.7 Y101.655 E791.46506
G1 X85.7 Y98.343 E791.52014
G0 F7200 X85.5 Y98.343
G0 X85.5 Y97.843
G0 X86.49 Y97.553
;TYPE:SKIN
G1 F1500 X77.89 Y97.553 E791.66316
G1 X77.89 Y96.39 E791.6825
G1 X122.11 Y96.39 E792.41788
G1 X122.11 Y103.61 E792.53795
G1 X77.89 Y103.61 E793.27333
G1 X77.89 Y102.447 E793.29267
G1 X86.49 Y102.445 E793.43569
G1 X86.49 Y97.553 E793.51705
G0 F7200 X78.07 Y96.726
G1 F1500 X78.227 Y96.569 E793.52074
G0 F7200 X78.792 Y96.569
G1 F1500 X78.07 Y97.292 E793.53773
G0 F7200 X78.555 Y97.372
G1 F1500 X79.358 Y96.569 E793.55662
G0 F7200 X79.924 Y96.569
G1 F1500 X79.121 Y97.372 E793.5755
G0 F7200 X79.686 Y97.372
G1 F1500 X80.489 Y96.569 E793.59439
G0 F7200 X81.055 Y96.569
G1 F1500 X80.252 Y97.372 E793.61327
G0 F7200 X80.818 Y97.372
G1 F1500 X81.621 Y96.569 E793.63216
G0 F7200 X82.187 Y96.569
G1 F1500 X81.383 Y97.372 E793.65106
G0 F7200 X81.949 Y97.372
G1 F1500 X82.752 Y96.569 E793.66994
G0 F7200 X83.318 Y96.569
G1 F1500 X82.515 Y97.372 E793.68883
G0 F7200 X83.08 Y97.372
G1 F1500 X83.884 Y96.569 E793.70772
G0 F7200 X84.449 Y96.569
G1 F1500 X83.646 Y97.372 E793.72661
G0 F7200 X84.212 Y97.372
G1 F1500 X85.015 Y96.569 E793.74549
G0 F7200 X85.581 Y96.569
G1 F1500 X84.777 Y97.372 E793.76439
G0 F7200 X85.343 Y97.372
G1 F1500 X86.146 Y96.569 E793.78328
G0 F7200 X86.712 Y96.569
G1 F1500 X85.909 Y97.372 E793.80216
G0 F7200 X86.474 Y97.372
G1 F1500 X87.278 Y96.569 E793.82106
G0 F7200 X87.843 Y96.569
G1 F1500 X86.67 Y97.743 E793.84866
G0 F7200 X86.67 Y98.309
G1 F1500 X88.409 Y96.569 E793.88957
G0 F7200 X88.975 Y96.569
G1 F1500 X86.67 Y98.874 E793.94378
G0 F7200 X86.67 Y99.44
G1 F1500 X89.54 Y96.569 E794.01129
G0 F7200 X90.106 Y96.569
G1 F1500 X86.67 Y100.006 E794.09211
G0 F7200 X86.67 Y100.571
G1 F1500 X90.672 Y96.569 E794.18623
G0 F7200 X91.237 Y96.569
G1 F1500 X86.67 Y101.137 E794.29365
G0 F7200 X86.67 Y101.703
G1 F1500 X91.803 Y96.569 E794.41438
G0 F7200 X92.369 Y96.569
G1 F1500 X86.67 Y102.268 E794.54841
G0 F7200 X86.315 Y102.623
G1 F1500 X85.509 Y103.429 E794.56737
G0 F7200 X86.074 Y103.429
G1 F1500 X92.935 Y96.569 E794.72872
G0 F7200 X93.5 Y96.569
G1 F1500 X86.64 Y103.429 E794.89006
G0 F7200 X87.206 Y103.429
G1 F1500 X94.066 Y96.569 E795.05139
G0 F7200 X94.632 Y96.569
G1 F1500 X87.771 Y103.429 E795.21274
G0 F7200 X88.337 Y103.429
G1 F1500 X95.197 Y96.569 E795.37408
G0 F7200 X95.763 Y96.569
G1 F1500 X88.903 Y103.429 E795.53541
G0 F7200 X89.468 Y103.429
G1 F1500 X96.329 Y96.569 E795.69676
G0 F7200 X96.894 Y96.569
G1 F1500 X90.034 Y103.429 E795.8581
G0 F7200 X90.6 Y103.429
G1 F1500 X97.46 Y96.569 E796.01944
G0 F7200 X98.026 Y96.569
G1 F1500 X91.165 Y103.429 E796.18078
G0 F7200 X91.731 Y103.429
G1 F1500 X98.591 Y96.569 E796.34212
G0 F7200 X99.157 Y96.569
G1 F1500 X92.297 Y103.429 E796.50346
G0 F7200 X92.862 Y103.429
G1 F1500 X99.723 Y96.569 E796.66481
G0 F7200 X100.288 Y96.569
G1 F1500 X93.428 Y103.429 E796.82614
G0 F7200 X93.994 Y103.429
G1 F1500 X100.854 Y96.569 E796.98748
G0 F7200 X101.42 Y96.569
G1 F1500 X94.559 Y103.429 E797.14883
G0 F7200 X95.125 Y103.429
G1 F1500 X101.986 Y96.569 E797.31018
G0 F7200 X102.551 Y96.569
G1 F1500 X95.691 Y103.429 E797.47151
G0 F7200 X96.257 Y103.429
G1 F1500 X103.117 Y96.569 E797.63285
G0 F7200 X103.683 Y96.569
G1 F1500 X96.822 Y103.429 E797.7942
G0 F7200 X97.388 Y103.429
G1 F1500 X104.248 Y96.569 E797.95553
G0 F7200 X104.814 Y96.569
G1 F1500 X97.954 Y103.429 E798.11687
G0 F7200 X98.519 Y103.429
G1 F1500 X105.38 Y96.569 E798.27822
G0 F7200 X105.945 Y96.569
G1 F1500 X99.085 Y103.429 E798.43956
G0 F7200 X99.651 Y103.429
G1 F1500 X106.511 Y96.569 E798.60089
G0 F7200 X107.077 Y96.569
G1 F1500 X100.216 Y103.429 E798.76224
G0 F7200 X100.782 Y103.429
G1 F1500 X107.642 Y96.569 E798.92358
G0 F7200 X108.208 Y96.569
G1 F1500 X101.348 Y103.429 E799.08492
G0 F7200 X101.913 Y103.429
G1 F1500 X108.774 Y96.569 E799.24626
G0 F7200 X109.339 Y96.569
G1 F1500 X102.479 Y103.429 E799.4076
G0 F7200 X103.045 Y103.429
G1 F1500 X109.905 Y96.569 E799.56894
G0 F7200 X110.471 Y96.569
G1 F1500 X103.61 Y103.429 E799.73029
G0 F7200 X104.176 Y103.429
G1 F1500 X111.036 Y96.569 E799.89162
G0 F7200 X111.602 Y96.569
G1 F1500 X104.742 Y103.429 E800.05296
G0 F7200 X105.307 Y103.429
G1 F1500 X112.168 Y96.569 E800.21431
G0 F7200 X112.734 Y96.569
G1 F1500 X105.873 Y103.429 E800.37566
G0 F7200 X106.439 Y103.429
G1 F1500 X113.299 Y96.569 E800.53699
G0 F7200 X113.865 Y96.569
G1 F1500 X107.005 Y103.429 E800.69833
G0 F7200 X107.57 Y103.429
G1 F1500 X114.431 Y96.569 E800.85968
G0 F7200 X114.996 Y96.569
G1 F1500 X108.136 Y103.429 E801.02101
G0 F7200 X108.702 Y103.429
G1 F1500 X115.562 Y96.569 E801.18235
G0 F7200 X116.128 Y96.569
G1 F1500 X109.267 Y103.429 E801.3437
G0 F7200 X109.833 Y103.429
G1 F1500 X116.693 Y96.569 E801.50504
G0 F7200 X117.259 Y96.569
G1 F1500 X110.399 Y103.429 E801.66637
G0 F7200 X110.964 Y103.429
G1 F1500 X117.825 Y96.569 E801.82772
G0 F7200 X118.39 Y96.569
G1 F1500 X111.53 Y103.429 E801.98906
G0 F7200 X112.096 Y103.429
G1 F1500 X118.956 Y96.569 E802.15039
G0 F7200 X119.522 Y96.569
G1 F1500 X112.661 Y103.429 E802.31174
G0 F7200 X113.227 Y103.429
G1 F1500 X120.087 Y96.569 E802.47308
G0 F7200 X120.653 Y96.569
G1 F1500 X113.793 Y103.429 E802.63442
G0 F7200 X114.358 Y103.429
G1 F1500 X121.219 Y96.569 E802.79576
G0 F7200 X121.785 Y96.569
G1 F1500 X114.924 Y103.429 E802.95711
G0 F7200 X115.49 Y103.429
G1 F1500 X121.929 Y96.991 E803.10854
G0 F7200 X121.929 Y97.556
G1 F1500 X116.056 Y103.429 E803.24666
G0 F7200 X116.621 Y103.429
G1 F1500 X121.929 Y98.122 E803.37149
G0 F7200 X121.929 Y98.688
G1 F1500 X117.187 Y103.429 E803.483
G0 F7200 X117.753 Y103.429
G1 F1500 X121.929 Y99.253 E803.58121
G0 F7200 X121.929 Y99.819
G1 F1500 X118.318 Y103.429 E803.66612
G0 F7200 X118.884 Y103.429
G1 F1500 X121.929 Y100.385 E803.73773
G0 F7200 X121.929 Y100.95
G1 F1500 X119.45 Y103.429 E803.79603
G0 F7200 X120.015 Y103.429
G1 F1500 X121.929 Y101.516 E803.84103
G0 F7200 X121.929 Y102.082
G1 F1500 X120.581 Y103.429 E803.87272
G0 F7200 X121.147 Y103.429
G1 F1500 X121.929 Y102.647 E803.89111
G0 F7200 X121.929 Y103.213
G1 F1500 X121.712 Y103.429 E803.89621
G0 F7200 X85.749 Y102.623
G1 F1500 X84.943 Y103.429 E803.91516
G0 F7200 X84.377 Y103.429
G1 F1500 X85.183 Y102.623 E803.93412
G0 F7200 X84.618 Y102.623
G1 F1500 X83.811 Y103.429 E803.95309
G0 F7200 X83.246 Y103.429
G1 F1500 X84.051 Y102.624 E803.97202
G0 F7200 X83.485 Y102.624
G1 F1500 X82.68 Y103.429 E803.99095
G0 F7200 X82.114 Y103.429
G1 F1500 X82.92 Y102.624 E804.00989
G0 F7200 X82.353 Y102.625
G1 F1500 X81.549 Y103.429 E804.0288
G0 F7200 X80.983 Y103.429
G1 F1500 X81.788 Y102.625 E804.04772
G0 F7200 X81.222 Y102.625
G1 F1500 X80.417 Y103.429 E804.06664
G0 F7200 X79.852 Y103.429
G1 F1500 X80.656 Y102.625 E804.08555
G0 F7200 X80.09 Y102.625
G1 F1500 X79.286 Y103.429 E804.10446
G0 F7200 X78.72 Y103.429
G1 F1500 X79.524 Y102.625 E804.12337
G0 F7200 X78.959 Y102.625
G1 F1500 X78.155 Y103.429 E804.14228
G0 F7200 X78.07 Y102.949
G1 F1500 X78.393 Y102.625 E804.14989
G1 F1500 E797.64989
;MESH:NONMESH
G0 F600 X78.393 Y102.625 Z5.5
G0 F7200 X77.343 Y102.057
G0 X77.343 Y100.522
;TIME_ELAPSED:1657.864167
;LAYER:52
;TYPE:SUPPORT
G1 F1500 E804.14989
G1 F3000 X80.01 Y100.522 E804.19424
G1 X80.01 Y99.478 E804.2116
G1 X82.677 Y99.478 E804.25595
G1 X82.677 Y100.522 E804.27332
G1 X84.6 Y100.521 E804.3053
G1 X84.6 Y99.478 E804.32264
G1 X82.677 Y99.478 E804.35462
G0 F7200 X77.343 Y100.522
G1 F3000 X76.7 Y100.522 E804.36531
G1 X76.7 Y99.479 E804.38266
G1 X77.343 Y99.478 E804.39335
G1 X77.343 Y100.522 E804.41071
G1 F1500 E797.91071
;MESH:reed_holder.stl
G0 F7200 X77.343 Y102.022
G0 X77.674 Y102.181
;TYPE:FILL
G1 F1500 E804.41071
G1 F3000 X77.94 Y102.447 E804.41697
G0 F7200 X77.259 Y103.651
G1 F3000 X77.846 Y104.238 E804.43077
G1 X77.916 Y104.308
G0 F7200 X77.916 Y104.3
G0 X79.053 Y103.56
G1 F3000 X79.731 Y104.238 E804.44672
G1 X79.801 Y104.308
G0 F7200 X79.801 Y104.3
G0 X80.938 Y103.56
G1 F3000 X81.617 Y104.238 E804.46268
G1 X81.687 Y104.308
G0 F7200 X81.687 Y104.3
G0 X82.823 Y103.56
G1 F3000 X83.502 Y104.238 E804.47863
G1 X83.572 Y104.308
G0 F7200 X83.572 Y104.3
G0 X84.708 Y103.56
G1 F3000 X85.387 Y104.238 E804.49459
G1 X85.457 Y104.308
G0 F7200 X85.457 Y104.3
G0 X86.593 Y103.56
G1 F3000 X87.272 Y104.238 E804.51055
G1 X87.342 Y104.308
G0 F7200 X87.342 Y104.3
G0 X88.478 Y103.56
G1 F3000 X89.157 Y104.238 E804.52651
G1 X89.227 Y104.308
G0 F7200 X89.227 Y104.3
G0 X90.364 Y103.56
G1 F3000 X91.042 Y104.238 E804.54245
G1 X91.112 Y104.308
G0 F7200 X91.112 Y104.3
G0 X92.249 Y103.56
G1 F3000 X92.927 Y104.238 E804.5584
G1 X92.997 Y104.308
G0 F7200 X92.997 Y104.3
G0 X94.134 Y103.56
G1 F3000 X94.813 Y104.238 E804.57436
G1 X94.883 Y104.308
G0 F7200 X94.883 Y104.3
G0 X96.019 Y103.56
G1 F3000 X96.698 Y104.238 E804.59031
G1 X96.768 Y104.308
G0 F7200 X96.768 Y104.3
G0 X97.904 Y103.56
G1 F3000 X98.583 Y104.238 E804.60627
G1 X98.653 Y104.308
G0 F7200 X98.653 Y104.3
G0 X99.789 Y103.56
G1 F3000 X100.469 Y104.239 E804.62225
G1 X100.539 Y104.309
G0 F7200 X100.539 Y104.3
G0 X101.674 Y103.56
G1 F3000 X102.354 Y104.239 E804.63823
G1 X102.424 Y104.309
G0 F7200 X102.424 Y104.3
G0 X103.56 Y103.56
G1 F3000 X104.239 Y104.239 E804.6542
G1 X104.309 Y104.309
G0 F7200 X104.309 Y104.3
G0 X105.445 Y103.56
G1 F3000 X106.124 Y104.239 E804.67017
G1 X106.194 Y104.309
G0 F7200 X106.194 Y104.3
G0 X107.33 Y103.56
G1 F3000 X108.009 Y104.239 E804.68614
G1 X108.079 Y104.309
G0 F7200 X108.079 Y104.3
G0 X109.215 Y103.56
G1 F3000 X109.895 Y104.239 E804.70212
G1 X109.965 Y104.309
G0 F7200 X109.965 Y104.3
G0 X111.1 Y103.56
G1 F3000 X111.78 Y104.239 E804.7181
G1 X111.85 Y104.309
G0 F7200 X111.85 Y104.3
G0 X112.985 Y103.56
G1 F3000 X113.665 Y104.239 E804.73408
G1 X113.735 Y104.309
G0 F7200 X113.735 Y104.3
G0 X114.87 Y103.56
G1 F3000 X115.55 Y104.239 E804.75006
G1 X115.62 Y104.309
G0 F7200 X115.62 Y104.3
G0 X116.756 Y103.56
G1 F3000 X117.435 Y104.239 E804.76603
G1 X117.505 Y104.309
G0 F7200 X117.505 Y104.3
G0 X118.641 Y103.56
G1 F3000 X119.32 Y104.239 E804.782
G1 X119.39 Y104.309
G0 F7200 X119.39 Y104.3
G0 X120.526 Y103.56
G1 F3000 X121.205 Y104.239 E804.79797
G1 X121.275 Y104.309
G0 F7200 X121.275 Y104.3
G0 X122.059 Y103.207
G1 F3000 X122.739 Y103.888 E804.81397
G1 X122.809 Y103.958
G0 F7200 X122.8 Y103.958
G0 X122.739 Y102.002
G1 F3000 X122.059 Y101.322 E804.82997
G1 X121.989 Y101.252
G0 F7200 X122.739 Y100.117
G1 F3000 X122.059 Y99.437 E804.84596
G1 X121.989 Y99.367
G0 F7200 X122.739 Y98.232
G1 F3000 X122.059 Y97.552 E804.86195
G1 X121.989 Y97.482
G0 F7200 X122.739 Y96.347
G1 F3000 X122.151 Y95.759 E804.87578
G1 X122.081 Y95.689
G0 F7200 X122.081 Y95.7
G0 X120.946 Y96.439
G1 F3000 X120.266 Y95.759 E804.89177
G1 X120.196 Y95.689
G0 F7200 X120.196 Y95.7
G0 X119.061 Y96.439
G1 F3000 X118.381 Y95.759 E804.90776
G1 X118.311 Y95.689
G0 F7200 X118.311 Y95.7
G0 X117.176 Y96.439
G1 F3000 X116.496 Y95.759 E804.92376
G1 X116.426 Y95.689
G0 F7200 X116.426 Y95.7
G0 X115.29 Y96.439
G1 F3000 X114.611 Y95.759 E804.93974
G1 X114.541 Y95.689
G0 F7200 X114.541 Y95.7
G0 X113.405 Y96.439
G1 F3000 X112.726 Y95.759 E804.95572
G1 X112.656 Y95.689
G0 F7200 X112.656 Y95.7
G0 X111.52 Y96.439
G1 F3000 X110.841 Y95.759 E804.9717
G1 X110.771 Y95.689
G0 F7200 X110.771 Y95.7
G0 X109.635 Y96.439
G1 F3000 X108.955 Y95.759 E804.98769
G1 X108.885 Y95.689
G0 F7200 X108.885 Y95.7
G0 X107.75 Y96.439
G1 F3000 X107.07 Y95.759 E805.00368
G1 X107 Y95.689
G0 F7200 X107 Y95.7
G0 X105.865 Y96.439
G1 F3000 X105.185 Y95.759 E805.01968
G1 X105.115 Y95.689
G0 F7200 X105.115 Y95.7
G0 X103.98 Y96.439
G1 F3000 X103.3 Y95.759 E805.03567
G1 X103.23 Y95.689
G0 F7200 X103.23 Y95.7
G0 X102.094 Y96.439
G1 F3000 X101.415 Y95.759 E805.05165
G1 X101.345 Y95.689
G0 F7200 X101.345 Y95.7
G0 X100.209 Y96.439
G1 F3000 X99.53 Y95.759 E805.06763
G1 X99.46 Y95.689
G0 F7200 X99.46 Y95.7
G0 X98.324 Y96.439
G1 F3000 X97.645 Y95.759 E805.08361
G1 X97.575 Y95.689
G0 F7200 X97.575 Y95.7
G0 X96.439 Y96.439
G1 F3000 X95.759 Y95.759 E805.0996
G1 X95.689 Y95.689
G0 F7200 X95.689 Y95.7
G0 X94.554 Y96.439
G1 F3000 X93.874 Y95.759 E805.1156
G1 X93.804 Y95.689
G0 F7200 X93.804 Y95.7
G0 X92.669 Y96.439
G1 F3000 X91.989 Y95.759 E805.13159
G1 X91.919 Y95.689
G0 F7200 X91.919 Y95.7
G0 X90.784 Y96.439
G1 F3000 X90.104 Y95.759 E805.14758
G1 X90.034 Y95.689
G0 F7200 X90.034 Y95.7
G0 X88.898 Y96.439
G1 F3000 X88.219 Y95.759 E805.16356
G1 X88.149 Y95.689
G0 F7200 X88.149 Y95.7
G0 X87.013 Y96.439
G1 F3000 X86.334 Y95.759 E805.17954
G1 X86.264 Y95.689
G0 F7200 X86.264 Y95.7
G0 X85.128 Y96.439
G1 F3000 X84.449 Y95.759 E805.19552
G1 X84.379 Y95.689
G0 F7200 X84.379 Y95.7
G0 X83.243 Y96.439
G1 F3000 X82.563 Y95.759 E805.21152
G1 X82.493 Y95.689
G0 F7200 X82.493 Y95.7
G0 X81.358 Y96.439
G1 F3000 X80.678 Y95.759 E805.22751
G1 X80.608 Y95.689
G0 F7200 X80.608 Y95.7
G0 X79.473 Y96.439
G1 F3000 X78.793 Y95.759 E805.2435
G1 X78.723 Y95.689
G0 F7200 X78.723 Y95.7
G0 X77.94 Y96.791
G1 F3000 X77.259 Y96.111 E805.25951
G1 X77.189 Y96.041
G0 F7200 X77.2 Y96.041
G0 X86.17 Y97.908
G0 X86.1 Y97.978
;TYPE:WALL-INNER
G1 F3000 X85.9 Y97.978 E805.26283
G1 X77.3 Y97.979 E805.40585
G1 X77.1 Y97.979 E805.40918
G1 X77.1 Y97.779 E805.41133
G1 X77.1 Y95.6 E805.44757
G1 X122.9 Y95.6 E806.20923
G1 X122.9 Y104.4 E806.35557
G1 X77.1 Y104.4 E807.11723
G1 X77.1 Y102.022 E807.15677
G1 X86.1 Y102.021 E807.30644
G1 X86.1 Y98.178 E807.37035
G1 X86.1 Y97.978 E807.37251
G0 F7200 X85.7 Y98.378
;TYPE:WALL-OUTER
G1 F1500 X85.5 Y98.378 E807.37583
G1 X76.9 Y98.379 E807.51885
G1 X76.7 Y98.379 E807.52218
G1 X76.7 Y98.179 E807.52433
G1 X76.7 Y95.2 E807.57387
G1 X123.3 Y95.2 E808.34883
G1 X123.3 Y104.8 E808.50848
G1 X76.7 Y104.8 E809.28344
G1 X76.7 Y101.622 E809.33629
G1 X85.7 Y101.621 E809.48596
G1 X85.7 Y98.578 E809.53657
G1 X85.7 Y98.378 E809.53872
G0 F7200 X85.5 Y98.378
G0 X85.5 Y97.878
G0 X86.49 Y97.588
;TYPE:SKIN
G1 F1500 X77.89 Y97.589 E809.68174
G1 X77.89 Y96.39 E809.70168
G1 X122.11 Y96.39 E810.43706
G1 X122.11 Y103.61 E810.55713
G1 X77.89 Y103.61 E811.29251
G1 X77.89 Y102.412 E811.31244
G1 X86.49 Y102.411 E811.45545
G1 X86.49 Y97.588 E811.53566
G0 F7200 X86.128 Y102.049
G0 X78.539 Y103.429
G1 F1500 X78.069 Y102.959 E811.54671
G0 F7200 X78.266 Y102.591
G1 F1500 X79.104 Y103.429 E811.56642
G0 F7200 X79.67 Y103.429
G1 F1500 X78.832 Y102.591 E811.58613
G0 F7200 X79.398 Y102.591
G1 F1500 X80.236 Y103.429 E811.60584
G0 F7200 X80.801 Y103.429
G1 F1500 X79.963 Y102.591 E811.62555
G0 F7200 X80.529 Y102.591
G1 F1500 X81.367 Y103.429 E811.64526
G0 F7200 X81.933 Y103.429
G1 F1500 X81.095 Y102.591 E811.66497
G0 F7200 X81.66 Y102.591
G1 F1500 X82.498 Y103.429 E811.68467
G0 F7200 X83.064 Y103.429
G1 F1500 X82.226 Y102.591 E811.70438
G0 F7200 X82.791 Y102.59
G1 F1500 X83.63 Y103.429 E811.72411
G0 F7200 X84.195 Y103.429
G1 F1500 X83.357 Y102.59 E811.74383
G0 F7200 X83.922 Y102.59
G1 F1500 X84.761 Y103.429 E811.76357
G0 F7200 X85.327 Y103.429
G1 F1500 X84.488 Y102.59 E811.7833
G0 F7200 X85.054 Y102.59
G1 F1500 X85.892 Y103.429 E811.80302
G0 F7200 X86.458 Y103.429
G1 F1500 X85.62 Y102.59 E811.82274
G0 F7200 X86.185 Y102.59
G1 F1500 X87.024 Y103.429 E811.84247
G0 F7200 X87.59 Y103.429
G1 F1500 X86.67 Y102.509 E811.86411
G0 F7200 X86.67 Y101.943
G1 F1500 X88.155 Y103.429 E811.89904
G0 F7200 X88.721 Y103.429
G1 F1500 X86.67 Y101.377 E811.94729
G0 F7200 X86.67 Y100.812
G1 F1500 X89.287 Y103.429 E812.00884
G0 F7200 X89.852 Y103.429
G1 F1500 X86.67 Y100.246 E812.08369
G0 F7200 X86.67 Y99.68
G1 F1500 X90.418 Y103.429 E812.17185
G0 F7200 X90.984 Y103.429
G1 F1500 X86.67 Y99.115 E812.27331
G0 F7200 X86.67 Y98.549
G1 F1500 X91.549 Y103.429 E812.38806
G0 F7200 X92.115 Y103.429
G1 F1500 X86.67 Y97.983 E812.51613
G0 F7200 X86.67 Y97.418
G1 F1500 X92.681 Y103.429 E812.6575
G0 F7200 X93.246 Y103.429
G1 F1500 X86.387 Y96.569 E812.81883
G0 F7200 X86.952 Y96.569
G1 F1500 X93.812 Y103.429 E812.98017
G0 F7200 X94.378 Y103.429
G1 F1500 X87.518 Y96.569 E813.1415
G0 F7200 X88.084 Y96.569
G1 F1500 X94.943 Y103.429 E813.30283
G0 F7200 X95.509 Y103.429
G1 F1500 X88.649 Y96.569 E813.46416
G0 F7200 X89.215 Y96.569
G1 F1500 X96.075 Y103.429 E813.6255
G0 F7200 X96.64 Y103.429
G1 F1500 X89.781 Y96.569 E813.78683
G0 F7200 X90.347 Y96.569
G1 F1500 X97.206 Y103.429 E813.94815
G0 F7200 X97.772 Y103.429
G1 F1500 X90.912 Y96.569 E814.10949
G0 F7200 X91.478 Y96.569
G1 F1500 X98.338 Y103.429 E814.27082
G0 F7200 X98.903 Y103.429
G1 F1500 X92.044 Y96.569 E814.43215
G0 F7200 X92.609 Y96.569
G1 F1500 X99.469 Y103.429 E814.59349
G0 F7200 X100.035 Y103.429
G1 F1500 X93.175 Y96.569 E814.75482
G0 F7200 X93.741 Y96.569
G1 F1500 X100.6 Y103.429 E814.91615
G0 F7200 X101.166 Y103.429
G1 F1500 X94.306 Y96.569 E815.07748
G0 F7200 X94.872 Y96.569
G1 F1500 X101.732 Y103.429 E815.23882
G0 F7200 X102.297 Y103.429
G1 F1500 X95.438 Y96.569 E815.40015
G0 F7200 X96.003 Y96.569
G1 F1500 X102.863 Y103.429 E815.56148
G0 F7200 X103.429 Y103.429
G1 F1500 X96.569 Y96.569 E815.72282
G0 F7200 X97.135 Y96.569
G1 F1500 X103.994 Y103.429 E815.88414
G0 F7200 X104.56 Y103.429
G1 F1500 X97.7 Y96.569 E816.04548
G0 F7200 X98.266 Y96.569
G1 F1500 X105.126 Y103.429 E816.20682
G0 F7200 X105.691 Y103.429
G1 F1500 X98.832 Y96.569 E816.36814
G0 F7200 X99.398 Y96.569
G1 F1500 X106.257 Y103.429 E816.52947
G0 F7200 X106.823 Y103.429
G1 F1500 X99.963 Y96.569 E816.6908
G0 F7200 X100.529 Y96.569
G1 F1500 X107.389 Y103.429 E816.85214
G0 F7200 X107.954 Y103.429
G1 F1500 X101.095 Y96.569 E817.01346
G0 F7200 X101.66 Y96.569
G1 F1500 X108.52 Y103.429 E817.1748
G0 F7200 X109.086 Y103.429
G1 F1500 X102.226 Y96.569 E817.33614
G0 F7200 X102.792 Y96.569
G1 F1500 X109.651 Y103.429 E817.49746
G0 F7200 X110.217 Y103.429
G1 F1500 X103.357 Y96.569 E817.6588
G0 F7200 X103.923 Y96.569
G1 F1500 X110.783 Y103.429 E817.82014
G0 F7200 X111.348 Y103.429
G1 F1500 X104.489 Y96.569 E817.98146
G0 F7200 X105.054 Y96.569
G1 F1500 X111.914 Y103.429 E818.1428
G0 F7200 X112.48 Y103.429
G1 F1500 X105.62 Y96.569 E818.30413
G0 F7200 X106.186 Y96.569
G1 F1500 X113.045 Y103.429 E818.46546
G0 F7200 X113.611 Y103.429
G1 F1500 X106.751 Y96.569 E818.6268
G0 F7200 X107.317 Y96.569
G1 F1500 X114.177 Y103.429 E818.78813
G0 F7200 X114.742 Y103.429
G1 F1500 X107.883 Y96.569 E818.94946
G0 F7200 X108.448 Y96.569
G1 F1500 X115.308 Y103.429 E819.11079
G0 F7200 X115.874 Y103.429
G1 F1500 X109.014 Y96.569 E819.27213
G0 F7200 X109.58 Y96.569
G1 F1500 X116.439 Y103.429 E819.43346
G0 F7200 X117.005 Y103.429
G1 F1500 X110.146 Y96.569 E819.59478
G0 F7200 X110.711 Y96.569
G1 F1500 X117.571 Y103.429 E819.75612
G0 F7200 X118.137 Y103.429
G1 F1500 X111.277 Y96.569 E819.91745
G0 F7200 X111.843 Y96.569
G1 F1500 X118.702 Y103.429 E820.07878
G0 F7200 X119.268 Y103.429
G1 F1500 X112.408 Y96.569 E820.24012
G0 F7200 X112.974 Y96.569
G1 F1500 X119.834 Y103.429 E820.40145
G0 F7200 X120.399 Y103.429
G1 F1500 X113.54 Y96.569 E820.56278
G0 F7200 X114.105 Y96.569
G1 F1500 X120.965 Y103.429 E820.72411
G0 F7200 X121.531 Y103.429
G1 F1500 X114.671 Y96.569 E820.88545
G0 F7200 X115.237 Y96.569
G1 F1500 X121.929 Y103.261 E821.04284
G0 F7200 X121.929 Y102.695
G1 F1500 X115.802 Y96.569 E821.18692
G0 F7200 X116.368 Y96.569
G1 F1500 X121.929 Y102.13 E821.31771
G0 F7200 X121.929 Y101.564
G1 F1500 X116.934 Y96.569 E821.43518
G0 F7200 X117.499 Y96.569
G1 F1500 X121.929 Y100.998 E821.53936
G0 F7200 X121.929 Y100.433
G1 F1500 X118.065 Y96.569 E821.63023
G0 F7200 X118.631 Y96.569
G1 F1500 X121.929 Y99.867 E821.7078
G0 F7200 X121.929 Y99.301
G1 F1500 X119.196 Y96.569 E821.77206
G0 F7200 X119.762 Y96.569
G1 F1500 X121.929 Y98.736 E821.82303
G0 F7200 X121.929 Y98.17
G1 F1500 X120.328 Y96.569 E821.86068
G0 F7200 X120.894 Y96.569
G1 F1500 X121.929 Y97.604 E821.88502
G0 F7200 X121.929 Y97.039
G1 F1500 X121.459 Y96.569 E821.89608
G0 F7200 X86.658 Y97.406
G1 F1500 X85.821 Y96.569 E821.91576
G0 F7200 X85.255 Y96.569
G1 F1500 X86.093 Y97.406 E821.93546
G0 F7200 X85.527 Y97.406
G1 F1500 X84.69 Y96.569 E821.95514
G0 F7200 X84.124 Y96.569
G1 F1500 X84.961 Y97.406 E821.97483
G0 F7200 X84.396 Y97.406
G1 F1500 X83.558 Y96.569 E821.99452
G0 F7200 X82.993 Y96.569
G1 F1500 X83.83 Y97.406 E822.01421
G0 F7200 X83.264 Y97.406
G1 F1500 X82.427 Y96.569 E822.03389
G0 F7200 X81.861 Y96.569
G1 F1500 X82.698 Y97.406 E822.05358
G0 F7200 X82.133 Y97.407
G1 F1500 X81.296 Y96.569 E822.07327
G0 F7200 X80.73 Y96.569
G1 F1500 X81.568 Y97.407 E822.09298
G0 F7200 X81.002 Y97.407
G1 F1500 X80.164 Y96.569 E822.11269
G0 F7200 X79.599 Y96.569
G1 F1500 X80.436 Y97.407 E822.13239
G0 F7200 X79.871 Y97.407
G1 F1500 X79.033 Y96.569 E822.1521
G0 F7200 X78.467 Y96.569
G1 F1500 X79.305 Y97.407 E822.17181
G0 F7200 X78.739 Y97.407
G1 F1500 X78.07 Y96.737 E822.18755
G0 F7200 X78.07 Y97.303
G1 F1500 X78.174 Y97.407 E822.19
G1 F1500 E815.69
;MESH:NONMESH
G0 F600 X78.174 Y97.407 Z5.6
G0 F7200 X77.343 Y97.978
G0 X77.343 Y100.484
;TIME_ELAPSED:1703.444498
;LAYER:53
;TYPE:SUPPORT
G1 F1500 E822.19
G1 F3000 X80.01 Y100.484 E822.23435
G1 X80.01 Y99.516 E822.25045
G1 X82.677 Y99.516 E822.2948
G1 X82.677 Y100.484 E822.3109
G1 X84.6 Y100.483 E822.34288
G1 X84.6 Y99.516 E822.35896
G1 X82.677 Y99.516 E822.39094
G0 F7200 X77.343 Y100.484
G1 F3000 X76.7 Y100.484 E822.40163
G1 X76.7 Y99.517 E822.41771
G1 X77.343 Y99.516 E822.42841
G1 X77.343 Y100.484 E822.4445
G1 F1500 E815.9445
;MESH:reed_holder.stl
G0 F7200 X77.343 Y98.016
G0 X77.636 Y97.856
;TYPE:FILL
G1 F1500 E822.4445
G1 F3000 X77.94 Y97.552 E822.45165
G0 F7200 X77.259 Y96.347
G1 F3000 X77.848 Y95.759 E822.46549
G1 X77.918 Y95.689
G0 F7200 X77.918 Y95.7
G0 X79.053 Y96.439
G1 F3000 X79.733 Y95.759 E822.48149
G1 X79.803 Y95.689
G0 F7200 X79.803 Y95.7
G0 X80.938 Y96.439
G1 F3000 X81.618 Y95.759 E822.49748
G1 X81.688 Y95.689
G0 F7200 X81.688 Y95.7
G0 X82.823 Y96.439
G1 F3000 X83.503 Y95.759 E822.51347
G1 X83.573 Y95.689
G0 F7200 X83.573 Y95.7
G0 X84.708 Y96.439
G1 F3000 X85.388 Y95.759 E822.52946
G1 X85.458 Y95.689
G0 F7200 X85.458 Y95.7
G0 X86.593 Y96.439
G1 F3000 X87.273 Y95.759 E822.54546
G1 X87.343 Y95.689
G0 F7200 X87.343 Y95.7
G0 X88.478 Y96.439
G1 F3000 X89.159 Y95.759 E822.56146
G1 X89.229 Y95.689
G0 F7200 X89.229 Y95.7
G0 X90.364 Y96.439
G1 F3000 X91.044 Y95.759 E822.57745
G1 X91.114 Y95.689
G0 F7200 X91.114 Y95.7
G0 X92.249 Y96.439
G1 F3000 X92.929 Y95.759 E822.59345
G1 X92.999 Y95.689
G0 F7200 X92.999 Y95.7
G0 X94.134 Y96.439
G1 F3000 X94.814 Y95.759 E822.60944
G1 X94.884 Y95.689
G0 F7200 X94.884 Y95.7
G0 X96.019 Y96.439
G1 F3000 X96.699 Y95.759 E822.62543
G1 X96.769 Y95.689
G0 F7200 X96.769 Y95.7
G0 X97.904 Y96.439
G1 F3000 X98.584 Y95.759 E822.64142
G1 X98.654 Y95.689
G0 F7200 X98.654 Y95.7
G0 X99.789 Y96.439
G1 F3000 X100.469 Y95.759 E822.65742
G1 X100.539 Y95.689
G0 F7200 X100.539 Y95.7
G0 X101.674 Y96.439
G1 F3000 X102.355 Y95.759 E822.67342
G1 X102.425 Y95.689
G0 F7200 X102.425 Y95.7
G0 X103.56 Y96.439
G1 F3000 X104.24 Y95.759 E822.68941
G1 X104.31 Y95.689
G0 F7200 X104.31 Y95.7
G0 X105.445 Y96.439
G1 F3000 X106.125 Y95.759 E822.70541
G1 X106.195 Y95.689
G0 F7200 X106.195 Y95.7
G0 X107.33 Y96.439
G1 F3000 X108.01 Y95.759 E822.7214
G1 X108.08 Y95.689
G0 F7200 X108.08 Y95.7
G0 X109.215 Y96.439
G1 F3000 X109.895 Y95.759 E822.73739
G1 X109.965 Y95.689
G0 F7200 X109.965 Y95.7
G0 X111.1 Y96.439
G1 F3000 X111.78 Y95.759 E822.75338
G1 X111.85 Y95.689
G0 F7200 X111.85 Y95.7
G0 X112.985 Y96.439
G1 F3000 X113.666 Y95.759 E822.76939
G1 X113.736 Y95.689
G0 F7200 X113.736 Y95.7
G0 X114.87 Y96.439
G1 F3000 X115.551 Y95.759 E822.78539
G1 X115.621 Y95.689
G0 F7200 X115.621 Y95.7
G0 X116.756 Y96.439
G1 F3000 X117.436 Y95.759 E822.80138
G1 X117.506 Y95.689
G0 F7200 X117.506 Y95.7
G0 X118.641 Y96.439
G1 F3000 X119.321 Y95.759 E822.81738
G1 X119.391 Y95.689
G0 F7200 X119.391 Y95.7
G0 X120.526 Y96.439
G1 F3000 X121.206 Y95.759 E822.83337
G1 X121.276 Y95.689
G0 F7200 X121.276 Y95.7
G0 X122.059 Y96.791
G1 F3000 X122.738 Y96.112 E822.84934
G1 X122.808 Y96.042
G0 F7200 X122.8 Y96.042
G0 X122.738 Y97.997
G1 F3000 X122.059 Y98.676 E822.86531
G1 X121.989 Y98.746
G0 F7200 X122.738 Y99.882
G1 F3000 X122.059 Y100.561 E822.88128
G1 X121.989 Y100.631
G0 F7200 X122.738 Y101.767
G1 F3000 X122.059 Y102.447 E822.89726
G1 X121.989 Y102.517
G0 F7200 X122.738 Y103.652
G1 F3000 X122.151 Y104.24 E822.91107
G1 X122.081 Y104.31
G0 F7200 X122.081 Y104.3
G0 X120.947 Y103.559
G1 F3000 X120.266 Y104.24 E822.92709
G1 X120.196 Y104.31
G0 F7200 X120.196 Y104.3
G0 X119.061 Y103.559
G1 F3000 X118.38 Y104.24 E822.94311
G1 X118.31 Y104.31
G0 F7200 X118.31 Y104.3
G0 X117.176 Y103.559
G1 F3000 X116.495 Y104.24 E822.95912
G1 X116.425 Y104.31
G0 F7200 X116.425 Y104.3
G0 X115.291 Y103.559
G1 F3000 X114.61 Y104.24 E822.97514
G1 X114.54 Y104.31
G0 F7200 X114.54 Y104.3
G0 X113.406 Y103.559
G1 F3000 X112.725 Y104.24 E822.99116
G1 X112.655 Y104.31
G0 F7200 X112.655 Y104.3
G0 X111.521 Y103.559
G1 F3000 X110.84 Y104.24 E823.00717
G1 X110.77 Y104.31
G0 F7200 X110.77 Y104.3
G0 X109.636 Y103.559
G1 F3000 X108.955 Y104.24 E823.02319
G1 X108.885 Y104.31
G0 F7200 X108.885 Y104.3
G0 X107.751 Y103.559
G1 F3000 X107.07 Y104.24 E823.0392
G1 X107 Y104.31
G0 F7200 X107 Y104.3
G0 X105.865 Y103.559
G1 F3000 X105.184 Y104.24 E823.05522
G1 X105.114 Y104.31
G0 F7200 X105.114 Y104.3
G0 X103.98 Y103.559
G1 F3000 X103.299 Y104.24 E823.07124
G1 X103.229 Y104.31
G0 F7200 X103.229 Y104.3
G0 X102.095 Y103.559
G1 F3000 X101.414 Y104.24 E823.08725
G1 X101.344 Y104.31
G0 F7200 X101.344 Y104.3
G0 X100.21 Y103.559
G1 F3000 X99.53 Y104.239 E823.10324
G1 X99.46 Y104.309
G0 F7200 X99.46 Y104.3
G0 X98.325 Y103.559
G1 F3000 X97.645 Y104.239 E823.11924
G1 X97.575 Y104.309
G0 F7200 X97.575 Y104.3
G0 X96.44 Y103.559
G1 F3000 X95.759 Y104.239 E823.13524
G1 X95.689 Y104.309
G0 F7200 X95.689 Y104.3
G0 X94.555 Y103.559
G1 F3000 X93.874 Y104.239 E823.15125
G1 X93.804 Y104.309
G0 F7200 X93.804 Y104.3
G0 X92.669 Y103.559
G1 F3000 X91.989 Y104.239 E823.16724
G1 X91.919 Y104.309
G0 F7200 X91.919 Y104.3
G0 X90.784 Y103.559
G1 F3000 X90.104 Y104.239 E823.18323
G1 X90.034 Y104.309
G0 F7200 X90.034 Y104.3
G0 X88.899 Y103.559
G1 F3000 X88.219 Y104.239 E823.19922
G1 X88.149 Y104.309
G0 F7200 X88.149 Y104.3
G0 X87.014 Y103.559
G1 F3000 X86.334 Y104.239 E823.21522
G1 X86.264 Y104.309
G0 F7200 X86.264 Y104.3
G0 X85.129 Y103.559
G1 F3000 X84.449 Y104.239 E823.23121
G1 X84.379 Y104.309
G0 F7200 X84.379 Y104.3
G0 X83.244 Y103.559
G1 F3000 X82.563 Y104.239 E823.24721
G1 X82.493 Y104.309
G0 F7200 X82.493 Y104.3
G0 X81.358 Y103.559
G1 F3000 X80.678 Y104.239 E823.26321
G1 X80.608 Y104.309
G0 F7200 X80.608 Y104.3
G0 X79.473 Y103.559
G1 F3000 X78.793 Y104.239 E823.2792
G1 X78.723 Y104.309
G0 F7200 X78.723 Y104.3
G0 X77.939 Y103.208
G1 F3000 X77.259 Y103.888 E823.29519
G1 X77.189 Y103.958
G0 F7200 X77.2 Y103.958
G0 X86.128 Y102.011
G0 X86.17 Y97.946
G0 X86.1 Y98.016
;TYPE:WALL-INNER
G1 F3000 X85.9 Y98.016 E823.29852
G1 X77.3 Y98.017 E823.44153
G1 X77.1 Y98.017 E823.44486
G1 X77.1 Y97.817 E823.44701
G1 X77.1 Y95.6 E823.48388
G1 X122.9 Y95.6 E824.24554
G1 X122.9 Y104.4 E824.39188
G1 X77.1 Y104.4 E825.15354
G1 X77.1 Y101.984 E825.19372
G1 X86.1 Y101.983 E825.34339
G1 X86.1 Y98.216 E825.40604
G1 X86.1 Y98.016 E825.40819
G0 F7200 X85.7 Y98.416
;TYPE:WALL-OUTER
G1 F1500 X85.5 Y98.416 E825.41152
G1 X76.9 Y98.417 E825.55453
G1 X76.7 Y98.417 E825.55786
G1 X76.7 Y98.217 E825.56001
G1 X76.7 Y95.2 E825.61019
G1 X123.3 Y95.2 E826.38515
G1 X123.3 Y104.8 E826.5448
G1 X76.7 Y104.8 E827.31976
G1 X76.7 Y101.584 E827.37324
G1 X85.7 Y101.583 E827.52291
G1 X85.7 Y98.616 E827.57225
G1 X85.7 Y98.416 E827.57441
G0 F7200 X85.5 Y98.416
G0 X85.5 Y97.916
G0 X86.49 Y97.626
;TYPE:SKIN
G1 F1500 X77.89 Y97.627 E827.71742
G1 X77.89 Y96.39 E827.738
G1 X122.11 Y96.39 E828.47338
G1 X122.11 Y103.61 E828.59345
G1 X77.89 Y103.61 E829.32883
G1 X77.89 Y102.374 E829.34938
G1 X86.49 Y102.373 E829.4924
G1 X86.49 Y97.626 E829.57134
G0 F7200 X78.07 Y96.726
G1 F1500 X78.227 Y96.569 E829.57504
G0 F7200 X78.792 Y96.569
G1 F1500 X78.07 Y97.292 E829.59203
G0 F7200 X78.481 Y97.446
G1 F1500 X79.358 Y96.569 E829.61265
G0 F7200 X79.924 Y96.569
G1 F1500 X79.047 Y97.446 E829.63328
G0 F7200 X79.613 Y97.446
G1 F1500 X80.489 Y96.569 E829.65389
G0 F7200 X81.055 Y96.569
G1 F1500 X80.178 Y97.446 E829.67452
G0 F7200 X80.744 Y97.446
G1 F1500 X81.621 Y96.569 E829.69515
G0 F7200 X82.187 Y96.569
G1 F1500 X81.31 Y97.446 E829.71577
G0 F7200 X81.875 Y97.446
G1 F1500 X82.752 Y96.569 E829.7364
G0 F7200 X83.318 Y96.569
G1 F1500 X82.442 Y97.445 E829.757
G0 F7200 X83.007 Y97.445
G1 F1500 X83.884 Y96.569 E829.77761
G0 F7200 X84.449 Y96.569
G1 F1500 X83.573 Y97.445 E829.79822
G0 F7200 X84.139 Y97.445
G1 F1500 X85.015 Y96.569 E829.81882
G0 F7200 X85.581 Y96.569
G1 F1500 X84.705 Y97.445 E829.83942
G0 F7200 X85.27 Y97.445
G1 F1500 X86.146 Y96.569 E829.86002
G0 F7200 X86.712 Y96.569
G1 F1500 X85.836 Y97.445 E829.88062
G0 F7200 X86.402 Y97.445
G1 F1500 X87.278 Y96.569 E829.90123
G0 F7200 X87.843 Y96.569
G1 F1500 X86.67 Y97.743 E829.92883
G0 F7200 X86.67 Y98.309
G1 F1500 X88.409 Y96.569 E829.96974
G0 F7200 X88.975 Y96.569
G1 F1500 X86.67 Y98.874 E830.02395
G0 F7200 X86.67 Y99.44
G1 F1500 X89.54 Y96.569 E830.09146
G0 F7200 X90.106 Y96.569
G1 F1500 X86.67 Y100.006 E830.17228
G0 F7200 X86.67 Y100.571
G1 F1500 X90.672 Y96.569 E830.2664
G0 F7200 X91.237 Y96.569
G1 F1500 X86.67 Y101.137 E830.37382
G0 F7200 X86.67 Y101.703
G1 F1500 X91.803 Y96.569 E830.49455
G0 F7200 X92.369 Y96.569
G1 F1500 X86.67 Y102.268 E830.62858
G0 F7200 X86.387 Y102.551
G1 F1500 X85.509 Y103.429 E830.64923
G0 F7200 X86.074 Y103.429
G1 F1500 X92.935 Y96.569 E830.81058
G0 F7200 X93.5 Y96.569
G1 F1500 X86.64 Y103.429 E830.97192
G0 F7200 X87.206 Y103.429
G1 F1500 X94.066 Y96.569 E831.13325
G0 F7200 X94.632 Y96.569
G1 F1500 X87.771 Y103.429 E831.2946
G0 F7200 X88.337 Y103.429
G1 F1500 X95.197 Y96.569 E831.45594
G0 F7200 X95.763 Y96.569
G1 F1500 X88.903 Y103.429 E831.61727
G0 F7200 X89.468 Y103.429
G1 F1500 X96.329 Y96.569 E831.77862
G0 F7200 X96.894 Y96.569
G1 F1500 X90.034 Y103.429 E831.93996
G0 F7200 X90.6 Y103.429
G1 F1500 X97.46 Y96.569 E832.1013
G0 F7200 X98.026 Y96.569
G1 F1500 X91.165 Y103.429 E832.26264
G0 F7200 X91.731 Y103.429
G1 F1500 X98.591 Y96.569 E832.42398
G0 F7200 X99.157 Y96.569
G1 F1500 X92.297 Y103.429 E832.58532
G0 F7200 X92.862 Y103.429
G1 F1500 X99.723 Y96.569 E832.74667
G0 F7200 X100.288 Y96.569
G1 F1500 X93.428 Y103.429 E832.908
G0 F7200 X93.994 Y103.429
G1 F1500 X100.854 Y96.569 E833.06934
G0 F7200 X101.42 Y96.569
G1 F1500 X94.559 Y103.429 E833.23069
G0 F7200 X95.125 Y103.429
G1 F1500 X101.986 Y96.569 E833.39204
G0 F7200 X102.551 Y96.569
G1 F1500 X95.691 Y103.429 E833.55337
G0 F7200 X96.257 Y103.429
G1 F1500 X103.117 Y96.569 E833.71471
G0 F7200 X103.683 Y96.569
G1 F1500 X96.822 Y103.429 E833.87606
G0 F7200 X97.388 Y103.429
G1 F1500 X104.248 Y96.569 E834.0374
G0 F7200 X104.814 Y96.569
G1 F1500 X97.954 Y103.429 E834.19873
G0 F7200 X98.519 Y103.429
G1 F1500 X105.38 Y96.569 E834.36008
G0 F7200 X105.945 Y96.569
G1 F1500 X99.085 Y103.429 E834.52142
G0 F7200 X99.651 Y103.429
G1 F1500 X106.511 Y96.569 E834.68275
G0 F7200 X107.077 Y96.569
G1 F1500 X100.216 Y103.429 E834.8441
G0 F7200 X100.782 Y103.429
G1 F1500 X107.642 Y96.569 E835.00544
G0 F7200 X108.208 Y96.569
G1 F1500 X101.348 Y103.429 E835.16678
G0 F7200 X101.913 Y103.429
G1 F1500 X108.774 Y96.569 E835.32812
G0 F7200 X109.339 Y96.569
G1 F1500 X102.479 Y103.429 E835.48946
G0 F7200 X103.045 Y103.429
G1 F1500 X109.905 Y96.569 E835.6508
G0 F7200 X110.471 Y96.569
G1 F1500 X103.61 Y103.429 E835.81215
G0 F7200 X104.176 Y103.429
G1 F1500 X111.036 Y96.569 E835.97348
G0 F7200 X111.602 Y96.569
G1 F1500 X104.742 Y103.429 E836.13482
G0 F7200 X105.307 Y103.429
G1 F1500 X112.168 Y96.569 E836.29617
G0 F7200 X112.734 Y96.569
G1 F1500 X105.873 Y103.429 E836.45752
G0 F7200 X106.439 Y103.429
G1 F1500 X113.299 Y96.569 E836.61885
G0 F7200 X113.865 Y96.569
G1 F1500 X107.005 Y103.429 E836.78019
G0 F7200 X107.57 Y103.429
G1 F1500 X114.431 Y96.569 E836.94154
G0 F7200 X114.996 Y96.569
G1 F1500 X108.136 Y103.429 E837.10287
G0 F7200 X108.702 Y103.429
G1 F1500 X115.562 Y96.569 E837.26421
G0 F7200 X116.128 Y96.569
G1 F1500 X109.267 Y103.429 E837.42556
G0 F7200 X109.833 Y103.429
G1 F1500 X116.693 Y96.569 E837.5869
G0 F7200 X117.259 Y96.569
G1 F1500 X110.399 Y103.429 E837.74823
G0 F7200 X110.964 Y103.429
G1 F1500 X117.825 Y96.569 E837.90958
G0 F7200 X118.39 Y96.569
G1 F1500 X111.53 Y103.429 E838.07092
G0 F7200 X112.096 Y103.429
G1 F1500 X118.956 Y96.569 E838.23226
G0 F7200 X119.522 Y96.569
G1 F1500 X112.661 Y103.429 E838.3936
G0 F7200 X113.227 Y103.429
G1 F1500 X120.087 Y96.569 E838.55494
G0 F7200 X120.653 Y96.569
G1 F1500 X113.793 Y103.429 E838.71628
G0 F7200 X114.358 Y103.429
G1 F1500 X121.219 Y96.569 E838.87763
G0 F7200 X121.785 Y96.569
G1 F1500 X114.924 Y103.429 E839.03897
G0 F7200 X115.49 Y103.429
G1 F1500 X121.929 Y96.991 E839.1904
G0 F7200 X121.929 Y97.556
G1 F1500 X116.056 Y103.429 E839.32852
G0 F7200 X116.621 Y103.429
G1 F1500 X121.929 Y98.122 E839.45335
G0 F7200 X121.929 Y98.688
G1 F1500 X117.187 Y103.429 E839.56486
G0 F7200 X117.753 Y103.429
G1 F1500 X121.929 Y99.253 E839.66307
G0 F7200 X121.929 Y99.819
G1 F1500 X118.318 Y103.429 E839.74799
G0 F7200 X118.884 Y103.429
G1 F1500 X121.929 Y100.385 E839.81959
G0 F7200 X121.929 Y100.95
G1 F1500 X119.45 Y103.429 E839.87789
G0 F7200 X120.015 Y103.429
G1 F1500 X121.929 Y101.516 E839.92289
G0 F7200 X121.929 Y102.082
G1 F1500 X120.581 Y103.429 E839.95458
G0 F7200 X121.147 Y103.429
G1 F1500 X121.929 Y102.647 E839.97297
G0 F7200 X121.929 Y103.213
G1 F1500 X121.712 Y103.429 E839.97807
G0 F7200 X85.821 Y102.551
G1 F1500 X84.943 Y103.429 E839.99872
G0 F7200 X84.377 Y103.429
G1 F1500 X85.255 Y102.551 E840.01936
G0 F7200 X84.69 Y102.551
G1 F1500 X83.811 Y103.429 E840.04003
G0 F7200 X83.246 Y103.429
G1 F1500 X84.124 Y102.551 E840.06067
G0 F7200 X83.558 Y102.551
G1 F1500 X82.68 Y103.429 E840.08132
G0 F7200 X82.114 Y103.429
G1 F1500 X82.993 Y102.551 E840.10199
G0 F7200 X82.427 Y102.551
G1 F1500 X81.549 Y103.429 E840.12263
G0 F7200 X80.983 Y103.429
G1 F1500 X81.861 Y102.552 E840.14327
G0 F7200 X81.295 Y102.552
G1 F1500 X80.417 Y103.429 E840.16391
G0 F7200 X79.852 Y103.429
G1 F1500 X80.729 Y102.552 E840.18453
G0 F7200 X80.163 Y102.552
G1 F1500 X79.286 Y103.429 E840.20516
G0 F7200 X78.72 Y103.429
G1 F1500 X79.598 Y102.552 E840.2258
G0 F7200 X79.032 Y102.552
G1 F1500 X78.155 Y103.429 E840.24642
G0 F7200 X78.07 Y102.949
G1 F1500 X78.466 Y102.552 E840.25575
G1 F1500 E833.75575
;MESH:NONMESH
G0 F600 X78.466 Y102.552 Z5.7
G0 F7200 X77.343 Y101.984
G0 X77.343 Y100.446
;TIME_ELAPSED:1749.101514
;LAYER:54
;TYPE:SUPPORT
G1 F1500 E840.25575
G1 F3000 X80.01 Y100.446 E840.3001
G1 X80.01 Y99.554 E840.31494
G1 X82.677 Y99.554 E840.35929
G1 X82.677 Y100.446 E840.37412
G1 X84.6 Y100.445 E840.4061
G1 X84.6 Y99.554 E840.42092
G1 X82.677 Y99.554 E840.4529
G0 F7200 X77.343 Y100.446
G1 F3000 X76.7 Y100.446 E840.46359
G1 X76.7 Y99.555 E840.47841
G1 X77.343 Y99.554 E840.4891
G1 X77.343 Y100.446 E840.50394
G1 F1500 E834.00394
;MESH:reed_holder.stl
G0 F7200 X77.343 Y101.946
G0 X77.597 Y102.104
;TYPE:FILL
G1 F1500 E840.50394
G1 F3000 X77.94 Y102.447 E840.512
G0 F7200 X77.259 Y103.651
G1 F3000 X77.846 Y104.238 E840.52581
G1 X77.916 Y104.308
G0 F7200 X77.916 Y104.3
G0 X79.053 Y103.56
G1 F3000 X79.731 Y104.238 E840.54175
G1 X79.801 Y104.308
G0 F7200 X79.801 Y104.3
G0 X80.938 Y103.56
G1 F3000 X81.617 Y104.238 E840.55771
G1 X81.687 Y104.308
G0 F7200 X81.687 Y104.3
G0 X82.823 Y103.56
G1 F3000 X83.502 Y104.238 E840.57367
G1 X83.572 Y104.308
G0 F7200 X83.572 Y104.3
G0 X84.708 Y103.56
G1 F3000 X85.387 Y104.238 E840.58963
G1 X85.457 Y104.308
G0 F7200 X85.457 Y104.3
G0 X86.593 Y103.56
G1 F3000 X87.272 Y104.238 E840.60558
G1 X87.342 Y104.308
G0 F7200 X87.342 Y104.3
G0 X88.478 Y103.56
G1 F3000 X89.157 Y104.238 E840.62154
G1 X89.227 Y104.308
G0 F7200 X89.227 Y104.3
G0 X90.364 Y103.56
G1 F3000 X91.042 Y104.238 E840.63749
G1 X91.112 Y104.308
G0 F7200 X91.112 Y104.3
G0 X92.249 Y103.56
G1 F3000 X92.927 Y104.238 E840.65343
G1 X92.997 Y104.308
G0 F7200 X92.997 Y104.3
G0 X94.134 Y103.56
G1 F3000 X94.813 Y104.238 E840.66939
G1 X94.883 Y104.308
G0 F7200 X94.883 Y104.3
G0 X96.019 Y103.56
G1 F3000 X96.698 Y104.238 E840.68535
G1 X96.768 Y104.308
G0 F7200 X96.768 Y104.3
G0 X97.904 Y103.56
G1 F3000 X98.583 Y104.238 E840.7013
G1 X98.653 Y104.308
G0 F7200 X98.653 Y104.3
G0 X99.789 Y103.56
G1 F3000 X100.469 Y104.239 E840.71728
G1 X100.539 Y104.309
G0 F7200 X100.539 Y104.3
G0 X101.674 Y103.56
G1 F3000 X102.354 Y104.239 E840.73326
G1 X102.424 Y104.309
G0 F7200 X102.424 Y104.3
G0 X103.56 Y103.56
G1 F3000 X104.239 Y104.239 E840.74923
G1 X104.309 Y104.309
G0 F7200 X104.309 Y104.3
G0 X105.445 Y103.56
G1 F3000 X106.124 Y104.239 E840.7652
G1 X106.194 Y104.309
G0 F7200 X106.194 Y104.3
G0 X107.33 Y103.56
G1 F3000 X108.009 Y104.239 E840.78117
G1 X108.079 Y104.309
G0 F7200 X108.079 Y104.3
G0 X109.215 Y103.56
G1 F3000 X109.895 Y104.239 E840.79715
G1 X109.965 Y104.309
G0 F7200 X109.965 Y104.3
G0 X111.1 Y103.56
G1 F3000 X111.78 Y104.239 E840.81313
G1 X111.85 Y104.309
G0 F7200 X111.85 Y104.3
G0 X112.985 Y103.56
G1 F3000 X113.665 Y104.239 E840.82911
G1 X113.735 Y104.309
G0 F7200 X113.735 Y104.3
G0 X114.87 Y103.56
G1 F3000 X115.55 Y104.239 E840.84509
G1 X115.62 Y104.309
G0 F7200 X115.62 Y104.3
G0 X116.756 Y103.56
G1 F3000 X117.435 Y104.239 E840.86106
G1 X117.505 Y104.309
G0 F7200 X117.505 Y104.3
G0 X118.641 Y103.56
G1 F3000 X119.32 Y104.239 E840.87703
G1 X119.39 Y104.309
G0 F7200 X119.39 Y104.3
G0 X120.526 Y103.56
G1 F3000 X121.205 Y104.239 E840.893
G1 X121.275 Y104.309
G0 F7200 X121.275 Y104.3
G0 X122.059 Y103.207
G1 F3000 X122.739 Y103.888 E840.90901
G1 X122.809 Y103.958
G0 F7200 X122.8 Y103.958
G0 X122.739 Y102.002
G1 F3000 X122.059 Y101.322 E840.925
G1 X121.989 Y101.252
G0 F7200 X122.739 Y100.117
G1 F3000 X122.059 Y99.437 E840.94099
G1 X121.989 Y99.367
G0 F7200 X122.739 Y98.232
G1 F3000 X122.059 Y97.552 E840.95698
G1 X121.989 Y97.482
G0 F7200 X122.739 Y96.347
G1 F3000 X122.151 Y95.759 E840.97081
G1 X122.081 Y95.689
G0 F7200 X122.081 Y95.7
G0 X120.946 Y96.439
G1 F3000 X120.266 Y95.759 E840.98681
G1 X120.196 Y95.689
G0 F7200 X120.196 Y95.7
G0 X119.061 Y96.439
G1 F3000 X118.381 Y95.759 E841.0028
G1 X118.311 Y95.689
G0 F7200 X118.311 Y95.7
G0 X117.176 Y96.439
G1 F3000 X116.496 Y95.759 E841.01879
G1 X116.426 Y95.689
G0 F7200 X116.426 Y95.7
G0 X115.29 Y96.439
G1 F3000 X114.611 Y95.759 E841.03477
G1 X114.541 Y95.689
G0 F7200 X114.541 Y95.7
G0 X113.405 Y96.439
G1 F3000 X112.726 Y95.759 E841.05075
G1 X112.656 Y95.689
G0 F7200 X112.656 Y95.7
G0 X111.52 Y96.439
G1 F3000 X110.841 Y95.759 E841.06673
G1 X110.771 Y95.689
G0 F7200 X110.771 Y95.7
G0 X109.635 Y96.439
G1 F3000 X108.955 Y95.759 E841.08273
G1 X108.885 Y95.689
G0 F7200 X108.885 Y95.7
G0 X107.75 Y96.439
G1 F3000 X107.07 Y95.759 E841.09872
G1 X107 Y95.689
G0 F7200 X107 Y95.7
G0 X105.865 Y96.439
G1 F3000 X105.185 Y95.759 E841.11471
G1 X105.115 Y95.689
G0 F7200 X105.115 Y95.7
G0 X103.98 Y96.439
G1 F3000 X103.3 Y95.759 E841.1307
G1 X103.23 Y95.689
G0 F7200 X103.23 Y95.7
G0 X102.094 Y96.439
G1 F3000 X101.415 Y95.759 E841.14668
G1 X101.345 Y95.689
G0 F7200 X101.345 Y95.7
G0 X100.209 Y96.439
G1 F3000 X99.53 Y95.759 E841.16266
G1 X99.46 Y95.689
G0 F7200 X99.46 Y95.7
G0 X98.324 Y96.439
G1 F3000 X97.645 Y95.759 E841.17865
G1 X97.575 Y95.689
G0 F7200 X97.575 Y95.7
G0 X96.439 Y96.439
G1 F3000 X95.759 Y95.759 E841.19464
G1 X95.689 Y95.689
G0 F7200 X95.689 Y95.7
G0 X94.554 Y96.439
G1 F3000 X93.874 Y95.759 E841.21063
G1 X93.804 Y95.689
G0 F7200 X93.804 Y95.7
G0 X92.669 Y96.439
G1 F3000 X91.989 Y95.759 E841.22662
G1 X91.919 Y95.689
G0 F7200 X91.919 Y95.7
G0 X90.784 Y96.439
G1 F3000 X90.104 Y95.759 E841.24262
G1 X90.034 Y95.689
G0 F7200 X90.034 Y95.7
G0 X88.898 Y96.439
G1 F3000 X88.219 Y95.759 E841.2586
G1 X88.149 Y95.689
G0 F7200 X88.149 Y95.7
G0 X87.013 Y96.439
G1 F3000 X86.334 Y95.759 E841.27458
G1 X86.264 Y95.689
G0 F7200 X86.264 Y95.7
G0 X85.128 Y96.439
G1 F3000 X84.449 Y95.759 E841.29056
G1 X84.379 Y95.689
G0 F7200 X84.379 Y95.7
G0 X83.243 Y96.439
G1 F3000 X82.563 Y95.759 E841.30655
G1 X82.493 Y95.689
G0 F7200 X82.493 Y95.7
G0 X81.358 Y96.439
G1 F3000 X80.678 Y95.759 E841.32254
G1 X80.608 Y95.689
G0 F7200 X80.608 Y95.7
G0 X79.473 Y96.439
G1 F3000 X78.793 Y95.759 E841.33854
G1 X78.723 Y95.689
G0 F7200 X78.723 Y95.7
G0 X77.94 Y96.791
G1 F3000 X77.259 Y96.111 E841.35454
G1 X77.189 Y96.041
G0 F7200 X77.2 Y96.041
G0 X86.17 Y97.984
G0 X86.1 Y98.054
;TYPE:WALL-INNER
G1 F3000 X85.9 Y98.054 E841.35787
G1 X77.3 Y98.055 E841.50088
G1 X77.1 Y98.055 E841.50421
G1 X77.1 Y97.855 E841.50636
G1 X77.1 Y95.6 E841.54387
G1 X122.9 Y95.6 E842.30552
G1 X122.9 Y104.4 E842.45187
G1 X77.1 Y104.4 E843.21352
G1 X77.1 Y101.946 E843.25433
G1 X86.1 Y101.945 E843.404
G1 X86.1 Y98.254 E843.46539
G1 X86.1 Y98.054 E843.46754
G0 F7200 X85.7 Y98.454
;TYPE:WALL-OUTER
G1 F1500 X85.5 Y98.454 E843.47087
G1 X76.9 Y98.455 E843.61388
G1 X76.7 Y98.455 E843.61721
G1 X76.7 Y98.255 E843.61936
G1 X76.7 Y95.2 E843.67017
G1 X123.3 Y95.2 E844.44513
G1 X123.3 Y104.8 E844.60478
G1 X76.7 Y104.8 E845.37974
G1 X76.7 Y101.546 E845.43385
G1 X85.7 Y101.545 E845.58352
G1 X85.7 Y98.654 E845.6316
G1 X85.7 Y98.454 E845.63376
G0 F7200 X85.5 Y98.454
G0 X85.5 Y97.954
G0 X86.49 Y97.664
;TYPE:SKIN
G1 F1500 X77.89 Y97.665 E845.77677
G1 X77.89 Y96.39 E845.79798
G1 X122.11 Y96.39 E846.53336
G1 X122.11 Y103.61 E846.65343
G1 X77.89 Y103.61 E847.38881
G1 X77.89 Y102.336 E847.41
G1 X86.49 Y102.335 E847.55302
G1 X86.49 Y97.664 E847.63069
G0 F7200 X86.128 Y101.973
G0 X78.539 Y103.429
G1 F1500 X78.069 Y102.959 E847.64175
G0 F7200 X78.19 Y102.514
G1 F1500 X79.104 Y103.429 E847.66326
G0 F7200 X79.67 Y103.429
G1 F1500 X78.756 Y102.514 E847.68476
G0 F7200 X79.321 Y102.514
G1 F1500 X80.236 Y103.429 E847.70628
G0 F7200 X80.801 Y103.429
G1 F1500 X79.887 Y102.514 E847.72779
G0 F7200 X80.453 Y102.514
G1 F1500 X81.367 Y103.429 E847.7493
G0 F7200 X81.933 Y103.429
G1 F1500 X81.018 Y102.514 E847.77082
G0 F7200 X81.584 Y102.514
G1 F1500 X82.498 Y103.429 E847.79233
G0 F7200 X83.064 Y103.429
G1 F1500 X82.15 Y102.514 E847.81383
G0 F7200 X82.715 Y102.514
G1 F1500 X83.63 Y103.429 E847.83535
G0 F7200 X84.195 Y103.429
G1 F1500 X83.281 Y102.514 E847.85686
G0 F7200 X83.847 Y102.514
G1 F1500 X84.761 Y103.429 E847.87837
G0 F7200 X85.327 Y103.429
G1 F1500 X84.412 Y102.514 E847.89989
G0 F7200 X84.978 Y102.514
G1 F1500 X85.892 Y103.429 E847.92139
G0 F7200 X86.458 Y103.429
G1 F1500 X85.544 Y102.514 E847.9429
G0 F7200 X86.11 Y102.514
G1 F1500 X87.024 Y103.429 E847.96441
G0 F7200 X87.59 Y103.429
G1 F1500 X86.669 Y102.508 E847.98607
G0 F7200 X86.669 Y101.942
G1 F1500 X88.155 Y103.429 E848.02103
G0 F7200 X88.721 Y103.429
G1 F1500 X86.669 Y101.377 E848.06929
G0 F7200 X86.669 Y100.811
G1 F1500 X89.287 Y103.429 E848.13086
G0 F7200 X89.852 Y103.429
G1 F1500 X86.669 Y100.245 E848.20573
G0 F7200 X86.669 Y99.68
G1 F1500 X90.418 Y103.429 E848.2939
G0 F7200 X90.984 Y103.429
G1 F1500 X86.669 Y99.114 E848.39539
G0 F7200 X86.669 Y98.548
G1 F1500 X91.549 Y103.429 E848.51017
G0 F7200 X92.115 Y103.429
G1 F1500 X86.669 Y97.983 E848.63825
G0 F7200 X86.169 Y97.483
G1 F1500 X85.255 Y96.569 E848.65974
G0 F7200 X84.69 Y96.569
G1 F1500 X85.603 Y97.483 E848.68123
G0 F7200 X85.038 Y97.483
G1 F1500 X84.124 Y96.569 E848.70272
G0 F7200 X83.558 Y96.569
G1 F1500 X84.472 Y97.483 E848.72422
G0 F7200 X83.906 Y97.483
G1 F1500 X82.993 Y96.569 E848.7457
G0 F7200 X82.427 Y96.569
G1 F1500 X83.341 Y97.483 E848.7672
G0 F7200 X82.775 Y97.483
G1 F1500 X81.861 Y96.569 E848.7887
G0 F7200 X81.296 Y96.569
G1 F1500 X82.21 Y97.483 E848.81019
G0 F7200 X81.644 Y97.483
G1 F1500 X80.73 Y96.569 E848.83169
G0 F7200 X80.164 Y96.569
G1 F1500 X81.078 Y97.483 E848.85318
G0 F7200 X80.513 Y97.483
G1 F1500 X79.599 Y96.569 E848.87468
G0 F7200 X79.033 Y96.569
G1 F1500 X79.947 Y97.483 E848.89618
G0 F7200 X79.381 Y97.483
G1 F1500 X78.467 Y96.569 E848.91767
G0 F7200 X78.07 Y96.737
G1 F1500 X78.816 Y97.483 E848.93522
G0 F7200 X78.25 Y97.483
G1 F1500 X78.07 Y97.303 E848.93945
G0 F7200 X85.821 Y96.569
G1 F1500 X92.681 Y103.429 E849.10079
G0 F7200 X93.246 Y103.429
G1 F1500 X86.387 Y96.569 E849.26211
G0 F7200 X86.952 Y96.569
G1 F1500 X93.812 Y103.429 E849.42345
G0 F7200 X94.378 Y103.429
G1 F1500 X87.518 Y96.569 E849.58479
G0 F7200 X88.084 Y96.569
G1 F1500 X94.943 Y103.429 E849.74611
G0 F7200 X95.509 Y103.429
G1 F1500 X88.649 Y96.569 E849.90745
G0 F7200 X89.215 Y96.569
G1 F1500 X96.075 Y103.429 E850.06878
G0 F7200 X96.64 Y103.429
G1 F1500 X89.781 Y96.569 E850.23011
G0 F7200 X90.347 Y96.569
G1 F1500 X97.206 Y103.429 E850.39143
G0 F7200 X97.772 Y103.429
G1 F1500 X90.912 Y96.569 E850.55277
G0 F7200 X91.478 Y96.569
G1 F1500 X98.338 Y103.429 E850.71411
G0 F7200 X98.903 Y103.429
G1 F1500 X92.044 Y96.569 E850.87543
G0 F7200 X92.609 Y96.569
G1 F1500 X99.469 Y103.429 E851.03677
G0 F7200 X100.035 Y103.429
G1 F1500 X93.175 Y96.569 E851.1981
G0 F7200 X93.741 Y96.569
G1 F1500 X100.6 Y103.429 E851.35943
G0 F7200 X101.166 Y103.429
G1 F1500 X94.306 Y96.569 E851.52077
G0 F7200 X94.872 Y96.569
G1 F1500 X101.732 Y103.429 E851.6821
G0 F7200 X102.297 Y103.429
G1 F1500 X95.438 Y96.569 E851.84343
G0 F7200 X96.003 Y96.569
G1 F1500 X102.863 Y103.429 E852.00476
G0 F7200 X103.429 Y103.429
G1 F1500 X96.569 Y96.569 E852.1661
G0 F7200 X97.135 Y96.569
G1 F1500 X103.994 Y103.429 E852.32743
G0 F7200 X104.56 Y103.429
G1 F1500 X97.7 Y96.569 E852.48876
G0 F7200 X98.266 Y96.569
G1 F1500 X105.126 Y103.429 E852.6501
G0 F7200 X105.691 Y103.429
G1 F1500 X98.832 Y96.569 E852.81142
G0 F7200 X99.398 Y96.569
G1 F1500 X106.257 Y103.429 E852.97275
G0 F7200 X106.823 Y103.429
G1 F1500 X99.963 Y96.569 E853.13409
G0 F7200 X100.529 Y96.569
G1 F1500 X107.389 Y103.429 E853.29542
G0 F7200 X107.954 Y103.429
G1 F1500 X101.095 Y96.569 E853.45675
G0 F7200 X101.66 Y96.569
G1 F1500 X108.52 Y103.429 E853.61808
G0 F7200 X109.086 Y103.429
G1 F1500 X102.226 Y96.569 E853.77942
G0 F7200 X102.792 Y96.569
G1 F1500 X109.651 Y103.429 E853.94075
G0 F7200 X110.217 Y103.429
G1 F1500 X103.357 Y96.569 E854.10208
G0 F7200 X103.923 Y96.569
G1 F1500 X110.783 Y103.429 E854.26342
G0 F7200 X111.348 Y103.429
G1 F1500 X104.489 Y96.569 E854.42474
G0 F7200 X105.054 Y96.569
G1 F1500 X111.914 Y103.429 E854.58608
G0 F7200 X112.48 Y103.429
G1 F1500 X105.62 Y96.569 E854.74742
G0 F7200 X106.186 Y96.569
G1 F1500 X113.045 Y103.429 E854.90874
G0 F7200 X113.611 Y103.429
G1 F1500 X106.751 Y96.569 E855.07008
G0 F7200 X107.317 Y96.569
G1 F1500 X114.177 Y103.429 E855.23142
G0 F7200 X114.742 Y103.429
G1 F1500 X107.883 Y96.569 E855.39274
G0 F7200 X108.448 Y96.569
G1 F1500 X115.308 Y103.429 E855.55408
G0 F7200 X115.874 Y103.429
G1 F1500 X109.014 Y96.569 E855.71541
G0 F7200 X109.58 Y96.569
G1 F1500 X116.439 Y103.429 E855.87674
G0 F7200 X117.005 Y103.429
G1 F1500 X110.146 Y96.569 E856.03806
G0 F7200 X110.711 Y96.569
G1 F1500 X117.571 Y103.429 E856.1994
G0 F7200 X118.137 Y103.429
G1 F1500 X111.277 Y96.569 E856.36074
G0 F7200 X111.843 Y96.569
G1 F1500 X118.702 Y103.429 E856.52206
G0 F7200 X119.268 Y103.429
G1 F1500 X112.408 Y96.569 E856.6834
G0 F7200 X112.974 Y96.569
G1 F1500 X119.834 Y103.429 E856.84474
G0 F7200 X120.399 Y103.429
G1 F1500 X113.54 Y96.569 E857.00606
G0 F7200 X114.105 Y96.569
G1 F1500 X120.965 Y103.429 E857.1674
G0 F7200 X121.531 Y103.429
G1 F1500 X114.671 Y96.569 E857.32873
G0 F7200 X115.237 Y96.569
G1 F1500 X121.929 Y103.261 E857.48612
G0 F7200 X121.929 Y102.695
G1 F1500 X115.802 Y96.569 E857.63021
G0 F7200 X116.368 Y96.569
G1 F1500 X121.929 Y102.13 E857.76099
G0 F7200 X121.929 Y101.564
G1 F1500 X116.934 Y96.569 E857.87847
G0 F7200 X117.499 Y96.569
G1 F1500 X121.929 Y100.998 E857.98264
G0 F7200 X121.929 Y100.433
G1 F1500 X118.065 Y96.569 E858.07352
G0 F7200 X118.631 Y96.569
G1 F1500 X121.929 Y99.867 E858.15108
G0 F7200 X121.929 Y99.301
G1 F1500 X119.196 Y96.569 E858.21535
G0 F7200 X119.762 Y96.569
G1 F1500 X121.929 Y98.736 E858.26631
G0 F7200 X121.929 Y98.17
G1 F1500 X120.328 Y96.569 E858.30396
G0 F7200 X120.894 Y96.569
G1 F1500 X121.929 Y97.604 E858.3283
G0 F7200 X121.929 Y97.039
G1 F1500 X121.459 Y96.569 E858.33936
G1 F1500 E851.83936
;MESH:NONMESH
G0 F600 X121.459 Y96.569 Z5.8
G0 F7200 X86.12 Y99.608
G0 X84.835 Y99.608
G0 X76.7 Y99.608
;TIME_ELAPSED:1794.882351
;LAYER:55
;TYPE:SUPPORT
G1 F1500 E858.33936
G1 F3000 X76.7 Y100.392 E858.3524
G1 X77.343 Y100.392 E858.36309
G1 X77.343 Y99.609 E858.37611
G1 X76.7 Y99.608 E858.3868
G0 F7200 X77.343 Y100.392
G1 F3000 X80.01 Y100.392 E858.43116
G1 X80.01 Y99.609 E858.44418
G1 X82.677 Y99.609 E858.48853
G1 X82.677 Y100.392 E858.50155
G1 X84.6 Y100.391 E858.53353
G1 X84.6 Y99.609 E858.54654
G1 X82.677 Y99.609 E858.57852
G1 F1500 E852.07852
;MESH:reed_holder.stl
G0 F7200 X82.679 Y98.089
G0 X82.823 Y96.439
;TYPE:FILL
G1 F1500 E858.57852
G1 F3000 X83.503 Y95.759 E858.59451
G1 X83.573 Y95.689
G0 F7200 X83.573 Y95.7
G0 X84.708 Y96.439
G1 F3000 X85.388 Y95.759 E858.6105
G1 X85.458 Y95.689
G0 F7200 X85.458 Y95.7
G0 X86.593 Y96.439
G1 F3000 X87.273 Y95.759 E858.62649
G1 X87.343 Y95.689
G0 F7200 X87.343 Y95.7
G0 X88.478 Y96.439
G1 F3000 X89.159 Y95.759 E858.6425
G1 X89.229 Y95.689
G0 F7200 X89.229 Y95.7
G0 X90.364 Y96.439
G1 F3000 X91.044 Y95.759 E858.65849
G1 X91.114 Y95.689
G0 F7200 X91.114 Y95.7
G0 X92.249 Y96.439
G1 F3000 X92.929 Y95.759 E858.67448
G1 X92.999 Y95.689
G0 F7200 X92.999 Y95.7
G0 X94.134 Y96.439
G1 F3000 X94.814 Y95.759 E858.69047
G1 X94.884 Y95.689
G0 F7200 X94.884 Y95.7
G0 X96.019 Y96.439
G1 F3000 X96.699 Y95.759 E858.70647
G1 X96.769 Y95.689
G0 F7200 X96.769 Y95.7
G0 X97.904 Y96.439
G1 F3000 X98.584 Y95.759 E858.72246
G1 X98.654 Y95.689
G0 F7200 X98.654 Y95.7
G0 X99.789 Y96.439
G1 F3000 X100.469 Y95.759 E858.73845
G1 X100.539 Y95.689
G0 F7200 X100.539 Y95.7
G0 X101.674 Y96.439
G1 F3000 X102.355 Y95.759 E858.75446
G1 X102.425 Y95.689
G0 F7200 X102.425 Y95.7
G0 X103.56 Y96.439
G1 F3000 X104.24 Y95.759 E858.77045
G1 X104.31 Y95.689
G0 F7200 X104.31 Y95.7
G0 X105.445 Y96.439
G1 F3000 X106.125 Y95.759 E858.78644
G1 X106.195 Y95.689
G0 F7200 X106.195 Y95.7
G0 X107.33 Y96.439
G1 F3000 X108.01 Y95.759 E858.80243
G1 X108.08 Y95.689
G0 F7200 X108.08 Y95.7
G0 X109.215 Y96.439
G1 F3000 X109.895 Y95.759 E858.81843
G1 X109.965 Y95.689
G0 F7200 X109.965 Y95.7
G0 X111.1 Y96.439
G1 F3000 X111.78 Y95.759 E858.83442
G1 X111.85 Y95.689
G0 F7200 X111.85 Y95.7
G0 X112.985 Y96.439
G1 F3000 X113.666 Y95.759 E858.85042
G1 X113.736 Y95.689
G0 F7200 X113.736 Y95.7
G0 X114.87 Y96.439
G1 F3000 X115.551 Y95.759 E858.86643
G1 X115.621 Y95.689
G0 F7200 X115.621 Y95.7
G0 X116.756 Y96.439
G1 F3000 X117.436 Y95.759 E858.88242
G1 X117.506 Y95.689
G0 F7200 X117.506 Y95.7
G0 X118.641 Y96.439
G1 F3000 X119.321 Y95.759 E858.89841
G1 X119.391 Y95.689
G0 F7200 X119.391 Y95.7
G0 X120.526 Y96.439
G1 F3000 X121.206 Y95.759 E858.91441
G1 X121.276 Y95.689
G0 F7200 X121.276 Y95.7
G0 X122.059 Y96.791
G1 F3000 X122.738 Y96.112 E858.93037
G1 X122.808 Y96.042
G0 F7200 X122.8 Y96.042
G0 X122.738 Y97.997
G1 F3000 X122.059 Y98.676 E858.94634
G1 X121.989 Y98.746
G0 F7200 X122.738 Y99.882
G1 F3000 X122.059 Y100.561 E858.96231
G1 X121.989 Y100.631
G0 F7200 X122.738 Y101.767
G1 F3000 X122.059 Y102.447 E858.97829
G1 X121.989 Y102.517
G0 F7200 X122.738 Y103.652
G1 F3000 X122.151 Y104.24 E858.99211
G1 X122.081 Y104.31
G0 F7200 X122.081 Y104.3
G0 X120.947 Y103.559
G1 F3000 X120.266 Y104.24 E859.00813
G1 X120.196 Y104.31
G0 F7200 X120.196 Y104.3
G0 X119.061 Y103.559
G1 F3000 X118.38 Y104.24 E859.02414
G1 X118.31 Y104.31
G0 F7200 X118.31 Y104.3
G0 X117.176 Y103.559
G1 F3000 X116.495 Y104.24 E859.04016
G1 X116.425 Y104.31
G0 F7200 X116.425 Y104.3
G0 X115.291 Y103.559
G1 F3000 X114.61 Y104.24 E859.05618
G1 X114.54 Y104.31
G0 F7200 X114.54 Y104.3
G0 X113.406 Y103.559
G1 F3000 X112.725 Y104.24 E859.07219
G1 X112.655 Y104.31
G0 F7200 X112.655 Y104.3
G0 X111.521 Y103.559
G1 F3000 X110.84 Y104.24 E859.08821
G1 X110.77 Y104.31
G0 F7200 X110.77 Y104.3
G0 X109.636 Y103.559
G1 F3000 X108.955 Y104.24 E859.10422
G1 X108.885 Y104.31
G0 F7200 X108.885 Y104.3
G0 X107.751 Y103.559
G1 F3000 X107.07 Y104.24 E859.12024
G1 X107 Y104.31
G0 F7200 X107 Y104.3
G0 X105.865 Y103.559
G1 F3000 X105.184 Y104.24 E859.13626
G1 X105.114 Y104.31
G0 F7200 X105.114 Y104.3
G0 X103.98 Y103.559
G1 F3000 X103.299 Y104.24 E859.15227
G1 X103.229 Y104.31
G0 F7200 X103.229 Y104.3
G0 X102.095 Y103.559
G1 F3000 X101.414 Y104.24 E859.16829
G1 X101.344 Y104.31
G0 F7200 X101.344 Y104.3
G0 X100.21 Y103.559
G1 F3000 X99.53 Y104.239 E859.18428
G1 X99.46 Y104.309
G0 F7200 X99.46 Y104.3
G0 X98.325 Y103.559
G1 F3000 X97.645 Y104.239 E859.20027
G1 X97.575 Y104.309
G0 F7200 X97.575 Y104.3
G0 X96.44 Y103.559
G1 F3000 X95.759 Y104.239 E859.21628
G1 X95.689 Y104.309
G0 F7200 X95.689 Y104.3
G0 X94.555 Y103.559
G1 F3000 X93.874 Y104.239 E859.23228
G1 X93.804 Y104.309
G0 F7200 X93.804 Y104.3
G0 X92.669 Y103.559
G1 F3000 X91.989 Y104.239 E859.24827
G1 X91.919 Y104.309
G0 F7200 X91.919 Y104.3
G0 X90.784 Y103.559
G1 F3000 X90.104 Y104.239 E859.26427
G1 X90.034 Y104.309
G0 F7200 X90.034 Y104.3
G0 X88.899 Y103.559
G1 F3000 X88.219 Y104.239 E859.28026
G1 X88.149 Y104.309
G0 F7200 X88.149 Y104.3
G0 X87.014 Y103.559
G1 F3000 X86.334 Y104.239 E859.29625
G1 X86.264 Y104.309
G0 F7200 X86.264 Y104.3
G0 X85.129 Y103.559
G1 F3000 X84.449 Y104.239 E859.31224
G1 X84.379 Y104.309
G0 F7200 X84.379 Y104.3
G0 X83.244 Y103.559
G1 F3000 X82.563 Y104.239 E859.32825
G1 X82.493 Y104.309
G0 F7200 X82.493 Y104.3
G0 X81.358 Y103.559
G1 F3000 X80.678 Y104.239 E859.34424
G1 X80.608 Y104.309
G0 F7200 X80.608 Y104.3
G0 X79.473 Y103.559
G1 F3000 X78.793 Y104.239 E859.36023
G1 X78.723 Y104.309
G0 F7200 X78.723 Y104.3
G0 X77.939 Y103.208
G1 F3000 X77.259 Y103.888 E859.37623
G1 X77.189 Y103.958
G0 F7200 X77.2 Y103.958
G0 X86.128 Y101.919
G0 X86.128 Y98.081
G0 X77.545 Y97.947
G1 F3000 X77.94 Y97.552 E859.38552
G0 F7200 X77.259 Y96.347
G1 F3000 X77.848 Y95.759 E859.39936
G1 X77.918 Y95.689
G0 F7200 X77.918 Y95.7
G0 X79.053 Y96.439
G1 F3000 X79.733 Y95.759 E859.41535
G1 X79.803 Y95.689
G0 F7200 X79.803 Y95.7
G0 X80.938 Y96.439
G1 F3000 X81.618 Y95.759 E859.43134
G1 X81.688 Y95.689
G0 F7200 X81.688 Y95.7
G0 X86.128 Y98.081
G0 X86.17 Y101.961
G0 X86.1 Y101.891
;TYPE:WALL-INNER
G1 F3000 X86.1 Y98.109 E859.49424
G1 X77.1 Y98.108 E859.64391
G1 X77.1 Y95.6 E859.68562
G1 X122.9 Y95.6 E860.44727
G1 X122.9 Y104.4 E860.59362
G1 X77.1 Y104.4 E861.35527
G1 X77.1 Y101.892 E861.39698
G1 X86.1 Y101.891 E861.54665
G0 F7200 X85.7 Y101.491
;TYPE:WALL-OUTER
G1 F1500 X85.7 Y98.509 E861.59624
G1 X76.7 Y98.508 E861.74591
G1 X76.7 Y95.2 E861.80093
G1 X123.3 Y95.2 E862.57589
G1 X123.3 Y104.8 E862.73554
G1 X76.7 Y104.8 E863.5105
G1 X76.7 Y101.492 E863.56551
G1 X85.7 Y101.491 E863.71518
G0 F7200 X85.7 Y101.291
G0 X86.2 Y101.291
G0 X86.49 Y102.281
;TYPE:SKIN
G1 F1500 X86.49 Y97.719 E863.79105
G1 X77.89 Y97.718 E863.93407
G1 X77.89 Y96.39 E863.95615
G1 X122.11 Y96.39 E864.69153
G1 X122.11 Y103.61 E864.8116
G1 X77.89 Y103.61 E865.54698
G1 X77.89 Y102.282 E865.56907
G1 X86.49 Y102.281 E865.71209
G0 F7200 X86.128 Y98.081
G0 X78.07 Y96.726
G1 F1500 X78.227 Y96.569 E865.71578
G0 F7200 X78.792 Y96.569
G1 F1500 X78.07 Y97.292 E865.73277
G0 F7200 X78.39 Y97.537
G1 F1500 X79.358 Y96.569 E865.75554
G0 F7200 X79.924 Y96.569
G1 F1500 X78.956 Y97.537 E865.7783
G0 F7200 X79.521 Y97.537
G1 F1500 X80.489 Y96.569 E865.80107
G0 F7200 X81.055 Y96.569
G1 F1500 X80.087 Y97.537 E865.82383
G0 F7200 X80.653 Y97.537
G1 F1500 X81.621 Y96.569 E865.8466
G0 F7200 X82.187 Y96.569
G1 F1500 X81.218 Y97.537 E865.86938
G0 F7200 X81.784 Y97.537
G1 F1500 X82.752 Y96.569 E865.89214
G0 F7200 X83.318 Y96.569
G1 F1500 X82.35 Y97.537 E865.91491
G0 F7200 X82.915 Y97.538
G1 F1500 X83.884 Y96.569 E865.9377
G0 F7200 X84.449 Y96.569
G1 F1500 X83.481 Y97.538 E865.96048
G0 F7200 X84.046 Y97.538
G1 F1500 X85.015 Y96.569 E865.98327
G0 F7200 X85.581 Y96.569
G1 F1500 X84.612 Y97.538 E866.00606
G0 F7200 X85.178 Y97.538
G1 F1500 X86.146 Y96.569 E866.02883
G0 F7200 X86.712 Y96.569
G1 F1500 X85.743 Y97.538 E866.05162
G0 F7200 X86.309 Y97.538
G1 F1500 X87.278 Y96.569 E866.07441
G0 F7200 X87.843 Y96.569
G1 F1500 X86.67 Y97.743 E866.10201
G0 F7200 X86.67 Y98.309
G1 F1500 X88.409 Y96.569 E866.14292
G0 F7200 X88.975 Y96.569
G1 F1500 X86.67 Y98.874 E866.19713
G0 F7200 X86.67 Y99.44
G1 F1500 X89.54 Y96.569 E866.26464
G0 F7200 X90.106 Y96.569
G1 F1500 X86.67 Y100.006 E866.34546
G0 F7200 X86.67 Y100.571
G1 F1500 X90.672 Y96.569 E866.43958
G0 F7200 X91.237 Y96.569
G1 F1500 X86.67 Y101.137 E866.547
G0 F7200 X86.67 Y101.703
G1 F1500 X91.803 Y96.569 E866.66774
G0 F7200 X92.369 Y96.569
G1 F1500 X86.67 Y102.268 E866.80177
G0 F7200 X86.479 Y102.459
G1 F1500 X85.509 Y103.429 E866.82458
G0 F7200 X86.074 Y103.429
G1 F1500 X92.935 Y96.569 E866.98593
G0 F7200 X93.5 Y96.569
G1 F1500 X86.64 Y103.429 E867.14727
G0 F7200 X87.206 Y103.429
G1 F1500 X94.066 Y96.569 E867.3086
G0 F7200 X94.632 Y96.569
G1 F1500 X87.771 Y103.429 E867.46995
G0 F7200 X88.337 Y103.429
G1 F1500 X95.197 Y96.569 E867.63129
G0 F7200 X95.763 Y96.569
G1 F1500 X88.903 Y103.429 E867.79262
G0 F7200 X89.468 Y103.429
G1 F1500 X96.329 Y96.569 E867.95397
G0 F7200 X96.894 Y96.569
G1 F1500 X90.034 Y103.429 E868.11531
G0 F7200 X90.6 Y103.429
G1 F1500 X97.46 Y96.569 E868.27665
G0 F7200 X98.026 Y96.569
G1 F1500 X91.165 Y103.429 E868.43799
G0 F7200 X91.731 Y103.429
G1 F1500 X98.591 Y96.569 E868.59933
G0 F7200 X99.157 Y96.569
G1 F1500 X92.297 Y103.429 E868.76067
G0 F7200 X92.862 Y103.429
G1 F1500 X99.723 Y96.569 E868.92202
G0 F7200 X100.288 Y96.569
G1 F1500 X93.428 Y103.429 E869.08335
G0 F7200 X93.994 Y103.429
G1 F1500 X100.854 Y96.569 E869.24469
G0 F7200 X101.42 Y96.569
G1 F1500 X94.559 Y103.429 E869.40604
G0 F7200 X95.125 Y103.429
G1 F1500 X101.986 Y96.569 E869.56739
G0 F7200 X102.551 Y96.569
G1 F1500 X95.691 Y103.429 E869.72872
G0 F7200 X96.257 Y103.429
G1 F1500 X103.117 Y96.569 E869.89006
G0 F7200 X103.683 Y96.569
G1 F1500 X96.822 Y103.429 E870.05141
G0 F7200 X97.388 Y103.429
G1 F1500 X104.248 Y96.569 E870.21274
G0 F7200 X104.814 Y96.569
G1 F1500 X97.954 Y103.429 E870.37408
G0 F7200 X98.519 Y103.429
G1 F1500 X105.38 Y96.569 E870.53543
G0 F7200 X105.945 Y96.569
G1 F1500 X99.085 Y103.429 E870.69677
G0 F7200 X99.651 Y103.429
G1 F1500 X106.511 Y96.569 E870.8581
G0 F7200 X107.077 Y96.569
G1 F1500 X100.216 Y103.429 E871.01945
G0 F7200 X100.782 Y103.429
G1 F1500 X107.642 Y96.569 E871.18079
G0 F7200 X108.208 Y96.569
G1 F1500 X101.348 Y103.429 E871.34212
G0 F7200 X101.913 Y103.429
G1 F1500 X108.774 Y96.569 E871.50347
G0 F7200 X109.339 Y96.569
G1 F1500 X102.479 Y103.429 E871.66481
G0 F7200 X103.045 Y103.429
G1 F1500 X109.905 Y96.569 E871.82615
G0 F7200 X110.471 Y96.569
G1 F1500 X103.61 Y103.429 E871.98749
G0 F7200 X104.176 Y103.429
G1 F1500 X111.036 Y96.569 E872.14883
G0 F7200 X111.602 Y96.569
G1 F1500 X104.742 Y103.429 E872.31017
G0 F7200 X105.307 Y103.429
G1 F1500 X112.168 Y96.569 E872.47152
G0 F7200 X112.734 Y96.569
G1 F1500 X105.873 Y103.429 E872.63287
G0 F7200 X106.439 Y103.429
G1 F1500 X113.299 Y96.569 E872.7942
G0 F7200 X113.865 Y96.569
G1 F1500 X107.005 Y103.429 E872.95554
G0 F7200 X107.57 Y103.429
G1 F1500 X114.431 Y96.569 E873.11689
G0 F7200 X114.996 Y96.569
G1 F1500 X108.136 Y103.429 E873.27822
G0 F7200 X108.702 Y103.429
G1 F1500 X115.562 Y96.569 E873.43956
G0 F7200 X116.128 Y96.569
G1 F1500 X109.267 Y103.429 E873.60091
G0 F7200 X109.833 Y103.429
G1 F1500 X116.693 Y96.569 E873.76225
G0 F7200 X117.259 Y96.569
G1 F1500 X110.399 Y103.429 E873.92358
G0 F7200 X110.964 Y103.429
G1 F1500 X117.825 Y96.569 E874.08493
G0 F7200 X118.39 Y96.569
G1 F1500 X111.53 Y103.429 E874.24627
G0 F7200 X112.096 Y103.429
G1 F1500 X118.956 Y96.569 E874.4076
G0 F7200 X119.522 Y96.569
G1 F1500 X112.661 Y103.429 E874.56895
G0 F7200 X113.227 Y103.429
G1 F1500 X120.087 Y96.569 E874.73029
G0 F7200 X120.653 Y96.569
G1 F1500 X113.793 Y103.429 E874.89163
G0 F7200 X114.358 Y103.429
G1 F1500 X121.219 Y96.569 E875.05297
G0 F7200 X121.785 Y96.569
G1 F1500 X114.924 Y103.429 E875.21432
G0 F7200 X115.49 Y103.429
G1 F1500 X121.929 Y96.991 E875.36575
G0 F7200 X121.929 Y97.556
G1 F1500 X116.056 Y103.429 E875.50387
G0 F7200 X116.621 Y103.429
G1 F1500 X121.929 Y98.122 E875.62869
G0 F7200 X121.929 Y98.688
G1 F1500 X117.187 Y103.429 E875.74021
G0 F7200 X117.753 Y103.429
G1 F1500 X121.929 Y99.253 E875.83842
G0 F7200 X121.929 Y99.819
G1 F1500 X118.318 Y103.429 E875.92333
G0 F7200 X118.884 Y103.429
G1 F1500 X121.929 Y100.385 E875.99494
G0 F7200 X121.929 Y100.95
G1 F1500 X119.45 Y103.429 E876.05324
G0 F7200 X120.015 Y103.429
G1 F1500 X121.929 Y101.516 E876.09824
G0 F7200 X121.929 Y102.082
G1 F1500 X120.581 Y103.429 E876.12993
G0 F7200 X121.147 Y103.429
G1 F1500 X121.929 Y102.647 E876.14832
G0 F7200 X121.929 Y103.213
G1 F1500 X121.712 Y103.429 E876.15342
G0 F7200 X85.913 Y102.459
G1 F1500 X84.943 Y103.429 E876.17623
G0 F7200 X84.377 Y103.429
G1 F1500 X85.347 Y102.459 E876.19904
G0 F7200 X84.782 Y102.459
G1 F1500 X83.811 Y103.429 E876.22187
G0 F7200 X83.246 Y103.429
G1 F1500 X84.216 Y102.459 E876.24468
G0 F7200 X83.65 Y102.459
G1 F1500 X82.68 Y103.429 E876.26749
G0 F7200 X82.114 Y103.429
G1 F1500 X83.085 Y102.459 E876.29032
G0 F7200 X82.519 Y102.459
G1 F1500 X81.549 Y103.429 E876.31313
G0 F7200 X80.983 Y103.429
G1 F1500 X81.952 Y102.46 E876.33592
G0 F7200 X81.387 Y102.46
G1 F1500 X80.417 Y103.429 E876.35872
G0 F7200 X79.852 Y103.429
G1 F1500 X80.821 Y102.46 E876.38151
G0 F7200 X80.255 Y102.46
G1 F1500 X79.286 Y103.429 E876.4043
G0 F7200 X78.72 Y103.429
G1 F1500 X79.69 Y102.46 E876.4271
G0 F7200 X79.124 Y102.46
G1 F1500 X78.155 Y103.429 E876.44989
G0 F7200 X78.07 Y102.949
G1 F1500 X78.558 Y102.46 E876.46138
G1 F1500 E869.96138
;MESH:NONMESH
G0 F600 X78.558 Y102.46 Z5.9
G0 F7200 X77.114 Y101.906
G0 X76.7 Y99.677
;TIME_ELAPSED:1840.884561
;LAYER:56
;TYPE:SUPPORT
G1 F1500 E876.46138
G1 F3000 X76.7 Y100.323 E876.47212
G1 X77.343 Y100.323 E876.48281
G1 X77.343 Y99.678 E876.49354
G1 X76.7 Y99.677 E876.50423
G0 F7200 X77.343 Y100.323
G1 F3000 X80.01 Y100.323 E876.54859
G1 X80.01 Y99.678 E876.55931
G1 X82.677 Y99.678 E876.60366
G1 X82.677 Y100.323 E876.61439
G1 X84.6 Y100.322 E876.64637
G1 X84.6 Y99.678 E876.65708
G1 X82.677 Y99.678 E876.68906
G1 F1500 E870.18906
;MESH:reed_holder.stl
G0 F7200 X82.679 Y98.158
G0 X82.935 Y98.017
;TYPE:FILL
G1 F1500 E876.68906
G1 F3000 X80.678 Y95.759 E876.74215
G1 X80.608 Y95.689
G0 F7200 X80.608 Y95.7
G0 X78.793 Y95.759
G1 F3000 X81.049 Y98.016 E876.79522
G1 X81.119 Y98.086
G0 F7200 X81.119 Y98.078
G0 X79.164 Y98.016
G1 F3000 X77.259 Y96.111 E876.84003
G1 X77.189 Y96.041
G0 F7200 X77.2 Y96.041
G0 X82.563 Y95.759
G1 F3000 X84.82 Y98.017 E876.89312
G1 X84.89 Y98.087
G0 F7200 X84.89 Y98.078
G0 X86.128 Y98.15
G0 X86.259 Y99.455
G1 F3000 X91.042 Y104.238 E877.00561
G1 X91.112 Y104.308
G0 F7200 X91.112 Y104.3
G0 X89.157 Y104.238
G1 F3000 X86.259 Y101.341 E877.07375
G1 X86.189 Y101.271
G0 F7200 X86.2 Y101.271
G0 X85.015 Y101.981
G1 F3000 X87.272 Y104.238 E877.12683
G1 X87.342 Y104.308
G0 F7200 X87.342 Y104.3
G0 X85.387 Y104.238
G1 F3000 X83.13 Y101.981 E877.17991
G1 X83.06 Y101.911
G0 F7200 X83.059 Y101.923
G0 X81.245 Y101.981
G1 F3000 X83.502 Y104.238 E877.233
G1 X83.572 Y104.308
G0 F7200 X83.572 Y104.3
G0 X81.617 Y104.238
G1 F3000 X79.36 Y101.981 E877.28608
G1 X79.29 Y101.911
G0 F7200 X79.289 Y101.923
G0 X77.474 Y101.981
G1 F3000 X79.731 Y104.238 E877.33916
G1 X79.801 Y104.308
G0 F7200 X79.801 Y104.3
G0 X77.846 Y104.238
G1 F3000 X77.259 Y103.651 E877.35296
G1 X77.189 Y103.581
G0 F7200 X77.2 Y103.581
G0 X86.128 Y101.85
G0 X86.128 Y98.15
G0 X84.449 Y95.759
G1 F3000 X92.927 Y104.238 E877.55236
G1 X92.997 Y104.308
G0 F7200 X92.997 Y104.3
G0 X94.813 Y104.238
G1 F3000 X86.334 Y95.759 E877.75178
G1 X86.264 Y95.689
G0 F7200 X86.264 Y95.7
G0 X88.219 Y95.759
G1 F3000 X96.698 Y104.238 E877.95119
G1 X96.768 Y104.308
G0 F7200 X96.768 Y104.3
G0 X98.583 Y104.238
G1 F3000 X90.104 Y95.759 E878.1506
G1 X90.034 Y95.689
G0 F7200 X90.034 Y95.7
G0 X91.989 Y95.759
G1 F3000 X100.469 Y104.239 E878.35004
G1 X100.539 Y104.309
G0 F7200 X100.539 Y104.3
G0 X102.354 Y104.239
G1 F3000 X93.874 Y95.759 E878.54948
G1 X93.804 Y95.689
G0 F7200 X93.804 Y95.7
G0 X95.759 Y95.759
G1 F3000 X104.239 Y104.239 E878.74891
G1 X104.309 Y104.309
G0 F7200 X104.309 Y104.3
G0 X106.124 Y104.239
G1 F3000 X97.645 Y95.759 E878.94834
G1 X97.575 Y95.689
G0 F7200 X97.575 Y95.7
G0 X99.53 Y95.759
G1 F3000 X108.009 Y104.239 E879.14776
G1 X108.079 Y104.309
G0 F7200 X108.079 Y104.3
G0 X109.895 Y104.239
G1 F3000 X101.415 Y95.759 E879.3472
G1 X101.345 Y95.689
G0 F7200 X101.345 Y95.7
G0 X103.3 Y95.759
G1 F3000 X111.78 Y104.239 E879.54664
G1 X111.85 Y104.309
G0 F7200 X111.85 Y104.3
G0 X113.665 Y104.239
G1 F3000 X105.185 Y95.759 E879.74607
G1 X105.115 Y95.689
G0 F7200 X105.115 Y95.7
G0 X107.07 Y95.759
G1 F3000 X115.55 Y104.239 E879.94551
G1 X115.62 Y104.309
G0 F7200 X115.62 Y104.3
G0 X117.435 Y104.239
G1 F3000 X108.955 Y95.759 E880.14495
G1 X108.885 Y95.689
G0 F7200 X108.885 Y95.7
G0 X110.841 Y95.759
G1 F3000 X119.32 Y104.239 E880.34437
G1 X119.39 Y104.309
G0 F7200 X119.39 Y104.3
G0 X121.205 Y104.239
G1 F3000 X112.726 Y95.759 E880.5438
G1 X112.656 Y95.689
G0 F7200 X112.656 Y95.7
G0 X114.611 Y95.759
G1 F3000 X122.739 Y103.888 E880.73497
G1 X122.809 Y103.958
G0 F7200 X122.8 Y103.958
G0 X122.739 Y102.002
G1 F3000 X116.496 Y95.759 E880.88179
G1 X116.426 Y95.689
G0 F7200 X116.426 Y95.7
G0 X118.381 Y95.759
G1 F3000 X122.739 Y100.117 E880.98428
G1 X122.809 Y100.187
G0 F7200 X122.8 Y100.187
G0 X122.739 Y98.232
G1 F3000 X120.266 Y95.759 E881.04245
G1 X120.196 Y95.689
G0 F7200 X120.196 Y95.7
G0 X122.151 Y95.759
G1 F3000 X122.739 Y96.347 E881.05627
G1 X122.809 Y96.417
G0 F7200 X122.8 Y96.417
G0 X86.17 Y101.892
G0 X86.1 Y101.822
;TYPE:WALL-INNER
G1 F3000 X86.1 Y98.178 E881.11687
G1 X77.1 Y98.177 E881.26655
G1 X77.1 Y95.6 E881.3094
G1 X122.9 Y95.6 E882.07106
G1 X122.9 Y104.4 E882.2174
G1 X77.1 Y104.4 E882.97906
G1 X77.1 Y101.823 E883.02192
G1 X86.1 Y101.822 E883.17159
G0 F7200 X85.7 Y101.422
;TYPE:WALL-OUTER
G1 F1500 X85.7 Y98.578 E883.21888
G1 X76.7 Y98.577 E883.36855
G1 X76.7 Y95.2 E883.42471
G1 X123.3 Y95.2 E884.19967
G1 X123.3 Y104.8 E884.35932
G1 X76.7 Y104.8 E885.13428
G1 X76.7 Y101.423 E885.19044
G1 X85.7 Y101.422 E885.34011
G0 F7200 X85.7 Y101.222
G0 X86.5 Y101.222
G1 F1500 E878.84011
;MESH:NONMESH
G0 F600 X86.5 Y101.222 Z6
G0 F7200 X86.12 Y99.746
G0 X84.835 Y99.746
G0 X76.7 Y99.746
;TIME_ELAPSED:1857.378991
;LAYER:57
;TYPE:SUPPORT
G1 F1500 E885.34011
G1 F3000 X76.7 Y100.254 E885.34856
G1 X77.343 Y100.254 E885.35925
G1 X77.343 Y99.747 E885.36769
G1 X76.7 Y99.746 E885.37838
G0 F7200 X77.343 Y100.254
G1 F3000 X80.01 Y100.254 E885.42273
G1 X80.01 Y99.747 E885.43116
G1 X82.677 Y99.747 E885.47552
G1 X82.677 Y100.254 E885.48395
G1 X84.6 Y100.253 E885.51593
G1 X84.6 Y99.747 E885.52434
G1 X82.677 Y99.747 E885.55632
G1 F1500 E879.05632
;MESH:reed_holder.stl
G0 F7200 X82.679 Y98.227
G0 X83.061 Y98.086
;TYPE:FILL
G1 F1500 E885.55632
G1 F3000 X85.388 Y95.759 E885.61105
G1 X85.458 Y95.689
G0 F7200 X85.458 Y95.7
G0 X83.503 Y95.759
G1 F3000 X81.176 Y98.086 E885.66578
G1 X81.106 Y98.156
G0 F7200 X81.106 Y98.147
G0 X79.291 Y98.086
G1 F3000 X81.618 Y95.759 E885.7205
G1 X81.688 Y95.689
G0 F7200 X81.688 Y95.7
G0 X79.733 Y95.759
G1 F3000 X77.406 Y98.086 E885.77523
G1 X77.336 Y98.156
G0 F7200 X77.336 Y98.147
G0 X77.259 Y96.347
G1 F3000 X77.848 Y95.759 E885.78907
G1 X77.918 Y95.689
G0 F7200 X77.918 Y95.7
G0 X86.128 Y98.219
G0 X86.128 Y101.781
G0 X77.349 Y101.913
G1 F3000 X77.259 Y102.002 E885.79118
G0 F7200 X77.259 Y103.888
G1 F3000 X79.234 Y101.913 E885.83763
G1 X79.304 Y101.843
G0 F7200 X79.303 Y101.854
G0 X81.119 Y101.913
G1 F3000 X78.793 Y104.239 E885.89233
G1 X78.723 Y104.309
G0 F7200 X78.723 Y104.3
G0 X80.678 Y104.239
G1 F3000 X83.005 Y101.912 E885.94706
G1 X83.075 Y101.842
G0 F7200 X83.074 Y101.854
G0 X84.89 Y101.912
G1 F3000 X82.563 Y104.239 E886.00178
G1 X82.493 Y104.309
G0 F7200 X82.493 Y104.3
G0 X84.449 Y104.239
G1 F3000 X92.929 Y95.759 E886.20122
G1 X92.999 Y95.689
G0 F7200 X92.999 Y95.7
G0 X91.044 Y95.759
G1 F3000 X86.26 Y100.542 E886.31372
G1 X86.19 Y100.612
G0 F7200 X86.2 Y100.612
G0 X86.26 Y98.657
G1 F3000 X89.159 Y95.759 E886.38189
G1 X89.229 Y95.689
G0 F7200 X89.229 Y95.7
G0 X87.273 Y95.759
G1 F3000 X84.946 Y98.086 E886.43662
G1 X84.876 Y98.156
G0 F7200 X84.876 Y98.147
G0 X86.128 Y98.219
G0 X86.334 Y104.239
G1 F3000 X94.814 Y95.759 E886.63605
G1 X94.884 Y95.689
G0 F7200 X94.884 Y95.7
G0 X96.699 Y95.759
G1 F3000 X88.219 Y104.239 E886.83549
G1 X88.149 Y104.309
G0 F7200 X88.149 Y104.3
G0 X90.104 Y104.239
G1 F3000 X98.584 Y95.759 E887.03493
G1 X98.654 Y95.689
G0 F7200 X98.654 Y95.7
G0 X100.469 Y95.759
G1 F3000 X91.989 Y104.239 E887.23436
G1 X91.919 Y104.309
G0 F7200 X91.919 Y104.3
G0 X93.874 Y104.239
G1 F3000 X102.355 Y95.759 E887.43381
G1 X102.425 Y95.689
G0 F7200 X102.425 Y95.7
G0 X104.24 Y95.759
G1 F3000 X95.759 Y104.239 E887.63326
G1 X95.689 Y104.309
G0 F7200 X95.689 Y104.3
G0 X97.645 Y104.239
G1 F3000 X106.125 Y95.759 E887.8327
G1 X106.195 Y95.689
G0 F7200 X106.195 Y95.7
G0 X108.01 Y95.759
G1 F3000 X99.53 Y104.239 E888.03213
G1 X99.46 Y104.309
G0 F7200 X99.46 Y104.3
G0 X101.414 Y104.24
G1 F3000 X109.895 Y95.759 E888.23159
G1 X109.965 Y95.689
G0 F7200 X109.965 Y95.7
G0 X111.78 Y95.759
G1 F3000 X103.299 Y104.24 E888.43105
G1 X103.229 Y104.31
G0 F7200 X103.229 Y104.3
G0 X105.184 Y104.24
G1 F3000 X113.666 Y95.759 E888.63053
G1 X113.736 Y95.689
G0 F7200 X113.736 Y95.7
G0 X115.551 Y95.759
G1 F3000 X107.07 Y104.24 E888.82999
G1 X107 Y104.31
G0 F7200 X107 Y104.3
G0 X108.955 Y104.24
G1 F3000 X117.436 Y95.759 E889.02945
G1 X117.506 Y95.689
G0 F7200 X117.506 Y95.7
G0 X119.321 Y95.759
G1 F3000 X110.84 Y104.24 E889.22891
G1 X110.77 Y104.31
G0 F7200 X110.77 Y104.3
G0 X112.725 Y104.24
G1 F3000 X121.206 Y95.759 E889.42837
G1 X121.276 Y95.689
G0 F7200 X121.276 Y95.7
G0 X122.738 Y96.112
G1 F3000 X114.61 Y104.24 E889.61952
G1 X114.54 Y104.31
G0 F7200 X114.54 Y104.3
G0 X116.495 Y104.24
G1 F3000 X122.738 Y97.997 E889.76635
G1 X122.808 Y97.927
G0 F7200 X122.8 Y97.927
G0 X122.738 Y99.882
G1 F3000 X118.38 Y104.24 E889.86884
G1 X118.31 Y104.31
G0 F7200 X118.31 Y104.3
G0 X120.266 Y104.24
G1 F3000 X122.738 Y101.767 E889.92699
G1 X122.808 Y101.697
G0 F7200 X122.8 Y101.697
G0 X122.738 Y103.652
G1 F3000 X122.151 Y104.24 E889.94081
G1 X122.081 Y104.31
G0 F7200 X122.081 Y104.3
G0 X86.17 Y101.823
G0 X86.1 Y101.753
;TYPE:WALL-INNER
G1 F3000 X86.1 Y98.247 E889.99912
G1 X77.1 Y98.246 E890.14879
G1 X77.1 Y95.6 E890.19279
G1 X122.9 Y95.6 E890.95445
G1 X122.9 Y104.4 E891.10079
G1 X77.1 Y104.4 E891.86245
G1 X77.1 Y101.754 E891.90645
G1 X86.1 Y101.753 E892.05612
G0 F7200 X85.7 Y101.353
;TYPE:WALL-OUTER
G1 F1500 X85.7 Y98.647 E892.10112
G1 X76.7 Y98.646 E892.25079
G1 X76.7 Y95.2 E892.3081
G1 X123.3 Y95.2 E893.08306
G1 X123.3 Y104.8 E893.24271
G1 X76.7 Y104.8 E894.01767
G1 X76.7 Y101.354 E894.07498
G1 X85.7 Y101.353 E894.22465
G0 F7200 X85.7 Y101.153
G0 X86.5 Y101.153
G1 F1500 E887.72465
;MESH:NONMESH
G0 F600 X86.5 Y101.153 Z6.1
G0 F7200 X86.12 Y100.161
G0 X84.835 Y100.161
G0 X77.343 Y100.161
;TIME_ELAPSED:1873.965252
;LAYER:58
;TYPE:SUPPORT
G1 F1500 E894.22465
G1 F3000 X80.01 Y100.161 E894.269
G1 X80.01 Y99.84 E894.27434
G1 X82.677 Y99.84 E894.31869
G1 X82.677 Y100.161 E894.32403
G1 X84.6 Y100.16 E894.35601
G1 X84.6 Y99.84 E894.36133
G1 X82.677 Y99.84 E894.39331
G0 F7200 X77.343 Y100.161
G1 F3000 X76.7 Y100.161 E894.404
G1 X76.7 Y99.84 E894.40934
G1 X77.343 Y99.84 E894.42004
G1 X77.343 Y100.161 E894.42537
G1 F1500 E887.92537
;MESH:reed_holder.stl
G0 F7200 X77.343 Y101.661
G0 X77.313 Y101.82
;TYPE:FILL
G1 F1500 E894.42537
G1 F3000 X79.731 Y104.238 E894.48224
G1 X79.801 Y104.308
G0 F7200 X79.801 Y104.3
G0 X77.846 Y104.238
G1 F3000 X77.259 Y103.651 E894.49605
G1 X77.189 Y103.581
G0 F7200 X77.2 Y103.581
G0 X79.198 Y101.82
G1 F3000 X81.617 Y104.238 E894.55293
G1 X81.687 Y104.308
G0 F7200 X81.687 Y104.3
G0 X83.502 Y104.238
G1 F3000 X81.083 Y101.82 E894.60981
G1 X81.013 Y101.75
G0 F7200 X81.012 Y101.761
G0 X82.968 Y101.819
G1 F3000 X85.387 Y104.238 E894.6667
G1 X85.457 Y104.308
G0 F7200 X85.457 Y104.3
G0 X87.272 Y104.238
G1 F3000 X84.853 Y101.819 E894.72359
G1 X84.783 Y101.749
G0 F7200 X84.782 Y101.761
G0 X86.128 Y101.688
G0 X86.259 Y101.341
G1 F3000 X89.157 Y104.238 E894.79173
G1 X89.227 Y104.308
G0 F7200 X89.227 Y104.3
G0 X91.042 Y104.238
G1 F3000 X86.259 Y99.455 E894.90422
G1 X86.189 Y99.385
G0 F7200 X86.2 Y99.385
G0 X86.128 Y98.312
G0 X84.982 Y98.178
G1 F3000 X82.563 Y95.759 E894.96111
G1 X82.493 Y95.689
G0 F7200 X82.493 Y95.7
G0 X80.678 Y95.759
G1 F3000 X83.097 Y98.178 E895.018
G1 X83.167 Y98.248
G0 F7200 X83.167 Y98.24
G0 X81.212 Y98.178
G1 F3000 X78.793 Y95.759 E895.0749
G1 X78.723 Y95.689
G0 F7200 X78.723 Y95.7
G0 X77.259 Y96.111
G1 F3000 X79.327 Y98.178 E895.12352
G1 X79.397 Y98.248
G0 F7200 X79.397 Y98.24
G0 X77.442 Y98.178
G1 F3000 X77.259 Y97.996 E895.12781
G0 F7200 X84.449 Y95.759
G1 F3000 X92.927 Y104.238 E895.32721
G1 X92.997 Y104.308
G0 F7200 X92.997 Y104.3
G0 X94.813 Y104.238
G1 F3000 X86.334 Y95.759 E895.52663
G1 X86.264 Y95.689
G0 F7200 X86.264 Y95.7
G0 X88.219 Y95.759
G1 F3000 X96.698 Y104.238 E895.72604
G1 X96.768 Y104.308
G0 F7200 X96.768 Y104.3
G0 X98.583 Y104.238
G1 F3000 X90.104 Y95.759 E895.92545
G1 X90.034 Y95.689
G0 F7200 X90.034 Y95.7
G0 X91.989 Y95.759
G1 F3000 X100.469 Y104.239 E896.12489
G1 X100.539 Y104.309
G0 F7200 X100.539 Y104.3
G0 X102.354 Y104.239
G1 F3000 X93.874 Y95.759 E896.32433
G1 X93.804 Y95.689
G0 F7200 X93.804 Y95.7
G0 X95.759 Y95.759
G1 F3000 X104.239 Y104.239 E896.52376
G1 X104.309 Y104.309
G0 F7200 X104.309 Y104.3
G0 X106.124 Y104.239
G1 F3000 X97.645 Y95.759 E896.72319
G1 X97.575 Y95.689
G0 F7200 X97.575 Y95.7
G0 X99.53 Y95.759
G1 F3000 X108.009 Y104.239 E896.92261
G1 X108.079 Y104.309
G0 F7200 X108.079 Y104.3
G0 X109.895 Y104.239
G1 F3000 X101.415 Y95.759 E897.12205
G1 X101.345 Y95.689
G0 F7200 X101.345 Y95.7
G0 X103.3 Y95.759
G1 F3000 X111.78 Y104.239 E897.32149
G1 X111.85 Y104.309
G0 F7200 X111.85 Y104.3
G0 X113.665 Y104.239
G1 F3000 X105.185 Y95.759 E897.52092
G1 X105.115 Y95.689
G0 F7200 X105.115 Y95.7
G0 X107.07 Y95.759
G1 F3000 X115.55 Y104.239 E897.72036
G1 X115.62 Y104.309
G0 F7200 X115.62 Y104.3
G0 X117.435 Y104.239
G1 F3000 X108.955 Y95.759 E897.91979
G1 X108.885 Y95.689
G0 F7200 X108.885 Y95.7
G0 X110.841 Y95.759
G1 F3000 X119.32 Y104.239 E898.11922
G1 X119.39 Y104.309
G0 F7200 X119.39 Y104.3
G0 X121.205 Y104.239
G1 F3000 X112.726 Y95.759 E898.31864
G1 X112.656 Y95.689
G0 F7200 X112.656 Y95.7
G0 X114.611 Y95.759
G1 F3000 X122.739 Y103.888 E898.50981
G1 X122.809 Y103.958
G0 F7200 X122.8 Y103.958
G0 X122.739 Y102.002
G1 F3000 X116.496 Y95.759 E898.65664
G1 X116.426 Y95.689
G0 F7200 X116.426 Y95.7
G0 X118.381 Y95.759
G1 F3000 X122.739 Y100.117 E898.75913
G1 X122.809 Y100.187
G0 F7200 X122.8 Y100.187
G0 X122.739 Y98.232
G1 F3000 X120.266 Y95.759 E898.81729
G1 X120.196 Y95.689
G0 F7200 X120.196 Y95.7
G0 X122.151 Y95.759
G1 F3000 X122.739 Y96.347 E898.83112
G1 X122.809 Y96.417
G0 F7200 X122.8 Y96.417
G0 X86.17 Y98.27
G0 X86.1 Y98.34
;TYPE:WALL-INNER
G1 F3000 X77.1 Y98.34 E898.98079
G1 X77.1 Y95.6 E899.02636
G1 X122.9 Y95.6 E899.78802
G1 X122.9 Y104.4 E899.93436
G1 X77.1 Y104.4 E900.69602
G1 X77.1 Y101.661 E900.74157
G1 X86.1 Y101.66 E900.89124
G1 X86.1 Y98.34 E900.94645
G0 F7200 X85.7 Y98.74
;TYPE:WALL-OUTER
G1 F1500 X76.7 Y98.74 E901.09612
G1 X76.7 Y95.2 E901.15499
G1 X123.3 Y95.2 E901.92995
G1 X123.3 Y104.8 E902.0896
G1 X76.7 Y104.8 E902.86456
G1 X76.7 Y101.261 E902.92342
G1 X85.7 Y101.26 E903.07309
G1 X85.7 Y98.74 E903.115
G0 F7200 X85.5 Y98.74
G0 X85.5 Y97.94
G1 F1500 E896.615
;MESH:NONMESH
G0 F600 X85.5 Y97.94 Z6.2
G0 F7200 X77.343 Y98.32
G0 X77.343 Y100.047
;TIME_ELAPSED:1890.405043
;LAYER:59
;TYPE:SUPPORT
G1 F1500 E903.115
G1 F3000 X80.01 Y100.047 E903.15935
G1 X80.01 Y99.954 E903.16089
G1 X82.677 Y99.954 E903.20525
G1 X82.677 Y100.047 E903.20679
G1 X84.6 Y100.046 E903.23877
G1 X84.6 Y99.954 E903.2403
G1 X82.677 Y99.954 E903.27228
G0 F7200 X77.343 Y100.047
G1 F3000 X76.7 Y100.047 E903.28298
G1 X76.7 Y99.954 E903.28452
G1 X77.343 Y99.954 E903.29522
G1 X77.343 Y100.047 E903.29676
G1 F1500 E896.79676
;MESH:reed_holder.stl
G0 F7200 X77.343 Y101.547
G0 X77.557 Y101.705
;TYPE:FILL
G1 F1500 E903.29676
G1 F3000 X77.259 Y102.002 E903.30376
G0 F7200 X77.259 Y103.888
G1 F3000 X79.442 Y101.705 E903.3551
G1 X79.512 Y101.635
G0 F7200 X79.511 Y101.647
G0 X81.327 Y101.705
G1 F3000 X78.793 Y104.239 E903.4147
G1 X78.723 Y104.309
G0 F7200 X78.723 Y104.3
G0 X80.678 Y104.239
G1 F3000 X83.213 Y101.705 E903.4743
G1 X83.283 Y101.635
G0 F7200 X83.282 Y101.647
G0 X85.098 Y101.705
G1 F3000 X82.563 Y104.239 E903.53391
G1 X82.493 Y104.309
G0 F7200 X82.493 Y104.3
G0 X84.449 Y104.239
G1 F3000 X92.929 Y95.759 E903.73335
G1 X92.999 Y95.689
G0 F7200 X92.999 Y95.7
G0 X91.044 Y95.759
G1 F3000 X86.26 Y100.542 E903.84585
G1 X86.19 Y100.612
G0 F7200 X86.2 Y100.612
G0 X86.26 Y98.657
G1 F3000 X89.159 Y95.759 E903.91402
G1 X89.229 Y95.689
G0 F7200 X89.229 Y95.7
G0 X87.273 Y95.759
G1 F3000 X84.739 Y98.293 E903.97361
G1 X84.669 Y98.363
G0 F7200 X84.669 Y98.354
G0 X82.854 Y98.293
G1 F3000 X85.388 Y95.759 E904.03321
G1 X85.458 Y95.689
G0 F7200 X85.458 Y95.7
G0 X83.503 Y95.759
G1 F3000 X80.969 Y98.293 E904.0928
G1 X80.899 Y98.363
G0 F7200 X80.899 Y98.354
G0 X79.084 Y98.293
G1 F3000 X81.618 Y95.759 E904.1524
G1 X81.688 Y95.689
G0 F7200 X81.688 Y95.7
G0 X79.733 Y95.759
G1 F3000 X77.259 Y98.232 E904.21057
G1 X77.189 Y98.302
G0 F7200 X77.2 Y98.302
G0 X77.259 Y96.347
G1 F3000 X77.848 Y95.759 E904.22441
G1 X77.918 Y95.689
G0 F7200 X77.918 Y95.7
G0 X86.128 Y98.426
G0 X86.334 Y104.239
G1 F3000 X94.814 Y95.759 E904.42385
G1 X94.884 Y95.689
G0 F7200 X94.884 Y95.7
G0 X96.699 Y95.759
G1 F3000 X88.219 Y104.239 E904.62329
G1 X88.149 Y104.309
G0 F7200 X88.149 Y104.3
G0 X90.104 Y104.239
G1 F3000 X98.584 Y95.759 E904.82272
G1 X98.654 Y95.689
G0 F7200 X98.654 Y95.7
G0 X100.469 Y95.759
G1 F3000 X91.989 Y104.239 E905.02216
G1 X91.919 Y104.309
G0 F7200 X91.919 Y104.3
G0 X93.874 Y104.239
G1 F3000 X102.355 Y95.759 E905.22161
G1 X102.425 Y95.689
G0 F7200 X102.425 Y95.7
G0 X104.24 Y95.759
G1 F3000 X95.759 Y104.239 E905.42106
G1 X95.689 Y104.309
G0 F7200 X95.689 Y104.3
G0 X97.645 Y104.239
G1 F3000 X106.125 Y95.759 E905.62049
G1 X106.195 Y95.689
G0 F7200 X106.195 Y95.7
G0 X108.01 Y95.759
G1 F3000 X99.53 Y104.239 E905.81993
G1 X99.46 Y104.309
G0 F7200 X99.46 Y104.3
G0 X101.414 Y104.24
G1 F3000 X109.895 Y95.759 E906.01939
G1 X109.965 Y95.689
G0 F7200 X109.965 Y95.7
G0 X111.78 Y95.759
G1 F3000 X103.299 Y104.24 E906.21885
G1 X103.229 Y104.31
G0 F7200 X103.229 Y104.3
G0 X105.184 Y104.24
G1 F3000 X113.666 Y95.759 E906.41832
G1 X113.736 Y95.689
G0 F7200 X113.736 Y95.7
G0 X115.551 Y95.759
G1 F3000 X107.07 Y104.24 E906.61778
G1 X107 Y104.31
G0 F7200 X107 Y104.3
G0 X108.955 Y104.24
G1 F3000 X117.436 Y95.759 E906.81724
G1 X117.506 Y95.689
G0 F7200 X117.506 Y95.7
G0 X119.321 Y95.759
G1 F3000 X110.84 Y104.24 E907.0167
G1 X110.77 Y104.31
G0 F7200 X110.77 Y104.3
G0 X112.725 Y104.24
G1 F3000 X121.206 Y95.759 E907.21616
G1 X121.276 Y95.689
G0 F7200 X121.276 Y95.7
G0 X122.738 Y96.112
G1 F3000 X114.61 Y104.24 E907.40732
G1 X114.54 Y104.31
G0 F7200 X114.54 Y104.3
G0 X116.495 Y104.24
G1 F3000 X122.738 Y97.997 E907.55415
G1 X122.808 Y97.927
G0 F7200 X122.8 Y97.927
G0 X122.738 Y99.882
G1 F3000 X118.38 Y104.24 E907.65664
G1 X118.31 Y104.31
G0 F7200 X118.31 Y104.3
G0 X120.266 Y104.24
G1 F3000 X122.738 Y101.767 E907.71479
G1 X122.808 Y101.697
G0 F7200 X122.8 Y101.697
G0 X122.738 Y103.652
G1 F3000 X122.151 Y104.24 E907.72861
G1 X122.081 Y104.31
G0 F7200 X122.081 Y104.3
G0 X86.17 Y98.384
G0 X86.1 Y98.454
;TYPE:WALL-INNER
G1 F3000 X77.1 Y98.454 E907.87828
G1 X77.1 Y95.6 E907.92574
G1 X122.9 Y95.6 E908.6874
G1 X122.9 Y104.4 E908.83374
G1 X77.1 Y104.4 E909.5954
G1 X77.1 Y101.547 E909.64284
G1 X86.1 Y101.546 E909.79251
G1 X86.1 Y98.454 E909.84393
G0 F7200 X85.7 Y98.854
;TYPE:WALL-OUTER
G1 F1500 X76.7 Y98.854 E909.9936
G1 X76.7 Y95.2 E910.05437
G1 X123.3 Y95.2 E910.82933
G1 X123.3 Y104.8 E910.98898
G1 X76.7 Y104.8 E911.76394
G1 X76.7 Y101.147 E911.82469
G1 X85.7 Y101.146 E911.97436
G1 X85.7 Y98.854 E912.01248
G0 F7200 X85.5 Y98.854
G0 X85.5 Y98.054
G1 F1500 E905.51248
;MESH:NONMESH
G0 F600 X85.5 Y98.054 Z6.3
G0 F7200 X77.343 Y98.434
G0 X77.343 Y100.422
;TIME_ELAPSED:1906.897330
;LAYER:60
;TYPE:SUPPORT
G1 F1500 E912.01248
G1 F3000 X80.01 Y100.422 E912.05683
G1 X80.01 Y99.578 E912.07087
G1 X82.677 Y99.578 E912.11522
G1 X82.677 Y100.422 E912.12925
G1 X84.6 Y100.421 E912.16123
G1 X84.6 Y99.578 E912.17525
G1 X82.677 Y99.578 E912.20723
G1 F1500 E905.70723
G0 F7200 X82.678 Y99.843
G0 X77.342 Y100.157
G0 X77.343 Y100.422
G1 F1500 E912.20723
G1 F3000 X76.7 Y100.422 E912.21793
G1 X76.7 Y99.579 E912.23195
G1 X77.343 Y99.578 E912.24264
G1 X77.343 Y100.422 E912.25667
G1 F1500 E905.75667
;MESH:reed_holder.stl
G0 F7200 X77.343 Y101.422
G0 X86.17 Y101.491
G0 X86.1 Y101.421
;TYPE:WALL-INNER
G1 F1500 E912.25667
G1 F3000 X86.1 Y98.579 E912.30394
G1 X84.648 Y98.578 E912.32808
G1 X77.3 Y98.579 E912.45028
G1 X77.1 Y98.579 E912.45361
G1 X77.1 Y98.379 E912.45576
G1 X77.1 Y95.6 E912.50198
G1 X122.9 Y95.6 E913.26363
G1 X122.9 Y104.4 E913.40998
G1 X77.1 Y104.4 E914.17163
G1 X77.1 Y101.422 E914.22116
G1 X86.1 Y101.421 E914.37083
G0 F7200 X85.7 Y101.021
;TYPE:WALL-OUTER
G1 F1500 X85.7 Y98.979 E914.40479
G1 X84.648 Y98.978 E914.42228
G1 X76.9 Y98.979 E914.55113
G1 X76.7 Y98.979 E914.55446
G1 X76.7 Y98.779 E914.55661
G1 X76.7 Y95.2 E914.61613
G1 X123.3 Y95.2 E915.39109
G1 X123.3 Y104.8 E915.55074
G1 X76.7 Y104.8 E916.3257
G1 X76.7 Y101.022 E916.38853
G1 X85.7 Y101.021 E916.5382
G0 F7200 X85.7 Y100.821
G0 X86.2 Y100.821
G0 X86.49 Y101.811
;TYPE:SKIN
G1 F1500 X86.49 Y98.189 E916.59844
G1 X77.49 Y98.189 E916.74811
G1 X77.49 Y95.99 E916.78468
G1 X122.51 Y95.99 E917.53336
G1 X122.51 Y104.01 E917.66673
G1 X77.49 Y104.01 E918.41542
G1 X77.49 Y101.812 E918.45197
G1 X86.49 Y101.811 E918.60164
G0 F7200 X77.807 Y103.828
G1 F1500 X77.67 Y103.691 E918.60487
G0 F7200 X77.67 Y103.125
G1 F1500 X78.372 Y103.828 E918.62139
G0 F7200 X78.938 Y103.828
G1 F1500 X77.67 Y102.56 E918.65121
G0 F7200 X77.67 Y101.994
G1 F1500 X79.504 Y103.828 E918.69434
G0 F7200 X80.069 Y103.828
G1 F1500 X78.232 Y101.991 E918.73754
G0 F7200 X78.798 Y101.991
G1 F1500 X80.635 Y103.828 E918.78075
G0 F7200 X81.201 Y103.828
G1 F1500 X79.364 Y101.991 E918.82395
G0 F7200 X79.929 Y101.991
G1 F1500 X81.766 Y103.828 E918.86716
G0 F7200 X82.332 Y103.828
G1 F1500 X80.495 Y101.991 E918.91036
G0 F7200 X81.061 Y101.991
G1 F1500 X82.898 Y103.828 E918.95356
G0 F7200 X83.464 Y103.828
G1 F1500 X81.626 Y101.991 E918.99678
G0 F7200 X82.191 Y101.99
G1 F1500 X84.029 Y103.828 E919.04
G0 F7200 X84.595 Y103.828
G1 F1500 X82.757 Y101.99 E919.08323
G0 F7200 X83.323 Y101.99
G1 F1500 X85.161 Y103.828 E919.12646
G0 F7200 X85.726 Y103.828
G1 F1500 X83.889 Y101.99 E919.16967
G0 F7200 X84.454 Y101.99
G1 F1500 X86.292 Y103.828 E919.2129
G0 F7200 X86.858 Y103.828
G1 F1500 X85.02 Y101.99 E919.25613
G0 F7200 X85.586 Y101.99
G1 F1500 X87.423 Y103.828 E919.29934
G0 F7200 X87.989 Y103.828
G1 F1500 X86.151 Y101.99 E919.34257
G0 F7200 X86.67 Y101.943
G1 F1500 X88.555 Y103.828 E919.3869
G0 F7200 X89.12 Y103.828
G1 F1500 X86.67 Y101.377 E919.44453
G0 F7200 X86.67 Y100.812
G1 F1500 X89.686 Y103.828 E919.51547
G0 F7200 X90.252 Y103.828
G1 F1500 X86.67 Y100.246 E919.59971
G0 F7200 X86.67 Y99.68
G1 F1500 X90.817 Y103.828 E919.69725
G0 F7200 X91.383 Y103.828
G1 F1500 X86.67 Y99.115 E919.80809
G0 F7200 X86.67 Y98.549
G1 F1500 X91.949 Y103.828 E919.93225
G0 F7200 X92.515 Y103.828
G1 F1500 X84.856 Y96.17 E920.11236
G0 F7200 X85.422 Y96.17
G1 F1500 X93.08 Y103.828 E920.29247
G0 F7200 X93.646 Y103.828
G1 F1500 X85.987 Y96.17 E920.47258
G0 F7200 X86.553 Y96.17
G1 F1500 X94.212 Y103.828 E920.6527
G0 F7200 X94.777 Y103.828
G1 F1500 X87.119 Y96.17 E920.83281
G0 F7200 X87.684 Y96.17
G1 F1500 X95.343 Y103.828 E921.01292
G0 F7200 X95.909 Y103.828
G1 F1500 X88.25 Y96.17 E921.19304
G0 F7200 X88.816 Y96.17
G1 F1500 X96.474 Y103.828 E921.37314
G0 F7200 X97.04 Y103.828
G1 F1500 X89.381 Y96.17 E921.55326
G0 F7200 X89.947 Y96.17
G1 F1500 X97.606 Y103.828 E921.73337
G0 F7200 X98.171 Y103.828
G1 F1500 X90.513 Y96.17 E921.91348
G0 F7200 X91.078 Y96.17
G1 F1500 X98.737 Y103.828 E922.09359
G0 F7200 X99.303 Y103.828
G1 F1500 X91.644 Y96.17 E922.27371
G0 F7200 X92.21 Y96.17
G1 F1500 X99.868 Y103.828 E922.45382
G0 F7200 X100.435 Y103.829
G1 F1500 X92.775 Y96.17 E922.63396
G0 F7200 X93.341 Y96.17
G1 F1500 X101.001 Y103.829 E922.81409
G0 F7200 X101.566 Y103.829
G1 F1500 X93.907 Y96.17 E922.99422
G0 F7200 X94.473 Y96.17
G1 F1500 X102.132 Y103.829 E923.17435
G0 F7200 X102.698 Y103.829
G1 F1500 X95.038 Y96.17 E923.35449
G0 F7200 X95.604 Y96.17
G1 F1500 X103.263 Y103.829 E923.53462
G0 F7200 X103.829 Y103.829
G1 F1500 X96.17 Y96.17 E923.71475
G0 F7200 X96.735 Y96.17
G1 F1500 X104.395 Y103.829 E923.89489
G0 F7200 X104.96 Y103.829
G1 F1500 X97.301 Y96.17 E924.07501
G0 F7200 X97.867 Y96.17
G1 F1500 X105.526 Y103.829 E924.25514
G0 F7200 X106.092 Y103.829
G1 F1500 X98.432 Y96.17 E924.43528
G0 F7200 X98.998 Y96.17
G1 F1500 X106.657 Y103.829 E924.61541
G0 F7200 X107.223 Y103.829
G1 F1500 X99.564 Y96.17 E924.79554
G0 F7200 X100.129 Y96.17
G1 F1500 X107.789 Y103.829 E924.97568
G0 F7200 X108.354 Y103.829
G1 F1500 X100.695 Y96.17 E925.15581
G0 F7200 X101.261 Y96.17
G1 F1500 X108.92 Y103.829 E925.33593
G0 F7200 X109.486 Y103.829
G1 F1500 X101.826 Y96.17 E925.51607
G0 F7200 X102.392 Y96.17
G1 F1500 X110.051 Y103.829 E925.6962
G0 F7200 X110.617 Y103.829
G1 F1500 X102.958 Y96.17 E925.87633
G0 F7200 X103.523 Y96.17
G1 F1500 X111.183 Y103.829 E926.05647
G0 F7200 X111.749 Y103.829
G1 F1500 X104.089 Y96.17 E926.23661
G0 F7200 X104.655 Y96.17
G1 F1500 X112.314 Y103.829 E926.41674
G0 F7200 X112.88 Y103.829
G1 F1500 X105.221 Y96.17 E926.59686
G0 F7200 X105.786 Y96.17
G1 F1500 X113.446 Y103.829 E926.777
G0 F7200 X114.011 Y103.829
G1 F1500 X106.352 Y96.17 E926.95713
G0 F7200 X106.918 Y96.17
G1 F1500 X114.577 Y103.829 E927.13726
G0 F7200 X115.143 Y103.829
G1 F1500 X107.483 Y96.17 E927.3174
G0 F7200 X108.049 Y96.17
G1 F1500 X115.708 Y103.829 E927.49753
G0 F7200 X116.274 Y103.829
G1 F1500 X108.615 Y96.17 E927.67766
G0 F7200 X109.18 Y96.17
G1 F1500 X116.84 Y103.829 E927.85779
G0 F7200 X117.405 Y103.829
G1 F1500 X109.746 Y96.17 E928.03792
G0 F7200 X110.312 Y96.17
G1 F1500 X117.971 Y103.829 E928.21805
G0 F7200 X118.537 Y103.829
G1 F1500 X110.877 Y96.17 E928.39819
G0 F7200 X111.443 Y96.17
G1 F1500 X119.102 Y103.829 E928.57832
G0 F7200 X119.668 Y103.829
G1 F1500 X112.009 Y96.17 E928.75845
G0 F7200 X112.574 Y96.17
G1 F1500 X120.234 Y103.829 E928.93859
G0 F7200 X120.8 Y103.829
G1 F1500 X113.14 Y96.17 E929.11873
G0 F7200 X113.706 Y96.17
G1 F1500 X121.365 Y103.829 E929.29885
G0 F7200 X121.931 Y103.829
G1 F1500 X114.271 Y96.17 E929.47899
G0 F7200 X114.837 Y96.17
G1 F1500 X122.329 Y103.661 E929.65518
G0 F7200 X122.329 Y103.096
G1 F1500 X115.403 Y96.17 E929.81807
G0 F7200 X115.969 Y96.17
G1 F1500 X122.329 Y102.53 E929.96765
G0 F7200 X122.329 Y101.964
G1 F1500 X116.534 Y96.17 E930.10393
G0 F7200 X117.1 Y96.17
G1 F1500 X122.329 Y101.399 E930.2269
G0 F7200 X122.329 Y100.833
G1 F1500 X117.666 Y96.17 E930.33657
G0 F7200 X118.231 Y96.17
G1 F1500 X122.329 Y100.267 E930.43294
G0 F7200 X122.329 Y99.702
G1 F1500 X118.797 Y96.17 E930.516
G0 F7200 X119.363 Y96.17
G1 F1500 X122.329 Y99.136 E930.58576
G0 F7200 X122.329 Y98.57
G1 F1500 X119.928 Y96.17 E930.64222
G0 F7200 X120.494 Y96.17
G1 F1500 X122.329 Y98.004 E930.68536
G0 F7200 X122.329 Y97.439
G1 F1500 X121.06 Y96.17 E930.71521
G0 F7200 X121.625 Y96.17
G1 F1500 X122.329 Y96.873 E930.73175
G0 F7200 X122.329 Y96.307
G1 F1500 X122.191 Y96.17 E930.73499
G0 F7200 X86.128 Y98.007
G1 F1500 X84.29 Y96.17 E930.7782
G0 F7200 X83.724 Y96.17
G1 F1500 X85.562 Y98.007 E930.82142
G0 F7200 X84.997 Y98.007
G1 F1500 X83.159 Y96.17 E930.86463
G0 F7200 X82.593 Y96.17
G1 F1500 X84.431 Y98.007 E930.90785
G0 F7200 X83.865 Y98.007
G1 F1500 X82.027 Y96.17 E930.95106
G0 F7200 X81.462 Y96.17
G1 F1500 X83.3 Y98.007 E930.99428
G0 F7200 X82.734 Y98.007
G1 F1500 X80.896 Y96.17 E931.03749
G0 F7200 X80.33 Y96.17
G1 F1500 X82.168 Y98.007 E931.08071
G0 F7200 X81.602 Y98.007
G1 F1500 X79.765 Y96.17 E931.12391
G0 F7200 X79.199 Y96.17
G1 F1500 X81.037 Y98.007 E931.16713
G0 F7200 X80.471 Y98.007
G1 F1500 X78.633 Y96.17 E931.21034
G0 F7200 X78.068 Y96.17
G1 F1500 X79.905 Y98.007 E931.25354
G0 F7200 X79.34 Y98.007
G1 F1500 X77.67 Y96.337 E931.29282
G0 F7200 X77.67 Y96.903
G1 F1500 X78.774 Y98.007 E931.31878
G0 F7200 X78.208 Y98.007
G1 F1500 X77.67 Y97.469 E931.33144
G1 F1500 E924.83144
;MESH:NONMESH
G0 F600 X77.67 Y97.469 Z6.4
G0 F7200 X77.343 Y98.578
G0 X77.343 Y100.14
;TIME_ELAPSED:1954.774126
;LAYER:61
;TYPE:SUPPORT
G1 F1500 E931.33144
G1 F3000 X80.01 Y100.14 E931.37579
G1 X80.01 Y99.86 E931.38045
G1 X82.677 Y99.86 E931.4248
G1 X82.677 Y100.14 E931.42945
G1 X85.1 Y100.139 E931.46975
G1 X85.1 Y99.86 E931.47439
G1 X82.677 Y99.86 E931.51468
G1 F1500 E925.01468
G0 F7200 X82.677 Y100.034
G0 X80.576 Y100.006
G0 X82.996 Y99.991
G0 X77.342 Y99.967
G0 X77.343 Y100.14
G1 F1500 E931.51468
G1 F3000 X76.7 Y100.14 E931.52538
G1 X76.7 Y99.861 E931.53002
G1 X77.343 Y99.86 E931.54071
G1 X77.343 Y100.14 E931.54537
G1 F1500 E925.04537
;MESH:reed_holder.stl
G0 F7200 X77.343 Y98.749
G0 X86.17 Y98.699
G0 X86.1 Y98.769
;TYPE:WALL-INNER
G1 F1500 E931.54537
G1 F3000 X77.1 Y98.769 E931.69504
G1 X77.1 Y95.6 E931.74774
G1 X122.9 Y95.6 E932.50939
G1 X122.9 Y104.4 E932.65574
G1 X77.1 Y104.4 E933.4174
G1 X77.1 Y101.232 E933.47008
G1 X86.1 Y101.231 E933.61975
G1 X86.1 Y98.769 E933.66069
G0 F7200 X85.7 Y99.169
;TYPE:WALL-OUTER
G1 F1500 X76.7 Y99.169 E933.81036
G1 X76.7 Y95.2 E933.87637
G1 X123.3 Y95.2 E934.65133
G1 X123.3 Y104.8 E934.81098
G1 X76.7 Y104.8 E935.58594
G1 X76.7 Y100.832 E935.65193
G1 X85.7 Y100.831 E935.8016
G1 X85.7 Y99.169 E935.82924
G0 F7200 X85.5 Y99.169
G0 X85.5 Y98.669
G0 X86.49 Y98.379
;TYPE:SKIN
G1 F1500 X77.49 Y98.379 E935.97891
G1 X77.49 Y95.99 E936.01864
G1 X122.51 Y95.99 E936.76732
G1 X122.51 Y104.01 E936.9007
G1 X77.49 Y104.01 E937.64938
G1 X77.49 Y101.622 E937.6891
G1 X86.49 Y101.621 E937.83877
G1 X86.49 Y98.379 E937.89268
G0 F7200 X77.67 Y96.561
G1 F1500 X78.061 Y96.169 E937.90189
G0 F7200 X78.627 Y96.169
G1 F1500 X77.67 Y97.126 E937.9244
G0 F7200 X77.67 Y97.692
G1 F1500 X79.193 Y96.169 E937.96021
G0 F7200 X79.758 Y96.169
G1 F1500 X77.729 Y98.198 E938.00793
G0 F7200 X78.295 Y98.198
G1 F1500 X80.324 Y96.169 E938.05565
G0 F7200 X80.89 Y96.169
G1 F1500 X78.86 Y98.198 E938.10338
G0 F7200 X79.426 Y98.198
G1 F1500 X81.455 Y96.169 E938.1511
G0 F7200 X82.021 Y96.169
G1 F1500 X79.992 Y98.198 E938.19882
G0 F7200 X80.557 Y98.198
G1 F1500 X82.587 Y96.169 E938.24655
G0 F7200 X83.152 Y96.169
G1 F1500 X81.123 Y98.198 E938.29427
G0 F7200 X81.689 Y98.198
G1 F1500 X83.718 Y96.169 E938.34199
G0 F7200 X84.284 Y96.169
G1 F1500 X82.254 Y98.198 E938.38972
G0 F7200 X82.82 Y98.198
G1 F1500 X84.849 Y96.169 E938.43744
G0 F7200 X85.415 Y96.169
G1 F1500 X83.386 Y98.198 E938.48516
G0 F7200 X83.951 Y98.198
G1 F1500 X85.981 Y96.169 E938.53289
G0 F7200 X86.547 Y96.169
G1 F1500 X84.517 Y98.198 E938.58062
G0 F7200 X85.083 Y98.198
G1 F1500 X87.112 Y96.169 E938.62834
G0 F7200 X87.678 Y96.169
G1 F1500 X85.649 Y98.198 E938.67606
G0 F7200 X86.214 Y98.198
G1 F1500 X88.244 Y96.169 E938.72379
G0 F7200 X88.809 Y96.169
G1 F1500 X86.67 Y98.309 E938.77411
G0 F7200 X86.67 Y98.874
G1 F1500 X89.375 Y96.169 E938.83772
G0 F7200 X89.941 Y96.169
G1 F1500 X86.67 Y99.44 E938.91465
G0 F7200 X86.67 Y100.006
G1 F1500 X90.506 Y96.169 E939.00488
G0 F7200 X91.072 Y96.169
G1 F1500 X86.67 Y100.571 E939.10841
G0 F7200 X86.67 Y101.137
G1 F1500 X91.638 Y96.169 E939.22525
G0 F7200 X92.203 Y96.169
G1 F1500 X86.67 Y101.703 E939.35539
G0 F7200 X86.572 Y101.8
G1 F1500 X84.543 Y103.829 E939.40311
G0 F7200 X83.978 Y103.829
G1 F1500 X86.006 Y101.8 E939.45081
G0 F7200 X85.441 Y101.8
G1 F1500 X83.412 Y103.829 E939.49853
G0 F7200 X82.846 Y103.829
G1 F1500 X84.875 Y101.8 E939.54625
G0 F7200 X84.309 Y101.8
G1 F1500 X82.281 Y103.829 E939.59396
G0 F7200 X81.715 Y103.829
G1 F1500 X83.744 Y101.8 E939.64168
G0 F7200 X83.178 Y101.8
G1 F1500 X81.149 Y103.829 E939.6894
G0 F7200 X80.584 Y103.829
G1 F1500 X82.612 Y101.8 E939.7371
G0 F7200 X82.047 Y101.8
G1 F1500 X80.018 Y103.829 E939.78482
G0 F7200 X79.452 Y103.829
G1 F1500 X81.481 Y101.8 E939.83254
G0 F7200 X80.915 Y101.8
G1 F1500 X78.886 Y103.829 E939.88026
G0 F7200 X78.321 Y103.829
G1 F1500 X80.349 Y101.8 E939.92797
G0 F7200 X79.784 Y101.8
G1 F1500 X77.755 Y103.829 E939.97569
G0 F7200 X77.67 Y103.349
G1 F1500 X79.218 Y101.8 E940.01211
G0 F7200 X78.652 Y101.8
G1 F1500 X77.67 Y102.783 E940.03521
G0 F7200 X77.67 Y102.217
G1 F1500 X78.087 Y101.8 E940.04502
G0 F7200 X85.109 Y103.829
G1 F1500 X92.769 Y96.169 E940.22517
G0 F7200 X93.335 Y96.169
G1 F1500 X85.675 Y103.829 E940.40532
G0 F7200 X86.24 Y103.829
G1 F1500 X93.9 Y96.169 E940.58547
G0 F7200 X94.466 Y96.169
G1 F1500 X86.806 Y103.829 E940.76563
G0 F7200 X87.372 Y103.829
G1 F1500 X95.032 Y96.169 E940.94578
G0 F7200 X95.598 Y96.169
G1 F1500 X87.937 Y103.829 E941.12594
G0 F7200 X88.503 Y103.829
G1 F1500 X96.163 Y96.169 E941.30609
G0 F7200 X96.729 Y96.169
G1 F1500 X89.069 Y103.829 E941.48624
G0 F7200 X89.634 Y103.829
G1 F1500 X97.295 Y96.169 E941.66641
G0 F7200 X97.86 Y96.169
G1 F1500 X90.2 Y103.829 E941.84656
G0 F7200 X90.766 Y103.829
G1 F1500 X98.426 Y96.169 E942.02671
G0 F7200 X98.992 Y96.169
G1 F1500 X91.332 Y103.829 E942.20686
G0 F7200 X91.897 Y103.829
G1 F1500 X99.557 Y96.169 E942.38701
G0 F7200 X100.123 Y96.169
G1 F1500 X92.463 Y103.829 E942.56716
G0 F7200 X93.029 Y103.829
G1 F1500 X100.689 Y96.169 E942.74732
G0 F7200 X101.254 Y96.169
G1 F1500 X93.594 Y103.829 E942.92747
G0 F7200 X94.16 Y103.829
G1 F1500 X101.82 Y96.169 E943.10762
G0 F7200 X102.386 Y96.169
G1 F1500 X94.726 Y103.829 E943.28777
G0 F7200 X95.291 Y103.829
G1 F1500 X102.951 Y96.169 E943.46792
G0 F7200 X103.517 Y96.169
G1 F1500 X95.857 Y103.829 E943.64807
G0 F7200 X96.423 Y103.829
G1 F1500 X104.083 Y96.169 E943.82822
G0 F7200 X104.648 Y96.169
G1 F1500 X96.988 Y103.829 E944.00838
G0 F7200 X97.554 Y103.829
G1 F1500 X105.214 Y96.169 E944.18853
G0 F7200 X105.78 Y96.169
G1 F1500 X98.12 Y103.829 E944.36868
G0 F7200 X98.685 Y103.829
G1 F1500 X106.346 Y96.169 E944.54884
G0 F7200 X106.911 Y96.169
G1 F1500 X99.251 Y103.829 E944.72899
G0 F7200 X99.817 Y103.829
G1 F1500 X107.477 Y96.169 E944.90914
G0 F7200 X108.043 Y96.169
G1 F1500 X100.382 Y103.83 E945.08932
G0 F7200 X100.947 Y103.83
G1 F1500 X108.608 Y96.169 E945.26949
G0 F7200 X109.174 Y96.169
G1 F1500 X101.513 Y103.83 E945.44967
G0 F7200 X102.079 Y103.83
G1 F1500 X109.74 Y96.169 E945.62984
G0 F7200 X110.305 Y96.169
G1 F1500 X102.645 Y103.83 E945.81001
G0 F7200 X103.21 Y103.83
G1 F1500 X110.871 Y96.169 E945.99018
G0 F7200 X111.437 Y96.169
G1 F1500 X103.776 Y103.83 E946.17036
G0 F7200 X104.342 Y103.83
G1 F1500 X112.002 Y96.169 E946.35052
G0 F7200 X112.568 Y96.169
G1 F1500 X104.907 Y103.83 E946.5307
G0 F7200 X105.473 Y103.83
G1 F1500 X113.134 Y96.169 E946.71087
G0 F7200 X113.699 Y96.169
G1 F1500 X106.039 Y103.83 E946.89103
G0 F7200 X106.604 Y103.83
G1 F1500 X114.265 Y96.169 E947.07121
G0 F7200 X114.831 Y96.169
G1 F1500 X107.17 Y103.83 E947.25138
G0 F7200 X107.736 Y103.83
G1 F1500 X115.396 Y96.169 E947.43155
G0 F7200 X115.962 Y96.169
G1 F1500 X108.301 Y103.83 E947.61172
G0 F7200 X108.867 Y103.83
G1 F1500 X116.528 Y96.169 E947.7919
G0 F7200 X117.094 Y96.169
G1 F1500 X109.433 Y103.83 E947.97207
G0 F7200 X109.998 Y103.83
G1 F1500 X117.659 Y96.169 E948.15225
G0 F7200 X118.225 Y96.169
G1 F1500 X110.564 Y103.83 E948.33242
G0 F7200 X111.13 Y103.83
G1 F1500 X118.791 Y96.169 E948.5126
G0 F7200 X119.356 Y96.169
G1 F1500 X111.696 Y103.83 E948.69276
G0 F7200 X112.261 Y103.83
G1 F1500 X119.922 Y96.169 E948.87294
G0 F7200 X120.488 Y96.169
G1 F1500 X112.827 Y103.83 E949.05311
G0 F7200 X113.393 Y103.83
G1 F1500 X121.053 Y96.169 E949.23327
G0 F7200 X121.619 Y96.169
G1 F1500 X113.958 Y103.83 E949.41345
G0 F7200 X114.524 Y103.83
G1 F1500 X122.185 Y96.169 E949.59362
G0 F7200 X122.328 Y96.591
G1 F1500 X115.09 Y103.83 E949.76386
G0 F7200 X115.655 Y103.83
G1 F1500 X122.328 Y97.157 E949.9208
G0 F7200 X122.328 Y97.722
G1 F1500 X116.221 Y103.83 E950.06444
G0 F7200 X116.787 Y103.83
G1 F1500 X122.328 Y98.288 E950.19477
G0 F7200 X122.328 Y98.854
G1 F1500 X117.352 Y103.83 E950.3118
G0 F7200 X117.918 Y103.83
G1 F1500 X122.328 Y99.419 E950.41552
G0 F7200 X122.328 Y99.985
G1 F1500 X118.484 Y103.83 E950.50594
G0 F7200 X119.049 Y103.83
G1 F1500 X122.328 Y100.551 E950.58306
G0 F7200 X122.328 Y101.116
G1 F1500 X119.615 Y103.83 E950.64687
G0 F7200 X120.181 Y103.83
G1 F1500 X122.328 Y101.682 E950.69738
G0 F7200 X122.328 Y102.248
G1 F1500 X120.746 Y103.83 E950.73459
G0 F7200 X121.312 Y103.83
G1 F1500 X122.328 Y102.814 E950.75848
G0 F7200 X122.328 Y103.379
G1 F1500 X121.878 Y103.83 E950.76908
;MESH:NONMESH
G0 F600 X121.878 Y103.83 Z6.5
G0 F7200 X86.2 Y99.06
G0 X86.1 Y99.06
;TIME_ELAPSED:2002.991176
;LAYER:62
;TYPE:WALL-INNER
;MESH:reed_holder.stl
G1 F3000 X85.9 Y99.06 E950.7724
G1 X77.3 Y99.061 E950.91542
G1 X77.1 Y99.061 E950.91875
G1 X77.1 Y98.861 E950.9209
G1 X77.1 Y95.6 E950.97513
G1 X122.9 Y95.6 E951.73679
G1 X122.9 Y104.4 E951.88313
G1 X77.1 Y104.4 E952.64479
G1 X77.1 Y100.94 E952.70233
G1 X86.1 Y100.939 E952.852
G1 X86.1 Y99.26 E952.87992
G1 X86.1 Y99.06 E952.88208
G0 F7200 X85.7 Y99.46
;TYPE:WALL-OUTER
G1 F1500 X85.5 Y99.46 E952.8854
G1 X76.9 Y99.461 E953.02842
G1 X76.7 Y99.461 E953.03175
G1 X76.7 Y99.261 E953.0339
G1 X76.7 Y95.2 E953.10144
G1 X123.3 Y95.2 E953.8764
G1 X123.3 Y104.8 E954.03605
G1 X76.7 Y104.8 E954.81101
G1 X76.7 Y100.54 E954.88185
G1 X85.7 Y100.539 E955.03152
G1 X85.7 Y99.66 E955.04614
G1 X85.7 Y99.46 E955.04829
G0 F7200 X85.5 Y99.46
G0 X85.5 Y98.96
G0 X86.49 Y98.67
;TYPE:SKIN
G1 F1500 X77.49 Y98.671 E955.19796
G1 X77.49 Y95.99 E955.24255
G1 X122.51 Y95.99 E955.99123
G1 X122.51 Y104.01 E956.12461
G1 X77.49 Y104.01 E956.87329
G1 X77.49 Y101.33 E956.91786
G1 X86.49 Y101.329 E957.06753
G1 X86.49 Y98.67 E957.11175
G0 F7200 X86.128 Y100.967
G0 X77.807 Y103.828
G1 F1500 X77.67 Y103.691 E957.11497
G0 F7200 X77.67 Y103.125
G1 F1500 X78.372 Y103.828 E957.13149
G0 F7200 X78.938 Y103.828
G1 F1500 X77.67 Y102.56 E957.16132
G0 F7200 X77.67 Y101.994
G1 F1500 X79.504 Y103.828 E957.20445
G0 F7200 X80.069 Y103.828
G1 F1500 X77.75 Y101.509 E957.25899
G0 F7200 X78.316 Y101.509
G1 F1500 X80.635 Y103.828 E957.31353
G0 F7200 X81.201 Y103.828
G1 F1500 X78.882 Y101.509 E957.36807
G0 F7200 X79.447 Y101.509
G1 F1500 X81.766 Y103.828 E957.42261
G0 F7200 X82.332 Y103.828
G1 F1500 X80.013 Y101.509 E957.47715
G0 F7200 X80.579 Y101.509
G1 F1500 X82.898 Y103.828 E957.53169
G0 F7200 X83.464 Y103.828
G1 F1500 X81.144 Y101.509 E957.58624
G0 F7200 X81.71 Y101.509
G1 F1500 X84.029 Y103.828 E957.64078
G0 F7200 X84.595 Y103.828
G1 F1500 X82.275 Y101.508 E957.69534
G0 F7200 X82.841 Y101.508
G1 F1500 X85.161 Y103.828 E957.7499
G0 F7200 X85.726 Y103.828
G1 F1500 X83.406 Y101.508 E957.80446
G0 F7200 X83.972 Y101.508
G1 F1500 X86.292 Y103.828 E957.85903
G0 F7200 X86.858 Y103.828
G1 F1500 X84.538 Y101.508 E957.91359
G0 F7200 X85.103 Y101.508
G1 F1500 X87.423 Y103.828 E957.96815
G0 F7200 X87.989 Y103.828
G1 F1500 X85.669 Y101.508 E958.02272
G0 F7200 X86.235 Y101.508
G1 F1500 X88.555 Y103.828 E958.07728
G0 F7200 X89.12 Y103.828
G1 F1500 X86.669 Y101.377 E958.13492
G0 F7200 X86.669 Y100.811
G1 F1500 X89.686 Y103.828 E958.20588
G0 F7200 X90.252 Y103.828
G1 F1500 X86.669 Y100.245 E958.29014
G0 F7200 X86.669 Y99.68
G1 F1500 X90.817 Y103.828 E958.3877
G0 F7200 X91.383 Y103.828
G1 F1500 X86.669 Y99.114 E958.49856
G0 F7200 X86.669 Y98.548
G1 F1500 X91.949 Y103.828 E958.62274
G0 F7200 X92.515 Y103.828
G1 F1500 X84.856 Y96.17 E958.80286
G0 F7200 X85.422 Y96.17
G1 F1500 X93.08 Y103.828 E958.98296
G0 F7200 X93.646 Y103.828
G1 F1500 X85.987 Y96.17 E959.16308
G0 F7200 X86.553 Y96.17
G1 F1500 X94.212 Y103.828 E959.3432
G0 F7200 X94.777 Y103.828
G1 F1500 X87.119 Y96.17 E959.5233
G0 F7200 X87.684 Y96.17
G1 F1500 X95.343 Y103.828 E959.70342
G0 F7200 X95.909 Y103.828
G1 F1500 X88.25 Y96.17 E959.88353
G0 F7200 X88.816 Y96.17
G1 F1500 X96.474 Y103.828 E960.06364
G0 F7200 X97.04 Y103.828
G1 F1500 X89.381 Y96.17 E960.24375
G0 F7200 X89.947 Y96.17
G1 F1500 X97.606 Y103.828 E960.42387
G0 F7200 X98.171 Y103.828
G1 F1500 X90.513 Y96.17 E960.60397
G0 F7200 X91.078 Y96.17
G1 F1500 X98.737 Y103.828 E960.78409
G0 F7200 X99.303 Y103.828
G1 F1500 X91.644 Y96.17 E960.96421
G0 F7200 X92.21 Y96.17
G1 F1500 X99.868 Y103.828 E961.14431
G0 F7200 X100.435 Y103.829
G1 F1500 X92.775 Y96.17 E961.32445
G0 F7200 X93.341 Y96.17
G1 F1500 X101.001 Y103.829 E961.50459
G0 F7200 X101.566 Y103.829
G1 F1500 X93.907 Y96.17 E961.68472
G0 F7200 X94.473 Y96.17
G1 F1500 X102.132 Y103.829 E961.86485
G0 F7200 X102.698 Y103.829
G1 F1500 X95.038 Y96.17 E962.04498
G0 F7200 X95.604 Y96.17
G1 F1500 X103.263 Y103.829 E962.22511
G0 F7200 X103.829 Y103.829
G1 F1500 X96.17 Y96.17 E962.40524
G0 F7200 X96.735 Y96.17
G1 F1500 X104.395 Y103.829 E962.58538
G0 F7200 X104.96 Y103.829
G1 F1500 X97.301 Y96.17 E962.76551
G0 F7200 X97.867 Y96.17
G1 F1500 X105.526 Y103.829 E962.94564
G0 F7200 X106.092 Y103.829
G1 F1500 X98.432 Y96.17 E963.12578
G0 F7200 X98.998 Y96.17
G1 F1500 X106.657 Y103.829 E963.3059
G0 F7200 X107.223 Y103.829
G1 F1500 X99.564 Y96.17 E963.48603
G0 F7200 X100.129 Y96.17
G1 F1500 X107.789 Y103.829 E963.66617
G0 F7200 X108.354 Y103.829
G1 F1500 X100.695 Y96.17 E963.8463
G0 F7200 X101.261 Y96.17
G1 F1500 X108.92 Y103.829 E964.02643
G0 F7200 X109.486 Y103.829
G1 F1500 X101.826 Y96.17 E964.20657
G0 F7200 X102.392 Y96.17
G1 F1500 X110.051 Y103.829 E964.3867
G0 F7200 X110.617 Y103.829
G1 F1500 X102.958 Y96.17 E964.56682
G0 F7200 X103.523 Y96.17
G1 F1500 X111.183 Y103.829 E964.74696
G0 F7200 X111.749 Y103.829
G1 F1500 X104.089 Y96.17 E964.9271
G0 F7200 X104.655 Y96.17
G1 F1500 X112.314 Y103.829 E965.10723
G0 F7200 X112.88 Y103.829
G1 F1500 X105.221 Y96.17 E965.28736
G0 F7200 X105.786 Y96.17
G1 F1500 X113.446 Y103.829 E965.4675
G0 F7200 X114.011 Y103.829
G1 F1500 X106.352 Y96.17 E965.64763
G0 F7200 X106.918 Y96.17
G1 F1500 X114.577 Y103.829 E965.82775
G0 F7200 X115.143 Y103.829
G1 F1500 X107.483 Y96.17 E966.00789
G0 F7200 X108.049 Y96.17
G1 F1500 X115.708 Y103.829 E966.18802
G0 F7200 X116.274 Y103.829
G1 F1500 X108.615 Y96.17 E966.36815
G0 F7200 X109.18 Y96.17
G1 F1500 X116.84 Y103.829 E966.54829
G0 F7200 X117.405 Y103.829
G1 F1500 X109.746 Y96.17 E966.72842
G0 F7200 X110.312 Y96.17
G1 F1500 X117.971 Y103.829 E966.90855
G0 F7200 X118.537 Y103.829
G1 F1500 X110.877 Y96.17 E967.08868
G0 F7200 X111.443 Y96.17
G1 F1500 X119.102 Y103.829 E967.26881
G0 F7200 X119.668 Y103.829
G1 F1500 X112.009 Y96.17 E967.44894
G0 F7200 X112.574 Y96.17
G1 F1500 X120.234 Y103.829 E967.62908
G0 F7200 X120.8 Y103.829
G1 F1500 X113.14 Y96.17 E967.80922
G0 F7200 X113.706 Y96.17
G1 F1500 X121.365 Y103.829 E967.98935
G0 F7200 X121.931 Y103.829
G1 F1500 X114.271 Y96.17 E968.16949
G0 F7200 X114.837 Y96.17
G1 F1500 X122.329 Y103.661 E968.34568
G0 F7200 X122.329 Y103.096
G1 F1500 X115.403 Y96.17 E968.50857
G0 F7200 X115.969 Y96.17
G1 F1500 X122.329 Y102.53 E968.65814
G0 F7200 X122.329 Y101.964
G1 F1500 X116.534 Y96.17 E968.79442
G0 F7200 X117.1 Y96.17
G1 F1500 X122.329 Y101.399 E968.9174
G0 F7200 X122.329 Y100.833
G1 F1500 X117.666 Y96.17 E969.02707
G0 F7200 X118.231 Y96.17
G1 F1500 X122.329 Y100.267 E969.12343
G0 F7200 X122.329 Y99.702
G1 F1500 X118.797 Y96.17 E969.2065
G0 F7200 X119.363 Y96.17
G1 F1500 X122.329 Y99.136 E969.27625
G0 F7200 X122.329 Y98.57
G1 F1500 X119.928 Y96.17 E969.33271
G0 F7200 X120.494 Y96.17
G1 F1500 X122.329 Y98.004 E969.37586
G0 F7200 X122.329 Y97.439
G1 F1500 X121.06 Y96.17 E969.4057
G0 F7200 X121.625 Y96.17
G1 F1500 X122.329 Y96.873 E969.42225
G0 F7200 X122.329 Y96.307
G1 F1500 X122.191 Y96.17 E969.42548
G0 F7200 X86.609 Y98.489
G1 F1500 X84.29 Y96.17 E969.48002
G0 F7200 X83.724 Y96.17
G1 F1500 X86.044 Y98.489 E969.53457
G0 F7200 X85.478 Y98.489
G1 F1500 X83.159 Y96.17 E969.58911
G0 F7200 X82.593 Y96.17
G1 F1500 X84.912 Y98.489 E969.64365
G0 F7200 X84.347 Y98.489
G1 F1500 X82.027 Y96.17 E969.6982
G0 F7200 X81.462 Y96.17
G1 F1500 X83.781 Y98.489 E969.75274
G0 F7200 X83.215 Y98.489
G1 F1500 X80.896 Y96.17 E969.80728
G0 F7200 X80.33 Y96.17
G1 F1500 X82.65 Y98.489 E969.86183
G0 F7200 X82.084 Y98.489
G1 F1500 X79.765 Y96.17 E969.91637
G0 F7200 X79.199 Y96.17
G1 F1500 X81.518 Y98.489 E969.97091
G0 F7200 X80.953 Y98.489
G1 F1500 X78.633 Y96.17 E970.02546
G0 F7200 X78.068 Y96.17
G1 F1500 X80.387 Y98.489 E970.08
G0 F7200 X79.821 Y98.489
G1 F1500 X77.67 Y96.337 E970.1306
G0 F7200 X77.67 Y96.903
G1 F1500 X79.256 Y98.489 E970.1679
G0 F7200 X78.69 Y98.489
G1 F1500 X77.67 Y97.469 E970.19189
G0 F7200 X77.67 Y98.034
G1 F1500 X78.124 Y98.489 E970.20258
;MESH:NONMESH
G0 F600 X78.124 Y98.489 Z6.6
G0 F7200 X86.128 Y99.032
G0 X86.128 Y100.967
G0 X77.17 Y104.33
G0 X77.1 Y104.4
;TIME_ELAPSED:2050.350000
;LAYER:63
;TYPE:WALL-INNER
;MESH:reed_holder.stl
G1 F3000 X77.1 Y95.6 E970.34892
G1 X122.9 Y95.6 E971.11058
G1 X122.9 Y104.4 E971.25692
G1 X77.1 Y104.4 E972.01858
G0 F7200 X76.7 Y104.8
;TYPE:WALL-OUTER
G1 F1500 X76.7 Y95.2 E972.17823
G1 X123.3 Y95.2 E972.95319
G1 X123.3 Y104.8 E973.11284
G1 X76.7 Y104.8 E973.8878
G0 F7200 X76.7 Y104.6
G0 X77.49 Y104.01
;TYPE:SKIN
G1 F1500 X77.49 Y95.99 E974.02117
G1 X122.51 Y95.99 E974.76986
G1 X122.51 Y104.01 E974.90323
G1 X77.49 Y104.01 E975.65192
G0 F7200 X77.67 Y96.561
G1 F1500 X78.061 Y96.169 E975.66112
G0 F7200 X78.627 Y96.169
G1 F1500 X77.67 Y97.126 E975.68363
G0 F7200 X77.67 Y97.692
G1 F1500 X79.193 Y96.169 E975.71945
G0 F7200 X79.758 Y96.169
G1 F1500 X77.67 Y98.258 E975.76857
G0 F7200 X77.67 Y98.823
G1 F1500 X80.324 Y96.169 E975.83099
G0 F7200 X80.89 Y96.169
G1 F1500 X77.67 Y99.389 E975.90672
G0 F7200 X77.67 Y99.955
G1 F1500 X81.455 Y96.169 E975.99575
G0 F7200 X82.021 Y96.169
G1 F1500 X77.67 Y100.52 E976.09807
G0 F7200 X77.67 Y101.086
G1 F1500 X82.587 Y96.169 E976.21371
G0 F7200 X83.152 Y96.169
G1 F1500 X77.67 Y101.652 E976.34265
G0 F7200 X77.67 Y102.217
G1 F1500 X83.718 Y96.169 E976.48489
G0 F7200 X84.284 Y96.169
G1 F1500 X77.67 Y102.783 E976.64045
G0 F7200 X77.67 Y103.349
G1 F1500 X84.849 Y96.169 E976.8093
G0 F7200 X85.415 Y96.169
G1 F1500 X77.755 Y103.829 E976.98945
G0 F7200 X78.321 Y103.829
G1 F1500 X85.981 Y96.169 E977.1696
G0 F7200 X86.547 Y96.169
G1 F1500 X78.886 Y103.829 E977.34976
G0 F7200 X79.452 Y103.829
G1 F1500 X87.112 Y96.169 E977.52991
G0 F7200 X87.678 Y96.169
G1 F1500 X80.018 Y103.829 E977.71007
G0 F7200 X80.584 Y103.829
G1 F1500 X88.244 Y96.169 E977.89022
G0 F7200 X88.809 Y96.169
G1 F1500 X81.149 Y103.829 E978.07037
G0 F7200 X81.715 Y103.829
G1 F1500 X89.375 Y96.169 E978.25052
G0 F7200 X89.941 Y96.169
G1 F1500 X82.281 Y103.829 E978.43067
G0 F7200 X82.846 Y103.829
G1 F1500 X90.506 Y96.169 E978.61082
G0 F7200 X91.072 Y96.169
G1 F1500 X83.412 Y103.829 E978.79097
G0 F7200 X83.978 Y103.829
G1 F1500 X91.638 Y96.169 E978.97113
G0 F7200 X92.203 Y96.169
G1 F1500 X84.543 Y103.829 E979.15128
G0 F7200 X85.109 Y103.829
G1 F1500 X92.769 Y96.169 E979.33143
G0 F7200 X93.335 Y96.169
G1 F1500 X85.675 Y103.829 E979.51158
G0 F7200 X86.24 Y103.829
G1 F1500 X93.9 Y96.169 E979.69173
G0 F7200 X94.466 Y96.169
G1 F1500 X86.806 Y103.829 E979.87188
G0 F7200 X87.372 Y103.829
G1 F1500 X95.032 Y96.169 E980.05203
G0 F7200 X95.598 Y96.169
G1 F1500 X87.937 Y103.829 E980.2322
G0 F7200 X88.503 Y103.829
G1 F1500 X96.163 Y96.169 E980.41235
G0 F7200 X96.729 Y96.169
G1 F1500 X89.069 Y103.829 E980.5925
G0 F7200 X89.634 Y103.829
G1 F1500 X97.295 Y96.169 E980.77266
G0 F7200 X97.86 Y96.169
G1 F1500 X90.2 Y103.829 E980.95282
G0 F7200 X90.766 Y103.829
G1 F1500 X98.426 Y96.169 E981.13297
G0 F7200 X98.992 Y96.169
G1 F1500 X91.332 Y103.829 E981.31312
G0 F7200 X91.897 Y103.829
G1 F1500 X99.557 Y96.169 E981.49327
G0 F7200 X100.123 Y96.169
G1 F1500 X92.463 Y103.829 E981.67342
G0 F7200 X93.029 Y103.829
G1 F1500 X100.689 Y96.169 E981.85357
G0 F7200 X101.254 Y96.169
G1 F1500 X93.594 Y103.829 E982.03372
G0 F7200 X94.16 Y103.829
G1 F1500 X101.82 Y96.169 E982.21388
G0 F7200 X102.386 Y96.169
G1 F1500 X94.726 Y103.829 E982.39403
G0 F7200 X95.291 Y103.829
G1 F1500 X102.951 Y96.169 E982.57418
G0 F7200 X103.517 Y96.169
G1 F1500 X95.857 Y103.829 E982.75433
G0 F7200 X96.423 Y103.829
G1 F1500 X104.083 Y96.169 E982.93448
G0 F7200 X104.648 Y96.169
G1 F1500 X96.988 Y103.829 E983.11463
G0 F7200 X97.554 Y103.829
G1 F1500 X105.214 Y96.169 E983.29478
G0 F7200 X105.78 Y96.169
G1 F1500 X98.12 Y103.829 E983.47494
G0 F7200 X98.685 Y103.829
G1 F1500 X106.346 Y96.169 E983.6551
G0 F7200 X106.911 Y96.169
G1 F1500 X99.251 Y103.829 E983.83525
G0 F7200 X99.817 Y103.829
G1 F1500 X107.477 Y96.169 E984.0154
G0 F7200 X108.043 Y96.169
G1 F1500 X100.382 Y103.83 E984.19558
G0 F7200 X100.947 Y103.83
G1 F1500 X108.608 Y96.169 E984.37575
G0 F7200 X109.174 Y96.169
G1 F1500 X101.513 Y103.83 E984.55593
G0 F7200 X102.079 Y103.83
G1 F1500 X109.74 Y96.169 E984.7361
G0 F7200 X110.305 Y96.169
G1 F1500 X102.645 Y103.83 E984.91626
G0 F7200 X103.21 Y103.83
G1 F1500 X110.871 Y96.169 E985.09644
G0 F7200 X111.437 Y96.169
G1 F1500 X103.776 Y103.83 E985.27661
G0 F7200 X104.342 Y103.83
G1 F1500 X112.002 Y96.169 E985.45678
G0 F7200 X112.568 Y96.169
G1 F1500 X104.907 Y103.83 E985.63695
G0 F7200 X105.473 Y103.83
G1 F1500 X113.134 Y96.169 E985.81713
G0 F7200 X113.699 Y96.169
G1 F1500 X106.039 Y103.83 E985.99729
G0 F7200 X106.604 Y103.83
G1 F1500 X114.265 Y96.169 E986.17747
G0 F7200 X114.831 Y96.169
G1 F1500 X107.17 Y103.83 E986.35764
G0 F7200 X107.736 Y103.83
G1 F1500 X115.396 Y96.169 E986.5378
G0 F7200 X115.962 Y96.169
G1 F1500 X108.301 Y103.83 E986.71798
G0 F7200 X108.867 Y103.83
G1 F1500 X116.528 Y96.169 E986.89815
G0 F7200 X117.094 Y96.169
G1 F1500 X109.433 Y103.83 E987.07833
G0 F7200 X109.998 Y103.83
G1 F1500 X117.659 Y96.169 E987.2585
G0 F7200 X118.225 Y96.169
G1 F1500 X110.564 Y103.83 E987.43868
G0 F7200 X111.13 Y103.83
G1 F1500 X118.791 Y96.169 E987.61885
G0 F7200 X119.356 Y96.169
G1 F1500 X111.696 Y103.83 E987.79902
G0 F7200 X112.261 Y103.83
G1 F1500 X119.922 Y96.169 E987.97919
G0 F7200 X120.488 Y96.169
G1 F1500 X112.827 Y103.83 E988.15937
G0 F7200 X113.393 Y103.83
G1 F1500 X121.053 Y96.169 E988.33953
G0 F7200 X121.619 Y96.169
G1 F1500 X113.958 Y103.83 E988.51971
G0 F7200 X114.524 Y103.83
G1 F1500 X122.185 Y96.169 E988.69988
G0 F7200 X122.328 Y96.591
G1 F1500 X115.09 Y103.83 E988.87012
G0 F7200 X115.655 Y103.83
G1 F1500 X122.328 Y97.157 E989.02706
G0 F7200 X122.328 Y97.722
G1 F1500 X116.221 Y103.83 E989.1707
G0 F7200 X116.787 Y103.83
G1 F1500 X122.328 Y98.288 E989.30102
G0 F7200 X122.328 Y98.854
G1 F1500 X117.352 Y103.83 E989.41805
G0 F7200 X117.918 Y103.83
G1 F1500 X122.328 Y99.419 E989.52178
G0 F7200 X122.328 Y99.985
G1 F1500 X118.484 Y103.83 E989.6122
G0 F7200 X119.049 Y103.83
G1 F1500 X122.328 Y100.551 E989.68931
G0 F7200 X122.328 Y101.116
G1 F1500 X119.615 Y103.83 E989.75313
G0 F7200 X120.181 Y103.83
G1 F1500 X122.328 Y101.682 E989.80364
G0 F7200 X122.328 Y102.248
G1 F1500 X120.746 Y103.83 E989.84084
G0 F7200 X121.312 Y103.83
G1 F1500 X122.328 Y102.814 E989.86474
G0 F7200 X122.328 Y103.379
G1 F1500 X121.878 Y103.83 E989.87533
;MESH:NONMESH
G0 F600 X121.878 Y103.83 Z6.7
G0 F7200 X77.17 Y104.33
G0 X77.1 Y104.4
;TIME_ELAPSED:2098.026206
;LAYER:64
;TYPE:WALL-INNER
;MESH:reed_holder.stl
G1 F3000 X77.1 Y95.6 E990.02168
G1 X122.9 Y95.6 E990.78334
G1 X122.9 Y104.4 E990.92968
G1 X77.1 Y104.4 E991.69134
G0 F7200 X76.7 Y104.8
;TYPE:WALL-OUTER
G1 F1500 X76.7 Y95.2 E991.85099
G1 X123.3 Y95.2 E992.62595
G1 X123.3 Y104.8 E992.7856
G1 X76.7 Y104.8 E993.56056
G0 F7200 X76.7 Y104.6
G0 X77.49 Y104.01
;TYPE:SKIN
G1 F1500 X77.49 Y95.99 E993.69393
G1 X122.51 Y95.99 E994.44262
G1 X122.51 Y104.01 E994.57599
G1 X77.49 Y104.01 E995.32467
G0 F7200 X77.807 Y103.828
G1 F1500 X77.67 Y103.691 E995.3279
G0 F7200 X77.67 Y103.125
G1 F1500 X78.372 Y103.828 E995.34442
G0 F7200 X78.938 Y103.828
G1 F1500 X77.67 Y102.56 E995.37424
G0 F7200 X77.67 Y101.994
G1 F1500 X79.504 Y103.828 E995.41737
G0 F7200 X80.069 Y103.828
G1 F1500 X77.67 Y101.428 E995.4738
G0 F7200 X77.67 Y100.863
G1 F1500 X80.635 Y103.828 E995.54354
G0 F7200 X81.201 Y103.828
G1 F1500 X77.67 Y100.297 E995.62658
G0 F7200 X77.67 Y99.731
G1 F1500 X81.766 Y103.828 E995.72292
G0 F7200 X82.332 Y103.828
G1 F1500 X77.67 Y99.166 E995.83257
G0 F7200 X77.67 Y98.6
G1 F1500 X82.898 Y103.828 E995.95552
G0 F7200 X83.464 Y103.828
G1 F1500 X77.67 Y98.034 E996.09179
G0 F7200 X77.67 Y97.469
G1 F1500 X84.029 Y103.828 E996.24134
G0 F7200 X84.595 Y103.828
G1 F1500 X77.67 Y96.903 E996.40421
G0 F7200 X77.67 Y96.337
G1 F1500 X85.161 Y103.828 E996.58038
G0 F7200 X85.726 Y103.828
G1 F1500 X78.068 Y96.17 E996.76049
G0 F7200 X78.633 Y96.17
G1 F1500 X86.292 Y103.828 E996.9406
G0 F7200 X86.858 Y103.828
G1 F1500 X79.199 Y96.17 E997.12072
G0 F7200 X79.765 Y96.17
G1 F1500 X87.423 Y103.828 E997.30083
G0 F7200 X87.989 Y103.828
G1 F1500 X80.33 Y96.17 E997.48094
G0 F7200 X80.896 Y96.17
G1 F1500 X88.555 Y103.828 E997.66106
G0 F7200 X89.12 Y103.828
G1 F1500 X81.462 Y96.17 E997.84116
G0 F7200 X82.027 Y96.17
G1 F1500 X89.686 Y103.828 E998.02128
G0 F7200 X90.252 Y103.828
G1 F1500 X82.593 Y96.17 E998.20139
G0 F7200 X83.159 Y96.17
G1 F1500 X90.817 Y103.828 E998.3815
G0 F7200 X91.383 Y103.828
G1 F1500 X83.724 Y96.17 E998.56161
G0 F7200 X84.29 Y96.17
G1 F1500 X91.949 Y103.828 E998.74173
G0 F7200 X92.515 Y103.828
G1 F1500 X84.856 Y96.17 E998.92185
G0 F7200 X85.422 Y96.17
G1 F1500 X93.08 Y103.828 E999.10195
G0 F7200 X93.646 Y103.828
G1 F1500 X85.987 Y96.17 E999.28207
G0 F7200 X86.553 Y96.17
G1 F1500 X94.212 Y103.828 E999.46218
G0 F7200 X94.777 Y103.828
G1 F1500 X87.119 Y96.17 E999.64229
G0 F7200 X87.684 Y96.17
G1 F1500 X95.343 Y103.828 E999.8224
G0 F7200 X95.909 Y103.828
G1 F1500 X88.25 Y96.17 E1000.00252
G0 F7200 X88.816 Y96.17
G1 F1500 X96.474 Y103.828 E1000.18263
G0 F7200 X97.04 Y103.828
G1 F1500 X89.381 Y96.17 E1000.36274
G0 F7200 X89.947 Y96.17
G1 F1500 X97.606 Y103.828 E1000.54286
G0 F7200 X98.171 Y103.828
G1 F1500 X90.513 Y96.17 E1000.72296
G0 F7200 X91.078 Y96.17
G1 F1500 X98.737 Y103.828 E1000.90308
G0 F7200 X99.303 Y103.828
G1 F1500 X91.644 Y96.17 E1001.08319
G0 F7200 X92.21 Y96.17
G1 F1500 X99.868 Y103.828 E1001.2633
G0 F7200 X100.435 Y103.829
G1 F1500 X92.775 Y96.17 E1001.44344
G0 F7200 X93.341 Y96.17
G1 F1500 X101.001 Y103.829 E1001.62358
G0 F7200 X101.566 Y103.829
G1 F1500 X93.907 Y96.17 E1001.80371
G0 F7200 X94.473 Y96.17
G1 F1500 X102.132 Y103.829 E1001.98383
G0 F7200 X102.698 Y103.829
G1 F1500 X95.038 Y96.17 E1002.16397
G0 F7200 X95.604 Y96.17
G1 F1500 X103.263 Y103.829 E1002.3441
G0 F7200 X103.829 Y103.829
G1 F1500 X96.17 Y96.17 E1002.52423
G0 F7200 X96.735 Y96.17
G1 F1500 X104.395 Y103.829 E1002.70437
G0 F7200 X104.96 Y103.829
G1 F1500 X97.301 Y96.17 E1002.8845
G0 F7200 X97.867 Y96.17
G1 F1500 X105.526 Y103.829 E1003.06463
G0 F7200 X106.092 Y103.829
G1 F1500 X98.432 Y96.17 E1003.24476
G0 F7200 X98.998 Y96.17
G1 F1500 X106.657 Y103.829 E1003.42489
G0 F7200 X107.223 Y103.829
G1 F1500 X99.564 Y96.17 E1003.60502
G0 F7200 X100.129 Y96.17
G1 F1500 X107.789 Y103.829 E1003.78516
G0 F7200 X108.354 Y103.829
G1 F1500 X100.695 Y96.17 E1003.96529
G0 F7200 X101.261 Y96.17
G1 F1500 X108.92 Y103.829 E1004.14542
G0 F7200 X109.486 Y103.829
G1 F1500 X101.826 Y96.17 E1004.32556
G0 F7200 X102.392 Y96.17
G1 F1500 X110.051 Y103.829 E1004.50568
G0 F7200 X110.617 Y103.829
G1 F1500 X102.958 Y96.17 E1004.68581
G0 F7200 X103.523 Y96.17
G1 F1500 X111.183 Y103.829 E1004.86595
G0 F7200 X111.749 Y103.829
G1 F1500 X104.089 Y96.17 E1005.04609
G0 F7200 X104.655 Y96.17
G1 F1500 X112.314 Y103.829 E1005.22622
G0 F7200 X112.88 Y103.829
G1 F1500 X105.221 Y96.17 E1005.40635
G0 F7200 X105.786 Y96.17
G1 F1500 X113.446 Y103.829 E1005.58649
G0 F7200 X114.011 Y103.829
G1 F1500 X106.352 Y96.17 E1005.76661
G0 F7200 X106.918 Y96.17
G1 F1500 X114.577 Y103.829 E1005.94674
G0 F7200 X115.143 Y103.829
G1 F1500 X107.483 Y96.17 E1006.12688
G0 F7200 X108.049 Y96.17
G1 F1500 X115.708 Y103.829 E1006.30701
G0 F7200 X116.274 Y103.829
G1 F1500 X108.615 Y96.17 E1006.48714
G0 F7200 X109.18 Y96.17
G1 F1500 X116.84 Y103.829 E1006.66728
G0 F7200 X117.405 Y103.829
G1 F1500 X109.746 Y96.17 E1006.84741
G0 F7200 X110.312 Y96.17
G1 F1500 X117.971 Y103.829 E1007.02753
G0 F7200 X118.537 Y103.829
G1 F1500 X110.877 Y96.17 E1007.20767
G0 F7200 X111.443 Y96.17
G1 F1500 X119.102 Y103.829 E1007.3878
G0 F7200 X119.668 Y103.829
G1 F1500 X112.009 Y96.17 E1007.56793
G0 F7200 X112.574 Y96.17
G1 F1500 X120.234 Y103.829 E1007.74807
G0 F7200 X120.8 Y103.829
G1 F1500 X113.14 Y96.17 E1007.92821
G0 F7200 X113.706 Y96.17
G1 F1500 X121.365 Y103.829 E1008.10834
G0 F7200 X121.931 Y103.829
G1 F1500 X114.271 Y96.17 E1008.28848
G0 F7200 X114.837 Y96.17
G1 F1500 X122.329 Y103.661 E1008.46467
G0 F7200 X122.329 Y103.096
G1 F1500 X115.403 Y96.17 E1008.62755
G0 F7200 X115.969 Y96.17
G1 F1500 X122.329 Y102.53 E1008.77713
G0 F7200 X122.329 Y101.964
G1 F1500 X116.534 Y96.17 E1008.91341
G0 F7200 X117.1 Y96.17
G1 F1500 X122.329 Y101.399 E1009.03639
G0 F7200 X122.329 Y100.833
G1 F1500 X117.666 Y96.17 E1009.14605
G0 F7200 X118.231 Y96.17
G1 F1500 X122.329 Y100.267 E1009.24242
G0 F7200 X122.329 Y99.702
G1 F1500 X118.797 Y96.17 E1009.32549
G0 F7200 X119.363 Y96.17
G1 F1500 X122.329 Y99.136 E1009.39524
G0 F7200 X122.329 Y98.57
G1 F1500 X119.928 Y96.17 E1009.4517
G0 F7200 X120.494 Y96.17
G1 F1500 X122.329 Y98.004 E1009.49484
G0 F7200 X122.329 Y97.439
G1 F1500 X121.06 Y96.17 E1009.52469
G0 F7200 X121.625 Y96.17
G1 F1500 X122.329 Y96.873 E1009.54123
G0 F7200 X122.329 Y96.307
G1 F1500 X122.191 Y96.17 E1009.54447
;MESH:NONMESH
G0 F600 X122.191 Y96.17 Z6.8
G0 F7200 X77.17 Y104.33
G0 X77.1 Y104.4
;TIME_ELAPSED:2145.654392
;LAYER:65
;TYPE:WALL-INNER
;MESH:reed_holder.stl
G1 F3000 X77.1 Y95.6 E1009.69081
G1 X122.9 Y95.6 E1010.45247
G1 X122.9 Y104.4 E1010.59881
G1 X77.1 Y104.4 E1011.36047
G0 F7200 X76.7 Y104.8
;TYPE:WALL-OUTER
G1 F1500 X76.7 Y95.2 E1011.52012
G1 X123.3 Y95.2 E1012.29508
G1 X123.3 Y104.8 E1012.45473
G1 X76.7 Y104.8 E1013.22969
G0 F7200 X76.7 Y104.6
G0 X77.49 Y104.01
;TYPE:SKIN
G1 F1500 X77.49 Y95.99 E1013.36306
G1 X122.51 Y95.99 E1014.11175
G1 X122.51 Y104.01 E1014.24512
G1 X77.49 Y104.01 E1014.99381
G0 F7200 X77.67 Y96.561
G1 F1500 X78.061 Y96.169 E1015.00302
G0 F7200 X78.627 Y96.169
G1 F1500 X77.67 Y97.126 E1015.02552
G0 F7200 X77.67 Y97.692
G1 F1500 X79.193 Y96.169 E1015.06134
G0 F7200 X79.758 Y96.169
G1 F1500 X77.67 Y98.258 E1015.11046
G0 F7200 X77.67 Y98.823
G1 F1500 X80.324 Y96.169 E1015.17288
G0 F7200 X80.89 Y96.169
G1 F1500 X77.67 Y99.389 E1015.24861
G0 F7200 X77.67 Y99.955
G1 F1500 X81.455 Y96.169 E1015.33764
G0 F7200 X82.021 Y96.169
G1 F1500 X77.67 Y100.52 E1015.43997
G0 F7200 X77.67 Y101.086
G1 F1500 X82.587 Y96.169 E1015.55561
G0 F7200 X83.152 Y96.169
G1 F1500 X77.67 Y101.652 E1015.68455
G0 F7200 X77.67 Y102.217
G1 F1500 X83.718 Y96.169 E1015.82679
G0 F7200 X84.284 Y96.169
G1 F1500 X77.67 Y102.783 E1015.98234
G0 F7200 X77.67 Y103.349
G1 F1500 X84.849 Y96.169 E1016.15119
G0 F7200 X85.415 Y96.169
G1 F1500 X77.755 Y103.829 E1016.33134
G0 F7200 X78.321 Y103.829
G1 F1500 X85.981 Y96.169 E1016.51149
G0 F7200 X86.547 Y96.169
G1 F1500 X78.886 Y103.829 E1016.69165
G0 F7200 X79.452 Y103.829
G1 F1500 X87.112 Y96.169 E1016.87181
G0 F7200 X87.678 Y96.169
G1 F1500 X80.018 Y103.829 E1017.05196
G0 F7200 X80.584 Y103.829
G1 F1500 X88.244 Y96.169 E1017.23211
G0 F7200 X88.809 Y96.169
G1 F1500 X81.149 Y103.829 E1017.41226
G0 F7200 X81.715 Y103.829
G1 F1500 X89.375 Y96.169 E1017.59241
G0 F7200 X89.941 Y96.169
G1 F1500 X82.281 Y103.829 E1017.77256
G0 F7200 X82.846 Y103.829
G1 F1500 X90.506 Y96.169 E1017.95271
G0 F7200 X91.072 Y96.169
G1 F1500 X83.412 Y103.829 E1018.13287
G0 F7200 X83.978 Y103.829
G1 F1500 X91.638 Y96.169 E1018.31302
G0 F7200 X92.203 Y96.169
G1 F1500 X84.543 Y103.829 E1018.49317
G0 F7200 X85.109 Y103.829
G1 F1500 X92.769 Y96.169 E1018.67332
G0 F7200 X93.335 Y96.169
G1 F1500 X85.675 Y103.829 E1018.85347
G0 F7200 X86.24 Y103.829
G1 F1500 X93.9 Y96.169 E1019.03362
G0 F7200 X94.466 Y96.169
G1 F1500 X86.806 Y103.829 E1019.21377
G0 F7200 X87.372 Y103.829
G1 F1500 X95.032 Y96.169 E1019.39393
G0 F7200 X95.598 Y96.169
G1 F1500 X87.937 Y103.829 E1019.57409
G0 F7200 X88.503 Y103.829
G1 F1500 X96.163 Y96.169 E1019.75424
G0 F7200 X96.729 Y96.169
G1 F1500 X89.069 Y103.829 E1019.93439
G0 F7200 X89.634 Y103.829
G1 F1500 X97.295 Y96.169 E1020.11456
G0 F7200 X97.86 Y96.169
G1 F1500 X90.2 Y103.829 E1020.29471
G0 F7200 X90.766 Y103.829
G1 F1500 X98.426 Y96.169 E1020.47486
G0 F7200 X98.992 Y96.169
G1 F1500 X91.332 Y103.829 E1020.65501
G0 F7200 X91.897 Y103.829
G1 F1500 X99.557 Y96.169 E1020.83516
G0 F7200 X100.123 Y96.169
G1 F1500 X92.463 Y103.829 E1021.01531
G0 F7200 X93.029 Y103.829
G1 F1500 X100.689 Y96.169 E1021.19546
G0 F7200 X101.254 Y96.169
G1 F1500 X93.594 Y103.829 E1021.37562
G0 F7200 X94.16 Y103.829
G1 F1500 X101.82 Y96.169 E1021.55577
G0 F7200 X102.386 Y96.169
G1 F1500 X94.726 Y103.829 E1021.73592
G0 F7200 X95.291 Y103.829
G1 F1500 X102.951 Y96.169 E1021.91607
G0 F7200 X103.517 Y96.169
G1 F1500 X95.857 Y103.829 E1022.09622
G0 F7200 X96.423 Y103.829
G1 F1500 X104.083 Y96.169 E1022.27637
G0 F7200 X104.648 Y96.169
G1 F1500 X96.988 Y103.829 E1022.45652
G0 F7200 X97.554 Y103.829
G1 F1500 X105.214 Y96.169 E1022.63668
G0 F7200 X105.78 Y96.169
G1 F1500 X98.12 Y103.829 E1022.81683
G0 F7200 X98.685 Y103.829
G1 F1500 X106.346 Y96.169 E1022.99699
G0 F7200 X106.911 Y96.169
G1 F1500 X99.251 Y103.829 E1023.17714
G0 F7200 X99.817 Y103.829
G1 F1500 X107.477 Y96.169 E1023.35729
G0 F7200 X108.043 Y96.169
G1 F1500 X100.382 Y103.83 E1023.53747
G0 F7200 X100.947 Y103.83
G1 F1500 X108.608 Y96.169 E1023.71764
G0 F7200 X109.174 Y96.169
G1 F1500 X101.513 Y103.83 E1023.89782
G0 F7200 X102.079 Y103.83
G1 F1500 X109.74 Y96.169 E1024.07799
G0 F7200 X110.305 Y96.169
G1 F1500 X102.645 Y103.83 E1024.25816
G0 F7200 X103.21 Y103.83
G1 F1500 X110.871 Y96.169 E1024.43833
G0 F7200 X111.437 Y96.169
G1 F1500 X103.776 Y103.83 E1024.61851
G0 F7200 X104.342 Y103.83
G1 F1500 X112.002 Y96.169 E1024.79867
G0 F7200 X112.568 Y96.169
G1 F1500 X104.907 Y103.83 E1024.97884
G0 F7200 X105.473 Y103.83
G1 F1500 X113.134 Y96.169 E1025.15902
G0 F7200 X113.699 Y96.169
G1 F1500 X106.039 Y103.83 E1025.33918
G0 F7200 X106.604 Y103.83
G1 F1500 X114.265 Y96.169 E1025.51936
G0 F7200 X114.831 Y96.169
G1 F1500 X107.17 Y103.83 E1025.69953
G0 F7200 X107.736 Y103.83
G1 F1500 X115.396 Y96.169 E1025.8797
G0 F7200 X115.962 Y96.169
G1 F1500 X108.301 Y103.83 E1026.05987
G0 F7200 X108.867 Y103.83
G1 F1500 X116.528 Y96.169 E1026.24005
G0 F7200 X117.094 Y96.169
G1 F1500 X109.433 Y103.83 E1026.42022
G0 F7200 X109.998 Y103.83
G1 F1500 X117.659 Y96.169 E1026.6004
G0 F7200 X118.225 Y96.169
G1 F1500 X110.564 Y103.83 E1026.78057
G0 F7200 X111.13 Y103.83
G1 F1500 X118.791 Y96.169 E1026.96075
G0 F7200 X119.356 Y96.169
G1 F1500 X111.696 Y103.83 E1027.14091
G0 F7200 X112.261 Y103.83
G1 F1500 X119.922 Y96.169 E1027.32108
G0 F7200 X120.488 Y96.169
G1 F1500 X112.827 Y103.83 E1027.50126
G0 F7200 X113.393 Y103.83
G1 F1500 X121.053 Y96.169 E1027.68142
G0 F7200 X121.619 Y96.169
G1 F1500 X113.958 Y103.83 E1027.8616
G0 F7200 X114.524 Y103.83
G1 F1500 X122.185 Y96.169 E1028.04177
G0 F7200 X122.328 Y96.591
G1 F1500 X115.09 Y103.83 E1028.21201
G0 F7200 X115.655 Y103.83
G1 F1500 X122.328 Y97.157 E1028.36895
G0 F7200 X122.328 Y97.722
G1 F1500 X116.221 Y103.83 E1028.51259
G0 F7200 X116.787 Y103.83
G1 F1500 X122.328 Y98.288 E1028.64292
G0 F7200 X122.328 Y98.854
G1 F1500 X117.352 Y103.83 E1028.75994
G0 F7200 X117.918 Y103.83
G1 F1500 X122.328 Y99.419 E1028.86367
G0 F7200 X122.328 Y99.985
G1 F1500 X118.484 Y103.83 E1028.95409
G0 F7200 X119.049 Y103.83
G1 F1500 X122.328 Y100.551 E1029.03121
G0 F7200 X122.328 Y101.116
G1 F1500 X119.615 Y103.83 E1029.09502
G0 F7200 X120.181 Y103.83
G1 F1500 X122.328 Y101.682 E1029.14553
G0 F7200 X122.328 Y102.248
G1 F1500 X120.746 Y103.83 E1029.18274
G0 F7200 X121.312 Y103.83
G1 F1500 X122.328 Y102.814 E1029.20663
G0 F7200 X122.328 Y103.379
G1 F1500 X121.878 Y103.83 E1029.21723
;MESH:NONMESH
G0 F600 X121.878 Y103.83 Z6.9
G0 F7200 X77.17 Y104.33
G0 X77.1 Y104.4
;TIME_ELAPSED:2193.330598
;LAYER:66
;TYPE:WALL-INNER
;MESH:reed_holder.stl
G1 F3000 X77.1 Y95.6 E1029.36357
G1 X122.9 Y95.6 E1030.12523
G1 X122.9 Y104.4 E1030.27157
G1 X77.1 Y104.4 E1031.03323
G0 F7200 X76.7 Y104.8
;TYPE:WALL-OUTER
G1 F1500 X76.7 Y95.2 E1031.19288
G1 X123.3 Y95.2 E1031.96784
G1 X123.3 Y104.8 E1032.12749
G1 X76.7 Y104.8 E1032.90245
G0 F7200 X76.7 Y104.6
G0 X77.49 Y104.01
;TYPE:SKIN
G1 F1500 X77.49 Y95.99 E1033.03582
G1 X122.51 Y95.99 E1033.78451
G1 X122.51 Y104.01 E1033.91788
G1 X77.49 Y104.01 E1034.66657
G0 F7200 X77.807 Y103.828
G1 F1500 X77.67 Y103.691 E1034.66979
G0 F7200 X77.67 Y103.125
G1 F1500 X78.372 Y103.828 E1034.68631
G0 F7200 X78.938 Y103.828
G1 F1500 X77.67 Y102.56 E1034.71613
G0 F7200 X77.67 Y101.994
G1 F1500 X79.504 Y103.828 E1034.75926
G0 F7200 X80.069 Y103.828
G1 F1500 X77.67 Y101.428 E1034.8157
G0 F7200 X77.67 Y100.863
G1 F1500 X80.635 Y103.828 E1034.88543
G0 F7200 X81.201 Y103.828
G1 F1500 X77.67 Y100.297 E1034.96847
G0 F7200 X77.67 Y99.731
G1 F1500 X81.766 Y103.828 E1035.06482
G0 F7200 X82.332 Y103.828
G1 F1500 X77.67 Y99.166 E1035.17446
G0 F7200 X77.67 Y98.6
G1 F1500 X82.898 Y103.828 E1035.29741
G0 F7200 X83.464 Y103.828
G1 F1500 X77.67 Y98.034 E1035.43368
G0 F7200 X77.67 Y97.469
G1 F1500 X84.029 Y103.828 E1035.58323
G0 F7200 X84.595 Y103.828
G1 F1500 X77.67 Y96.903 E1035.7461
G0 F7200 X77.67 Y96.337
G1 F1500 X85.161 Y103.828 E1035.92228
G0 F7200 X85.726 Y103.828
G1 F1500 X78.068 Y96.17 E1036.10238
G0 F7200 X78.633 Y96.17
G1 F1500 X86.292 Y103.828 E1036.2825
G0 F7200 X86.858 Y103.828
G1 F1500 X79.199 Y96.17 E1036.46261
G0 F7200 X79.765 Y96.17
G1 F1500 X87.423 Y103.828 E1036.64272
G0 F7200 X87.989 Y103.828
G1 F1500 X80.33 Y96.17 E1036.82283
G0 F7200 X80.896 Y96.17
G1 F1500 X88.555 Y103.828 E1037.00295
G0 F7200 X89.12 Y103.828
G1 F1500 X81.462 Y96.17 E1037.18305
G0 F7200 X82.027 Y96.17
G1 F1500 X89.686 Y103.828 E1037.36317
G0 F7200 X90.252 Y103.828
G1 F1500 X82.593 Y96.17 E1037.54329
G0 F7200 X83.159 Y96.17
G1 F1500 X90.817 Y103.828 E1037.72339
G0 F7200 X91.383 Y103.828
G1 F1500 X83.724 Y96.17 E1037.90351
G0 F7200 X84.29 Y96.17
G1 F1500 X91.949 Y103.828 E1038.08362
G0 F7200 X92.515 Y103.828
G1 F1500 X84.856 Y96.17 E1038.26374
G0 F7200 X85.422 Y96.17
G1 F1500 X93.08 Y103.828 E1038.44384
G0 F7200 X93.646 Y103.828
G1 F1500 X85.987 Y96.17 E1038.62396
G0 F7200 X86.553 Y96.17
G1 F1500 X94.212 Y103.828 E1038.80408
G0 F7200 X94.777 Y103.828
G1 F1500 X87.119 Y96.17 E1038.98418
G0 F7200 X87.684 Y96.17
G1 F1500 X95.343 Y103.828 E1039.1643
G0 F7200 X95.909 Y103.828
G1 F1500 X88.25 Y96.17 E1039.34441
G0 F7200 X88.816 Y96.17
G1 F1500 X96.474 Y103.828 E1039.52452
G0 F7200 X97.04 Y103.828
G1 F1500 X89.381 Y96.17 E1039.70463
G0 F7200 X89.947 Y96.17
G1 F1500 X97.606 Y103.828 E1039.88475
G0 F7200 X98.171 Y103.828
G1 F1500 X90.513 Y96.17 E1040.06485
G0 F7200 X91.078 Y96.17
G1 F1500 X98.737 Y103.828 E1040.24497
G0 F7200 X99.303 Y103.828
G1 F1500 X91.644 Y96.17 E1040.42509
G0 F7200 X92.21 Y96.17
G1 F1500 X99.868 Y103.828 E1040.60519
G0 F7200 X100.435 Y103.829
G1 F1500 X92.775 Y96.17 E1040.78533
G0 F7200 X93.341 Y96.17
G1 F1500 X101.001 Y103.829 E1040.96547
G0 F7200 X101.566 Y103.829
G1 F1500 X93.907 Y96.17 E1041.1456
G0 F7200 X94.473 Y96.17
G1 F1500 X102.132 Y103.829 E1041.32573
G0 F7200 X102.698 Y103.829
G1 F1500 X95.038 Y96.17 E1041.50587
G0 F7200 X95.604 Y96.17
G1 F1500 X103.263 Y103.829 E1041.68599
G0 F7200 X103.829 Y103.829
G1 F1500 X96.17 Y96.17 E1041.86612
G0 F7200 X96.735 Y96.17
G1 F1500 X104.395 Y103.829 E1042.04626
G0 F7200 X104.96 Y103.829
G1 F1500 X97.301 Y96.17 E1042.22639
G0 F7200 X97.867 Y96.17
G1 F1500 X105.526 Y103.829 E1042.40652
G0 F7200 X106.092 Y103.829
G1 F1500 X98.432 Y96.17 E1042.58666
G0 F7200 X98.998 Y96.17
G1 F1500 X106.657 Y103.829 E1042.76678
G0 F7200 X107.223 Y103.829
G1 F1500 X99.564 Y96.17 E1042.94691
G0 F7200 X100.129 Y96.17
G1 F1500 X107.789 Y103.829 E1043.12705
G0 F7200 X108.354 Y103.829
G1 F1500 X100.695 Y96.17 E1043.30718
G0 F7200 X101.261 Y96.17
G1 F1500 X108.92 Y103.829 E1043.48731
G0 F7200 X109.486 Y103.829
G1 F1500 X101.826 Y96.17 E1043.66745
G0 F7200 X102.392 Y96.17
G1 F1500 X110.051 Y103.829 E1043.84758
G0 F7200 X110.617 Y103.829
G1 F1500 X102.958 Y96.17 E1044.0277
G0 F7200 X103.523 Y96.17
G1 F1500 X111.183 Y103.829 E1044.20784
G0 F7200 X111.749 Y103.829
G1 F1500 X104.089 Y96.17 E1044.38798
G0 F7200 X104.655 Y96.17
G1 F1500 X112.314 Y103.829 E1044.56811
G0 F7200 X112.88 Y103.829
G1 F1500 X105.221 Y96.17 E1044.74824
G0 F7200 X105.786 Y96.17
G1 F1500 X113.446 Y103.829 E1044.92838
G0 F7200 X114.011 Y103.829
G1 F1500 X106.352 Y96.17 E1045.10851
G0 F7200 X106.918 Y96.17
G1 F1500 X114.577 Y103.829 E1045.28863
G0 F7200 X115.143 Y103.829
G1 F1500 X107.483 Y96.17 E1045.46877
G0 F7200 X108.049 Y96.17
G1 F1500 X115.708 Y103.829 E1045.6489
G0 F7200 X116.274 Y103.829
G1 F1500 X108.615 Y96.17 E1045.82903
G0 F7200 X109.18 Y96.17
G1 F1500 X116.84 Y103.829 E1046.00917
G0 F7200 X117.405 Y103.829
G1 F1500 X109.746 Y96.17 E1046.1893
G0 F7200 X110.312 Y96.17
G1 F1500 X117.971 Y103.829 E1046.36943
G0 F7200 X118.537 Y103.829
G1 F1500 X110.877 Y96.17 E1046.54957
G0 F7200 X111.443 Y96.17
G1 F1500 X119.102 Y103.829 E1046.72969
G0 F7200 X119.668 Y103.829
G1 F1500 X112.009 Y96.17 E1046.90982
G0 F7200 X112.574 Y96.17
G1 F1500 X120.234 Y103.829 E1047.08996
G0 F7200 X120.8 Y103.829
G1 F1500 X113.14 Y96.17 E1047.2701
G0 F7200 X113.706 Y96.17
G1 F1500 X121.365 Y103.829 E1047.45023
G0 F7200 X121.931 Y103.829
G1 F1500 X114.271 Y96.17 E1047.63037
G0 F7200 X114.837 Y96.17
G1 F1500 X122.329 Y103.661 E1047.80656
G0 F7200 X122.329 Y103.096
G1 F1500 X115.403 Y96.17 E1047.96945
G0 F7200 X115.969 Y96.17
G1 F1500 X122.329 Y102.53 E1048.11902
G0 F7200 X122.329 Y101.964
G1 F1500 X116.534 Y96.17 E1048.2553
G0 F7200 X117.1 Y96.17
G1 F1500 X122.329 Y101.399 E1048.37828
G0 F7200 X122.329 Y100.833
G1 F1500 X117.666 Y96.17 E1048.48795
G0 F7200 X118.231 Y96.17
G1 F1500 X122.329 Y100.267 E1048.58431
G0 F7200 X122.329 Y99.702
G1 F1500 X118.797 Y96.17 E1048.66738
G0 F7200 X119.363 Y96.17
G1 F1500 X122.329 Y99.136 E1048.73714
G0 F7200 X122.329 Y98.57
G1 F1500 X119.928 Y96.17 E1048.79359
G0 F7200 X120.494 Y96.17
G1 F1500 X122.329 Y98.004 E1048.83674
G0 F7200 X122.329 Y97.439
G1 F1500 X121.06 Y96.17 E1048.86658
G0 F7200 X121.625 Y96.17
G1 F1500 X122.329 Y96.873 E1048.88313
G0 F7200 X122.329 Y96.307
G1 F1500 X122.191 Y96.17 E1048.88636
;MESH:NONMESH
G0 F600 X122.191 Y96.17 Z7
G0 F7200 X77.17 Y104.33
G0 X77.1 Y104.4
;TIME_ELAPSED:2240.958784
;LAYER:67
;TYPE:WALL-INNER
;MESH:reed_holder.stl
G1 F3000 X77.1 Y95.6 E1049.0327
G1 X122.9 Y95.6 E1049.79436
G1 X122.9 Y104.4 E1049.94071
G1 X77.1 Y104.4 E1050.70236
G0 F7200 X76.7 Y104.8
;TYPE:WALL-OUTER
G1 F1500 X76.7 Y95.2 E1050.86201
G1 X123.3 Y95.2 E1051.63697
G1 X123.3 Y104.8 E1051.79662
G1 X76.7 Y104.8 E1052.57158
G0 F7200 X76.7 Y104.6
G0 X77.49 Y104.01
;TYPE:SKIN
G1 F1500 X77.49 Y95.99 E1052.70496
G1 X122.51 Y95.99 E1053.45364
G1 X122.51 Y104.01 E1053.58701
G1 X77.49 Y104.01 E1054.3357
G0 F7200 X77.67 Y96.561
G1 F1500 X78.061 Y96.169 E1054.34491
G0 F7200 X78.627 Y96.169
G1 F1500 X77.67 Y97.126 E1054.36742
G0 F7200 X77.67 Y97.692
G1 F1500 X79.193 Y96.169 E1054.40323
G0 F7200 X79.758 Y96.169
G1 F1500 X77.67 Y98.258 E1054.45235
G0 F7200 X77.67 Y98.823
G1 F1500 X80.324 Y96.169 E1054.51477
G0 F7200 X80.89 Y96.169
G1 F1500 X77.67 Y99.389 E1054.5905
G0 F7200 X77.67 Y99.955
G1 F1500 X81.455 Y96.169 E1054.67953
G0 F7200 X82.021 Y96.169
G1 F1500 X77.67 Y100.52 E1054.78186
G0 F7200 X77.67 Y101.086
G1 F1500 X82.587 Y96.169 E1054.8975
G0 F7200 X83.152 Y96.169
G1 F1500 X77.67 Y101.652 E1055.02644
G0 F7200 X77.67 Y102.217
G1 F1500 X83.718 Y96.169 E1055.16868
G0 F7200 X84.284 Y96.169
G1 F1500 X77.67 Y102.783 E1055.32423
G0 F7200 X77.67 Y103.349
G1 F1500 X84.849 Y96.169 E1055.49308
G0 F7200 X85.415 Y96.169
G1 F1500 X77.755 Y103.829 E1055.67323
G0 F7200 X78.321 Y103.829
G1 F1500 X85.981 Y96.169 E1055.85338
G0 F7200 X86.547 Y96.169
G1 F1500 X78.886 Y103.829 E1056.03355
G0 F7200 X79.452 Y103.829
G1 F1500 X87.112 Y96.169 E1056.2137
G0 F7200 X87.678 Y96.169
G1 F1500 X80.018 Y103.829 E1056.39385
G0 F7200 X80.584 Y103.829
G1 F1500 X88.244 Y96.169 E1056.574
G0 F7200 X88.809 Y96.169
G1 F1500 X81.149 Y103.829 E1056.75415
G0 F7200 X81.715 Y103.829
G1 F1500 X89.375 Y96.169 E1056.9343
G0 F7200 X89.941 Y96.169
G1 F1500 X82.281 Y103.829 E1057.11445
G0 F7200 X82.846 Y103.829
G1 F1500 X90.506 Y96.169 E1057.29461
G0 F7200 X91.072 Y96.169
G1 F1500 X83.412 Y103.829 E1057.47476
G0 F7200 X83.978 Y103.829
G1 F1500 X91.638 Y96.169 E1057.65491
G0 F7200 X92.203 Y96.169
G1 F1500 X84.543 Y103.829 E1057.83506
G0 F7200 X85.109 Y103.829
G1 F1500 X92.769 Y96.169 E1058.01521
G0 F7200 X93.335 Y96.169
G1 F1500 X85.675 Y103.829 E1058.19536
G0 F7200 X86.24 Y103.829
G1 F1500 X93.9 Y96.169 E1058.37551
G0 F7200 X94.466 Y96.169
G1 F1500 X86.806 Y103.829 E1058.55567
G0 F7200 X87.372 Y103.829
G1 F1500 X95.032 Y96.169 E1058.73582
G0 F7200 X95.598 Y96.169
G1 F1500 X87.937 Y103.829 E1058.91598
G0 F7200 X88.503 Y103.829
G1 F1500 X96.163 Y96.169 E1059.09613
G0 F7200 X96.729 Y96.169
G1 F1500 X89.069 Y103.829 E1059.27628
G0 F7200 X89.634 Y103.829
G1 F1500 X97.295 Y96.169 E1059.45645
G0 F7200 X97.86 Y96.169
G1 F1500 X90.2 Y103.829 E1059.6366
G0 F7200 X90.766 Y103.829
G1 F1500 X98.426 Y96.169 E1059.81675
G0 F7200 X98.992 Y96.169
G1 F1500 X91.332 Y103.829 E1059.9969
G0 F7200 X91.897 Y103.829
G1 F1500 X99.557 Y96.169 E1060.17705
G0 F7200 X100.123 Y96.169
G1 F1500 X92.463 Y103.829 E1060.3572
G0 F7200 X93.029 Y103.829
G1 F1500 X100.689 Y96.169 E1060.53736
G0 F7200 X101.254 Y96.169
G1 F1500 X93.594 Y103.829 E1060.71751
G0 F7200 X94.16 Y103.829
G1 F1500 X101.82 Y96.169 E1060.89766
G0 F7200 X102.386 Y96.169
G1 F1500 X94.726 Y103.829 E1061.07781
G0 F7200 X95.291 Y103.829
G1 F1500 X102.951 Y96.169 E1061.25796
G0 F7200 X103.517 Y96.169
G1 F1500 X95.857 Y103.829 E1061.43811
G0 F7200 X96.423 Y103.829
G1 F1500 X104.083 Y96.169 E1061.61826
G0 F7200 X104.648 Y96.169
G1 F1500 X96.988 Y103.829 E1061.79842
G0 F7200 X97.554 Y103.829
G1 F1500 X105.214 Y96.169 E1061.97857
G0 F7200 X105.78 Y96.169
G1 F1500 X98.12 Y103.829 E1062.15872
G0 F7200 X98.685 Y103.829
G1 F1500 X106.346 Y96.169 E1062.33888
G0 F7200 X106.911 Y96.169
G1 F1500 X99.251 Y103.829 E1062.51903
G0 F7200 X99.817 Y103.829
G1 F1500 X107.477 Y96.169 E1062.69919
G0 F7200 X108.043 Y96.169
G1 F1500 X100.382 Y103.83 E1062.87936
G0 F7200 X100.947 Y103.83
G1 F1500 X108.608 Y96.169 E1063.05953
G0 F7200 X109.174 Y96.169
G1 F1500 X101.513 Y103.83 E1063.23971
G0 F7200 X102.079 Y103.83
G1 F1500 X109.74 Y96.169 E1063.41988
G0 F7200 X110.305 Y96.169
G1 F1500 X102.645 Y103.83 E1063.60005
G0 F7200 X103.21 Y103.83
G1 F1500 X110.871 Y96.169 E1063.78022
G0 F7200 X111.437 Y96.169
G1 F1500 X103.776 Y103.83 E1063.9604
G0 F7200 X104.342 Y103.83
G1 F1500 X112.002 Y96.169 E1064.14056
G0 F7200 X112.568 Y96.169
G1 F1500 X104.907 Y103.83 E1064.32074
G0 F7200 X105.473 Y103.83
G1 F1500 X113.134 Y96.169 E1064.50091
G0 F7200 X113.699 Y96.169
G1 F1500 X106.039 Y103.83 E1064.68107
G0 F7200 X106.604 Y103.83
G1 F1500 X114.265 Y96.169 E1064.86125
G0 F7200 X114.831 Y96.169
G1 F1500 X107.17 Y103.83 E1065.04142
G0 F7200 X107.736 Y103.83
G1 F1500 X115.396 Y96.169 E1065.22159
G0 F7200 X115.962 Y96.169
G1 F1500 X108.301 Y103.83 E1065.40176
G0 F7200 X108.867 Y103.83
G1 F1500 X116.528 Y96.169 E1065.58194
G0 F7200 X117.094 Y96.169
G1 F1500 X109.433 Y103.83 E1065.76211
G0 F7200 X109.998 Y103.83
G1 F1500 X117.659 Y96.169 E1065.94229
G0 F7200 X118.225 Y96.169
G1 F1500 X110.564 Y103.83 E1066.12246
G0 F7200 X111.13 Y103.83
G1 F1500 X118.791 Y96.169 E1066.30264
G0 F7200 X119.356 Y96.169
G1 F1500 X111.696 Y103.83 E1066.4828
G0 F7200 X112.261 Y103.83
G1 F1500 X119.922 Y96.169 E1066.66298
G0 F7200 X120.488 Y96.169
G1 F1500 X112.827 Y103.83 E1066.84315
G0 F7200 X113.393 Y103.83
G1 F1500 X121.053 Y96.169 E1067.02331
G0 F7200 X121.619 Y96.169
G1 F1500 X113.958 Y103.83 E1067.20349
G0 F7200 X114.524 Y103.83
G1 F1500 X122.185 Y96.169 E1067.38366
G0 F7200 X122.328 Y96.591
G1 F1500 X115.09 Y103.83 E1067.5539
G0 F7200 X115.655 Y103.83
G1 F1500 X122.328 Y97.157 E1067.71084
G0 F7200 X122.328 Y97.722
G1 F1500 X116.221 Y103.83 E1067.85448
G0 F7200 X116.787 Y103.83
G1 F1500 X122.328 Y98.288 E1067.98481
G0 F7200 X122.328 Y98.854
G1 F1500 X117.352 Y103.83 E1068.10184
G0 F7200 X117.918 Y103.83
G1 F1500 X122.328 Y99.419 E1068.20556
G0 F7200 X122.328 Y99.985
G1 F1500 X118.484 Y103.83 E1068.29598
G0 F7200 X119.049 Y103.83
G1 F1500 X122.328 Y100.551 E1068.3731
G0 F7200 X122.328 Y101.116
G1 F1500 X119.615 Y103.83 E1068.43691
G0 F7200 X120.181 Y103.83
G1 F1500 X122.328 Y101.682 E1068.48742
G0 F7200 X122.328 Y102.248
G1 F1500 X120.746 Y103.83 E1068.52463
G0 F7200 X121.312 Y103.83
G1 F1500 X122.328 Y102.814 E1068.54852
G0 F7200 X122.328 Y103.379
G1 F1500 X121.878 Y103.83 E1068.55912
;TIME_ELAPSED:2288.191550
G1 F1500 E1062.05912
M140 S0
M107
M104 S0
M140 S0
;Retract the filament
G92 E1
G1 E-1 F300
G28 X0 Y0
M84
M82 ;absolute extrusion mode
M104 S0
;End of Gcode
;SETTING_3 {"global_quality": "[general]\\nversion = 4\\nname = Fine #2\\ndefini
;SETTING_3 tion = custom\\n\\n[metadata]\\ntype = quality_changes\\nquality_type
;SETTING_3  = normal\\n\\n[values]\\nadhesion_type = skirt\\nmaterial_bed_temper
;SETTING_3 ature = 70\\nsupport_enable = True\\n\\n", "extruder_quality": ["[gen
;SETTING_3 eral]\\nversion = 4\\nname = Fine #2\\ndefinition = custom\\n\\n[meta
;SETTING_3 data]\\nposition = 0\\ntype = quality_changes\\nquality_type = normal
;SETTING_3 \\n\\n[values]\\nbottom_thickness = =top_bottom_thickness\\ninfill_sp
;SETTING_3 arse_density = 30\\nmaterial_print_temperature = 190\\nspeed_print = 
;SETTING_3 50\\n\\n", "[general]\\nversion = 4\\nname = Fine #2\\ndefinition = f
;SETTING_3 dmprinter\\n\\n[metadata]\\nposition = 1\\ntype = quality_changes\\nq
;SETTING_3 uality_type = normal\\n\\n[values]\\n\\n", "[general]\\nversion = 4\\
;SETTING_3 nname = Fine #2\\ndefinition = fdmprinter\\n\\n[metadata]\\nposition 
;SETTING_3 = 2\\ntype = quality_changes\\nquality_type = normal\\n\\n[values]\\n
;SETTING_3 \\n", "[general]\\nversion = 4\\nname = Fine #2\\ndefinition = fdmpri
;SETTING_3 nter\\n\\n[metadata]\\nposition = 3\\ntype = quality_changes\\nqualit
;SETTING_3 y_type = normal\\n\\n[values]\\n\\n", "[general]\\nversion = 4\\nname
;SETTING_3  = Fine #2\\ndefinition = fdmprinter\\n\\n[metadata]\\nposition = 4\\
;SETTING_3 ntype = quality_changes\\nquality_type = normal\\n\\n[values]\\n\\n",
;SETTING_3  "[general]\\nversion = 4\\nname = Fine #2\\ndefinition = fdmprinter\
;SETTING_3 \n\\n[metadata]\\nposition = 5\\ntype = quality_changes\\nquality_typ
;SETTING_3 e = normal\\n\\n[values]\\n\\n", "[general]\\nversion = 4\\nname = Fi
;SETTING_3 ne #2\\ndefinition = fdmprinter\\n\\n[metadata]\\nposition = 6\\ntype
;SETTING_3  = quality_changes\\nquality_type = normal\\n\\n[values]\\n\\n", "[ge
;SETTING_3 neral]\\nversion = 4\\nname = Fine #2\\ndefinition = fdmprinter\\n\\n
;SETTING_3 [metadata]\\nposition = 7\\ntype = quality_changes\\nquality_type = n
;SETTING_3 ormal\\n\\n[values]\\n\\n"]}
