;FLAVOR:Marlin
;TIME:2138
;Filament used: 1.03652m
;Layer height: 0.1
;MINX:69.922
;MINY:85.4
;MINZ:0.3
;MAXX:130.079
;MAXY:114.6
;MAXZ:6.3
;Generated with Cura_SteamEngine 4.4.1
M140 S70
M105
M190 S70
M104 S190
M105
M109 S190
M82 ;absolute extrusion mode
G28 ;Home
G1 Z15.0 F6000 ;Move the platform down 15mm
;Prime the extruder
G92 E0
G1 F200 E3
G92 E0
G92 E0
G92 E0
G1 F1500 E-6.5
;LAYER_COUNT:61
;LAYER:0
M107
G0 F3600 X81.002 Y86.42 Z0.3
;TYPE:SKIRT
G1 F1500 E0
G1 X81.416 Y86.079 E0.02676
G1 X81.876 Y85.803 E0.05352
G1 X82.371 Y85.598 E0.08025
G1 X82.892 Y85.469 E0.10703
G1 X83.302 Y85.423 E0.12761
G1 X83.637 Y85.405 E0.14435
G1 X83.83 Y85.4 E0.15398
G1 X115.845 Y85.4 E1.75122
G1 X116.543 Y85.41 E1.78604
G1 X117.077 Y85.458 E1.81279
G1 X117.598 Y85.584 E1.83954
G1 X118.095 Y85.787 E1.86632
G1 X118.556 Y86.061 E1.89307
G1 X118.93 Y86.362 E1.91703
G1 X119.285 Y86.689 E1.94111
G1 X119.334 Y86.735 E1.94446
G1 X120.715 Y88.055 E2.03977
G1 X122.717 Y89.863 E2.17435
G1 X124.793 Y91.635 E2.31052
G1 X126.238 Y92.811 E2.40347
G1 X126.848 Y93.298 E2.44241
G1 X126.926 Y93.362 E2.44745
G1 X127.351 Y93.721 E2.4752
G1 X127.775 Y94.144 E2.50508
G1 X128.074 Y94.497 E2.52816
G1 X128.143 Y94.581 E2.53358
G1 X128.46 Y94.979 E2.55897
G1 X128.785 Y95.464 E2.5881
G1 X129.005 Y95.857 E2.61057
G1 X129.061 Y95.959 E2.61637
G1 X129.305 Y96.43 E2.64284
G1 X129.534 Y96.98 E2.67256
G1 X129.668 Y97.395 E2.69432
G1 X129.7 Y97.501 E2.69984
G1 X129.851 Y98.023 E2.72695
G1 X129.969 Y98.611 E2.75687
G1 X130.026 Y99.106 E2.78173
G1 X130.037 Y99.217 E2.78729
G1 X130.076 Y99.682 E2.81058
G1 X130.079 Y100.256 E2.83921
G1 X130.044 Y100.716 E2.86223
G1 X130.031 Y100.849 E2.8689
G1 X129.971 Y101.377 E2.89541
G1 X129.857 Y101.956 E2.92485
G1 X129.729 Y102.406 E2.94819
G1 X129.694 Y102.521 E2.95419
G1 X129.539 Y103.004 E2.97949
G1 X129.316 Y103.543 E3.0086
G1 X129.116 Y103.934 E3.03051
G1 X129.063 Y104.034 E3.03615
G1 X128.797 Y104.516 E3.06362
G1 X128.475 Y105.002 E3.0927
G1 X128.221 Y105.325 E3.1132
G1 X128.144 Y105.42 E3.11931
G1 X127.785 Y105.846 E3.1471
G1 X127.354 Y106.277 E3.17751
G1 X126.988 Y106.586 E3.20141
G1 X126.909 Y106.651 E3.20651
G1 X126.364 Y107.085 E3.24127
G1 X124.248 Y108.818 E3.37772
G1 X122.2 Y110.595 E3.513
G1 X119.641 Y112.963 E3.68694
G1 X118.998 Y113.58 E3.7314
G1 X118.584 Y113.921 E3.75816
G1 X118.124 Y114.197 E3.78492
G1 X117.629 Y114.402 E3.81165
G1 X117.108 Y114.531 E3.83843
G1 X116.698 Y114.577 E3.85901
G1 X116.363 Y114.595 E3.87575
G1 X116.17 Y114.6 E3.88538
G1 X84.156 Y114.6 E5.48257
G1 X83.455 Y114.59 E5.51754
G1 X82.92 Y114.542 E5.54434
G1 X82.399 Y114.416 E5.57109
G1 X81.903 Y114.213 E5.59782
G1 X81.442 Y113.939 E5.62458
G1 X81.058 Y113.63 E5.64917
G1 X80.7 Y113.298 E5.67353
G1 X80.66 Y113.26 E5.67628
G1 X79.285 Y111.945 E5.7712
G1 X77.3 Y110.152 E5.90465
G1 X75.184 Y108.347 E6.04341
G1 X73.762 Y107.189 E6.1349
G1 X73.152 Y106.702 E6.17384
G1 X73.074 Y106.638 E6.17888
G1 X72.649 Y106.279 E6.20663
G1 X72.225 Y105.856 E6.23651
G1 X71.92 Y105.496 E6.26005
G1 X71.852 Y105.413 E6.26541
G1 X71.538 Y105.019 E6.29054
G1 X71.205 Y104.521 E6.32043
G1 X70.982 Y104.119 E6.34336
G1 X70.932 Y104.027 E6.34859
G1 X70.692 Y103.563 E6.37465
G1 X70.464 Y103.015 E6.40426
G1 X70.331 Y102.603 E6.42586
G1 X70.298 Y102.495 E6.4315
G1 X70.148 Y101.975 E6.4585
G1 X70.031 Y101.388 E6.48836
G1 X69.974 Y100.892 E6.51327
G1 X69.962 Y100.78 E6.51889
G1 X69.922 Y100.3 E6.54292
G1 X69.922 Y99.711 E6.5723
G1 X69.958 Y99.265 E6.59463
G1 X69.969 Y99.147 E6.60054
G1 X70.029 Y98.621 E6.62695
G1 X70.145 Y98.039 E6.65656
G1 X70.278 Y97.574 E6.68069
G1 X70.309 Y97.47 E6.6861
G1 X70.458 Y97.003 E6.71056
G1 X70.686 Y96.452 E6.74031
G1 X70.892 Y96.051 E6.7628
G1 X70.942 Y95.957 E6.76811
G1 X71.204 Y95.482 E6.79517
G1 X71.529 Y94.993 E6.82447
G1 X71.782 Y94.672 E6.84486
G1 X71.856 Y94.58 E6.85075
G1 X72.215 Y94.154 E6.87854
G1 X72.646 Y93.723 E6.90895
G1 X73.012 Y93.414 E6.93285
G1 X73.091 Y93.349 E6.93795
G1 X73.636 Y92.915 E6.97271
G1 X75.752 Y91.182 E7.10917
G1 X77.8 Y89.405 E7.24444
G1 X80.359 Y87.037 E7.41838
G1 X81.002 Y86.42 E7.46284
G0 F3600 X81.279 Y86.709
G1 F1500 X81.671 Y86.389 E7.48809
G1 X82.108 Y86.134 E7.51333
G1 X82.579 Y85.952 E7.53852
G1 X83.323 Y85.823 E7.5762
G1 X83.658 Y85.805 E7.59293
G1 X83.83 Y85.8 E7.60152
G1 X115.839 Y85.8 E9.19845
G1 X116.537 Y85.81 E9.23328
G1 X117.04 Y85.857 E9.25848
G1 X117.53 Y85.983 E9.28373
G1 X117.994 Y86.185 E9.30897
G1 X118.42 Y86.457 E9.33419
G1 X118.659 Y86.656 E9.34971
G1 X119.014 Y86.983 E9.37379
G1 X119.057 Y87.024 E9.37675
G1 X120.417 Y88.324 E9.47061
G1 X122.475 Y90.183 E9.60897
G1 X124.563 Y91.964 E9.74589
G1 X125.961 Y93.102 E9.83582
G1 X126.599 Y93.611 E9.87654
G1 X126.668 Y93.667 E9.88098
G1 X127.093 Y94.026 E9.90873
G1 X127.47 Y94.403 E9.93533
G1 X127.769 Y94.756 E9.95841
G1 X127.83 Y94.83 E9.9632
G1 X128.147 Y95.228 E9.98858
G1 X128.436 Y95.659 E10.01447
G1 X128.656 Y96.052 E10.03694
G1 X128.705 Y96.143 E10.0421
G1 X128.949 Y96.614 E10.06856
G1 X129.153 Y97.103 E10.09499
G1 X129.287 Y97.518 E10.11675
G1 X129.316 Y97.612 E10.12166
G1 X129.467 Y98.134 E10.14877
G1 X129.572 Y98.657 E10.17538
G1 X129.629 Y99.152 E10.20024
G1 X129.639 Y99.251 E10.20521
G1 X129.678 Y99.716 E10.22849
G1 X129.68 Y100.226 E10.25393
G1 X129.645 Y100.686 E10.27695
G1 X129.634 Y100.804 E10.28286
G1 X129.574 Y101.332 E10.30937
G1 X129.472 Y101.846 E10.33551
G1 X129.344 Y102.296 E10.35886
G1 X129.313 Y102.399 E10.36422
G1 X129.158 Y102.882 E10.38953
G1 X128.96 Y103.361 E10.41539
G1 X128.76 Y103.752 E10.4373
G1 X128.713 Y103.841 E10.44232
G1 X128.447 Y104.323 E10.46979
G1 X128.16 Y104.755 E10.49566
G1 X127.906 Y105.078 E10.51616
G1 X127.838 Y105.162 E10.52155
G1 X127.479 Y105.588 E10.54935
G1 X127.096 Y105.971 E10.57637
G1 X126.73 Y106.28 E10.60027
G1 X126.659 Y106.338 E10.60484
G1 X126.149 Y106.744 E10.63736
G1 X126.149 Y106.745 E10.63741
G1 X123.979 Y108.522 E10.77734
G1 X121.933 Y110.297 E10.91248
G1 X119.364 Y112.674 E11.08709
G1 X118.721 Y113.291 E11.13155
G1 X118.329 Y113.611 E11.1568
G1 X117.892 Y113.866 E11.18204
G1 X117.421 Y114.048 E11.20723
G1 X116.677 Y114.177 E11.2449
G1 X116.342 Y114.195 E11.26164
G1 X116.17 Y114.2 E11.27023
G1 X84.161 Y114.2 E12.86716
G1 X83.46 Y114.19 E12.90214
G1 X82.957 Y114.143 E12.92734
G1 X82.467 Y114.017 E12.95258
G1 X82.004 Y113.815 E12.97778
G1 X81.577 Y113.543 E13.00304
G1 X81.33 Y113.336 E13.01912
G1 X80.972 Y113.004 E13.04348
G1 X80.936 Y112.971 E13.04592
G1 X79.565 Y111.66 E13.14055
G1 X77.525 Y109.817 E13.27771
G1 X75.462 Y108.057 E13.413
G1 X74.015 Y106.879 E13.50609
G1 X73.401 Y106.389 E13.54528
G1 X73.332 Y106.333 E13.54972
G1 X72.907 Y105.974 E13.57747
G1 X72.53 Y105.598 E13.60404
G1 X72.225 Y105.238 E13.62758
G1 X72.165 Y105.163 E13.63237
G1 X71.851 Y104.769 E13.6575
G1 X71.555 Y104.327 E13.68404
G1 X71.332 Y103.925 E13.70698
G1 X71.288 Y103.843 E13.71162
G1 X71.048 Y103.379 E13.73768
G1 X70.845 Y102.892 E13.76401
G1 X70.712 Y102.48 E13.78561
G1 X70.682 Y102.384 E13.79062
G1 X70.532 Y101.864 E13.81762
G1 X70.428 Y101.342 E13.84418
G1 X70.371 Y100.846 E13.86909
G1 X70.361 Y100.747 E13.87405
G1 X70.321 Y100.267 E13.89808
G1 X70.32 Y99.744 E13.92417
G1 X70.356 Y99.298 E13.9465
G1 X70.367 Y99.192 E13.95182
G1 X70.427 Y98.666 E13.97823
G1 X70.529 Y98.149 E14.00452
G1 X70.662 Y97.684 E14.02865
G1 X70.69 Y97.591 E14.03349
G1 X70.839 Y97.124 E14.05795
G1 X71.042 Y96.635 E14.08436
G1 X71.248 Y96.234 E14.10685
G1 X71.292 Y96.15 E14.11159
G1 X71.554 Y95.675 E14.13865
G1 X71.843 Y95.24 E14.1647
G1 X72.096 Y94.919 E14.1851
G1 X72.162 Y94.838 E14.19031
G1 X72.521 Y94.412 E14.2181
G1 X72.904 Y94.029 E14.24512
G1 X73.27 Y93.72 E14.26902
G1 X73.341 Y93.662 E14.2736
G1 X73.851 Y93.256 E14.30612
G1 X73.851 Y93.255 E14.30617
G1 X76.021 Y91.478 E14.4461
G1 X78.067 Y89.703 E14.58123
G1 X80.642 Y87.32 E14.75627
G1 X81.279 Y86.709 E14.80031
G1 F1500 E8.30031
;MESH:drax_photo_base.stl
G0 F3600 X78.529 Y94.335
G0 X78.529 Y95.619
G0 X76.485 Y99.277
G0 X76.319 Y100.303
G0 X76.418 Y100.29
;TYPE:WALL-INNER
G1 F1500 E14.80031
G1 X76.549 Y100.781 E14.82566
G1 X76.793 Y101.224 E14.85089
G1 X77.134 Y101.597 E14.8761
G1 X77.552 Y101.875 E14.90115
G1 X77.997 Y102.043 E14.92488
G1 X78.498 Y102.104 E14.95006
G1 X78.969 Y102.05 E14.97371
G1 X79.413 Y101.895 E14.99717
G1 X79.811 Y101.645 E15.02062
G1 X80.145 Y101.311 E15.04419
G1 X80.395 Y100.913 E15.06764
G1 X80.55 Y100.469 E15.0911
G1 X80.604 Y100 E15.11465
G1 X80.55 Y99.531 E15.13821
G1 X80.395 Y99.087 E15.16167
G1 X80.145 Y98.689 E15.18512
G1 X79.811 Y98.355 E15.20868
G1 X79.413 Y98.105 E15.23213
G1 X78.964 Y97.947 E15.25588
G1 X78.459 Y97.899 E15.28119
G1 X77.961 Y97.97 E15.30628
G1 X77.492 Y98.156 E15.33145
G1 X77.078 Y98.452 E15.35684
G1 X76.749 Y98.838 E15.38215
G1 X76.522 Y99.29 E15.40738
G1 X76.41 Y99.783 E15.43261
G1 X76.418 Y100.29 E15.4579
G0 F3600 X76.319 Y100.303
G0 X76.761 Y101.247
G0 X77.534 Y101.91
G0 X115.83 Y104.33
G0 X115.9 Y104.4
G1 F1500 X115.9 Y110.4 E15.75724
G1 X84.1 Y110.4 E17.34375
G1 X84.1 Y104.4 E17.64309
G1 X78.529 Y104.4 E17.92103
G1 X77.642 Y104.313 E17.9655
G1 X76.818 Y104.063 E18.00846
G1 X76.059 Y103.657 E18.0514
G1 X75.39 Y103.11 E18.09451
G1 X74.843 Y102.441 E18.13763
G1 X74.437 Y101.682 E18.18057
G1 X74.187 Y100.858 E18.22353
G1 X74.103 Y100 E18.26654
G1 X74.187 Y99.142 E18.30955
G1 X74.437 Y98.318 E18.35251
G1 X74.843 Y97.559 E18.39545
G1 X75.39 Y96.89 E18.43857
G1 X76.059 Y96.343 E18.48168
G1 X76.818 Y95.937 E18.52462
G1 X77.642 Y95.687 E18.56758
G1 X78.529 Y95.6 E18.61205
G1 X84.1 Y95.6 E18.88999
G1 X84.1 Y89.6 E19.18933
G1 X115.9 Y89.6 E20.77584
G1 X115.9 Y95.6 E21.07518
G1 X121.115 Y95.6 E21.33536
G1 X121.541 Y95.607 E21.35661
G1 X122.358 Y95.687 E21.39757
G1 X123.182 Y95.937 E21.44053
G1 X123.941 Y96.343 E21.48347
G1 X124.61 Y96.89 E21.52658
G1 X125.157 Y97.559 E21.5697
G1 X125.563 Y98.318 E21.61264
G1 X125.813 Y99.142 E21.6556
G1 X125.897 Y100 E21.69861
G1 X125.813 Y100.858 E21.74162
G1 X125.563 Y101.682 E21.78458
G1 X125.157 Y102.441 E21.82753
G1 X124.61 Y103.11 E21.87064
G1 X123.941 Y103.657 E21.91375
G1 X123.182 Y104.063 E21.9567
G1 X122.358 Y104.313 E21.99966
G1 X121.471 Y104.4 E22.04412
G1 X115.9 Y104.4 E22.32206
G0 F3600 X115.83 Y104.33
G0 X119.804 Y98.693
G0 X120.54 Y98.087
G0 X121.985 Y97.851
G0 X121.964 Y97.948
G1 F1500 X121.465 Y97.9 E22.34707
G1 X120.998 Y97.96 E22.37056
G1 X120.557 Y98.122 E22.394
G1 X120.163 Y98.379 E22.41747
G1 X119.835 Y98.717 E22.44096
G1 X119.592 Y99.121 E22.46449
G1 X119.446 Y99.562 E22.48766
G1 X119.396 Y100 E22.50966
G1 X119.45 Y100.469 E22.53321
G1 X119.605 Y100.913 E22.55667
G1 X119.855 Y101.311 E22.58012
G1 X120.189 Y101.645 E22.60368
G1 X120.587 Y101.895 E22.62713
G1 X121.031 Y102.05 E22.6506
G1 X121.5 Y102.104 E22.67415
G1 X121.969 Y102.05 E22.6977
G1 X122.413 Y101.895 E22.72116
G1 X122.811 Y101.645 E22.74461
G1 X123.145 Y101.311 E22.76818
G1 X123.395 Y100.913 E22.79163
G1 X123.55 Y100.469 E22.81509
G1 X123.604 Y100 E22.83864
G1 X123.55 Y99.531 E22.8622
G1 X123.395 Y99.087 E22.88566
G1 X123.145 Y98.689 E22.90911
G1 X122.811 Y98.355 E22.93267
G1 X122.413 Y98.105 E22.95612
G1 X121.964 Y97.948 E22.97985
G0 F3600 X121.877 Y98.341
;TYPE:WALL-OUTER
G1 F1500 X121.472 Y98.302 E23.00015
G1 X121.094 Y98.351 E23.01917
G1 X120.738 Y98.482 E23.03809
G1 X120.419 Y98.69 E23.05709
G1 X120.154 Y98.963 E23.07607
G1 X119.958 Y99.289 E23.09505
G1 X119.839 Y99.648 E23.11392
G1 X119.799 Y100 E23.13159
G1 X119.842 Y100.379 E23.15062
G1 X119.968 Y100.738 E23.1696
G1 X120.17 Y101.06 E23.18857
G1 X120.44 Y101.33 E23.20762
G1 X120.762 Y101.532 E23.22658
G1 X121.121 Y101.658 E23.24556
G1 X121.5 Y101.701 E23.26459
G1 X121.879 Y101.658 E23.28362
G1 X122.238 Y101.532 E23.3026
G1 X122.56 Y101.33 E23.32157
G1 X122.83 Y101.06 E23.34062
G1 X123.032 Y100.738 E23.35958
G1 X123.158 Y100.379 E23.37856
G1 X123.201 Y100 E23.39759
G1 X123.158 Y99.621 E23.41662
G1 X123.032 Y99.262 E23.43561
G1 X122.83 Y98.94 E23.45457
G1 X122.56 Y98.67 E23.47362
G1 X122.238 Y98.468 E23.49258
G1 X121.877 Y98.341 E23.51168
G0 F3600 X121.678 Y98.322
G0 X121.726 Y97.826
G0 X120.54 Y98.087
G0 X119.804 Y98.693
G0 X115.872 Y104.372
G0 X116.3 Y104.8
G1 F1500 X116.3 Y110.8 E23.81102
G1 X83.7 Y110.8 E25.43744
G1 X83.7 Y104.8 E25.73678
G1 X78.51 Y104.8 E25.99571
G1 X77.562 Y104.707 E26.04323
G1 X76.663 Y104.434 E26.09011
G1 X75.837 Y103.992 E26.13684
G1 X75.106 Y103.394 E26.18396
G1 X74.508 Y102.663 E26.23108
G1 X74.066 Y101.837 E26.27782
G1 X73.793 Y100.938 E26.32469
G1 X73.701 Y100 E26.37171
G1 X73.793 Y99.062 E26.41874
G1 X74.066 Y98.163 E26.46561
G1 X74.508 Y97.337 E26.51235
G1 X75.106 Y96.606 E26.55947
G1 X75.837 Y96.008 E26.60658
G1 X76.663 Y95.566 E26.65332
G1 X77.562 Y95.293 E26.7002
G1 X78.51 Y95.2 E26.74772
G1 X83.7 Y95.2 E27.00665
G1 X83.7 Y89.2 E27.30599
G1 X116.3 Y89.2 E28.93241
G1 X116.3 Y95.2 E29.23175
G1 X121.121 Y95.2 E29.47227
G1 X121.562 Y95.207 E29.49428
G1 X122.438 Y95.293 E29.53819
G1 X123.337 Y95.566 E29.58507
G1 X124.163 Y96.008 E29.6318
G1 X124.894 Y96.606 E29.67892
G1 X125.492 Y97.337 E29.72604
G1 X125.934 Y98.163 E29.77278
G1 X126.207 Y99.062 E29.81965
G1 X126.299 Y100 E29.86667
G1 X126.207 Y100.938 E29.9137
G1 X125.934 Y101.837 E29.96057
G1 X125.492 Y102.663 E30.00731
G1 X124.894 Y103.394 E30.05443
G1 X124.163 Y103.992 E30.10154
G1 X123.337 Y104.434 E30.14828
G1 X122.438 Y104.707 E30.19516
G1 X121.49 Y104.8 E30.24268
G1 X116.3 Y104.8 E30.50161
G0 F3600 X116.3 Y105
G0 X115.8 Y105
G0 X77.988 Y102.081
G0 X77.108 Y101.627
G0 X76.317 Y100.242
G0 X76.817 Y100.235
G1 F1500 X76.923 Y100.631 E30.52206
G1 X77.12 Y100.989 E30.54245
G1 X77.396 Y101.291 E30.56286
G1 X77.736 Y101.517 E30.58323
G1 X78.093 Y101.652 E30.60227
G1 X78.499 Y101.701 E30.62267
G1 X78.879 Y101.658 E30.64175
G1 X79.238 Y101.532 E30.66073
G1 X79.56 Y101.33 E30.6797
G1 X79.83 Y101.06 E30.69875
G1 X80.032 Y100.738 E30.71771
G1 X80.158 Y100.379 E30.73669
G1 X80.201 Y100 E30.75572
G1 X80.158 Y99.621 E30.77475
G1 X80.032 Y99.262 E30.79373
G1 X79.83 Y98.94 E30.8127
G1 X79.56 Y98.67 E30.83175
G1 X79.238 Y98.468 E30.85071
G1 X78.877 Y98.341 E30.8698
G1 X78.468 Y98.302 E30.8903
G1 X78.064 Y98.359 E30.91066
G1 X77.685 Y98.51 E30.93101
G1 X77.351 Y98.749 E30.9515
G1 X77.085 Y99.061 E30.97196
G1 X76.901 Y99.426 E30.99235
G1 X76.811 Y99.825 E31.01275
G1 X76.817 Y100.235 E31.03321
G0 F3600 X76.868 Y100.428
G0 X76.028 Y100.344
;TYPE:SKIN
G1 F1500 X76.184 Y100.927 E31.06332
G1 X76.473 Y101.452 E31.09322
G1 X76.878 Y101.895 E31.12316
G1 X77.373 Y102.224 E31.15282
G1 X77.903 Y102.425 E31.1811
G1 X78.496 Y102.496 E31.21089
G1 X79.057 Y102.432 E31.23906
G1 X79.583 Y102.248 E31.26686
G1 X80.055 Y101.951 E31.29469
G1 X80.451 Y101.555 E31.32263
G1 X80.748 Y101.083 E31.35045
G1 X80.932 Y100.557 E31.37825
G1 X80.996 Y100 E31.40622
G1 X80.932 Y99.443 E31.43419
G1 X80.748 Y98.917 E31.462
G1 X80.451 Y98.445 E31.48982
G1 X80.055 Y98.049 E31.51776
G1 X79.583 Y97.752 E31.54558
G1 X79.048 Y97.563 E31.57389
G1 X78.45 Y97.507 E31.60385
G1 X77.86 Y97.59 E31.63358
G1 X77.304 Y97.811 E31.66343
G1 X76.813 Y98.163 E31.69357
G1 X76.422 Y98.621 E31.72361
G1 X76.152 Y99.157 E31.75355
G1 X76.02 Y99.742 E31.78347
G1 X76.028 Y100.344 E31.81351
G0 F3600 X74.571 Y100.782
G1 F1500 X74.495 Y100 E31.85271
G1 X74.571 Y99.218 E31.89191
G1 X74.799 Y98.465 E31.93116
G1 X75.166 Y97.78 E31.96993
G1 X75.667 Y97.167 E32.00943
G1 X76.28 Y96.666 E32.04892
G1 X76.965 Y96.299 E32.08769
G1 X77.718 Y96.071 E32.12695
G1 X78.547 Y95.99 E32.1685
G1 X84.49 Y95.99 E32.465
G1 X84.49 Y89.99 E32.76434
G1 X115.51 Y89.99 E34.31193
G1 X115.51 Y95.99 E34.61128
G1 X121.109 Y95.99 E34.89061
G1 X121.522 Y95.997 E34.91122
G1 X122.282 Y96.071 E34.94931
G1 X123.035 Y96.299 E34.98857
G1 X123.72 Y96.666 E35.02734
G1 X124.333 Y97.167 E35.06683
G1 X124.834 Y97.78 E35.10633
G1 X125.201 Y98.465 E35.1451
G1 X125.429 Y99.218 E35.18435
G1 X125.505 Y100 E35.22355
G1 X125.429 Y100.782 E35.26275
G1 X125.201 Y101.535 E35.302
G1 X124.834 Y102.22 E35.34077
G1 X124.333 Y102.833 E35.38027
G1 X123.72 Y103.334 E35.41977
G1 X123.035 Y103.701 E35.45854
G1 X122.282 Y103.929 E35.49779
G1 X121.453 Y104.01 E35.53935
G1 X115.51 Y104.01 E35.83584
G1 X115.51 Y110.01 E36.13518
G1 X84.49 Y110.01 E37.68278
G1 X84.49 Y104.01 E37.98212
G1 X78.547 Y104.01 E38.27862
G1 X77.718 Y103.929 E38.32017
G1 X76.965 Y103.701 E38.35942
G1 X76.28 Y103.334 E38.3982
G1 X75.667 Y102.833 E38.43769
G1 X75.166 Y102.22 E38.47719
G1 X74.799 Y101.535 E38.51596
G1 X74.571 Y100.782 E38.55521
G0 F3600 X77.988 Y102.081
G0 X119.004 Y100
G1 F1500 X119.068 Y100.557 E38.58318
G1 X119.252 Y101.083 E38.61099
G1 X119.549 Y101.555 E38.63881
G1 X119.945 Y101.951 E38.66675
G1 X120.417 Y102.248 E38.69457
G1 X120.943 Y102.432 E38.72237
G1 X121.5 Y102.496 E38.75034
G1 X122.057 Y102.432 E38.77831
G1 X122.583 Y102.248 E38.80612
G1 X123.055 Y101.951 E38.83394
G1 X123.451 Y101.555 E38.86188
G1 X123.748 Y101.083 E38.8897
G1 X123.932 Y100.557 E38.9175
G1 X123.996 Y100 E38.94547
G1 X123.932 Y99.443 E38.97345
G1 X123.748 Y98.917 E39.00125
G1 X123.451 Y98.445 E39.02907
G1 X123.055 Y98.049 E39.05701
G1 X122.583 Y97.752 E39.08483
G1 X122.048 Y97.564 E39.11312
G1 X121.459 Y97.508 E39.14264
G1 X120.905 Y97.579 E39.17051
G1 X120.381 Y97.771 E39.19835
G1 X119.914 Y98.076 E39.22617
G1 X119.523 Y98.477 E39.25412
G1 X119.235 Y98.957 E39.28204
G1 X119.063 Y99.478 E39.30942
G1 X119.004 Y100 E39.33563
G0 F3600 X119.804 Y98.693
G0 X120.54 Y98.087
G0 X121.417 Y97.868
G0 X124.933 Y98.346
G1 F1500 X123.153 Y96.566 E39.46121
G1 X123.083 Y96.496
G0 F3600 X122.279 Y96.258
G1 F1500 X125.242 Y99.22 E39.67023
G0 F3600 X125.309 Y99.853
G1 F1500 X121.646 Y96.19 E39.92868
G0 F3600 X121.06 Y96.17
G1 F1500 X122.38 Y97.49 E40.02181
G0 F3600 X121.671 Y97.347
G1 F1500 X120.494 Y96.17 E40.10486
G0 F3600 X119.928 Y96.17
G1 F1500 X121.127 Y97.368 E40.18942
G0 F3600 X120.666 Y97.473
G1 F1500 X119.363 Y96.17 E40.28135
G0 F3600 X118.797 Y96.17
G1 F1500 X120.26 Y97.633 E40.38457
G0 F3600 X119.918 Y97.857
G1 F1500 X118.231 Y96.17 E40.5036
G0 F3600 X117.666 Y96.17
G1 F1500 X119.617 Y98.121 E40.64125
G0 F3600 X119.348 Y98.417
G1 F1500 X117.1 Y96.17 E40.79983
G0 F3600 X116.534 Y96.17
G1 F1500 X119.135 Y98.77 E40.98331
G0 F3600 X118.973 Y99.174
G1 F1500 X115.969 Y96.17 E41.19525
G0 F3600 X115.403 Y96.17
G1 F1500 X118.864 Y99.631 E41.43945
G0 F3600 X118.842 Y100.175
G1 F1500 X108.837 Y90.17 E42.14535
G0 F3600 X108.272 Y90.17
G1 F1500 X118.995 Y100.893 E42.90192
G1 X119.065 Y100.963
G0 F3600 X120.606 Y102.505
G1 F1500 X121.888 Y103.787 E42.99237
G0 F3600 X122.379 Y103.712
G1 F1500 X121.325 Y102.657 E43.06677
G0 F3600 X121.868 Y102.635
G1 F1500 X122.813 Y103.58 E43.13345
G0 F3600 X123.205 Y103.406
G1 F1500 X122.326 Y102.527 E43.19546
G0 F3600 X122.731 Y102.366
G1 F1500 X123.573 Y103.208 E43.25487
G0 F3600 X123.89 Y102.96
G1 F1500 X123.079 Y102.148 E43.31213
G0 F3600 X123.378 Y101.882
G1 F1500 X124.201 Y102.705 E43.37019
G0 F3600 X124.457 Y102.396
G1 F1500 X123.644 Y101.582 E43.42759
G0 F3600 X123.862 Y101.235
G1 F1500 X124.706 Y102.078 E43.48711
G0 F3600 X124.904 Y101.71
G1 F1500 X124.024 Y100.831 E43.54916
G0 F3600 X124.132 Y100.373
G1 F1500 X125.079 Y101.32 E43.61597
G0 F3600 X125.21 Y100.885
G1 F1500 X124.157 Y99.832 E43.69027
G0 F3600 X124.007 Y99.117
G1 F1500 X125.285 Y100.395 E43.78044
G1 X125.355 Y100.465
G0 F3600 X121.366 Y103.83
G1 F1500 X107.706 Y90.17 E44.74423
G0 F3600 X107.14 Y90.17
G1 F1500 X120.8 Y103.83 E45.70801
G0 F3600 X120.235 Y103.83
G1 F1500 X106.575 Y90.17 E46.6718
G0 F3600 X106.009 Y90.17
G1 F1500 X119.669 Y103.83 E47.63559
G0 F3600 X119.103 Y103.83
G1 F1500 X105.443 Y90.17 E48.59937
G0 F3600 X104.878 Y90.17
G1 F1500 X118.537 Y103.83 E49.56312
G0 F3600 X117.972 Y103.83
G1 F1500 X104.312 Y90.17 E50.52691
G0 F3600 X103.746 Y90.17
G1 F1500 X117.406 Y103.83 E51.4907
G0 F3600 X116.84 Y103.83
G1 F1500 X103.181 Y90.17 E52.45445
G0 F3600 X102.615 Y90.17
G1 F1500 X116.275 Y103.83 E53.41824
G0 F3600 X115.709 Y103.83
G1 F1500 X102.049 Y90.17 E54.38202
G0 F3600 X101.483 Y90.17
G1 F1500 X115.329 Y104.016 E55.35893
G0 F3600 X115.329 Y104.581
G1 F1500 X100.918 Y90.17 E56.37571
G0 F3600 X100.352 Y90.17
G1 F1500 X115.329 Y105.147 E57.43242
G0 F3600 X115.329 Y105.713
G1 F1500 X99.786 Y90.17 E58.52906
G0 F3600 X99.221 Y90.17
G1 F1500 X115.329 Y106.278 E59.66556
G0 F3600 X115.329 Y106.844
G1 F1500 X98.655 Y90.17 E60.84201
G0 F3600 X98.089 Y90.17
G1 F1500 X115.329 Y107.41 E62.05838
G0 F3600 X115.329 Y107.975
G1 F1500 X97.524 Y90.17 E63.31462
G0 F3600 X96.958 Y90.17
G1 F1500 X115.329 Y108.541 E64.61079
G0 F3600 X115.329 Y109.107
G1 F1500 X96.392 Y90.17 E65.9469
G0 F3600 X95.827 Y90.17
G1 F1500 X115.329 Y109.672 E67.32287
G0 F3600 X114.92 Y109.829
G1 F1500 X95.261 Y90.17 E68.70992
G0 F3600 X94.695 Y90.17
G1 F1500 X114.354 Y109.829 E70.09697
G0 F3600 X113.789 Y109.829
G1 F1500 X94.13 Y90.17 E71.48402
G0 F3600 X93.564 Y90.17
G1 F1500 X113.223 Y109.829 E72.87107
G0 F3600 X112.657 Y109.829
G1 F1500 X92.998 Y90.17 E74.25811
G0 F3600 X92.432 Y90.17
G1 F1500 X112.091 Y109.829 E75.64516
G0 F3600 X111.526 Y109.829
G1 F1500 X91.867 Y90.17 E77.03221
G0 F3600 X91.301 Y90.17
G1 F1500 X110.96 Y109.829 E78.41926
G0 F3600 X110.394 Y109.829
G1 F1500 X90.735 Y90.17 E79.80631
G0 F3600 X90.17 Y90.17
G1 F1500 X109.829 Y109.829 E81.19336
G0 F3600 X109.263 Y109.829
G1 F1500 X89.604 Y90.17 E82.58041
G0 F3600 X89.038 Y90.17
G1 F1500 X108.697 Y109.829 E83.96746
G0 F3600 X108.132 Y109.829
G1 F1500 X88.473 Y90.17 E85.3545
G0 F3600 X87.907 Y90.17
G1 F1500 X107.566 Y109.829 E86.74155
G0 F3600 X107 Y109.829
G1 F1500 X87.341 Y90.17 E88.1286
G0 F3600 X86.776 Y90.17
G1 F1500 X106.435 Y109.829 E89.51565
G0 F3600 X105.869 Y109.829
G1 F1500 X86.21 Y90.17 E90.9027
G0 F3600 X85.644 Y90.17
G1 F1500 X105.303 Y109.829 E92.28975
G0 F3600 X104.738 Y109.829
G1 F1500 X85.079 Y90.17 E93.6768
G0 F3600 X84.669 Y90.326
G1 F1500 X104.172 Y109.829 E95.05284
G0 F3600 X103.606 Y109.829
G1 F1500 X84.669 Y90.892 E96.38895
G0 F3600 X84.669 Y91.457
G1 F1500 X103.041 Y109.829 E97.68519
G0 F3600 X102.475 Y109.829
G1 F1500 X84.669 Y92.023 E98.9415
G0 F3600 X84.669 Y92.589
G1 F1500 X101.909 Y109.829 E100.15787
G0 F3600 X101.343 Y109.829
G1 F1500 X84.669 Y93.154 E101.33435
G0 F3600 X84.669 Y93.72
G1 F1500 X100.778 Y109.829 E102.47093
G0 F3600 X100.212 Y109.829
G1 F1500 X84.669 Y94.286 E103.56757
G0 F3600 X84.669 Y94.852
G1 F1500 X99.646 Y109.829 E104.62428
G0 F3600 X99.081 Y109.829
G1 F1500 X84.669 Y95.417 E105.64112
G0 F3600 X84.669 Y95.983
G1 F1500 X98.515 Y109.829 E106.61803
G0 F3600 X97.949 Y109.829
G1 F1500 X84.289 Y96.169 E107.58182
G0 F3600 X83.724 Y96.169
G1 F1500 X97.384 Y109.829 E108.54561
G0 F3600 X96.818 Y109.829
G1 F1500 X83.158 Y96.169 E109.50939
G0 F3600 X82.592 Y96.169
G1 F1500 X96.252 Y109.829 E110.47318
G0 F3600 X95.687 Y109.829
G1 F1500 X82.027 Y96.169 E111.43697
G0 F3600 X81.461 Y96.169
G1 F1500 X95.121 Y109.829 E112.40075
G0 F3600 X94.555 Y109.829
G1 F1500 X80.895 Y96.169 E113.36454
G0 F3600 X80.33 Y96.169
G1 F1500 X93.99 Y109.829 E114.32833
G0 F3600 X93.424 Y109.829
G1 F1500 X79.764 Y96.169 E115.29211
G0 F3600 X79.198 Y96.169
G1 F1500 X92.858 Y109.829 E116.2559
G0 F3600 X92.292 Y109.829
G1 F1500 X78.633 Y96.169 E117.21965
G0 F3600 X78.11 Y96.212
G1 F1500 X79.391 Y97.493 E117.31003
G0 F3600 X78.679 Y97.347
G1 F1500 X77.619 Y96.287 E117.38482
G0 F3600 X77.185 Y96.418
G1 F1500 X78.135 Y97.368 E117.45185
G0 F3600 X77.67 Y97.469
G1 F1500 X76.793 Y96.592 E117.51373
G0 F3600 X76.426 Y96.79
G1 F1500 X77.266 Y97.63 E117.57299
G0 F3600 X76.927 Y97.857
G1 F1500 X76.108 Y97.039 E117.63074
G0 F3600 X75.797 Y97.293
G1 F1500 X76.617 Y98.113 E117.6886
G0 F3600 X76.356 Y98.418
G1 F1500 X75.541 Y97.603 E117.7461
G0 F3600 X75.293 Y97.92
G1 F1500 X76.144 Y98.772 E117.80618
G0 F3600 X75.968 Y99.161
G1 F1500 X75.095 Y98.288 E117.86777
G0 F3600 X74.92 Y98.678
G1 F1500 X75.863 Y99.622 E117.93434
G0 F3600 X75.845 Y100.17
G1 F1500 X74.789 Y99.113 E118.00888
G0 F3600 X74.713 Y99.603
G1 F1500 X75.983 Y100.873 E118.09849
G1 X76.053 Y100.943
G0 F3600 X75.065 Y101.652
G1 F1500 X76.846 Y103.433 E118.22415
G1 X76.916 Y103.503
G0 F3600 X77.719 Y103.741
G1 F1500 X74.757 Y100.778 E118.43317
G0 F3600 X74.69 Y100.146
G1 F1500 X78.353 Y103.809 E118.69161
G0 F3600 X78.939 Y103.829
G1 F1500 X77.619 Y102.509 E118.78475
G0 F3600 X78.332 Y102.657
G1 F1500 X79.504 Y103.829 E118.86744
G0 F3600 X80.07 Y103.829
G1 F1500 X78.874 Y102.633 E118.95182
G0 F3600 X79.332 Y102.525
G1 F1500 X80.636 Y103.829 E119.04383
G0 F3600 X81.202 Y103.829
G1 F1500 X79.736 Y102.363 E119.14726
G0 F3600 X80.083 Y102.145
G1 F1500 X81.767 Y103.829 E119.26608
G0 F3600 X82.333 Y103.829
G1 F1500 X80.381 Y101.877 E119.4038
G0 F3600 X80.647 Y101.578
G1 F1500 X82.899 Y103.829 E119.56266
G0 F3600 X83.464 Y103.829
G1 F1500 X80.866 Y101.23 E119.74599
G0 F3600 X81.027 Y100.826
G1 F1500 X84.03 Y103.829 E119.95787
G0 F3600 X84.596 Y103.829
G1 F1500 X81.134 Y100.368 E120.2021
G0 F3600 X81.156 Y99.824
G1 F1500 X91.161 Y109.829 E120.90801
G0 F3600 X91.727 Y109.829
G1 F1500 X81.004 Y99.105 E121.66461
G1 X80.934 Y99.035
G0 F3600 X84.669 Y103.902
G1 F1500 X90.595 Y109.829 E122.08275
G0 F3600 X90.03 Y109.829
G1 F1500 X84.669 Y104.468 E122.461
G0 F3600 X84.669 Y105.034
G1 F1500 X89.464 Y109.829 E122.79931
G0 F3600 X88.898 Y109.829
G1 F1500 X84.669 Y105.6 E123.09769
G0 F3600 X84.669 Y106.165
G1 F1500 X88.333 Y109.829 E123.35621
G0 F3600 X87.767 Y109.829
G1 F1500 X84.669 Y106.731 E123.57479
G0 F3600 X84.669 Y107.297
G1 F1500 X87.201 Y109.829 E123.75343
G0 F3600 X86.636 Y109.829
G1 F1500 X84.669 Y107.862 E123.89222
G0 F3600 X84.669 Y108.428
G1 F1500 X86.07 Y109.829 E123.99106
G0 F3600 X85.504 Y109.829
G1 F1500 X84.669 Y108.994 E124.04998
G0 F3600 X84.669 Y109.559
G1 F1500 X84.939 Y109.829 E124.06903
G0 F3600 X109.403 Y90.17
G1 F1500 X115.329 Y96.096 E124.48714
G0 F3600 X115.329 Y95.53
G1 F1500 X109.969 Y90.17 E124.86532
G0 F3600 X110.534 Y90.17
G1 F1500 X115.329 Y94.965 E125.20363
G0 F3600 X115.329 Y94.399
G1 F1500 X111.1 Y90.17 E125.50201
G0 F3600 X111.666 Y90.17
G1 F1500 X115.329 Y93.833 E125.76045
G0 F3600 X115.329 Y93.268
G1 F1500 X112.231 Y90.17 E125.97903
G0 F3600 X112.797 Y90.17
G1 F1500 X115.329 Y92.702 E126.15768
G0 F3600 X115.329 Y92.136
G1 F1500 X113.363 Y90.17 E126.29639
G0 F3600 X113.929 Y90.17
G1 F1500 X115.329 Y91.571 E126.3952
G0 F3600 X115.329 Y91.005
G1 F1500 X114.494 Y90.17 E126.45412
G0 F3600 X115.06 Y90.17
G1 F1500 X115.329 Y90.439 E126.4731
;MESH:NONMESH
G0 F600 X115.329 Y90.439 Z0.4
G0 F3600 X78.967 Y97.848
G0 X78.958 Y97.946
;TIME_ELAPSED:112.731324
;LAYER:1
M140 S70
M106 S255
;TYPE:WALL-INNER
;MESH:drax_photo_base.stl
G1 F2250 X78.411 Y97.905 E126.48222
G1 X77.913 Y97.986 E126.49061
G1 X77.449 Y98.185 E126.49901
G1 X77.043 Y98.489 E126.50744
G1 X76.725 Y98.883 E126.51586
G1 X76.509 Y99.339 E126.52425
G1 X76.408 Y99.834 E126.53265
G1 X76.429 Y100.341 E126.54109
G1 X76.572 Y100.826 E126.5495
G1 X76.825 Y101.262 E126.55788
G1 X77.176 Y101.628 E126.56632
G1 X77.594 Y101.89 E126.57452
G1 X77.996 Y102.043 E126.58168
G1 X78.498 Y102.104 E126.59008
G1 X78.969 Y102.05 E126.59797
G1 X79.413 Y101.895 E126.60579
G1 X79.811 Y101.645 E126.61361
G1 X80.145 Y101.311 E126.62146
G1 X80.395 Y100.913 E126.62928
G1 X80.55 Y100.469 E126.6371
G1 X80.604 Y100 E126.64495
G1 X80.55 Y99.531 E126.6528
G1 X80.395 Y99.087 E126.66062
G1 X80.145 Y98.689 E126.66844
G1 X79.811 Y98.355 E126.67629
G1 X79.413 Y98.105 E126.68411
G1 X78.958 Y97.946 E126.69212
G0 F5400 X78.978 Y97.849
G0 X115.83 Y104.33
G0 X115.9 Y104.4
G1 F2250 X115.9 Y110.4 E126.7919
G1 X84.1 Y110.4 E127.32074
G1 X84.1 Y104.4 E127.42052
G1 X78.529 Y104.4 E127.51317
G1 X77.642 Y104.313 E127.52799
G1 X76.818 Y104.063 E127.54231
G1 X76.059 Y103.657 E127.55662
G1 X75.39 Y103.11 E127.57099
G1 X74.843 Y102.441 E127.58537
G1 X74.437 Y101.682 E127.59968
G1 X74.187 Y100.858 E127.614
G1 X74.103 Y100 E127.62834
G1 X74.187 Y99.142 E127.64267
G1 X74.437 Y98.318 E127.65699
G1 X74.843 Y97.559 E127.67131
G1 X75.39 Y96.89 E127.68568
G1 X76.059 Y96.343 E127.70005
G1 X76.818 Y95.937 E127.71436
G1 X77.642 Y95.687 E127.72868
G1 X78.529 Y95.6 E127.74351
G1 X84.1 Y95.6 E127.83615
G1 X84.1 Y89.6 E127.93593
G1 X115.9 Y89.6 E128.46477
G1 X115.9 Y95.6 E128.56455
G1 X121.471 Y95.6 E128.6572
G1 X122.358 Y95.687 E128.67202
G1 X123.182 Y95.937 E128.68634
G1 X123.941 Y96.343 E128.70065
G1 X124.61 Y96.89 E128.71502
G1 X125.157 Y97.559 E128.72939
G1 X125.563 Y98.318 E128.74371
G1 X125.813 Y99.142 E128.75803
G1 X125.897 Y100 E128.77237
G1 X125.813 Y100.858 E128.7867
G1 X125.563 Y101.682 E128.80102
G1 X125.157 Y102.441 E128.81534
G1 X124.61 Y103.11 E128.82971
G1 X123.941 Y103.657 E128.84408
G1 X123.182 Y104.063 E128.85839
G1 X122.358 Y104.313 E128.87271
G1 X121.471 Y104.4 E128.88753
G1 X115.9 Y104.4 E128.98018
G0 F5400 X115.83 Y104.33
G0 X119.777 Y98.735
G0 X120.499 Y98.111
G0 X121.979 Y97.849
G0 X121.959 Y97.946
G1 F2250 X121.421 Y97.904 E128.98915
G1 X120.955 Y97.974 E128.99699
G1 X120.517 Y98.146 E129.00482
G1 X120.128 Y98.413 E129.01266
G1 X119.809 Y98.758 E129.02048
G1 X119.577 Y99.163 E129.02824
G1 X119.441 Y99.601 E129.03587
G1 X119.397 Y100.001 E129.04256
G1 X119.45 Y100.469 E129.05039
G1 X119.605 Y100.913 E129.05821
G1 X119.855 Y101.311 E129.06603
G1 X120.189 Y101.645 E129.07388
G1 X120.587 Y101.895 E129.0817
G1 X121.031 Y102.05 E129.08952
G1 X121.5 Y102.104 E129.09737
G1 X121.969 Y102.05 E129.10522
G1 X122.413 Y101.895 E129.11304
G1 X122.811 Y101.645 E129.12086
G1 X123.145 Y101.311 E129.12871
G1 X123.395 Y100.913 E129.13653
G1 X123.55 Y100.469 E129.14435
G1 X123.604 Y100 E129.1522
G1 X123.55 Y99.531 E129.16005
G1 X123.395 Y99.087 E129.16787
G1 X123.145 Y98.689 E129.17569
G1 X122.811 Y98.355 E129.18355
G1 X122.413 Y98.105 E129.19136
G1 X121.959 Y97.946 E129.19936
G0 F5400 X121.876 Y98.341
;TYPE:WALL-OUTER
G1 F1500 X121.435 Y98.306 E129.20672
G1 X121.059 Y98.363 E129.21304
G1 X120.705 Y98.502 E129.21937
G1 X120.391 Y98.717 E129.2257
G1 X120.134 Y98.996 E129.232
G1 X119.946 Y99.324 E129.23829
G1 X119.834 Y99.683 E129.24455
G1 X119.799 Y100 E129.24985
G1 X119.842 Y100.379 E129.25619
G1 X119.968 Y100.738 E129.26252
G1 X120.17 Y101.06 E129.26884
G1 X120.44 Y101.33 E129.27519
G1 X120.762 Y101.532 E129.28151
G1 X121.121 Y101.658 E129.28784
G1 X121.5 Y101.701 E129.29418
G1 X121.879 Y101.658 E129.30053
G1 X122.238 Y101.532 E129.30685
G1 X122.56 Y101.33 E129.31317
G1 X122.83 Y101.06 E129.31952
G1 X123.032 Y100.738 E129.32585
G1 X123.158 Y100.379 E129.33217
G1 X123.201 Y100 E129.33852
G1 X123.158 Y99.621 E129.34486
G1 X123.032 Y99.262 E129.35119
G1 X122.83 Y98.94 E129.35751
G1 X122.56 Y98.67 E129.36386
G1 X122.238 Y98.468 E129.37018
G1 X121.876 Y98.341 E129.37656
G0 F5400 X121.677 Y98.326
G0 X121.716 Y97.828
G0 X120.499 Y98.111
G0 X119.777 Y98.735
G0 X115.872 Y104.372
G0 X116.3 Y104.8
G1 F1500 X116.3 Y110.8 E129.47634
G1 X83.7 Y110.8 E130.01848
G1 X83.7 Y104.8 E130.11826
G1 X78.51 Y104.8 E130.20457
G1 X77.562 Y104.707 E130.22041
G1 X76.663 Y104.434 E130.23604
G1 X75.837 Y103.992 E130.25162
G1 X75.106 Y103.394 E130.26732
G1 X74.508 Y102.663 E130.28303
G1 X74.066 Y101.837 E130.29861
G1 X73.793 Y100.938 E130.31423
G1 X73.701 Y100 E130.32991
G1 X73.793 Y99.062 E130.34558
G1 X74.066 Y98.163 E130.3612
G1 X74.508 Y97.337 E130.37678
G1 X75.106 Y96.606 E130.39249
G1 X75.837 Y96.008 E130.4082
G1 X76.663 Y95.566 E130.42377
G1 X77.562 Y95.293 E130.4394
G1 X78.51 Y95.2 E130.45524
G1 X83.7 Y95.2 E130.54155
G1 X83.7 Y89.2 E130.64133
G1 X116.3 Y89.2 E131.18347
G1 X116.3 Y95.2 E131.28325
G1 X121.49 Y95.2 E131.36956
G1 X122.438 Y95.293 E131.3854
G1 X123.337 Y95.566 E131.40103
G1 X124.163 Y96.008 E131.41661
G1 X124.894 Y96.606 E131.43231
G1 X125.492 Y97.337 E131.44802
G1 X125.934 Y98.163 E131.4636
G1 X126.207 Y99.062 E131.47922
G1 X126.299 Y100 E131.4949
G1 X126.207 Y100.938 E131.51057
G1 X125.934 Y101.837 E131.5262
G1 X125.492 Y102.663 E131.54177
G1 X124.894 Y103.394 E131.55748
G1 X124.163 Y103.992 E131.57319
G1 X123.337 Y104.434 E131.58877
G1 X122.438 Y104.707 E131.60439
G1 X121.49 Y104.8 E131.62023
G1 X116.3 Y104.8 E131.70654
G0 F5400 X116.3 Y105
G0 X115.8 Y105
G0 X78.912 Y97.844
G0 X78.875 Y98.341
G1 F1500 X78.428 Y98.307 E131.714
G1 X78.026 Y98.373 E131.72077
G1 X77.65 Y98.534 E131.72757
G1 X77.323 Y98.779 E131.73437
G1 X77.066 Y99.097 E131.74117
G1 X76.891 Y99.466 E131.74796
G1 X76.81 Y99.866 E131.75475
G1 X76.827 Y100.275 E131.76155
G1 X76.942 Y100.667 E131.76835
G1 X77.147 Y101.02 E131.77514
G1 X77.43 Y101.315 E131.78193
G1 X77.773 Y101.53 E131.78867
G1 X78.093 Y101.652 E131.79436
G1 X78.499 Y101.701 E131.80116
G1 X78.879 Y101.658 E131.80752
G1 X79.238 Y101.532 E131.81385
G1 X79.56 Y101.33 E131.82017
G1 X79.83 Y101.06 E131.82652
G1 X80.032 Y100.738 E131.83284
G1 X80.158 Y100.379 E131.83917
G1 X80.201 Y100 E131.84551
G1 X80.158 Y99.621 E131.85186
G1 X80.032 Y99.262 E131.85818
G1 X79.83 Y98.94 E131.86451
G1 X79.56 Y98.67 E131.87086
G1 X79.238 Y98.468 E131.87718
G1 X78.875 Y98.341 E131.88357
G0 F5400 X78.676 Y98.326
G0 X79.038 Y97.561
;TYPE:SKIN
G1 F1500 X78.394 Y97.513 E131.89431
G1 X77.804 Y97.609 E131.90425
G1 X77.252 Y97.845 E131.91424
G1 X76.77 Y98.206 E131.92425
G1 X76.392 Y98.674 E131.93425
G1 X76.136 Y99.214 E131.94419
G1 X76.016 Y99.803 E131.95419
G1 X76.041 Y100.405 E131.96421
G1 X76.211 Y100.982 E131.97421
G1 X76.511 Y101.498 E131.98414
G1 X76.928 Y101.932 E131.99415
G1 X77.419 Y102.241 E132.0038
G1 X77.902 Y102.425 E132.01239
G1 X78.496 Y102.496 E132.02234
G1 X79.057 Y102.432 E132.03173
G1 X79.583 Y102.248 E132.041
G1 X80.055 Y101.951 E132.05027
G1 X80.451 Y101.555 E132.05958
G1 X80.748 Y101.083 E132.06886
G1 X80.932 Y100.557 E132.07813
G1 X80.996 Y100 E132.08745
G1 X80.932 Y99.443 E132.09677
G1 X80.748 Y98.917 E132.10604
G1 X80.451 Y98.445 E132.11531
G1 X80.055 Y98.049 E132.12463
G1 X79.583 Y97.752 E132.1339
G1 X79.038 Y97.561 E132.14351
G0 F5400 X78.547 Y95.99
G1 F1500 X84.49 Y95.99 E132.24234
G1 X84.49 Y89.99 E132.34212
G1 X115.51 Y89.99 E132.85798
G1 X115.51 Y95.99 E132.95776
G1 X121.453 Y95.99 E133.0566
G1 X122.282 Y96.071 E133.07045
G1 X123.035 Y96.299 E133.08353
G1 X123.72 Y96.666 E133.09646
G1 X124.333 Y97.167 E133.10962
G1 X124.834 Y97.78 E133.12279
G1 X125.201 Y98.465 E133.13571
G1 X125.429 Y99.218 E133.14879
G1 X125.505 Y100 E133.16186
G1 X125.429 Y100.782 E133.17493
G1 X125.201 Y101.535 E133.18801
G1 X124.834 Y102.22 E133.20093
G1 X124.333 Y102.833 E133.2141
G1 X123.72 Y103.334 E133.22727
G1 X123.035 Y103.701 E133.24019
G1 X122.282 Y103.929 E133.25327
G1 X121.453 Y104.01 E133.26712
G1 X115.51 Y104.01 E133.36596
G1 X115.51 Y110.01 E133.46574
G1 X84.49 Y110.01 E133.9816
G1 X84.49 Y104.01 E134.08138
G1 X78.547 Y104.01 E134.18022
G1 X77.718 Y103.929 E134.19407
G1 X76.965 Y103.701 E134.20715
G1 X76.28 Y103.334 E134.22007
G1 X75.667 Y102.833 E134.23324
G1 X75.166 Y102.22 E134.24641
G1 X74.799 Y101.535 E134.25933
G1 X74.571 Y100.782 E134.27241
G1 X74.495 Y100 E134.28548
G1 X74.571 Y99.218 E134.29855
G1 X74.799 Y98.465 E134.31163
G1 X75.166 Y97.78 E134.32455
G1 X75.667 Y97.167 E134.33772
G1 X76.28 Y96.666 E134.35089
G1 X76.965 Y96.299 E134.36381
G1 X77.718 Y96.071 E134.37689
G1 X78.547 Y95.99 E134.39074
G0 F5400 X119.005 Y100.001
G1 F1500 X119.068 Y100.557 E134.40005
G1 X119.252 Y101.083 E134.40932
G1 X119.549 Y101.555 E134.41859
G1 X119.945 Y101.951 E134.4279
G1 X120.417 Y102.248 E134.43718
G1 X120.943 Y102.432 E134.44645
G1 X121.5 Y102.496 E134.45577
G1 X122.057 Y102.432 E134.46509
G1 X122.583 Y102.248 E134.47436
G1 X123.055 Y101.951 E134.48363
G1 X123.451 Y101.555 E134.49295
G1 X123.748 Y101.083 E134.50222
G1 X123.932 Y100.557 E134.51149
G1 X123.996 Y100 E134.52081
G1 X123.932 Y99.443 E134.53014
G1 X123.748 Y98.917 E134.5394
G1 X123.451 Y98.445 E134.54868
G1 X123.055 Y98.049 E134.55799
G1 X122.583 Y97.752 E134.56727
G1 X122.041 Y97.562 E134.57682
G1 X121.407 Y97.512 E134.58739
G1 X120.854 Y97.595 E134.59669
G1 X120.333 Y97.799 E134.606
G1 X119.871 Y98.116 E134.61532
G1 X119.493 Y98.526 E134.62459
G1 X119.218 Y99.007 E134.6338
G1 X119.057 Y99.521 E134.64276
G1 X119.005 Y100.001 E134.65079
G0 F5400 X119.824 Y101.335
G0 X120.57 Y101.931
G0 X124.514 Y102.325
G1 F1500 X123.824 Y103.015 E134.66702
G1 X123.754 Y103.085
G0 F5400 X122.854 Y102.288
G1 F1500 X121.312 Y103.83 E134.70328
G0 F5400 X120.746 Y103.83
G1 F1500 X121.952 Y102.624 E134.73165
G0 F5400 X121.351 Y102.659
G1 F1500 X120.181 Y103.83 E134.75917
G0 F5400 X119.615 Y103.83
G1 F1500 X120.854 Y102.591 E134.78831
G0 F5400 X120.435 Y102.444
G1 F1500 X119.049 Y103.83 E134.82091
G0 F5400 X118.484 Y103.83
G1 F1500 X120.071 Y102.242 E134.85825
G0 F5400 X119.743 Y102.005
G1 F1500 X117.918 Y103.83 E134.90117
G0 F5400 X117.352 Y103.83
G1 F1500 X119.46 Y101.722 E134.95074
G0 F5400 X119.23 Y101.387
G1 F1500 X116.787 Y103.83 E135.0082
G0 F5400 X116.221 Y103.83
G1 F1500 X119.037 Y101.014 E135.07443
G0 F5400 X118.89 Y100.595
G1 F1500 X115.655 Y103.83 E135.15051
G0 F5400 X115.329 Y104.156
G1 F1500 X109.655 Y109.829 E135.28394
G0 F5400 X109.09 Y109.829
G1 F1500 X118.832 Y100.087 E135.51306
G0 F5400 X118.882 Y99.472
G1 F1500 X108.524 Y109.829 E135.75665
G0 F5400 X107.958 Y109.829
G1 F1500 X119.315 Y98.473 E136.02374
G1 X119.385 Y98.403
G0 F5400 X119.937 Y97.851
G1 F1500 X121.603 Y96.184 E136.06293
G0 F5400 X122.118 Y96.235
G1 F1500 X120.956 Y97.398 E136.09027
G0 F5400 X121.575 Y97.344
G1 F1500 X122.574 Y96.346 E136.11376
G0 F5400 X123.001 Y96.484
G1 F1500 X122.094 Y97.391 E136.13509
G0 F5400 X122.513 Y97.538
G1 F1500 X123.369 Y96.682 E136.15522
G0 F5400 X123.718 Y96.898
G1 F1500 X122.885 Y97.731 E136.17481
G0 F5400 X123.221 Y97.961
G1 F1500 X124.03 Y97.152 E136.19384
G0 F5400 X124.316 Y97.432
G1 F1500 X123.504 Y98.244 E136.21293
G0 F5400 X123.742 Y98.571
G1 F1500 X124.57 Y97.744 E136.23239
G0 F5400 X124.793 Y98.087
G1 F1500 X123.944 Y98.935 E136.25235
G0 F5400 X124.091 Y99.354
G1 F1500 X124.991 Y98.454 E136.27352
G0 F5400 X125.136 Y98.874
G1 F1500 X124.16 Y99.851 E136.29648
G0 F5400 X124.124 Y100.452
G1 F1500 X125.257 Y99.319 E136.32313
G0 F5400 X125.307 Y99.835
G1 F1500 X123.788 Y101.354 E136.35885
G1 X123.718 Y101.424
G0 F5400 X125.132 Y101.141
G1 F1500 X122.639 Y103.634 E136.41749
G0 F5400 X121.924 Y103.784
G1 F1500 X125.281 Y100.426 E136.49645
G1 X125.351 Y100.356
G0 F5400 X121.053 Y96.17
G1 F1500 X107.393 Y109.829 E136.8177
G0 F5400 X106.827 Y109.829
G1 F1500 X120.487 Y96.17 E137.13895
G0 F5400 X119.921 Y96.17
G1 F1500 X106.261 Y109.829 E137.4602
G0 F5400 X105.696 Y109.829
G1 F1500 X119.356 Y96.17 E137.78145
G0 F5400 X118.79 Y96.17
G1 F1500 X105.13 Y109.829 E138.1027
G0 F5400 X104.564 Y109.829
G1 F1500 X118.224 Y96.17 E138.42395
G0 F5400 X117.659 Y96.17
G1 F1500 X103.999 Y109.829 E138.7452
G0 F5400 X103.433 Y109.829
G1 F1500 X117.093 Y96.17 E139.06645
G0 F5400 X116.527 Y96.17
G1 F1500 X102.867 Y109.829 E139.3877
G0 F5400 X102.302 Y109.829
G1 F1500 X115.961 Y96.17 E139.70894
G0 F5400 X115.396 Y96.17
G1 F1500 X101.736 Y109.829 E140.03019
G0 F5400 X101.17 Y109.829
G1 F1500 X115.329 Y95.671 E140.36318
G0 F5400 X115.329 Y95.105
G1 F1500 X100.605 Y109.829 E140.70946
G0 F5400 X100.039 Y109.829
G1 F1500 X115.329 Y94.54 E141.06905
G0 F5400 X115.329 Y93.974
G1 F1500 X99.473 Y109.829 E141.44195
G0 F5400 X98.907 Y109.829
G1 F1500 X115.329 Y93.408 E141.82816
G0 F5400 X115.329 Y92.843
G1 F1500 X98.342 Y109.829 E142.22765
G0 F5400 X97.776 Y109.829
G1 F1500 X115.329 Y92.277 E142.64046
G0 F5400 X115.329 Y91.711
G1 F1500 X97.21 Y109.829 E143.06658
G0 F5400 X96.645 Y109.829
G1 F1500 X115.329 Y91.146 E143.50599
G0 F5400 X115.329 Y90.58
G1 F1500 X96.079 Y109.829 E143.95871
G0 F5400 X95.513 Y109.829
G1 F1500 X115.174 Y90.169 E144.42109
G0 F5400 X114.608 Y90.169
G1 F1500 X94.948 Y109.829 E144.88346
G0 F5400 X94.382 Y109.829
G1 F1500 X114.042 Y90.169 E145.34584
G0 F5400 X113.477 Y90.169
G1 F1500 X93.816 Y109.829 E145.80822
G0 F5400 X93.251 Y109.829
G1 F1500 X112.911 Y90.169 E146.27059
G0 F5400 X112.345 Y90.169
G1 F1500 X92.685 Y109.829 E146.73297
G0 F5400 X92.119 Y109.829
G1 F1500 X111.78 Y90.169 E147.19535
G0 F5400 X111.214 Y90.169
G1 F1500 X91.554 Y109.829 E147.65772
G0 F5400 X90.988 Y109.829
G1 F1500 X110.648 Y90.169 E148.1201
G0 F5400 X110.083 Y90.169
G1 F1500 X90.422 Y109.829 E148.58248
G0 F5400 X89.857 Y109.829
G1 F1500 X109.517 Y90.169 E149.04486
G0 F5400 X108.951 Y90.169
G1 F1500 X89.291 Y109.829 E149.50723
G0 F5400 X88.725 Y109.829
G1 F1500 X108.386 Y90.169 E149.96961
G0 F5400 X107.82 Y90.169
G1 F1500 X88.159 Y109.829 E150.432
G0 F5400 X87.594 Y109.829
G1 F1500 X107.254 Y90.169 E150.89437
G0 F5400 X106.688 Y90.169
G1 F1500 X87.028 Y109.829 E151.35674
G0 F5400 X86.462 Y109.829
G1 F1500 X106.123 Y90.169 E151.81913
G0 F5400 X105.557 Y90.169
G1 F1500 X85.897 Y109.829 E152.2815
G0 F5400 X85.331 Y109.829
G1 F1500 X104.991 Y90.169 E152.74388
G0 F5400 X104.426 Y90.169
G1 F1500 X84.765 Y109.829 E153.20626
G0 F5400 X84.67 Y109.359
G1 F1500 X103.86 Y90.169 E153.65758
G0 F5400 X103.294 Y90.169
G1 F1500 X84.67 Y108.794 E154.0956
G0 F5400 X84.67 Y108.228
G1 F1500 X102.729 Y90.169 E154.52032
G0 F5400 X102.163 Y90.169
G1 F1500 X84.67 Y107.662 E154.93173
G0 F5400 X84.67 Y107.096
G1 F1500 X101.597 Y90.169 E155.32983
G0 F5400 X101.032 Y90.169
G1 F1500 X84.67 Y106.531 E155.71463
G0 F5400 X84.67 Y105.965
G1 F1500 X100.466 Y90.169 E156.08613
G0 F5400 X99.9 Y90.169
G1 F1500 X84.67 Y105.399 E156.44432
G0 F5400 X84.67 Y104.834
G1 F1500 X99.335 Y90.169 E156.78922
G0 F5400 X98.769 Y90.169
G1 F1500 X84.67 Y104.268 E157.1208
G0 F5400 X84.543 Y103.829
G1 F1500 X98.203 Y90.169 E157.44207
G0 F5400 X97.638 Y90.169
G1 F1500 X83.978 Y103.829 E157.76333
G0 F5400 X83.412 Y103.829
G1 F1500 X97.072 Y90.169 E158.08459
G0 F5400 X96.506 Y90.169
G1 F1500 X82.846 Y103.829 E158.40585
G0 F5400 X82.281 Y103.829
G1 F1500 X95.94 Y90.169 E158.7271
G0 F5400 X95.375 Y90.169
G1 F1500 X81.715 Y103.829 E159.04837
G0 F5400 X81.149 Y103.829
G1 F1500 X94.809 Y90.169 E159.36963
G0 F5400 X94.243 Y90.169
G1 F1500 X80.584 Y103.829 E159.69088
G0 F5400 X80.018 Y103.829
G1 F1500 X93.678 Y90.169 E160.01214
G0 F5400 X93.112 Y90.169
G1 F1500 X79.452 Y103.829 E160.3334
G0 F5400 X78.886 Y103.829
G1 F1500 X92.546 Y90.169 E160.65466
G0 F5400 X91.981 Y90.169
G1 F1500 X80.776 Y101.374 E160.91819
G1 X80.706 Y101.444
G0 F5400 X81.124 Y100.46
G1 F1500 X91.415 Y90.169 E161.16022
G0 F5400 X90.849 Y90.169
G1 F1500 X81.161 Y99.857 E161.38806
G0 F5400 X81.093 Y99.359
G1 F1500 X84.284 Y96.169 E161.4631
G0 F5400 X84.67 Y95.783
G1 F1500 X90.284 Y90.169 E161.59513
G0 F5400 X89.718 Y90.169
G1 F1500 X84.67 Y95.217 E161.71385
G0 F5400 X84.67 Y94.651
G1 F1500 X89.152 Y90.169 E161.81926
G0 F5400 X88.587 Y90.169
G1 F1500 X84.67 Y94.086 E161.91139
G0 F5400 X84.67 Y93.52
G1 F1500 X88.021 Y90.169 E161.9902
G0 F5400 X87.455 Y90.169
G1 F1500 X84.67 Y92.954 E162.0557
G0 F5400 X84.67 Y92.389
G1 F1500 X86.889 Y90.169 E162.10789
G0 F5400 X86.324 Y90.169
G1 F1500 X84.67 Y91.823 E162.14679
G0 F5400 X84.67 Y91.257
G1 F1500 X85.758 Y90.169 E162.17238
G0 F5400 X85.192 Y90.169
G1 F1500 X84.67 Y90.692 E162.18467
G0 F5400 X84.128 Y95.628
G0 X83.718 Y96.169
G1 F1500 X80.946 Y98.941 E162.24986
G0 F5400 X80.746 Y98.575
G1 F1500 X83.152 Y96.169 E162.30645
G0 F5400 X82.587 Y96.169
G1 F1500 X80.509 Y98.247 E162.35532
G0 F5400 X80.226 Y97.964
G1 F1500 X82.021 Y96.169 E162.39754
G0 F5400 X81.455 Y96.169
G1 F1500 X79.891 Y97.734 E162.43433
G0 F5400 X79.519 Y97.539
G1 F1500 X80.89 Y96.169 E162.46656
G0 F5400 X80.324 Y96.169
G1 F1500 X79.1 Y97.393 E162.49535
G0 F5400 X78.581 Y97.346
G1 F1500 X79.758 Y96.169 E162.52303
G0 F5400 X79.193 Y96.169
G1 F1500 X77.961 Y97.401 E162.55201
G1 X77.891 Y97.471
G0 F5400 X76.953 Y97.843
G1 F1500 X78.627 Y96.169 E162.59138
G0 F5400 X78.009 Y96.221
G1 F1500 X74.724 Y99.506 E162.66863
G0 F5400 X74.687 Y100.109
G1 F1500 X76.32 Y98.476 E162.70704
G1 X76.39 Y98.406
G0 F5400 X75.901 Y99.46
G1 F1500 X74.736 Y100.625 E162.73444
G0 F5400 X74.848 Y101.079
G1 F1500 X75.847 Y100.081 E162.75792
G0 F5400 X75.906 Y100.587
G1 F1500 X74.987 Y101.506 E162.77953
G0 F5400 X75.185 Y101.874
G1 F1500 X76.035 Y101.023 E162.79954
G0 F5400 X76.238 Y101.387
G1 F1500 X75.402 Y102.222 E162.81919
G0 F5400 X75.656 Y102.534
G1 F1500 X76.472 Y101.718 E162.83838
G0 F5400 X76.75 Y102.006
G1 F1500 X75.936 Y102.82 E162.85752
G0 F5400 X76.248 Y103.074
G1 F1500 X77.082 Y102.239 E162.87715
G0 F5400 X77.445 Y102.442
G1 F1500 X76.59 Y103.296 E162.89724
G0 F5400 X76.958 Y103.494
G1 F1500 X77.855 Y102.598 E162.91833
G0 F5400 X78.359 Y102.659
G1 F1500 X77.38 Y103.639 E162.94137
G0 F5400 X77.826 Y103.758
G1 F1500 X78.963 Y102.621 E162.96811
G1 X79.033 Y102.551
G0 F5400 X79.875 Y102.275
G1 F1500 X78.341 Y103.808 E163.00417
G1 X78.271 Y103.878
G0 F5400 X74.892 Y98.772
G1 F1500 X77.274 Y96.391 E163.06018
G1 X77.344 Y96.321
G0 F5400 X75.849 Y97.249
G1 F1500 X75.751 Y97.348 E163.0625
G0 F5400 X78.966 Y97.907
G0 X110.221 Y109.829
G1 F1500 X115.329 Y104.722 E163.18262
G0 F5400 X115.329 Y105.288
G1 F1500 X110.787 Y109.829 E163.28943
G0 F5400 X111.353 Y109.829
G1 F1500 X115.329 Y105.853 E163.38294
G0 F5400 X115.329 Y106.419
G1 F1500 X111.918 Y109.829 E163.46315
G0 F5400 X112.484 Y109.829
G1 F1500 X115.329 Y106.985 E163.53004
G0 F5400 X115.329 Y107.55
G1 F1500 X113.05 Y109.829 E163.58364
G0 F5400 X113.615 Y109.829
G1 F1500 X115.329 Y108.116 E163.62394
G0 F5400 X115.329 Y108.682
G1 F1500 X114.181 Y109.829 E163.65093
G0 F5400 X114.747 Y109.829
G1 F1500 X115.329 Y109.247 E163.66462
G1 X115.399 Y109.177
;MESH:NONMESH
G0 F600 X115.399 Y109.177 Z0.5
G0 F5400 X78.963 Y97.847
G0 X78.956 Y97.945
;TIME_ELAPSED:206.004768
;LAYER:2
;TYPE:WALL-INNER
;MESH:drax_photo_base.stl
G1 F3000 X78.386 Y97.907 E163.67412
G1 X77.889 Y97.995 E163.68251
G1 X77.427 Y98.199 E163.69091
G1 X77.026 Y98.508 E163.69933
G1 X76.712 Y98.905 E163.70775
G1 X76.502 Y99.364 E163.71614
G1 X76.408 Y99.859 E163.72452
G1 X76.435 Y100.365 E163.73295
G1 X76.583 Y100.85 E163.74138
G1 X76.842 Y101.283 E163.74977
G1 X77.196 Y101.643 E163.75817
G1 X77.614 Y101.898 E163.76631
G1 X77.996 Y102.043 E163.7731
G1 X78.498 Y102.104 E163.78151
G1 X78.969 Y102.05 E163.7894
G1 X79.413 Y101.895 E163.79722
G1 X79.811 Y101.645 E163.80503
G1 X80.145 Y101.311 E163.81289
G1 X80.395 Y100.913 E163.82071
G1 X80.55 Y100.469 E163.82853
G1 X80.604 Y100 E163.83638
G1 X80.55 Y99.531 E163.84423
G1 X80.395 Y99.087 E163.85205
G1 X80.145 Y98.689 E163.85987
G1 X79.811 Y98.355 E163.86772
G1 X79.413 Y98.106 E163.87553
G1 X78.956 Y97.945 E163.88359
G0 F7200 X78.976 Y97.848
G0 X115.83 Y104.33
G0 X115.9 Y104.4
G1 F3000 X115.9 Y110.4 E163.98337
G1 X84.1 Y110.4 E164.5122
G1 X84.1 Y104.4 E164.61198
G1 X78.529 Y104.4 E164.70463
G1 X77.642 Y104.313 E164.71945
G1 X76.818 Y104.063 E164.73377
G1 X76.059 Y103.657 E164.74809
G1 X75.39 Y103.11 E164.76246
G1 X74.843 Y102.441 E164.77683
G1 X74.437 Y101.682 E164.79114
G1 X74.187 Y100.858 E164.80546
G1 X74.103 Y100 E164.8198
G1 X74.187 Y99.142 E164.83414
G1 X74.437 Y98.318 E164.84846
G1 X74.843 Y97.559 E164.86277
G1 X75.39 Y96.89 E164.87714
G1 X76.059 Y96.343 E164.89151
G1 X76.818 Y95.937 E164.90583
G1 X77.642 Y95.687 E164.92015
G1 X78.529 Y95.6 E164.93497
G1 X84.1 Y95.6 E165.02761
G1 X84.1 Y89.6 E165.12739
G1 X115.9 Y89.6 E165.65623
G1 X115.9 Y95.6 E165.75601
G1 X121.471 Y95.6 E165.84866
G1 X122.358 Y95.687 E165.86348
G1 X123.182 Y95.937 E165.8778
G1 X123.941 Y96.343 E165.89211
G1 X124.61 Y96.89 E165.90648
G1 X125.157 Y97.559 E165.92086
G1 X125.563 Y98.318 E165.93517
G1 X125.813 Y99.142 E165.94949
G1 X125.897 Y100 E165.96383
G1 X125.813 Y100.858 E165.97816
G1 X125.563 Y101.682 E165.99248
G1 X125.157 Y102.441 E166.0068
G1 X124.61 Y103.11 E166.02117
G1 X123.941 Y103.657 E166.03554
G1 X123.182 Y104.063 E166.04985
G1 X122.358 Y104.313 E166.06417
G1 X121.471 Y104.4 E166.079
G1 X115.9 Y104.4 E166.17164
G0 F7200 X115.83 Y104.33
G0 X119.765 Y98.754
G0 X120.477 Y98.123
G0 X121.977 Y97.848
G0 X121.957 Y97.945
G1 F3000 X121.398 Y97.906 E166.18096
G1 X120.932 Y97.981 E166.18881
G1 X120.496 Y98.158 E166.19664
G1 X120.111 Y98.429 E166.20447
G1 X119.797 Y98.777 E166.21226
G1 X119.568 Y99.185 E166.22004
G1 X119.438 Y99.621 E166.22761
G1 X119.397 Y100.001 E166.23396
G1 X119.45 Y100.469 E166.2418
G1 X119.605 Y100.913 E166.24962
G1 X119.855 Y101.311 E166.25743
G1 X120.189 Y101.645 E166.26529
G1 X120.587 Y101.895 E166.2731
G1 X121.031 Y102.05 E166.28093
G1 X121.5 Y102.104 E166.28878
G1 X121.969 Y102.05 E166.29663
G1 X122.413 Y101.895 E166.30445
G1 X122.811 Y101.645 E166.31226
G1 X123.145 Y101.311 E166.32012
G1 X123.395 Y100.913 E166.32794
G1 X123.55 Y100.469 E166.33576
G1 X123.604 Y100 E166.34361
G1 X123.55 Y99.531 E166.35146
G1 X123.395 Y99.087 E166.35928
G1 X123.145 Y98.689 E166.3671
G1 X122.811 Y98.355 E166.37495
G1 X122.413 Y98.106 E166.38276
G1 X121.957 Y97.945 E166.3908
G0 F7200 X121.875 Y98.34
;TYPE:WALL-OUTER
G1 F1500 X121.416 Y98.308 E166.39845
G1 X121.041 Y98.369 E166.40477
G1 X120.689 Y98.512 E166.41109
G1 X120.378 Y98.73 E166.4174
G1 X120.124 Y99.012 E166.42372
G1 X119.939 Y99.342 E166.43001
G1 X119.832 Y99.701 E166.43624
G1 X119.799 Y100 E166.44124
G1 X119.842 Y100.379 E166.44758
G1 X119.968 Y100.738 E166.45391
G1 X120.17 Y101.06 E166.46023
G1 X120.44 Y101.33 E166.46658
G1 X120.762 Y101.532 E166.4729
G1 X121.121 Y101.658 E166.47923
G1 X121.5 Y101.701 E166.48557
G1 X121.879 Y101.658 E166.49192
G1 X122.238 Y101.532 E166.49824
G1 X122.56 Y101.33 E166.50457
G1 X122.83 Y101.06 E166.51092
G1 X123.032 Y100.738 E166.51724
G1 X123.158 Y100.379 E166.52356
G1 X123.201 Y100 E166.52991
G1 X123.158 Y99.621 E166.53625
G1 X123.032 Y99.262 E166.54258
G1 X122.83 Y98.94 E166.5489
G1 X122.56 Y98.67 E166.55525
G1 X122.238 Y98.468 E166.56157
G1 X121.875 Y98.34 E166.56797
G0 F7200 X121.676 Y98.327
G0 X121.71 Y97.829
G0 X120.477 Y98.123
G0 X119.765 Y98.754
G0 X115.872 Y104.372
G0 X116.3 Y104.8
G1 F1500 X116.3 Y110.8 E166.66775
G1 X83.7 Y110.8 E167.20989
G1 X83.7 Y104.8 E167.30967
G1 X78.51 Y104.8 E167.39598
G1 X77.562 Y104.707 E167.41182
G1 X76.663 Y104.434 E167.42745
G1 X75.837 Y103.992 E167.44303
G1 X75.106 Y103.394 E167.45873
G1 X74.508 Y102.663 E167.47444
G1 X74.066 Y101.837 E167.49002
G1 X73.793 Y100.938 E167.50564
G1 X73.701 Y100 E167.52132
G1 X73.793 Y99.062 E167.53699
G1 X74.066 Y98.163 E167.55262
G1 X74.508 Y97.337 E167.5682
G1 X75.106 Y96.606 E167.5839
G1 X75.837 Y96.008 E167.59961
G1 X76.663 Y95.566 E167.61519
G1 X77.562 Y95.293 E167.63081
G1 X78.51 Y95.2 E167.64665
G1 X83.7 Y95.2 E167.73296
G1 X83.7 Y89.2 E167.83274
G1 X116.3 Y89.2 E168.37488
G1 X116.3 Y95.2 E168.47466
G1 X121.49 Y95.2 E168.56097
G1 X122.438 Y95.293 E168.57681
G1 X123.337 Y95.566 E168.59244
G1 X124.163 Y96.008 E168.60802
G1 X124.894 Y96.606 E168.62372
G1 X125.492 Y97.337 E168.63943
G1 X125.934 Y98.163 E168.65501
G1 X126.207 Y99.062 E168.67063
G1 X126.299 Y100 E168.68631
G1 X126.207 Y100.938 E168.70198
G1 X125.934 Y101.837 E168.71761
G1 X125.492 Y102.663 E168.73319
G1 X124.894 Y103.394 E168.74889
G1 X124.163 Y103.992 E168.7646
G1 X123.337 Y104.434 E168.78018
G1 X122.438 Y104.707 E168.7958
G1 X121.49 Y104.8 E168.81164
G1 X116.3 Y104.8 E168.89795
G0 F7200 X116.3 Y105
G0 X115.8 Y105
G0 X79.041 Y97.87
G0 X78.875 Y98.34
G1 F1500 X78.408 Y98.309 E168.90574
G1 X78.006 Y98.38 E168.91253
G1 X77.633 Y98.545 E168.91931
G1 X77.309 Y98.795 E168.92611
G1 X77.056 Y99.115 E168.9329
G1 X76.886 Y99.486 E168.93968
G1 X76.81 Y99.886 E168.94646
G1 X76.832 Y100.295 E168.95327
G1 X76.951 Y100.686 E168.96006
G1 X77.161 Y101.036 E168.96685
G1 X77.447 Y101.327 E168.97364
G1 X77.791 Y101.537 E168.98034
G1 X78.093 Y101.652 E168.98571
G1 X78.499 Y101.701 E168.99251
G1 X78.879 Y101.658 E168.99887
G1 X79.238 Y101.532 E169.0052
G1 X79.56 Y101.33 E169.01152
G1 X79.83 Y101.06 E169.01787
G1 X80.032 Y100.738 E169.02419
G1 X80.158 Y100.379 E169.03052
G1 X80.201 Y100 E169.03687
G1 X80.158 Y99.621 E169.04321
G1 X80.032 Y99.262 E169.04954
G1 X79.83 Y98.94 E169.05586
G1 X79.56 Y98.67 E169.06221
G1 X79.238 Y98.468 E169.06853
G1 X78.875 Y98.34 E169.07493
G0 F7200 X78.676 Y98.327
G0 X79.036 Y97.559
;TYPE:SKIN
G1 F1500 X78.365 Y97.515 E169.08611
G1 X77.774 Y97.619 E169.09609
G1 X77.226 Y97.862 E169.10606
G1 X76.749 Y98.229 E169.11607
G1 X76.377 Y98.7 E169.12605
G1 X76.128 Y99.245 E169.13601
G1 X76.016 Y99.832 E169.14595
G1 X76.049 Y100.433 E169.15596
G1 X76.224 Y101.01 E169.16599
G1 X76.532 Y101.523 E169.17594
G1 X76.952 Y101.951 E169.18591
G1 X77.442 Y102.249 E169.19545
G1 X77.902 Y102.425 E169.20364
G1 X78.496 Y102.496 E169.21359
G1 X79.057 Y102.432 E169.22298
G1 X79.583 Y102.248 E169.23225
G1 X80.055 Y101.951 E169.24152
G1 X80.451 Y101.555 E169.25083
G1 X80.748 Y101.083 E169.26011
G1 X80.932 Y100.557 E169.26937
G1 X80.996 Y100 E169.2787
G1 X80.932 Y99.443 E169.28802
G1 X80.748 Y98.917 E169.29729
G1 X80.451 Y98.445 E169.30656
G1 X80.055 Y98.048 E169.31589
G1 X79.583 Y97.753 E169.32515
G1 X79.036 Y97.559 E169.3348
G0 F7200 X78.547 Y95.99
G1 F1500 X84.49 Y95.99 E169.43363
G1 X84.49 Y89.99 E169.53341
G1 X115.51 Y89.99 E170.04927
G1 X115.51 Y95.99 E170.14906
G1 X121.453 Y95.99 E170.24789
G1 X122.282 Y96.071 E170.26174
G1 X123.035 Y96.299 E170.27482
G1 X123.72 Y96.666 E170.28775
G1 X124.333 Y97.167 E170.30091
G1 X124.834 Y97.78 E170.31408
G1 X125.201 Y98.465 E170.327
G1 X125.429 Y99.218 E170.34009
G1 X125.505 Y100 E170.35315
G1 X125.429 Y100.782 E170.36622
G1 X125.201 Y101.535 E170.3793
G1 X124.834 Y102.22 E170.39223
G1 X124.333 Y102.833 E170.40539
G1 X123.72 Y103.334 E170.41856
G1 X123.035 Y103.701 E170.43148
G1 X122.282 Y103.929 E170.44456
G1 X121.453 Y104.01 E170.45842
G1 X115.51 Y104.01 E170.55725
G1 X115.51 Y110.01 E170.65703
G1 X84.49 Y110.01 E171.17289
G1 X84.49 Y104.01 E171.27267
G1 X78.547 Y104.01 E171.37151
G1 X77.718 Y103.929 E171.38536
G1 X76.965 Y103.701 E171.39844
G1 X76.28 Y103.334 E171.41137
G1 X75.667 Y102.833 E171.42453
G1 X75.166 Y102.22 E171.4377
G1 X74.799 Y101.535 E171.45062
G1 X74.571 Y100.782 E171.46371
G1 X74.495 Y100 E171.47677
G1 X74.571 Y99.218 E171.48984
G1 X74.799 Y98.465 E171.50292
G1 X75.166 Y97.78 E171.51585
G1 X75.667 Y97.167 E171.52901
G1 X76.28 Y96.666 E171.54218
G1 X76.965 Y96.299 E171.5551
G1 X77.718 Y96.071 E171.56818
G1 X78.547 Y95.99 E171.58204
G0 F7200 X119.005 Y100.003
G1 F1500 X119.068 Y100.557 E171.59131
G1 X119.252 Y101.083 E171.60058
G1 X119.549 Y101.555 E171.60985
G1 X119.945 Y101.951 E171.61916
G1 X120.417 Y102.248 E171.62844
G1 X120.943 Y102.432 E171.6377
G1 X121.5 Y102.496 E171.64703
G1 X122.057 Y102.432 E171.65635
G1 X122.583 Y102.248 E171.66562
G1 X123.055 Y101.951 E171.67489
G1 X123.451 Y101.555 E171.68421
G1 X123.748 Y101.083 E171.69348
G1 X123.932 Y100.557 E171.70275
G1 X123.996 Y100 E171.71207
G1 X123.932 Y99.443 E171.7214
G1 X123.748 Y98.917 E171.73066
G1 X123.451 Y98.445 E171.73994
G1 X123.055 Y98.048 E171.74926
G1 X122.583 Y97.753 E171.75852
G1 X122.037 Y97.559 E171.76815
G1 X121.38 Y97.514 E171.77911
G1 X120.827 Y97.603 E171.78842
G1 X120.308 Y97.813 E171.79773
G1 X119.851 Y98.135 E171.80703
G1 X119.479 Y98.549 E171.81628
G1 X119.207 Y99.032 E171.8255
G1 X119.054 Y99.543 E171.83437
G1 X119.005 Y100.003 E171.84207
G0 F7200 X119.765 Y98.754
G0 X120.477 Y98.123
G0 X121.397 Y97.867
G0 X124.933 Y98.346
G1 F1500 X123.153 Y96.566 E171.88393
G1 X123.083 Y96.496
G0 F7200 X122.279 Y96.258
G1 F1500 X125.242 Y99.22 E171.9536
G0 F7200 X125.309 Y99.853
G1 F1500 X121.645 Y96.189 E172.03977
G0 F7200 X121.06 Y96.17
G1 F1500 X122.38 Y97.49 E172.07082
G0 F7200 X121.678 Y97.353
G1 F1500 X120.494 Y96.17 E172.09865
G0 F7200 X119.928 Y96.17
G1 F1500 X121.13 Y97.371 E172.12691
G0 F7200 X120.666 Y97.473
G1 F1500 X119.363 Y96.17 E172.15756
G0 F7200 X118.797 Y96.17
G1 F1500 X120.264 Y97.636 E172.19205
G0 F7200 X119.923 Y97.862
G1 F1500 X118.231 Y96.17 E172.23184
G0 F7200 X117.666 Y96.17
G1 F1500 X119.619 Y98.123 E172.27777
G0 F7200 X119.351 Y98.421
G1 F1500 X117.1 Y96.17 E172.33071
G0 F7200 X116.534 Y96.17
G1 F1500 X119.143 Y98.778 E172.39206
G0 F7200 X118.975 Y99.176
G1 F1500 X115.969 Y96.17 E172.46275
G0 F7200 X115.403 Y96.17
G1 F1500 X118.863 Y99.63 E172.54413
G0 F7200 X118.843 Y100.175
G1 F1500 X108.837 Y90.17 E172.77944
G0 F7200 X108.272 Y90.17
G1 F1500 X118.995 Y100.893 E173.03163
G1 X119.065 Y100.963
G0 F7200 X120.606 Y102.505
G1 F1500 X121.888 Y103.787 E173.06178
G0 F7200 X122.379 Y103.712
G1 F1500 X121.325 Y102.657 E173.08658
G0 F7200 X121.868 Y102.635
G1 F1500 X122.813 Y103.58 E173.10881
G0 F7200 X123.205 Y103.406
G1 F1500 X122.326 Y102.527 E173.12948
G0 F7200 X122.731 Y102.366
G1 F1500 X123.573 Y103.208 E173.14928
G0 F7200 X123.89 Y102.96
G1 F1500 X123.079 Y102.148 E173.16837
G0 F7200 X123.378 Y101.882
G1 F1500 X124.201 Y102.705 E173.18772
G0 F7200 X124.457 Y102.396
G1 F1500 X123.644 Y101.582 E173.20686
G0 F7200 X123.862 Y101.235
G1 F1500 X124.706 Y102.078 E173.22669
G0 F7200 X124.904 Y101.71
G1 F1500 X124.024 Y100.831 E173.24738
G0 F7200 X124.132 Y100.373
G1 F1500 X125.079 Y101.32 E173.26965
G0 F7200 X125.21 Y100.885
G1 F1500 X124.157 Y99.832 E173.29441
G0 F7200 X124.007 Y99.117
G1 F1500 X125.285 Y100.395 E173.32447
G1 X125.355 Y100.465
G0 F7200 X121.366 Y103.83
G1 F1500 X107.706 Y90.17 E173.64573
G0 F7200 X107.14 Y90.17
G1 F1500 X120.8 Y103.83 E173.967
G0 F7200 X120.235 Y103.83
G1 F1500 X106.575 Y90.17 E174.28826
G0 F7200 X106.009 Y90.17
G1 F1500 X119.669 Y103.83 E174.60952
G0 F7200 X119.103 Y103.83
G1 F1500 X105.443 Y90.17 E174.93078
G0 F7200 X104.878 Y90.17
G1 F1500 X118.537 Y103.83 E175.25203
G0 F7200 X117.972 Y103.83
G1 F1500 X104.312 Y90.17 E175.5733
G0 F7200 X103.746 Y90.17
G1 F1500 X117.406 Y103.83 E175.89456
G0 F7200 X116.84 Y103.83
G1 F1500 X103.181 Y90.17 E176.21581
G0 F7200 X102.615 Y90.17
G1 F1500 X116.275 Y103.83 E176.53707
G0 F7200 X115.709 Y103.83
G1 F1500 X102.049 Y90.17 E176.85833
G0 F7200 X101.483 Y90.17
G1 F1500 X115.329 Y104.016 E177.18397
G0 F7200 X115.329 Y104.581
G1 F1500 X100.918 Y90.17 E177.52289
G0 F7200 X100.352 Y90.17
G1 F1500 X115.329 Y105.147 E177.87513
G0 F7200 X115.329 Y105.713
G1 F1500 X99.786 Y90.17 E178.24068
G0 F7200 X99.221 Y90.17
G1 F1500 X115.329 Y106.278 E178.61951
G0 F7200 X115.329 Y106.844
G1 F1500 X98.655 Y90.17 E179.01166
G0 F7200 X98.089 Y90.17
G1 F1500 X115.329 Y107.41 E179.41712
G0 F7200 X115.329 Y107.975
G1 F1500 X97.524 Y90.17 E179.83586
G0 F7200 X96.958 Y90.17
G1 F1500 X115.329 Y108.541 E180.26792
G0 F7200 X115.329 Y109.107
G1 F1500 X96.392 Y90.17 E180.71329
G0 F7200 X95.827 Y90.17
G1 F1500 X115.329 Y109.672 E181.17195
G0 F7200 X114.92 Y109.829
G1 F1500 X95.261 Y90.17 E181.6343
G0 F7200 X94.695 Y90.17
G1 F1500 X114.354 Y109.829 E182.09665
G0 F7200 X113.789 Y109.829
G1 F1500 X94.13 Y90.17 E182.559
G0 F7200 X93.564 Y90.17
G1 F1500 X113.223 Y109.829 E183.02135
G0 F7200 X112.657 Y109.829
G1 F1500 X92.998 Y90.17 E183.4837
G0 F7200 X92.432 Y90.17
G1 F1500 X112.091 Y109.829 E183.94605
G0 F7200 X111.526 Y109.829
G1 F1500 X91.867 Y90.17 E184.4084
G0 F7200 X91.301 Y90.17
G1 F1500 X110.96 Y109.829 E184.87074
G0 F7200 X110.394 Y109.829
G1 F1500 X90.735 Y90.17 E185.33309
G0 F7200 X90.17 Y90.17
G1 F1500 X109.829 Y109.829 E185.79544
G0 F7200 X109.263 Y109.829
G1 F1500 X89.604 Y90.17 E186.25779
G0 F7200 X89.038 Y90.17
G1 F1500 X108.697 Y109.829 E186.72014
G0 F7200 X108.132 Y109.829
G1 F1500 X88.473 Y90.17 E187.18249
G0 F7200 X87.907 Y90.17
G1 F1500 X107.566 Y109.829 E187.64484
G0 F7200 X107 Y109.829
G1 F1500 X87.341 Y90.17 E188.10719
G0 F7200 X86.776 Y90.17
G1 F1500 X106.435 Y109.829 E188.56954
G0 F7200 X105.869 Y109.829
G1 F1500 X86.21 Y90.17 E189.03189
G0 F7200 X85.644 Y90.17
G1 F1500 X105.303 Y109.829 E189.49424
G0 F7200 X104.738 Y109.829
G1 F1500 X85.079 Y90.17 E189.95659
G0 F7200 X84.669 Y90.326
G1 F1500 X104.172 Y109.829 E190.41527
G0 F7200 X103.606 Y109.829
G1 F1500 X84.669 Y90.892 E190.86064
G0 F7200 X84.669 Y91.457
G1 F1500 X103.041 Y109.829 E191.29272
G0 F7200 X102.475 Y109.829
G1 F1500 X84.669 Y92.023 E191.71149
G0 F7200 X84.669 Y92.589
G1 F1500 X101.909 Y109.829 E192.11695
G0 F7200 X101.343 Y109.829
G1 F1500 X84.669 Y93.154 E192.50911
G0 F7200 X84.669 Y93.72
G1 F1500 X100.778 Y109.829 E192.88797
G0 F7200 X100.212 Y109.829
G1 F1500 X84.669 Y94.286 E193.25351
G0 F7200 X84.669 Y94.852
G1 F1500 X99.646 Y109.829 E193.60575
G0 F7200 X99.081 Y109.829
G1 F1500 X84.669 Y95.417 E193.9447
G0 F7200 X84.669 Y95.983
G1 F1500 X98.515 Y109.829 E194.27034
G0 F7200 X97.949 Y109.829
G1 F1500 X84.289 Y96.169 E194.5916
G0 F7200 X83.724 Y96.169
G1 F1500 X97.384 Y109.829 E194.91286
G0 F7200 X96.818 Y109.829
G1 F1500 X83.158 Y96.169 E195.23412
G0 F7200 X82.592 Y96.169
G1 F1500 X96.252 Y109.829 E195.55538
G0 F7200 X95.687 Y109.829
G1 F1500 X82.027 Y96.169 E195.87665
G0 F7200 X81.461 Y96.169
G1 F1500 X95.121 Y109.829 E196.19791
G0 F7200 X94.555 Y109.829
G1 F1500 X80.895 Y96.169 E196.51917
G0 F7200 X80.33 Y96.169
G1 F1500 X93.99 Y109.829 E196.84043
G0 F7200 X93.424 Y109.829
G1 F1500 X79.764 Y96.169 E197.1617
G0 F7200 X79.198 Y96.169
G1 F1500 X92.858 Y109.829 E197.48296
G0 F7200 X92.292 Y109.829
G1 F1500 X78.633 Y96.169 E197.80421
G0 F7200 X78.11 Y96.212
G1 F1500 X79.391 Y97.493 E197.83434
G0 F7200 X78.687 Y97.355
G1 F1500 X77.619 Y96.287 E197.85945
G0 F7200 X77.185 Y96.418
G1 F1500 X78.137 Y97.37 E197.88184
G0 F7200 X77.667 Y97.466
G1 F1500 X76.793 Y96.592 E197.9024
G0 F7200 X76.426 Y96.79
G1 F1500 X77.276 Y97.641 E197.9224
G0 F7200 X76.93 Y97.86
G1 F1500 X76.108 Y97.039 E197.94172
G0 F7200 X75.797 Y97.293
G1 F1500 X76.613 Y98.109 E197.96091
G0 F7200 X76.363 Y98.425
G1 F1500 X75.541 Y97.603 E197.98024
G0 F7200 X75.293 Y97.92
G1 F1500 X76.145 Y98.772 E198.00028
G0 F7200 X75.968 Y99.161
G1 F1500 X75.095 Y98.288 E198.02081
G0 F7200 X74.92 Y98.678
G1 F1500 X75.871 Y99.63 E198.04319
G0 F7200 X75.854 Y100.179
G1 F1500 X74.789 Y99.113 E198.06825
G0 F7200 X74.713 Y99.603
G1 F1500 X75.999 Y100.889 E198.09849
G1 X76.069 Y100.959
G0 F7200 X75.065 Y101.652
G1 F1500 X76.846 Y103.433 E198.14038
G1 X76.916 Y103.503
G0 F7200 X77.719 Y103.741
G1 F1500 X74.757 Y100.778 E198.21005
G0 F7200 X74.69 Y100.146
G1 F1500 X78.353 Y103.809 E198.2962
G0 F7200 X78.939 Y103.829
G1 F1500 X77.618 Y102.508 E198.32727
G0 F7200 X78.332 Y102.657
G1 F1500 X79.504 Y103.829 E198.35483
G0 F7200 X80.07 Y103.829
G1 F1500 X78.874 Y102.633 E198.38296
G0 F7200 X79.332 Y102.525
G1 F1500 X80.636 Y103.829 E198.41363
G0 F7200 X81.202 Y103.829
G1 F1500 X79.736 Y102.363 E198.44811
G0 F7200 X80.083 Y102.145
G1 F1500 X81.767 Y103.829 E198.48771
G0 F7200 X82.333 Y103.829
G1 F1500 X80.381 Y101.877 E198.53362
G0 F7200 X80.647 Y101.578
G1 F1500 X82.899 Y103.829 E198.58657
G0 F7200 X83.464 Y103.829
G1 F1500 X80.866 Y101.23 E198.64769
G0 F7200 X81.027 Y100.826
G1 F1500 X84.03 Y103.829 E198.71831
G0 F7200 X84.596 Y103.829
G1 F1500 X81.134 Y100.368 E198.79972
G0 F7200 X81.156 Y99.824
G1 F1500 X91.161 Y109.829 E199.03502
G0 F7200 X91.727 Y109.829
G1 F1500 X81.004 Y99.105 E199.28722
G1 X80.934 Y99.035
G0 F7200 X84.669 Y103.902
G1 F1500 X90.595 Y109.829 E199.42661
G0 F7200 X90.03 Y109.829
G1 F1500 X84.669 Y104.468 E199.55269
G0 F7200 X84.669 Y105.034
G1 F1500 X89.464 Y109.829 E199.66546
G0 F7200 X88.898 Y109.829
G1 F1500 X84.669 Y105.6 E199.76492
G0 F7200 X84.669 Y106.165
G1 F1500 X88.333 Y109.829 E199.85109
G0 F7200 X87.767 Y109.829
G1 F1500 X84.669 Y106.731 E199.92395
G0 F7200 X84.669 Y107.297
G1 F1500 X87.201 Y109.829 E199.9835
G0 F7200 X86.636 Y109.829
G1 F1500 X84.669 Y107.862 E200.02976
G0 F7200 X84.669 Y108.428
G1 F1500 X86.07 Y109.829 E200.06271
G0 F7200 X85.504 Y109.829
G1 F1500 X84.669 Y108.994 E200.08235
G0 F7200 X84.669 Y109.559
G1 F1500 X84.939 Y109.829 E200.0887
G0 F7200 X109.403 Y90.17
G1 F1500 X115.329 Y96.096 E200.22807
G0 F7200 X115.329 Y95.53
G1 F1500 X109.969 Y90.17 E200.35413
G0 F7200 X110.534 Y90.17
G1 F1500 X115.329 Y94.965 E200.4669
G0 F7200 X115.329 Y94.399
G1 F1500 X111.1 Y90.17 E200.56636
G0 F7200 X111.666 Y90.17
G1 F1500 X115.329 Y93.833 E200.65251
G0 F7200 X115.329 Y93.268
G1 F1500 X112.231 Y90.17 E200.72537
G0 F7200 X112.797 Y90.17
G1 F1500 X115.329 Y92.702 E200.78492
G0 F7200 X115.329 Y92.136
G1 F1500 X113.363 Y90.17 E200.83115
G0 F7200 X113.929 Y90.17
G1 F1500 X115.329 Y91.571 E200.86409
G0 F7200 X115.329 Y91.005
G1 F1500 X114.494 Y90.17 E200.88373
G0 F7200 X115.06 Y90.17
G1 F1500 X115.329 Y90.439 E200.89005
;MESH:NONMESH
G0 F600 X115.329 Y90.439 Z0.6
G0 F7200 X78.96 Y97.846
G0 X78.954 Y97.944
;TIME_ELAPSED:297.646118
;LAYER:3
;TYPE:WALL-INNER
;MESH:drax_photo_base.stl
G1 F3000 X78.362 Y97.909 E200.89992
G1 X77.865 Y98.003 E200.90833
G1 X77.405 Y98.212 E200.91673
G1 X77.009 Y98.528 E200.92516
G1 X76.701 Y98.926 E200.93353
G1 X76.495 Y99.388 E200.94194
G1 X76.408 Y99.887 E200.95036
G1 X76.441 Y100.39 E200.95874
G1 X76.593 Y100.872 E200.96715
G1 X76.859 Y101.303 E200.97557
G1 X77.217 Y101.657 E200.98394
G1 X77.634 Y101.905 E200.99201
G1 X77.997 Y102.043 E200.99847
G1 X78.498 Y102.104 E201.00686
G1 X78.969 Y102.05 E201.01475
G1 X79.413 Y101.895 E201.02257
G1 X79.811 Y101.645 E201.03039
G1 X80.145 Y101.311 E201.03824
G1 X80.395 Y100.913 E201.04606
G1 X80.55 Y100.469 E201.05388
G1 X80.604 Y100 E201.06173
G1 X80.55 Y99.531 E201.06958
G1 X80.395 Y99.087 E201.0774
G1 X80.145 Y98.689 E201.08522
G1 X79.811 Y98.355 E201.09307
G1 X79.413 Y98.105 E201.10089
G1 X78.954 Y97.944 E201.10898
G0 F7200 X78.973 Y97.846
G0 X115.83 Y104.33
G0 X115.9 Y104.4
G1 F3000 X115.9 Y110.4 E201.20876
G1 X84.1 Y110.4 E201.73759
G1 X84.1 Y104.4 E201.83737
G1 X78.529 Y104.4 E201.93002
G1 X77.642 Y104.313 E201.94484
G1 X76.818 Y104.063 E201.95916
G1 X76.059 Y103.657 E201.97348
G1 X75.39 Y103.11 E201.98785
G1 X74.843 Y102.441 E202.00222
G1 X74.437 Y101.682 E202.01653
G1 X74.187 Y100.858 E202.03085
G1 X74.103 Y100 E202.04519
G1 X74.187 Y99.142 E202.05953
G1 X74.437 Y98.318 E202.07385
G1 X74.843 Y97.559 E202.08816
G1 X75.39 Y96.89 E202.10253
G1 X76.059 Y96.343 E202.1169
G1 X76.818 Y95.937 E202.13122
G1 X77.642 Y95.687 E202.14554
G1 X78.529 Y95.6 E202.16036
G1 X84.1 Y95.6 E202.25301
G1 X84.1 Y89.6 E202.35279
G1 X115.9 Y89.6 E202.88162
G1 X115.9 Y95.6 E202.9814
G1 X121.471 Y95.6 E203.07405
G1 X122.358 Y95.687 E203.08887
G1 X123.182 Y95.937 E203.10319
G1 X123.941 Y96.343 E203.1175
G1 X124.61 Y96.89 E203.13188
G1 X125.157 Y97.559 E203.14625
G1 X125.563 Y98.318 E203.16056
G1 X125.813 Y99.142 E203.17488
G1 X125.897 Y100 E203.18922
G1 X125.813 Y100.858 E203.20355
G1 X125.563 Y101.682 E203.21787
G1 X125.157 Y102.441 E203.23219
G1 X124.61 Y103.11 E203.24656
G1 X123.941 Y103.657 E203.26093
G1 X123.182 Y104.063 E203.27525
G1 X122.358 Y104.313 E203.28957
G1 X121.471 Y104.4 E203.30439
G1 X115.9 Y104.4 E203.39703
G0 F7200 X115.83 Y104.33
G0 X119.751 Y98.774
G0 X120.458 Y98.137
G0 X121.974 Y97.847
G0 X121.955 Y97.944
G1 F3000 X121.374 Y97.907 E203.40672
G1 X120.908 Y97.99 E203.41459
G1 X120.477 Y98.171 E203.42236
G1 X120.095 Y98.444 E203.43017
G1 X119.783 Y98.796 E203.43799
G1 X119.559 Y99.208 E203.44579
G1 X119.437 Y99.642 E203.45329
G1 X119.396 Y100 E203.45928
G1 X119.45 Y100.469 E203.46713
G1 X119.605 Y100.913 E203.47495
G1 X119.855 Y101.311 E203.48277
G1 X120.189 Y101.645 E203.49062
G1 X120.587 Y101.895 E203.49844
G1 X121.031 Y102.05 E203.50626
G1 X121.5 Y102.104 E203.51411
G1 X121.969 Y102.05 E203.52196
G1 X122.413 Y101.895 E203.52978
G1 X122.811 Y101.645 E203.5376
G1 X123.145 Y101.311 E203.54545
G1 X123.395 Y100.913 E203.55327
G1 X123.55 Y100.469 E203.56109
G1 X123.604 Y100 E203.56894
G1 X123.55 Y99.531 E203.57679
G1 X123.395 Y99.087 E203.58461
G1 X123.145 Y98.689 E203.59243
G1 X122.811 Y98.355 E203.60029
G1 X122.413 Y98.105 E203.6081
G1 X121.955 Y97.944 E203.61618
G0 F7200 X121.874 Y98.34
;TYPE:WALL-OUTER
G1 F1500 X121.397 Y98.309 E203.62412
G1 X121.022 Y98.376 E203.63046
G1 X120.673 Y98.522 E203.63675
G1 X120.365 Y98.743 E203.64305
G1 X120.113 Y99.027 E203.64937
G1 X119.932 Y99.36 E203.65567
G1 X119.831 Y99.719 E203.66187
G1 X119.799 Y100 E203.66658
G1 X119.842 Y100.379 E203.67292
G1 X119.968 Y100.738 E203.67925
G1 X120.17 Y101.06 E203.68557
G1 X120.44 Y101.33 E203.69192
G1 X120.762 Y101.532 E203.69824
G1 X121.121 Y101.658 E203.70457
G1 X121.5 Y101.701 E203.71091
G1 X121.879 Y101.658 E203.71725
G1 X122.238 Y101.532 E203.72358
G1 X122.56 Y101.33 E203.7299
G1 X122.83 Y101.06 E203.73625
G1 X123.032 Y100.738 E203.74257
G1 X123.158 Y100.379 E203.7489
G1 X123.201 Y100 E203.75524
G1 X123.158 Y99.621 E203.76159
G1 X123.032 Y99.262 E203.76791
G1 X122.83 Y98.94 E203.77424
G1 X122.56 Y98.67 E203.78059
G1 X122.238 Y98.468 E203.78691
G1 X121.874 Y98.34 E203.79332
G0 F7200 X121.675 Y98.328
G0 X121.707 Y97.829
G0 X120.897 Y97.952
G0 X120.069 Y98.415
G0 X115.872 Y104.372
G0 X116.3 Y104.8
G1 F1500 X116.3 Y110.8 E203.8931
G1 X83.7 Y110.8 E204.43524
G1 X83.7 Y104.8 E204.53503
G1 X78.51 Y104.8 E204.62134
G1 X77.562 Y104.707 E204.63718
G1 X76.663 Y104.434 E204.6528
G1 X75.837 Y103.992 E204.66838
G1 X75.106 Y103.394 E204.68409
G1 X74.508 Y102.663 E204.69979
G1 X74.066 Y101.837 E204.71537
G1 X73.793 Y100.938 E204.731
G1 X73.701 Y100 E204.74667
G1 X73.793 Y99.062 E204.76234
G1 X74.066 Y98.163 E204.77797
G1 X74.508 Y97.337 E204.79355
G1 X75.106 Y96.606 E204.80925
G1 X75.837 Y96.008 E204.82496
G1 X76.663 Y95.566 E204.84054
G1 X77.562 Y95.293 E204.85616
G1 X78.51 Y95.2 E204.87201
G1 X83.7 Y95.2 E204.95832
G1 X83.7 Y89.2 E205.0581
G1 X116.3 Y89.2 E205.60024
G1 X116.3 Y95.2 E205.70002
G1 X121.49 Y95.2 E205.78633
G1 X122.438 Y95.293 E205.80217
G1 X123.337 Y95.566 E205.81779
G1 X124.163 Y96.008 E205.83337
G1 X124.894 Y96.606 E205.84908
G1 X125.492 Y97.337 E205.86478
G1 X125.934 Y98.163 E205.88036
G1 X126.207 Y99.062 E205.89599
G1 X126.299 Y100 E205.91166
G1 X126.207 Y100.938 E205.92734
G1 X125.934 Y101.837 E205.94296
G1 X125.492 Y102.663 E205.95854
G1 X124.894 Y103.394 E205.97425
G1 X124.163 Y103.992 E205.98995
G1 X123.337 Y104.434 E206.00553
G1 X122.438 Y104.707 E206.02116
G1 X121.49 Y104.8 E206.037
G1 X116.3 Y104.8 E206.12331
G0 F7200 X116.3 Y105
G0 X115.8 Y105
G0 X78.903 Y97.842
G0 X78.874 Y98.34
G1 F1500 X78.388 Y98.311 E206.1314
G1 X77.987 Y98.387 E206.13819
G1 X77.616 Y98.556 E206.14497
G1 X77.296 Y98.811 E206.15178
G1 X77.047 Y99.133 E206.15854
G1 X76.88 Y99.506 E206.16534
G1 X76.81 Y99.908 E206.17213
G1 X76.837 Y100.315 E206.17891
G1 X76.96 Y100.704 E206.18569
G1 X77.174 Y101.052 E206.19249
G1 X77.464 Y101.338 E206.19926
G1 X77.809 Y101.544 E206.20594
G1 X78.093 Y101.652 E206.211
G1 X78.499 Y101.701 E206.2178
G1 X78.879 Y101.658 E206.22416
G1 X79.238 Y101.532 E206.23048
G1 X79.56 Y101.33 E206.23681
G1 X79.83 Y101.06 E206.24316
G1 X80.032 Y100.738 E206.24948
G1 X80.158 Y100.379 E206.2558
G1 X80.201 Y100 E206.26215
G1 X80.158 Y99.621 E206.26849
G1 X80.032 Y99.262 E206.27482
G1 X79.83 Y98.94 E206.28114
G1 X79.56 Y98.67 E206.28749
G1 X79.238 Y98.468 E206.29381
G1 X78.874 Y98.34 E206.30023
G0 F7200 X78.674 Y98.329
G0 X79.032 Y97.558
;TYPE:SKIN
G1 F1500 X78.337 Y97.517 E206.31181
G1 X77.746 Y97.629 E206.32181
G1 X77.2 Y97.877 E206.33178
G1 X76.73 Y98.253 E206.34179
G1 X76.364 Y98.725 E206.35172
G1 X76.119 Y99.273 E206.36171
G1 X76.016 Y99.866 E206.37172
G1 X76.055 Y100.462 E206.38165
G1 X76.236 Y101.036 E206.39166
G1 X76.551 Y101.547 E206.40164
G1 X76.977 Y101.967 E206.41159
G1 X77.464 Y102.258 E206.42102
G1 X77.903 Y102.425 E206.42883
G1 X78.496 Y102.496 E206.43877
G1 X79.057 Y102.432 E206.44816
G1 X79.583 Y102.248 E206.45742
G1 X80.055 Y101.951 E206.4667
G1 X80.451 Y101.555 E206.47601
G1 X80.748 Y101.083 E206.48529
G1 X80.932 Y100.557 E206.49455
G1 X80.996 Y100 E206.50388
G1 X80.932 Y99.443 E206.5132
G1 X80.748 Y98.917 E206.52247
G1 X80.451 Y98.445 E206.53174
G1 X80.055 Y98.049 E206.54105
G1 X79.583 Y97.752 E206.55033
G1 X79.032 Y97.558 E206.56004
G0 F7200 X78.547 Y95.99
G1 F1500 X84.49 Y95.99 E206.65888
G1 X84.49 Y89.99 E206.75866
G1 X115.51 Y89.99 E207.27452
G1 X115.51 Y95.99 E207.3743
G1 X121.453 Y95.99 E207.47313
G1 X122.282 Y96.071 E207.48699
G1 X123.035 Y96.299 E207.50007
G1 X123.72 Y96.666 E207.51299
G1 X124.333 Y97.167 E207.52616
G1 X124.834 Y97.78 E207.53933
G1 X125.201 Y98.465 E207.55225
G1 X125.429 Y99.218 E207.56533
G1 X125.505 Y100 E207.5784
G1 X125.429 Y100.782 E207.59146
G1 X125.201 Y101.535 E207.60455
G1 X124.834 Y102.22 E207.61747
G1 X124.333 Y102.833 E207.63064
G1 X123.72 Y103.334 E207.6438
G1 X123.035 Y103.701 E207.65673
G1 X122.282 Y103.929 E207.66981
G1 X121.453 Y104.01 E207.68366
G1 X115.51 Y104.01 E207.7825
G1 X115.51 Y110.01 E207.88228
G1 X84.49 Y110.01 E208.39814
G1 X84.49 Y104.01 E208.49792
G1 X78.547 Y104.01 E208.59675
G1 X77.718 Y103.929 E208.61061
G1 X76.965 Y103.701 E208.62369
G1 X76.28 Y103.334 E208.63661
G1 X75.667 Y102.833 E208.64978
G1 X75.166 Y102.22 E208.66294
G1 X74.799 Y101.535 E208.67587
G1 X74.571 Y100.782 E208.68895
G1 X74.495 Y100 E208.70202
G1 X74.571 Y99.218 E208.71508
G1 X74.799 Y98.465 E208.72817
G1 X75.166 Y97.78 E208.74109
G1 X75.667 Y97.167 E208.75426
G1 X76.28 Y96.666 E208.76742
G1 X76.965 Y96.299 E208.78035
G1 X77.718 Y96.071 E208.79343
G1 X78.547 Y95.99 E208.80728
G0 F7200 X119.004 Y100
G1 F1500 X119.068 Y100.557 E208.81661
G1 X119.252 Y101.083 E208.82587
G1 X119.549 Y101.555 E208.83515
G1 X119.945 Y101.951 E208.84446
G1 X120.417 Y102.248 E208.85373
G1 X120.943 Y102.432 E208.863
G1 X121.5 Y102.496 E208.87233
G1 X122.057 Y102.432 E208.88165
G1 X122.583 Y102.248 E208.89092
G1 X123.055 Y101.951 E208.90019
G1 X123.451 Y101.555 E208.9095
G1 X123.748 Y101.083 E208.91878
G1 X123.932 Y100.557 E208.92805
G1 X123.996 Y100 E208.93737
G1 X123.932 Y99.443 E208.94669
G1 X123.748 Y98.917 E208.95596
G1 X123.451 Y98.445 E208.96523
G1 X123.055 Y98.049 E208.97455
G1 X122.583 Y97.752 E208.98382
G1 X122.033 Y97.558 E208.99352
G1 X121.352 Y97.515 E209.00487
G1 X120.797 Y97.614 E209.01424
G1 X120.286 Y97.828 E209.02346
G1 X119.832 Y98.152 E209.03273
G1 X119.461 Y98.57 E209.04203
G1 X119.196 Y99.06 E209.05129
G1 X119.053 Y99.566 E209.06004
G1 X119.004 Y100 E209.0673
G0 F7200 X119.824 Y101.335
G0 X120.57 Y101.931
G0 X124.514 Y102.325
G1 F1500 X123.824 Y103.015 E209.08353
G1 X123.754 Y103.085
G0 F7200 X122.854 Y102.288
G1 F1500 X121.312 Y103.83 E209.11979
G0 F7200 X120.746 Y103.83
G1 F1500 X121.952 Y102.624 E209.14816
G0 F7200 X121.351 Y102.659
G1 F1500 X120.181 Y103.83 E209.17568
G0 F7200 X119.615 Y103.83
G1 F1500 X120.854 Y102.591 E209.20482
G0 F7200 X120.435 Y102.444
G1 F1500 X119.049 Y103.83 E209.23742
G0 F7200 X118.484 Y103.83
G1 F1500 X120.071 Y102.242 E209.27476
G0 F7200 X119.743 Y102.005
G1 F1500 X117.918 Y103.83 E209.31768
G0 F7200 X117.352 Y103.83
G1 F1500 X119.46 Y101.722 E209.36725
G0 F7200 X119.23 Y101.387
G1 F1500 X116.787 Y103.83 E209.42471
G0 F7200 X116.221 Y103.83
G1 F1500 X119.037 Y101.014 E209.49094
G0 F7200 X118.89 Y100.595
G1 F1500 X115.655 Y103.83 E209.56702
G0 F7200 X115.329 Y104.156
G1 F1500 X109.655 Y109.829 E209.70045
G0 F7200 X109.09 Y109.829
G1 F1500 X118.832 Y100.088 E209.92956
G0 F7200 X118.894 Y99.46
G1 F1500 X108.524 Y109.829 E210.17343
G0 F7200 X107.958 Y109.829
G1 F1500 X119.301 Y98.487 E210.44019
G1 X119.371 Y98.417
G0 F7200 X119.926 Y97.862
G1 F1500 X121.603 Y96.184 E210.47964
G0 F7200 X122.118 Y96.235
G1 F1500 X120.949 Y97.404 E210.50713
G0 F7200 X121.571 Y97.348
G1 F1500 X122.574 Y96.346 E210.53071
G0 F7200 X123.001 Y96.484
G1 F1500 X122.095 Y97.39 E210.55202
G0 F7200 X122.514 Y97.537
G1 F1500 X123.369 Y96.682 E210.57213
G0 F7200 X123.718 Y96.898
G1 F1500 X122.886 Y97.73 E210.5917
G0 F7200 X123.221 Y97.961
G1 F1500 X124.03 Y97.152 E210.61072
G0 F7200 X124.316 Y97.432
G1 F1500 X123.504 Y98.244 E210.62982
G0 F7200 X123.742 Y98.571
G1 F1500 X124.57 Y97.744 E210.64928
G0 F7200 X124.793 Y98.087
G1 F1500 X123.944 Y98.935 E210.66924
G0 F7200 X124.091 Y99.354
G1 F1500 X124.991 Y98.454 E210.6904
G0 F7200 X125.136 Y98.874
G1 F1500 X124.16 Y99.851 E210.71337
G0 F7200 X124.124 Y100.452
G1 F1500 X125.257 Y99.319 E210.74001
G0 F7200 X125.307 Y99.835
G1 F1500 X123.788 Y101.354 E210.77574
G1 X123.718 Y101.424
G0 F7200 X125.132 Y101.141
G1 F1500 X122.639 Y103.634 E210.83437
G0 F7200 X121.924 Y103.784
G1 F1500 X125.281 Y100.426 E210.91333
G1 X125.351 Y100.356
G0 F7200 X121.053 Y96.17
G1 F1500 X107.393 Y109.829 E211.23458
G0 F7200 X106.827 Y109.829
G1 F1500 X120.487 Y96.17 E211.55583
G0 F7200 X119.921 Y96.17
G1 F1500 X106.261 Y109.829 E211.87709
G0 F7200 X105.696 Y109.829
G1 F1500 X119.356 Y96.17 E212.19834
G0 F7200 X118.79 Y96.17
G1 F1500 X105.13 Y109.829 E212.51959
G0 F7200 X104.564 Y109.829
G1 F1500 X118.224 Y96.17 E212.84084
G0 F7200 X117.659 Y96.17
G1 F1500 X103.999 Y109.829 E213.16209
G0 F7200 X103.433 Y109.829
G1 F1500 X117.093 Y96.17 E213.48334
G0 F7200 X116.527 Y96.17
G1 F1500 X102.867 Y109.829 E213.80459
G0 F7200 X102.302 Y109.829
G1 F1500 X115.961 Y96.17 E214.12583
G0 F7200 X115.396 Y96.17
G1 F1500 X101.736 Y109.829 E214.44708
G0 F7200 X101.17 Y109.829
G1 F1500 X115.329 Y95.671 E214.78006
G0 F7200 X115.329 Y95.105
G1 F1500 X100.605 Y109.829 E215.12635
G0 F7200 X100.039 Y109.829
G1 F1500 X115.329 Y94.54 E215.48594
G0 F7200 X115.329 Y93.974
G1 F1500 X99.473 Y109.829 E215.85883
G0 F7200 X98.907 Y109.829
G1 F1500 X115.329 Y93.408 E216.24504
G0 F7200 X115.329 Y92.843
G1 F1500 X98.342 Y109.829 E216.64454
G0 F7200 X97.776 Y109.829
G1 F1500 X115.329 Y92.277 E217.05735
G0 F7200 X115.329 Y91.711
G1 F1500 X97.21 Y109.829 E217.48346
G0 F7200 X96.645 Y109.829
G1 F1500 X115.329 Y91.146 E217.92287
G0 F7200 X115.329 Y90.58
G1 F1500 X96.079 Y109.829 E218.37559
G0 F7200 X95.513 Y109.829
G1 F1500 X115.174 Y90.169 E218.83798
G0 F7200 X114.608 Y90.169
G1 F1500 X94.948 Y109.829 E219.30035
G0 F7200 X94.382 Y109.829
G1 F1500 X114.042 Y90.169 E219.76272
G0 F7200 X113.477 Y90.169
G1 F1500 X93.816 Y109.829 E220.22511
G0 F7200 X93.251 Y109.829
G1 F1500 X112.911 Y90.169 E220.68748
G0 F7200 X112.345 Y90.169
G1 F1500 X92.685 Y109.829 E221.14985
G0 F7200 X92.119 Y109.829
G1 F1500 X111.78 Y90.169 E221.61224
G0 F7200 X111.214 Y90.169
G1 F1500 X91.554 Y109.829 E222.07461
G0 F7200 X90.988 Y109.829
G1 F1500 X110.648 Y90.169 E222.53698
G0 F7200 X110.083 Y90.169
G1 F1500 X90.422 Y109.829 E222.99937
G0 F7200 X89.857 Y109.829
G1 F1500 X109.517 Y90.169 E223.46174
G0 F7200 X108.951 Y90.169
G1 F1500 X89.291 Y109.829 E223.92411
G0 F7200 X88.725 Y109.829
G1 F1500 X108.386 Y90.169 E224.3865
G0 F7200 X107.82 Y90.169
G1 F1500 X88.159 Y109.829 E224.84888
G0 F7200 X87.594 Y109.829
G1 F1500 X107.254 Y90.169 E225.31126
G0 F7200 X106.688 Y90.169
G1 F1500 X87.028 Y109.829 E225.77363
G0 F7200 X86.462 Y109.829
G1 F1500 X106.123 Y90.169 E226.23601
G0 F7200 X105.557 Y90.169
G1 F1500 X85.897 Y109.829 E226.69839
G0 F7200 X85.331 Y109.829
G1 F1500 X104.991 Y90.169 E227.16076
G0 F7200 X104.426 Y90.169
G1 F1500 X84.765 Y109.829 E227.62315
G0 F7200 X84.67 Y109.359
G1 F1500 X103.86 Y90.169 E228.07447
G0 F7200 X103.294 Y90.169
G1 F1500 X84.67 Y108.794 E228.51248
G0 F7200 X84.67 Y108.228
G1 F1500 X102.729 Y90.169 E228.9372
G0 F7200 X102.163 Y90.169
G1 F1500 X84.67 Y107.662 E229.34861
G0 F7200 X84.67 Y107.096
G1 F1500 X101.597 Y90.169 E229.74671
G0 F7200 X101.032 Y90.169
G1 F1500 X84.67 Y106.531 E230.13152
G0 F7200 X84.67 Y105.965
G1 F1500 X100.466 Y90.169 E230.50302
G0 F7200 X99.9 Y90.169
G1 F1500 X84.67 Y105.399 E230.8612
G0 F7200 X84.67 Y104.834
G1 F1500 X99.335 Y90.169 E231.2061
G0 F7200 X98.769 Y90.169
G1 F1500 X84.67 Y104.268 E231.53769
G0 F7200 X84.543 Y103.829
G1 F1500 X98.203 Y90.169 E231.85895
G0 F7200 X97.638 Y90.169
G1 F1500 X83.978 Y103.829 E232.18021
G0 F7200 X83.412 Y103.829
G1 F1500 X97.072 Y90.169 E232.50148
G0 F7200 X96.506 Y90.169
G1 F1500 X82.846 Y103.829 E232.82274
G0 F7200 X82.281 Y103.829
G1 F1500 X95.94 Y90.169 E233.14399
G0 F7200 X95.375 Y90.169
G1 F1500 X81.715 Y103.829 E233.46525
G0 F7200 X81.149 Y103.829
G1 F1500 X94.809 Y90.169 E233.78651
G0 F7200 X94.243 Y90.169
G1 F1500 X80.584 Y103.829 E234.10776
G0 F7200 X80.018 Y103.829
G1 F1500 X93.678 Y90.169 E234.42903
G0 F7200 X93.112 Y90.169
G1 F1500 X79.452 Y103.829 E234.75029
G0 F7200 X78.886 Y103.829
G1 F1500 X92.546 Y90.169 E235.07155
G0 F7200 X91.981 Y90.169
G1 F1500 X80.776 Y101.374 E235.33507
G1 X80.706 Y101.444
G0 F7200 X81.124 Y100.46
G1 F1500 X91.415 Y90.169 E235.5771
G0 F7200 X90.849 Y90.169
G1 F1500 X81.161 Y99.857 E235.80495
G0 F7200 X81.093 Y99.359
G1 F1500 X84.284 Y96.169 E235.87999
G0 F7200 X84.67 Y95.783
G1 F1500 X90.284 Y90.169 E236.01202
G0 F7200 X89.718 Y90.169
G1 F1500 X84.67 Y95.217 E236.13074
G0 F7200 X84.67 Y94.651
G1 F1500 X89.152 Y90.169 E236.23615
G0 F7200 X88.587 Y90.169
G1 F1500 X84.67 Y94.086 E236.32827
G0 F7200 X84.67 Y93.52
G1 F1500 X88.021 Y90.169 E236.40708
G0 F7200 X87.455 Y90.169
G1 F1500 X84.67 Y92.954 E236.47258
G0 F7200 X84.67 Y92.389
G1 F1500 X86.889 Y90.169 E236.52478
G0 F7200 X86.324 Y90.169
G1 F1500 X84.67 Y91.823 E236.56368
G0 F7200 X84.67 Y91.257
G1 F1500 X85.758 Y90.169 E236.58927
G0 F7200 X85.192 Y90.169
G1 F1500 X84.67 Y90.692 E236.60156
G0 F7200 X84.128 Y95.628
G0 X83.718 Y96.169
G1 F1500 X80.946 Y98.941 E236.66675
G0 F7200 X80.746 Y98.575
G1 F1500 X83.152 Y96.169 E236.72333
G0 F7200 X82.587 Y96.169
G1 F1500 X80.509 Y98.247 E236.77221
G0 F7200 X80.226 Y97.964
G1 F1500 X82.021 Y96.169 E236.81442
G0 F7200 X81.455 Y96.169
G1 F1500 X79.891 Y97.733 E236.8512
G0 F7200 X79.52 Y97.539
G1 F1500 X80.89 Y96.169 E236.88342
G0 F7200 X80.324 Y96.169
G1 F1500 X79.101 Y97.391 E236.91218
G0 F7200 X78.577 Y97.35
G1 F1500 X79.758 Y96.169 E236.93995
G0 F7200 X79.193 Y96.169
G1 F1500 X77.956 Y97.406 E236.96904
G1 X77.886 Y97.476
G0 F7200 X76.95 Y97.846
G1 F1500 X78.627 Y96.169 E237.00848
G0 F7200 X78.009 Y96.221
G1 F1500 X74.724 Y99.506 E237.08574
G0 F7200 X74.687 Y100.109
G1 F1500 X76.356 Y98.44 E237.12499
G1 X76.426 Y98.37
G0 F7200 X75.902 Y99.459
G1 F1500 X74.736 Y100.625 E237.15242
G0 F7200 X74.848 Y101.079
G1 F1500 X75.849 Y100.078 E237.17596
G0 F7200 X75.905 Y100.588
G1 F1500 X74.987 Y101.506 E237.19755
G0 F7200 X75.185 Y101.874
G1 F1500 X76.042 Y101.017 E237.2177
G0 F7200 X76.24 Y101.384
G1 F1500 X75.402 Y102.222 E237.23741
G0 F7200 X75.656 Y102.534
G1 F1500 X76.47 Y101.72 E237.25656
G0 F7200 X76.755 Y102
G1 F1500 X75.936 Y102.82 E237.27583
G0 F7200 X76.248 Y103.074
G1 F1500 X77.083 Y102.239 E237.29547
G0 F7200 X77.445 Y102.442
G1 F1500 X76.59 Y103.296 E237.31556
G0 F7200 X76.958 Y103.494
G1 F1500 X77.855 Y102.598 E237.33665
G0 F7200 X78.359 Y102.659
G1 F1500 X77.38 Y103.639 E237.35969
G0 F7200 X77.826 Y103.758
G1 F1500 X78.963 Y102.621 E237.38643
G1 X79.033 Y102.551
G0 F7200 X79.875 Y102.275
G1 F1500 X78.341 Y103.808 E237.42249
G1 X78.271 Y103.878
G0 F7200 X74.892 Y98.772
G1 F1500 X77.274 Y96.391 E237.4785
G1 X77.344 Y96.321
G0 F7200 X75.849 Y97.249
G1 F1500 X75.751 Y97.348 E237.48082
G0 F7200 X78.961 Y97.905
G0 X110.221 Y109.829
G1 F1500 X115.329 Y104.722 E237.60094
G0 F7200 X115.329 Y105.288
G1 F1500 X110.787 Y109.829 E237.70775
G0 F7200 X111.353 Y109.829
G1 F1500 X115.329 Y105.853 E237.80126
G0 F7200 X115.329 Y106.419
G1 F1500 X111.918 Y109.829 E237.88147
G0 F7200 X112.484 Y109.829
G1 F1500 X115.329 Y106.985 E237.94836
G0 F7200 X115.329 Y107.55
G1 F1500 X113.05 Y109.829 E238.00196
G0 F7200 X113.615 Y109.829
G1 F1500 X115.329 Y108.116 E238.04226
G0 F7200 X115.329 Y108.682
G1 F1500 X114.181 Y109.829 E238.06925
G0 F7200 X114.747 Y109.829
G1 F1500 X115.329 Y109.247 E238.08294
G1 X115.399 Y109.177
;MESH:NONMESH
G0 F600 X115.399 Y109.177 Z0.7
G0 F7200 X78.957 Y97.845
G0 X78.951 Y97.944
;TIME_ELAPSED:389.395308
;LAYER:4
;TYPE:WALL-INNER
;MESH:drax_photo_base.stl
G1 F3000 X78.338 Y97.911 E238.09315
G1 X77.84 Y98.013 E238.1016
G1 X77.385 Y98.227 E238.10996
G1 X76.992 Y98.545 E238.11837
G1 X76.688 Y98.949 E238.12678
G1 X76.489 Y99.413 E238.13517
G1 X76.407 Y99.912 E238.14358
G1 X76.447 Y100.415 E238.15197
G1 X76.606 Y100.894 E238.16037
G1 X76.875 Y101.321 E238.16876
G1 X77.238 Y101.673 E238.17717
G1 X77.655 Y101.913 E238.18517
G1 X77.997 Y102.043 E238.19125
G1 X78.498 Y102.104 E238.19965
G1 X78.969 Y102.05 E238.20753
G1 X79.413 Y101.895 E238.21535
G1 X79.811 Y101.645 E238.22317
G1 X80.145 Y101.311 E238.23102
G1 X80.395 Y100.913 E238.23884
G1 X80.55 Y100.469 E238.24666
G1 X80.604 Y100 E238.25451
G1 X80.55 Y99.531 E238.26236
G1 X80.395 Y99.087 E238.27018
G1 X80.145 Y98.689 E238.278
G1 X79.811 Y98.355 E238.28586
G1 X79.413 Y98.105 E238.29367
G1 X78.951 Y97.944 E238.30181
G0 F7200 X78.97 Y97.846
G0 X115.83 Y104.33
G0 X115.9 Y104.4
G1 F3000 X115.9 Y110.4 E238.40159
G1 X84.1 Y110.4 E238.93042
G1 X84.1 Y104.4 E239.0302
G1 X78.529 Y104.4 E239.12285
G1 X77.642 Y104.313 E239.13767
G1 X76.818 Y104.063 E239.15199
G1 X76.059 Y103.657 E239.16631
G1 X75.39 Y103.11 E239.18068
G1 X74.843 Y102.441 E239.19505
G1 X74.437 Y101.682 E239.20936
G1 X74.187 Y100.858 E239.22368
G1 X74.103 Y100 E239.23802
G1 X74.187 Y99.142 E239.25236
G1 X74.437 Y98.318 E239.26668
G1 X74.843 Y97.559 E239.28099
G1 X75.39 Y96.89 E239.29536
G1 X76.059 Y96.343 E239.30973
G1 X76.818 Y95.937 E239.32405
G1 X77.642 Y95.687 E239.33837
G1 X78.529 Y95.6 E239.35319
G1 X84.1 Y95.6 E239.44584
G1 X84.1 Y89.6 E239.54562
G1 X115.9 Y89.6 E240.07445
G1 X115.9 Y95.6 E240.17423
G1 X121.471 Y95.6 E240.26688
G1 X122.358 Y95.687 E240.2817
G1 X123.182 Y95.937 E240.29602
G1 X123.941 Y96.343 E240.31034
G1 X124.61 Y96.89 E240.32471
G1 X125.157 Y97.559 E240.33908
G1 X125.563 Y98.318 E240.35339
G1 X125.813 Y99.142 E240.36771
G1 X125.897 Y100 E240.38205
G1 X125.813 Y100.858 E240.39639
G1 X125.563 Y101.682 E240.41071
G1 X125.157 Y102.441 E240.42502
G1 X124.61 Y103.11 E240.43939
G1 X123.941 Y103.657 E240.45376
G1 X123.182 Y104.063 E240.46808
G1 X122.358 Y104.313 E240.4824
G1 X121.471 Y104.4 E240.49722
G1 X115.9 Y104.4 E240.58986
G0 F7200 X115.83 Y104.33
G0 X119.738 Y98.794
G0 X120.438 Y98.149
G0 X121.973 Y97.846
G0 X121.954 Y97.944
G1 F3000 X121.352 Y97.909 E240.59989
G1 X120.886 Y97.997 E240.60778
G1 X120.457 Y98.183 E240.61556
G1 X120.079 Y98.46 E240.62335
G1 X119.771 Y98.816 E240.63118
G1 X119.551 Y99.231 E240.63899
G1 X119.435 Y99.662 E240.64641
G1 X119.396 Y100 E240.65207
G1 X119.45 Y100.469 E240.65992
G1 X119.605 Y100.913 E240.66774
G1 X119.855 Y101.311 E240.67556
G1 X120.189 Y101.645 E240.68341
G1 X120.587 Y101.895 E240.69123
G1 X121.031 Y102.05 E240.69905
G1 X121.5 Y102.104 E240.7069
G1 X121.969 Y102.05 E240.71475
G1 X122.413 Y101.895 E240.72257
G1 X122.811 Y101.645 E240.73039
G1 X123.145 Y101.311 E240.73824
G1 X123.395 Y100.913 E240.74606
G1 X123.55 Y100.469 E240.75388
G1 X123.604 Y100 E240.76173
G1 X123.55 Y99.531 E240.76958
G1 X123.395 Y99.087 E240.7774
G1 X123.145 Y98.689 E240.78522
G1 X122.811 Y98.355 E240.79307
G1 X122.413 Y98.105 E240.80089
G1 X121.954 Y97.944 E240.80898
G0 F7200 X121.874 Y98.34
;TYPE:WALL-OUTER
G1 F1500 X121.378 Y98.311 E240.81724
G1 X121.004 Y98.382 E240.82357
G1 X120.657 Y98.532 E240.82986
G1 X120.352 Y98.756 E240.83615
G1 X120.103 Y99.043 E240.84247
G1 X119.926 Y99.378 E240.84877
G1 X119.829 Y99.737 E240.85496
G1 X119.799 Y100 E240.85936
G1 X119.842 Y100.379 E240.8657
G1 X119.968 Y100.738 E240.87203
G1 X120.17 Y101.06 E240.87835
G1 X120.44 Y101.33 E240.8847
G1 X120.762 Y101.532 E240.89102
G1 X121.121 Y101.658 E240.89735
G1 X121.5 Y101.701 E240.90369
G1 X121.879 Y101.658 E240.91004
G1 X122.238 Y101.532 E240.91636
G1 X122.56 Y101.33 E240.92268
G1 X122.83 Y101.06 E240.92903
G1 X123.032 Y100.738 E240.93536
G1 X123.158 Y100.379 E240.94168
G1 X123.201 Y100 E240.94803
G1 X123.158 Y99.621 E240.95437
G1 X123.032 Y99.262 E240.9607
G1 X122.83 Y98.94 E240.96702
G1 X122.56 Y98.67 E240.97337
G1 X122.238 Y98.468 E240.97969
G1 X121.874 Y98.34 E240.98611
G0 F7200 X121.674 Y98.329
G0 X121.703 Y97.831
G0 X120.875 Y97.959
G0 X120.052 Y98.431
G0 X115.872 Y104.372
G0 X116.3 Y104.8
G1 F1500 X116.3 Y110.8 E241.08589
G1 X83.7 Y110.8 E241.62803
G1 X83.7 Y104.8 E241.72781
G1 X78.51 Y104.8 E241.81412
G1 X77.562 Y104.707 E241.82996
G1 X76.663 Y104.434 E241.84558
G1 X75.837 Y103.992 E241.86116
G1 X75.106 Y103.394 E241.87687
G1 X74.508 Y102.663 E241.89257
G1 X74.066 Y101.837 E241.90815
G1 X73.793 Y100.938 E241.92378
G1 X73.701 Y100 E241.93945
G1 X73.793 Y99.062 E241.95513
G1 X74.066 Y98.163 E241.97075
G1 X74.508 Y97.337 E241.98633
G1 X75.106 Y96.606 E242.00204
G1 X75.837 Y96.008 E242.01774
G1 X76.663 Y95.566 E242.03332
G1 X77.562 Y95.293 E242.04895
G1 X78.51 Y95.2 E242.06479
G1 X83.7 Y95.2 E242.1511
G1 X83.7 Y89.2 E242.25088
G1 X116.3 Y89.2 E242.79302
G1 X116.3 Y95.2 E242.8928
G1 X121.49 Y95.2 E242.97911
G1 X122.438 Y95.293 E242.99495
G1 X123.337 Y95.566 E243.01057
G1 X124.163 Y96.008 E243.02615
G1 X124.894 Y96.606 E243.04186
G1 X125.492 Y97.337 E243.05757
G1 X125.934 Y98.163 E243.07315
G1 X126.207 Y99.062 E243.08877
G1 X126.299 Y100 E243.10444
G1 X126.207 Y100.938 E243.12012
G1 X125.934 Y101.837 E243.13574
G1 X125.492 Y102.663 E243.15132
G1 X124.894 Y103.394 E243.16703
G1 X124.163 Y103.992 E243.18273
G1 X123.337 Y104.434 E243.19831
G1 X122.438 Y104.707 E243.21394
G1 X121.49 Y104.8 E243.22978
G1 X116.3 Y104.8 E243.31609
G0 F7200 X116.3 Y105
G0 X115.8 Y105
G0 X79.037 Y97.869
G0 X78.873 Y98.34
G1 F1500 X78.368 Y98.313 E243.3245
G1 X77.967 Y98.395 E243.33131
G1 X77.599 Y98.568 E243.33807
G1 X77.282 Y98.825 E243.34485
G1 X77.037 Y99.151 E243.35164
G1 X76.876 Y99.526 E243.35842
G1 X76.81 Y99.929 E243.36521
G1 X76.842 Y100.335 E243.37199
G1 X76.97 Y100.722 E243.37877
G1 X77.188 Y101.067 E243.38555
G1 X77.481 Y101.351 E243.39234
G1 X77.827 Y101.551 E243.39898
G1 X78.093 Y101.652 E243.40372
G1 X78.499 Y101.701 E243.41052
G1 X78.879 Y101.658 E243.41688
G1 X79.238 Y101.532 E243.4232
G1 X79.56 Y101.33 E243.42953
G1 X79.83 Y101.06 E243.43588
G1 X80.032 Y100.738 E243.4422
G1 X80.158 Y100.379 E243.44852
G1 X80.201 Y100 E243.45487
G1 X80.158 Y99.621 E243.46121
G1 X80.032 Y99.262 E243.46754
G1 X79.83 Y98.94 E243.47386
G1 X79.56 Y98.67 E243.48021
G1 X79.238 Y98.468 E243.48653
G1 X78.873 Y98.34 E243.49296
G0 F7200 X78.673 Y98.33
G0 X79.027 Y97.558
;TYPE:SKIN
G1 F1500 X78.309 Y97.519 E243.50492
G1 X77.716 Y97.64 E243.51499
G1 X77.176 Y97.894 E243.52491
G1 X76.709 Y98.272 E243.5349
G1 X76.348 Y98.752 E243.54489
G1 X76.112 Y99.303 E243.55486
G1 X76.015 Y99.896 E243.56485
G1 X76.062 Y100.493 E243.57481
G1 X76.251 Y101.062 E243.58478
G1 X76.57 Y101.569 E243.59474
G1 X77.002 Y101.987 E243.60474
G1 X77.487 Y102.266 E243.61404
G1 X77.903 Y102.425 E243.62145
G1 X78.496 Y102.496 E243.63138
G1 X79.057 Y102.432 E243.64077
G1 X79.583 Y102.248 E243.65004
G1 X80.055 Y101.951 E243.65931
G1 X80.451 Y101.555 E243.66863
G1 X80.748 Y101.083 E243.6779
G1 X80.932 Y100.557 E243.68717
G1 X80.996 Y100 E243.69649
G1 X80.932 Y99.443 E243.70581
G1 X80.748 Y98.917 E243.71508
G1 X80.451 Y98.445 E243.72436
G1 X80.055 Y98.049 E243.73367
G1 X79.583 Y97.752 E243.74294
G1 X79.027 Y97.558 E243.75274
G0 F7200 X78.547 Y95.99
G1 F1500 X84.49 Y95.99 E243.85157
G1 X84.49 Y89.99 E243.95135
G1 X115.51 Y89.99 E244.46721
G1 X115.51 Y95.99 E244.56699
G1 X121.453 Y95.99 E244.66583
G1 X122.282 Y96.071 E244.67968
G1 X123.035 Y96.299 E244.69276
G1 X123.72 Y96.666 E244.70569
G1 X124.333 Y97.167 E244.71885
G1 X124.834 Y97.78 E244.73202
G1 X125.201 Y98.465 E244.74494
G1 X125.429 Y99.218 E244.75803
G1 X125.505 Y100 E244.77109
G1 X125.429 Y100.782 E244.78416
G1 X125.201 Y101.535 E244.79724
G1 X124.834 Y102.22 E244.81016
G1 X124.333 Y102.833 E244.82333
G1 X123.72 Y103.334 E244.8365
G1 X123.035 Y103.701 E244.84942
G1 X122.282 Y103.929 E244.8625
G1 X121.453 Y104.01 E244.87636
G1 X115.51 Y104.01 E244.97519
G1 X115.51 Y110.01 E245.07497
G1 X84.49 Y110.01 E245.59083
G1 X84.49 Y104.01 E245.69061
G1 X78.547 Y104.01 E245.78945
G1 X77.718 Y103.929 E245.8033
G1 X76.965 Y103.701 E245.81638
G1 X76.28 Y103.334 E245.82931
G1 X75.667 Y102.833 E245.84247
G1 X75.166 Y102.22 E245.85564
G1 X74.799 Y101.535 E245.86856
G1 X74.571 Y100.782 E245.88164
G1 X74.495 Y100 E245.89471
G1 X74.571 Y99.218 E245.90778
G1 X74.799 Y98.465 E245.92086
G1 X75.166 Y97.78 E245.93378
G1 X75.667 Y97.167 E245.94695
G1 X76.28 Y96.666 E245.96012
G1 X76.965 Y96.299 E245.97304
G1 X77.718 Y96.071 E245.98612
G1 X78.547 Y95.99 E245.99998
G0 F7200 X119.004 Y100
G1 F1500 X119.068 Y100.557 E246.0093
G1 X119.252 Y101.083 E246.01857
G1 X119.549 Y101.555 E246.02784
G1 X119.945 Y101.951 E246.03715
G1 X120.417 Y102.248 E246.04643
G1 X120.943 Y102.432 E246.05569
G1 X121.5 Y102.496 E246.06502
G1 X122.057 Y102.432 E246.07434
G1 X122.583 Y102.248 E246.08361
G1 X123.055 Y101.951 E246.09288
G1 X123.451 Y101.555 E246.1022
G1 X123.748 Y101.083 E246.11147
G1 X123.932 Y100.557 E246.12074
G1 X123.996 Y100 E246.13006
G1 X123.932 Y99.443 E246.13939
G1 X123.748 Y98.917 E246.14865
G1 X123.451 Y98.445 E246.15793
G1 X123.055 Y98.049 E246.16724
G1 X122.583 Y97.752 E246.17651
G1 X122.032 Y97.558 E246.18623
G1 X121.327 Y97.517 E246.19797
G1 X120.771 Y97.622 E246.20738
G1 X120.262 Y97.842 E246.2166
G1 X119.813 Y98.171 E246.22586
G1 X119.447 Y98.594 E246.23516
G1 X119.186 Y99.087 E246.24444
G1 X119.051 Y99.588 E246.25307
G1 X119.004 Y100 E246.25997
G0 F7200 X119.738 Y98.794
G0 X120.438 Y98.149
G0 X121.35 Y97.87
G0 X124.933 Y98.346
G1 F1500 X123.153 Y96.566 E246.30183
G1 X123.083 Y96.496
G0 F7200 X122.279 Y96.258
G1 F1500 X125.242 Y99.22 E246.3715
G0 F7200 X125.309 Y99.853
G1 F1500 X121.645 Y96.189 E246.45767
G0 F7200 X121.06 Y96.17
G1 F1500 X122.379 Y97.489 E246.48869
G0 F7200 X121.681 Y97.357
G1 F1500 X120.494 Y96.17 E246.51661
G0 F7200 X119.928 Y96.17
G1 F1500 X121.129 Y97.37 E246.54484
G0 F7200 X120.664 Y97.471
G1 F1500 X119.363 Y96.17 E246.57544
G0 F7200 X118.797 Y96.17
G1 F1500 X120.268 Y97.641 E246.61004
G0 F7200 X119.926 Y97.864
G1 F1500 X118.231 Y96.17 E246.64989
G0 F7200 X117.666 Y96.17
G1 F1500 X119.617 Y98.12 E246.69576
G0 F7200 X119.354 Y98.424
G1 F1500 X117.1 Y96.17 E246.74877
G0 F7200 X116.534 Y96.17
G1 F1500 X119.144 Y98.779 E246.81014
G0 F7200 X118.974 Y99.175
G1 F1500 X115.969 Y96.17 E246.88082
G0 F7200 X115.403 Y96.17
G1 F1500 X118.864 Y99.631 E246.96221
G0 F7200 X118.842 Y100.175
G1 F1500 X108.837 Y90.17 E247.19752
G0 F7200 X108.272 Y90.17
G1 F1500 X118.995 Y100.893 E247.44971
G1 X119.065 Y100.963
G0 F7200 X120.606 Y102.505
G1 F1500 X121.888 Y103.787 E247.47986
G0 F7200 X122.379 Y103.712
G1 F1500 X121.325 Y102.657 E247.50466
G0 F7200 X121.868 Y102.635
G1 F1500 X122.813 Y103.58 E247.52688
G0 F7200 X123.205 Y103.406
G1 F1500 X122.326 Y102.527 E247.54755
G0 F7200 X122.731 Y102.366
G1 F1500 X123.573 Y103.208 E247.56736
G0 F7200 X123.89 Y102.96
G1 F1500 X123.079 Y102.148 E247.58644
G0 F7200 X123.378 Y101.882
G1 F1500 X124.201 Y102.705 E247.6058
G0 F7200 X124.457 Y102.396
G1 F1500 X123.644 Y101.582 E247.62493
G0 F7200 X123.862 Y101.235
G1 F1500 X124.706 Y102.078 E247.64477
G0 F7200 X124.904 Y101.71
G1 F1500 X124.024 Y100.831 E247.66545
G0 F7200 X124.132 Y100.373
G1 F1500 X125.079 Y101.32 E247.68772
G0 F7200 X125.21 Y100.885
G1 F1500 X124.157 Y99.832 E247.71249
G0 F7200 X124.007 Y99.117
G1 F1500 X125.285 Y100.395 E247.74255
G1 X125.355 Y100.465
G0 F7200 X121.366 Y103.83
G1 F1500 X107.706 Y90.17 E248.06381
G0 F7200 X107.14 Y90.17
G1 F1500 X120.8 Y103.83 E248.38507
G0 F7200 X120.235 Y103.83
G1 F1500 X106.575 Y90.17 E248.70633
G0 F7200 X106.009 Y90.17
G1 F1500 X119.669 Y103.83 E249.02759
G0 F7200 X119.103 Y103.83
G1 F1500 X105.443 Y90.17 E249.34886
G0 F7200 X104.878 Y90.17
G1 F1500 X118.537 Y103.83 E249.67011
G0 F7200 X117.972 Y103.83
G1 F1500 X104.312 Y90.17 E249.99137
G0 F7200 X103.746 Y90.17
G1 F1500 X117.406 Y103.83 E250.31263
G0 F7200 X116.84 Y103.83
G1 F1500 X103.181 Y90.17 E250.63388
G0 F7200 X102.615 Y90.17
G1 F1500 X116.275 Y103.83 E250.95514
G0 F7200 X115.709 Y103.83
G1 F1500 X102.049 Y90.17 E251.27641
G0 F7200 X101.483 Y90.17
G1 F1500 X115.329 Y104.016 E251.60204
G0 F7200 X115.329 Y104.581
G1 F1500 X100.918 Y90.17 E251.94097
G0 F7200 X100.352 Y90.17
G1 F1500 X115.329 Y105.147 E252.2932
G0 F7200 X115.329 Y105.713
G1 F1500 X99.786 Y90.17 E252.65875
G0 F7200 X99.221 Y90.17
G1 F1500 X115.329 Y106.278 E253.03759
G0 F7200 X115.329 Y106.844
G1 F1500 X98.655 Y90.17 E253.42973
G0 F7200 X98.089 Y90.17
G1 F1500 X115.329 Y107.41 E253.83519
G0 F7200 X115.329 Y107.975
G1 F1500 X97.524 Y90.17 E254.25394
G0 F7200 X96.958 Y90.17
G1 F1500 X115.329 Y108.541 E254.686
G0 F7200 X115.329 Y109.107
G1 F1500 X96.392 Y90.17 E255.13137
G0 F7200 X95.827 Y90.17
G1 F1500 X115.329 Y109.672 E255.59002
G0 F7200 X114.92 Y109.829
G1 F1500 X95.261 Y90.17 E256.05237
G0 F7200 X94.695 Y90.17
G1 F1500 X114.354 Y109.829 E256.51472
G0 F7200 X113.789 Y109.829
G1 F1500 X94.13 Y90.17 E256.97707
G0 F7200 X93.564 Y90.17
G1 F1500 X113.223 Y109.829 E257.43942
G0 F7200 X112.657 Y109.829
G1 F1500 X92.998 Y90.17 E257.90177
G0 F7200 X92.432 Y90.17
G1 F1500 X112.091 Y109.829 E258.36412
G0 F7200 X111.526 Y109.829
G1 F1500 X91.867 Y90.17 E258.82647
G0 F7200 X91.301 Y90.17
G1 F1500 X110.96 Y109.829 E259.28882
G0 F7200 X110.394 Y109.829
G1 F1500 X90.735 Y90.17 E259.75117
G0 F7200 X90.17 Y90.17
G1 F1500 X109.829 Y109.829 E260.21352
G0 F7200 X109.263 Y109.829
G1 F1500 X89.604 Y90.17 E260.67587
G0 F7200 X89.038 Y90.17
G1 F1500 X108.697 Y109.829 E261.13822
G0 F7200 X108.132 Y109.829
G1 F1500 X88.473 Y90.17 E261.60057
G0 F7200 X87.907 Y90.17
G1 F1500 X107.566 Y109.829 E262.06292
G0 F7200 X107 Y109.829
G1 F1500 X87.341 Y90.17 E262.52527
G0 F7200 X86.776 Y90.17
G1 F1500 X106.435 Y109.829 E262.98762
G0 F7200 X105.869 Y109.829
G1 F1500 X86.21 Y90.17 E263.44997
G0 F7200 X85.644 Y90.17
G1 F1500 X105.303 Y109.829 E263.91232
G0 F7200 X104.738 Y109.829
G1 F1500 X85.079 Y90.17 E264.37466
G0 F7200 X84.669 Y90.326
G1 F1500 X104.172 Y109.829 E264.83335
G0 F7200 X103.606 Y109.829
G1 F1500 X84.669 Y90.892 E265.27871
G0 F7200 X84.669 Y91.457
G1 F1500 X103.041 Y109.829 E265.7108
G0 F7200 X102.475 Y109.829
G1 F1500 X84.669 Y92.023 E266.12957
G0 F7200 X84.669 Y92.589
G1 F1500 X101.909 Y109.829 E266.53502
G0 F7200 X101.343 Y109.829
G1 F1500 X84.669 Y93.154 E266.92718
G0 F7200 X84.669 Y93.72
G1 F1500 X100.778 Y109.829 E267.30604
G0 F7200 X100.212 Y109.829
G1 F1500 X84.669 Y94.286 E267.67159
G0 F7200 X84.669 Y94.852
G1 F1500 X99.646 Y109.829 E268.02383
G0 F7200 X99.081 Y109.829
G1 F1500 X84.669 Y95.417 E268.36277
G0 F7200 X84.669 Y95.983
G1 F1500 X98.515 Y109.829 E268.68841
G0 F7200 X97.949 Y109.829
G1 F1500 X84.289 Y96.169 E269.00967
G0 F7200 X83.724 Y96.169
G1 F1500 X97.384 Y109.829 E269.33093
G0 F7200 X96.818 Y109.829
G1 F1500 X83.158 Y96.169 E269.6522
G0 F7200 X82.592 Y96.169
G1 F1500 X96.252 Y109.829 E269.97346
G0 F7200 X95.687 Y109.829
G1 F1500 X82.027 Y96.169 E270.29472
G0 F7200 X81.461 Y96.169
G1 F1500 X95.121 Y109.829 E270.61598
G0 F7200 X94.555 Y109.829
G1 F1500 X80.895 Y96.169 E270.93725
G0 F7200 X80.33 Y96.169
G1 F1500 X93.99 Y109.829 E271.25851
G0 F7200 X93.424 Y109.829
G1 F1500 X79.764 Y96.169 E271.57977
G0 F7200 X79.198 Y96.169
G1 F1500 X92.858 Y109.829 E271.90103
G0 F7200 X92.292 Y109.829
G1 F1500 X78.633 Y96.169 E272.22228
G0 F7200 X78.11 Y96.212
G1 F1500 X79.393 Y97.495 E272.25246
G0 F7200 X78.691 Y97.358
G1 F1500 X77.619 Y96.287 E272.27766
G0 F7200 X77.185 Y96.418
G1 F1500 X78.136 Y97.37 E272.30004
G0 F7200 X77.666 Y97.465
G1 F1500 X76.793 Y96.592 E272.32057
G0 F7200 X76.426 Y96.79
G1 F1500 X77.28 Y97.645 E272.34066
G0 F7200 X76.93 Y97.86
G1 F1500 X76.108 Y97.039 E272.35998
G0 F7200 X75.797 Y97.293
G1 F1500 X76.617 Y98.113 E272.37927
G0 F7200 X76.366 Y98.428
G1 F1500 X75.541 Y97.603 E272.39867
G0 F7200 X75.293 Y97.92
G1 F1500 X76.144 Y98.771 E272.41869
G0 F7200 X75.974 Y99.167
G1 F1500 X75.095 Y98.288 E272.43936
G0 F7200 X74.92 Y98.678
G1 F1500 X75.876 Y99.634 E272.46184
G0 F7200 X75.857 Y100.182
G1 F1500 X74.789 Y99.113 E272.48697
G0 F7200 X74.713 Y99.603
G1 F1500 X76.007 Y100.897 E272.5174
G1 X76.077 Y100.967
G0 F7200 X75.065 Y101.652
G1 F1500 X76.846 Y103.433 E272.55929
G1 X76.916 Y103.503
G0 F7200 X77.719 Y103.741
G1 F1500 X74.757 Y100.778 E272.62896
G0 F7200 X74.69 Y100.146
G1 F1500 X78.353 Y103.809 E272.71511
G0 F7200 X78.939 Y103.829
G1 F1500 X77.617 Y102.507 E272.7462
G0 F7200 X78.332 Y102.657
G1 F1500 X79.504 Y103.829 E272.77377
G0 F7200 X80.07 Y103.829
G1 F1500 X78.874 Y102.633 E272.8019
G0 F7200 X79.332 Y102.525
G1 F1500 X80.636 Y103.829 E272.83256
G0 F7200 X81.202 Y103.829
G1 F1500 X79.736 Y102.363 E272.86704
G0 F7200 X80.083 Y102.145
G1 F1500 X81.767 Y103.829 E272.90665
G0 F7200 X82.333 Y103.829
G1 F1500 X80.381 Y101.877 E272.95256
G0 F7200 X80.647 Y101.578
G1 F1500 X82.899 Y103.829 E273.00551
G0 F7200 X83.464 Y103.829
G1 F1500 X80.866 Y101.23 E273.06662
G0 F7200 X81.027 Y100.826
G1 F1500 X84.03 Y103.829 E273.13725
G0 F7200 X84.596 Y103.829
G1 F1500 X81.134 Y100.368 E273.21865
G0 F7200 X81.156 Y99.824
G1 F1500 X91.161 Y109.829 E273.45396
G0 F7200 X91.727 Y109.829
G1 F1500 X81.004 Y99.105 E273.70616
G1 X80.934 Y99.035
G0 F7200 X84.669 Y103.902
G1 F1500 X90.595 Y109.829 E273.84554
G0 F7200 X90.03 Y109.829
G1 F1500 X84.669 Y104.468 E273.97162
G0 F7200 X84.669 Y105.034
G1 F1500 X89.464 Y109.829 E274.08439
G0 F7200 X88.898 Y109.829
G1 F1500 X84.669 Y105.6 E274.18385
G0 F7200 X84.669 Y106.165
G1 F1500 X88.333 Y109.829 E274.27002
G0 F7200 X87.767 Y109.829
G1 F1500 X84.669 Y106.731 E274.34288
G0 F7200 X84.669 Y107.297
G1 F1500 X87.201 Y109.829 E274.40243
G0 F7200 X86.636 Y109.829
G1 F1500 X84.669 Y107.862 E274.44869
G0 F7200 X84.669 Y108.428
G1 F1500 X86.07 Y109.829 E274.48164
G0 F7200 X85.504 Y109.829
G1 F1500 X84.669 Y108.994 E274.50128
G0 F7200 X84.669 Y109.559
G1 F1500 X84.939 Y109.829 E274.50763
G0 F7200 X109.403 Y90.17
G1 F1500 X115.329 Y96.096 E274.647
G0 F7200 X115.329 Y95.53
G1 F1500 X109.969 Y90.17 E274.77306
G0 F7200 X110.534 Y90.17
G1 F1500 X115.329 Y94.965 E274.88583
G0 F7200 X115.329 Y94.399
G1 F1500 X111.1 Y90.17 E274.98529
G0 F7200 X111.666 Y90.17
G1 F1500 X115.329 Y93.833 E275.07144
G0 F7200 X115.329 Y93.268
G1 F1500 X112.231 Y90.17 E275.1443
G0 F7200 X112.797 Y90.17
G1 F1500 X115.329 Y92.702 E275.20385
G0 F7200 X115.329 Y92.136
G1 F1500 X113.363 Y90.17 E275.25009
G0 F7200 X113.929 Y90.17
G1 F1500 X115.329 Y91.571 E275.28302
G0 F7200 X115.329 Y91.005
G1 F1500 X114.494 Y90.17 E275.30266
G0 F7200 X115.06 Y90.17
G1 F1500 X115.329 Y90.439 E275.30899
;MESH:NONMESH
G0 F600 X115.329 Y90.439 Z0.8
G0 F7200 X78.954 Y97.844
G0 X78.949 Y97.943
;TIME_ELAPSED:481.039578
;LAYER:5
;TYPE:WALL-INNER
;MESH:drax_photo_base.stl
G1 F3000 X78.315 Y97.914 E275.31954
G1 X77.817 Y98.02 E275.32801
G1 X77.363 Y98.242 E275.33641
G1 X76.974 Y98.565 E275.34482
G1 X76.677 Y98.971 E275.35319
G1 X76.483 Y99.438 E275.3616
G1 X76.407 Y99.937 E275.36999
G1 X76.452 Y100.439 E275.37837
G1 X76.617 Y100.917 E275.38678
G1 X76.892 Y101.341 E275.39519
G1 X77.259 Y101.687 E275.40358
G1 X77.675 Y101.921 E275.41151
G1 X77.997 Y102.043 E275.41724
G1 X78.498 Y102.104 E275.42563
G1 X78.969 Y102.05 E275.43352
G1 X79.413 Y101.895 E275.44134
G1 X79.811 Y101.645 E275.44915
G1 X80.145 Y101.311 E275.45701
G1 X80.395 Y100.913 E275.46482
G1 X80.55 Y100.469 E275.47265
G1 X80.604 Y100 E275.4805
G1 X80.55 Y99.531 E275.48835
G1 X80.395 Y99.087 E275.49617
G1 X80.145 Y98.689 E275.50398
G1 X79.811 Y98.355 E275.51184
G1 X79.412 Y98.105 E275.51967
G1 X78.949 Y97.943 E275.52783
G0 F7200 X78.967 Y97.845
G0 X115.83 Y104.33
G0 X115.9 Y104.4
G1 F3000 X115.9 Y110.4 E275.62761
G1 X84.1 Y110.4 E276.15644
G1 X84.1 Y104.4 E276.25622
G1 X78.529 Y104.4 E276.34887
G1 X77.642 Y104.313 E276.36369
G1 X76.818 Y104.063 E276.37801
G1 X76.059 Y103.657 E276.39233
G1 X75.39 Y103.11 E276.4067
G1 X74.843 Y102.441 E276.42107
G1 X74.437 Y101.682 E276.43538
G1 X74.187 Y100.858 E276.4497
G1 X74.103 Y100 E276.46404
G1 X74.188 Y99.14 E276.47841
G1 X74.437 Y98.318 E276.4927
G1 X74.843 Y97.559 E276.50701
G1 X75.39 Y96.89 E276.52138
G1 X76.059 Y96.343 E276.53575
G1 X76.818 Y95.937 E276.55007
G1 X77.642 Y95.687 E276.56439
G1 X78.529 Y95.6 E276.57921
G1 X84.1 Y95.6 E276.67185
G1 X84.1 Y89.6 E276.77163
G1 X115.9 Y89.6 E277.30047
G1 X115.9 Y95.6 E277.40025
G1 X121.471 Y95.6 E277.4929
G1 X122.358 Y95.687 E277.50772
G1 X123.182 Y95.937 E277.52204
G1 X123.941 Y96.343 E277.53635
G1 X124.61 Y96.89 E277.55072
G1 X125.157 Y97.559 E277.5651
G1 X125.563 Y98.318 E277.57941
G1 X125.812 Y99.14 E277.59369
G1 X125.897 Y100 E277.60806
G1 X125.813 Y100.858 E277.6224
G1 X125.563 Y101.682 E277.63672
G1 X125.157 Y102.441 E277.65104
G1 X124.61 Y103.11 E277.66541
G1 X123.941 Y103.657 E277.67978
G1 X123.182 Y104.063 E277.69409
G1 X122.358 Y104.313 E277.70841
G1 X121.471 Y104.4 E277.72323
G1 X115.9 Y104.4 E277.81588
G0 F7200 X115.83 Y104.33
G0 X119.504 Y100.938
G0 X119.595 Y100.898
G1 F3000 X119.855 Y101.311 E277.824
G1 X120.189 Y101.645 E277.83185
G1 X120.587 Y101.895 E277.83967
G1 X121.031 Y102.05 E277.84749
G1 X121.5 Y102.104 E277.85534
G1 X121.969 Y102.05 E277.86319
G1 X122.413 Y101.895 E277.87101
G1 X122.811 Y101.645 E277.87883
G1 X123.145 Y101.311 E277.88668
G1 X123.395 Y100.913 E277.8945
G1 X123.55 Y100.469 E277.90232
G1 X123.604 Y100 E277.91017
G1 X123.55 Y99.531 E277.91802
G1 X123.395 Y99.087 E277.92584
G1 X123.145 Y98.689 E277.93366
G1 X122.811 Y98.355 E277.94151
G1 X122.413 Y98.105 E277.94933
G1 X121.951 Y97.944 E277.95747
G1 X121.331 Y97.911 E277.96779
G1 X120.863 Y98.005 E277.97573
G1 X120.436 Y98.196 E277.98351
G1 X120.062 Y98.477 E277.99129
G1 X119.758 Y98.836 E277.99911
G1 X119.543 Y99.252 E278.0069
G1 X119.424 Y99.714 E278.01483
G1 X119.423 Y100.291 E278.02443
G1 X119.595 Y100.898 E278.03492
G0 F7200 X119.964 Y100.733
;TYPE:WALL-OUTER
G1 F1500 X120.17 Y101.06 E278.04135
G1 X120.44 Y101.33 E278.0477
G1 X120.762 Y101.532 E278.05402
G1 X121.121 Y101.658 E278.06035
G1 X121.5 Y101.701 E278.06669
G1 X121.879 Y101.658 E278.07303
G1 X122.238 Y101.532 E278.07936
G1 X122.56 Y101.33 E278.08568
G1 X122.83 Y101.06 E278.09203
G1 X123.032 Y100.738 E278.09835
G1 X123.158 Y100.379 E278.10468
G1 X123.201 Y100 E278.11102
G1 X123.158 Y99.621 E278.11737
G1 X123.032 Y99.262 E278.12369
G1 X122.83 Y98.94 E278.13001
G1 X122.56 Y98.67 E278.13636
G1 X122.238 Y98.468 E278.14269
G1 X121.873 Y98.34 E278.14912
G1 X121.36 Y98.313 E278.15766
G1 X120.986 Y98.388 E278.16401
G1 X120.64 Y98.543 E278.17031
G1 X120.338 Y98.77 E278.17659
G1 X120.093 Y99.06 E278.18291
G1 X119.919 Y99.396 E278.1892
G1 X119.824 Y99.765 E278.19554
G1 X119.823 Y100.236 E278.20337
G1 X119.964 Y100.733 E278.21196
G0 F7200 X120.07 Y100.902
G0 X119.647 Y101.168
G0 X115.872 Y104.372
G0 X116.3 Y104.8
G1 F1500 X116.3 Y110.8 E278.31174
G1 X83.7 Y110.8 E278.85388
G1 X83.7 Y104.8 E278.95366
G1 X78.51 Y104.8 E279.03997
G1 X77.562 Y104.707 E279.05581
G1 X76.663 Y104.434 E279.07144
G1 X75.837 Y103.992 E279.08702
G1 X75.106 Y103.394 E279.10272
G1 X74.508 Y102.663 E279.11843
G1 X74.066 Y101.837 E279.13401
G1 X73.793 Y100.938 E279.14963
G1 X73.701 Y100 E279.16531
G1 X73.794 Y99.06 E279.18101
G1 X74.066 Y98.163 E279.1966
G1 X74.508 Y97.337 E279.21218
G1 X75.106 Y96.606 E279.22789
G1 X75.837 Y96.008 E279.24359
G1 X76.663 Y95.566 E279.25917
G1 X77.562 Y95.293 E279.2748
G1 X78.51 Y95.2 E279.29064
G1 X83.7 Y95.2 E279.37695
G1 X83.7 Y89.2 E279.47673
G1 X116.3 Y89.2 E280.01887
G1 X116.3 Y95.2 E280.11865
G1 X121.49 Y95.2 E280.20496
G1 X122.438 Y95.293 E280.2208
G1 X123.337 Y95.566 E280.23643
G1 X124.163 Y96.008 E280.252
G1 X124.894 Y96.606 E280.26771
G1 X125.492 Y97.337 E280.28342
G1 X125.934 Y98.163 E280.299
G1 X126.206 Y99.06 E280.31458
G1 X126.299 Y100 E280.33029
G1 X126.207 Y100.938 E280.34597
G1 X125.934 Y101.837 E280.36159
G1 X125.492 Y102.663 E280.37717
G1 X124.894 Y103.394 E280.39288
G1 X124.163 Y103.992 E280.40858
G1 X123.337 Y104.434 E280.42416
G1 X122.438 Y104.707 E280.43979
G1 X121.49 Y104.8 E280.45563
G1 X116.3 Y104.8 E280.54194
G0 F7200 X116.3 Y105
G0 X115.8 Y105
G0 X78.895 Y97.841
G0 X78.872 Y98.34
G1 F1500 X78.348 Y98.316 E280.55066
G1 X77.948 Y98.401 E280.55746
G1 X77.582 Y98.58 E280.56424
G1 X77.268 Y98.841 E280.57103
G1 X77.028 Y99.169 E280.57779
G1 X76.871 Y99.546 E280.58458
G1 X76.81 Y99.949 E280.59136
G1 X76.846 Y100.355 E280.59813
G1 X76.979 Y100.74 E280.60491
G1 X77.201 Y101.083 E280.6117
G1 X77.498 Y101.362 E280.61848
G1 X77.845 Y101.558 E280.62511
G1 X78.093 Y101.652 E280.62952
G1 X78.499 Y101.701 E280.63632
G1 X78.879 Y101.658 E280.64268
G1 X79.238 Y101.532 E280.64901
G1 X79.56 Y101.33 E280.65533
G1 X79.83 Y101.06 E280.66168
G1 X80.032 Y100.738 E280.668
G1 X80.158 Y100.379 E280.67433
G1 X80.201 Y100 E280.68067
G1 X80.158 Y99.621 E280.68701
G1 X80.032 Y99.262 E280.69334
G1 X79.83 Y98.94 E280.69966
G1 X79.56 Y98.67 E280.70601
G1 X79.238 Y98.468 E280.71233
G1 X78.872 Y98.34 E280.71878
G0 F7200 X78.672 Y98.331
G0 X79.024 Y97.556
;TYPE:SKIN
G1 F1500 X78.282 Y97.522 E280.73113
G1 X77.688 Y97.649 E280.74123
G1 X77.15 Y97.912 E280.75119
G1 X76.688 Y98.296 E280.76118
G1 X76.334 Y98.778 E280.77113
G1 X76.105 Y99.333 E280.78111
G1 X76.015 Y99.925 E280.79107
G1 X76.068 Y100.521 E280.80102
G1 X76.264 Y101.089 E280.81101
G1 X76.59 Y101.593 E280.821
G1 X77.027 Y102.003 E280.83096
G1 X77.509 Y102.276 E280.84017
G1 X77.903 Y102.425 E280.84718
G1 X78.496 Y102.496 E280.85711
G1 X79.057 Y102.432 E280.8665
G1 X79.583 Y102.248 E280.87577
G1 X80.055 Y101.951 E280.88504
G1 X80.451 Y101.555 E280.89436
G1 X80.748 Y101.083 E280.90363
G1 X80.932 Y100.557 E280.9129
G1 X80.996 Y100 E280.92222
G1 X80.932 Y99.443 E280.93154
G1 X80.748 Y98.917 E280.94081
G1 X80.451 Y98.445 E280.95009
G1 X80.055 Y98.048 E280.95941
G1 X79.582 Y97.752 E280.96869
G1 X79.024 Y97.556 E280.97853
G0 F7200 X78.547 Y95.99
G1 F1500 X84.49 Y95.99 E281.07736
G1 X84.49 Y89.99 E281.17714
G1 X115.51 Y89.99 E281.693
G1 X115.51 Y95.99 E281.79278
G1 X121.453 Y95.99 E281.89162
G1 X122.282 Y96.071 E281.90547
G1 X123.035 Y96.299 E281.91855
G1 X123.72 Y96.666 E281.93148
G1 X124.333 Y97.167 E281.94464
G1 X124.834 Y97.78 E281.95781
G1 X125.201 Y98.465 E281.97073
G1 X125.428 Y99.215 E281.98376
G1 X125.505 Y100 E281.99688
G1 X125.429 Y100.782 E282.00994
G1 X125.201 Y101.535 E282.02303
G1 X124.834 Y102.22 E282.03595
G1 X124.333 Y102.833 E282.04912
G1 X123.72 Y103.334 E282.06228
G1 X123.035 Y103.701 E282.07521
G1 X122.282 Y103.929 E282.08829
G1 X121.453 Y104.01 E282.10214
G1 X115.51 Y104.01 E282.20098
G1 X115.51 Y110.01 E282.30076
G1 X84.49 Y110.01 E282.81662
G1 X84.49 Y104.01 E282.9164
G1 X78.547 Y104.01 E283.01523
G1 X77.718 Y103.929 E283.02909
G1 X76.965 Y103.701 E283.04217
G1 X76.28 Y103.334 E283.05509
G1 X75.667 Y102.833 E283.06826
G1 X75.166 Y102.22 E283.08142
G1 X74.799 Y101.535 E283.09435
G1 X74.571 Y100.782 E283.10743
G1 X74.495 Y100 E283.1205
G1 X74.572 Y99.215 E283.13362
G1 X74.799 Y98.465 E283.14665
G1 X75.166 Y97.78 E283.15957
G1 X75.667 Y97.167 E283.17274
G1 X76.28 Y96.666 E283.1859
G1 X76.965 Y96.299 E283.19883
G1 X77.718 Y96.071 E283.21191
G1 X78.547 Y95.99 E283.22576
G0 F7200 X119.034 Y99.664
G1 F1500 X119.033 Y100.345 E283.23709
G1 X119.235 Y101.058 E283.24941
G1 X119.549 Y101.556 E283.2592
G1 X119.945 Y101.952 E283.26851
G1 X120.417 Y102.248 E283.27778
G1 X120.943 Y102.432 E283.28705
G1 X121.5 Y102.496 E283.29637
G1 X122.057 Y102.432 E283.30569
G1 X122.583 Y102.248 E283.31496
G1 X123.055 Y101.951 E283.32424
G1 X123.451 Y101.555 E283.33355
G1 X123.748 Y101.083 E283.34282
G1 X123.932 Y100.557 E283.35209
G1 X123.996 Y100 E283.36141
G1 X123.932 Y99.443 E283.37074
G1 X123.748 Y98.917 E283.38001
G1 X123.451 Y98.445 E283.38928
G1 X123.055 Y98.049 E283.39859
G1 X122.583 Y97.752 E283.40787
G1 X122.027 Y97.558 E283.41766
G1 X121.302 Y97.519 E283.42973
G1 X120.744 Y97.631 E283.4392
G1 X120.237 Y97.858 E283.44844
G1 X119.793 Y98.192 E283.45768
G1 X119.432 Y98.618 E283.46696
G1 X119.176 Y99.112 E283.47622
G1 X119.034 Y99.664 E283.48569
G0 F7200 X119.559 Y100.914
G0 X120.165 Y101.676
G0 X120.977 Y102.072
G0 X124.514 Y102.325
G1 F1500 X123.824 Y103.015 E283.50192
G1 X123.754 Y103.085
G0 F7200 X122.854 Y102.288
G1 F1500 X121.312 Y103.83 E283.53819
G0 F7200 X120.746 Y103.83
G1 F1500 X121.952 Y102.624 E283.56655
G0 F7200 X121.351 Y102.659
G1 F1500 X120.181 Y103.83 E283.59408
G0 F7200 X119.615 Y103.83
G1 F1500 X120.854 Y102.591 E283.62322
G0 F7200 X120.435 Y102.444
G1 F1500 X119.049 Y103.83 E283.65581
G0 F7200 X118.484 Y103.83
G1 F1500 X120.071 Y102.242 E283.69315
G0 F7200 X119.743 Y102.005
G1 F1500 X117.918 Y103.83 E283.73607
G0 F7200 X117.352 Y103.83
G1 F1500 X119.46 Y101.722 E283.78565
G0 F7200 X119.229 Y101.387
G1 F1500 X116.787 Y103.83 E283.84309
G0 F7200 X116.221 Y103.83
G1 F1500 X119.034 Y101.017 E283.90925
G0 F7200 X118.909 Y100.576
G1 F1500 X115.655 Y103.83 E283.98578
G0 F7200 X115.329 Y104.156
G1 F1500 X109.655 Y109.829 E284.11921
G0 F7200 X109.09 Y109.829
G1 F1500 X118.852 Y100.067 E284.3488
G0 F7200 X118.9 Y99.453
G1 F1500 X108.524 Y109.829 E284.59283
G0 F7200 X107.958 Y109.829
G1 F1500 X119.329 Y98.459 E284.86024
G1 X119.399 Y98.389
G0 F7200 X119.911 Y97.877
G1 F1500 X121.603 Y96.184 E284.90005
G0 F7200 X122.118 Y96.235
G1 F1500 X120.947 Y97.406 E284.92759
G0 F7200 X121.566 Y97.353
G1 F1500 X122.574 Y96.346 E284.95128
G0 F7200 X123.001 Y96.484
G1 F1500 X122.094 Y97.391 E284.97261
G0 F7200 X122.513 Y97.538
G1 F1500 X123.369 Y96.682 E284.99275
G0 F7200 X123.718 Y96.898
G1 F1500 X122.885 Y97.731 E285.01234
G0 F7200 X123.221 Y97.961
G1 F1500 X124.03 Y97.152 E285.03136
G0 F7200 X124.316 Y97.432
G1 F1500 X123.504 Y98.244 E285.05046
G0 F7200 X123.742 Y98.571
G1 F1500 X124.57 Y97.744 E285.06992
G0 F7200 X124.793 Y98.087
G1 F1500 X123.944 Y98.935 E285.08988
G0 F7200 X124.091 Y99.354
G1 F1500 X124.991 Y98.454 E285.11104
G0 F7200 X125.136 Y98.874
G1 F1500 X124.16 Y99.851 E285.13401
G0 F7200 X124.124 Y100.452
G1 F1500 X125.256 Y99.32 E285.16063
G0 F7200 X125.307 Y99.835
G1 F1500 X123.788 Y101.354 E285.19636
G1 X123.718 Y101.424
G0 F7200 X125.132 Y101.141
G1 F1500 X122.639 Y103.634 E285.25499
G0 F7200 X121.924 Y103.784
G1 F1500 X125.281 Y100.426 E285.33395
G1 X125.351 Y100.356
G0 F7200 X121.053 Y96.17
G1 F1500 X107.393 Y109.829 E285.6552
G0 F7200 X106.827 Y109.829
G1 F1500 X120.487 Y96.17 E285.97645
G0 F7200 X119.921 Y96.17
G1 F1500 X106.261 Y109.829 E286.2977
G0 F7200 X105.696 Y109.829
G1 F1500 X119.356 Y96.17 E286.61895
G0 F7200 X118.79 Y96.17
G1 F1500 X105.13 Y109.829 E286.9402
G0 F7200 X104.564 Y109.829
G1 F1500 X118.224 Y96.17 E287.26145
G0 F7200 X117.659 Y96.17
G1 F1500 X103.999 Y109.829 E287.5827
G0 F7200 X103.433 Y109.829
G1 F1500 X117.093 Y96.17 E287.90396
G0 F7200 X116.527 Y96.17
G1 F1500 X102.867 Y109.829 E288.22521
G0 F7200 X102.302 Y109.829
G1 F1500 X115.961 Y96.17 E288.54644
G0 F7200 X115.396 Y96.17
G1 F1500 X101.736 Y109.829 E288.8677
G0 F7200 X101.17 Y109.829
G1 F1500 X115.329 Y95.671 E289.20068
G0 F7200 X115.329 Y95.105
G1 F1500 X100.605 Y109.829 E289.54697
G0 F7200 X100.039 Y109.829
G1 F1500 X115.329 Y94.54 E289.90655
G0 F7200 X115.329 Y93.974
G1 F1500 X99.473 Y109.829 E290.27945
G0 F7200 X98.907 Y109.829
G1 F1500 X115.329 Y93.408 E290.66566
G0 F7200 X115.329 Y92.843
G1 F1500 X98.342 Y109.829 E291.06515
G0 F7200 X97.776 Y109.829
G1 F1500 X115.329 Y92.277 E291.47796
G0 F7200 X115.329 Y91.711
G1 F1500 X97.21 Y109.829 E291.90408
G0 F7200 X96.645 Y109.829
G1 F1500 X115.329 Y91.146 E292.34349
G0 F7200 X115.329 Y90.58
G1 F1500 X96.079 Y109.829 E292.79621
G0 F7200 X95.513 Y109.829
G1 F1500 X115.174 Y90.169 E293.25859
G0 F7200 X114.608 Y90.169
G1 F1500 X94.948 Y109.829 E293.72097
G0 F7200 X94.382 Y109.829
G1 F1500 X114.042 Y90.169 E294.18334
G0 F7200 X113.477 Y90.169
G1 F1500 X93.816 Y109.829 E294.64572
G0 F7200 X93.251 Y109.829
G1 F1500 X112.911 Y90.169 E295.1081
G0 F7200 X112.345 Y90.169
G1 F1500 X92.685 Y109.829 E295.57047
G0 F7200 X92.119 Y109.829
G1 F1500 X111.78 Y90.169 E296.03285
G0 F7200 X111.214 Y90.169
G1 F1500 X91.554 Y109.829 E296.49523
G0 F7200 X90.988 Y109.829
G1 F1500 X110.648 Y90.169 E296.9576
G0 F7200 X110.083 Y90.169
G1 F1500 X90.422 Y109.829 E297.41999
G0 F7200 X89.857 Y109.829
G1 F1500 X109.517 Y90.169 E297.88236
G0 F7200 X108.951 Y90.169
G1 F1500 X89.291 Y109.829 E298.34473
G0 F7200 X88.725 Y109.829
G1 F1500 X108.386 Y90.169 E298.80712
G0 F7200 X107.82 Y90.169
G1 F1500 X88.159 Y109.829 E299.2695
G0 F7200 X87.594 Y109.829
G1 F1500 X107.254 Y90.169 E299.73187
G0 F7200 X106.688 Y90.169
G1 F1500 X87.028 Y109.829 E300.19425
G0 F7200 X86.462 Y109.829
G1 F1500 X106.123 Y90.169 E300.65663
G0 F7200 X105.557 Y90.169
G1 F1500 X85.897 Y109.829 E301.11901
G0 F7200 X85.331 Y109.829
G1 F1500 X104.991 Y90.169 E301.58138
G0 F7200 X104.426 Y90.169
G1 F1500 X84.765 Y109.829 E302.04376
G0 F7200 X84.67 Y109.359
G1 F1500 X103.86 Y90.169 E302.49508
G0 F7200 X103.294 Y90.169
G1 F1500 X84.67 Y108.794 E302.9331
G0 F7200 X84.67 Y108.228
G1 F1500 X102.729 Y90.169 E303.35782
G0 F7200 X102.163 Y90.169
G1 F1500 X84.67 Y107.662 E303.76923
G0 F7200 X84.67 Y107.096
G1 F1500 X101.597 Y90.169 E304.16733
G0 F7200 X101.032 Y90.169
G1 F1500 X84.67 Y106.531 E304.55214
G0 F7200 X84.67 Y105.965
G1 F1500 X100.466 Y90.169 E304.92363
G0 F7200 X99.9 Y90.169
G1 F1500 X84.67 Y105.399 E305.28182
G0 F7200 X84.67 Y104.834
G1 F1500 X99.335 Y90.169 E305.62672
G0 F7200 X98.769 Y90.169
G1 F1500 X84.67 Y104.268 E305.95831
G0 F7200 X84.543 Y103.829
G1 F1500 X98.203 Y90.169 E306.27957
G0 F7200 X97.638 Y90.169
G1 F1500 X83.978 Y103.829 E306.60083
G0 F7200 X83.412 Y103.829
G1 F1500 X97.072 Y90.169 E306.92209
G0 F7200 X96.506 Y90.169
G1 F1500 X82.846 Y103.829 E307.24336
G0 F7200 X82.281 Y103.829
G1 F1500 X95.94 Y90.169 E307.56461
G0 F7200 X95.375 Y90.169
G1 F1500 X81.715 Y103.829 E307.88587
G0 F7200 X81.149 Y103.829
G1 F1500 X94.809 Y90.169 E308.20713
G0 F7200 X94.243 Y90.169
G1 F1500 X80.584 Y103.829 E308.52838
G0 F7200 X80.018 Y103.829
G1 F1500 X93.678 Y90.169 E308.84964
G0 F7200 X93.112 Y90.169
G1 F1500 X79.452 Y103.829 E309.17091
G0 F7200 X78.886 Y103.829
G1 F1500 X92.546 Y90.169 E309.49217
G0 F7200 X91.981 Y90.169
G1 F1500 X80.776 Y101.374 E309.75569
G1 X80.706 Y101.444
G0 F7200 X81.124 Y100.46
G1 F1500 X91.415 Y90.169 E309.99772
G0 F7200 X90.849 Y90.169
G1 F1500 X81.161 Y99.857 E310.22557
G0 F7200 X81.093 Y99.359
G1 F1500 X84.284 Y96.169 E310.3006
G0 F7200 X84.67 Y95.783
G1 F1500 X90.284 Y90.169 E310.43264
G0 F7200 X89.718 Y90.169
G1 F1500 X84.67 Y95.217 E310.55136
G0 F7200 X84.67 Y94.651
G1 F1500 X89.152 Y90.169 E310.65677
G0 F7200 X88.587 Y90.169
G1 F1500 X84.67 Y94.086 E310.74889
G0 F7200 X84.67 Y93.52
G1 F1500 X88.021 Y90.169 E310.8277
G0 F7200 X87.455 Y90.169
G1 F1500 X84.67 Y92.954 E310.8932
G0 F7200 X84.67 Y92.389
G1 F1500 X86.889 Y90.169 E310.9454
G0 F7200 X86.324 Y90.169
G1 F1500 X84.67 Y91.823 E310.9843
G0 F7200 X84.67 Y91.257
G1 F1500 X85.758 Y90.169 E311.00988
G0 F7200 X85.192 Y90.169
G1 F1500 X84.67 Y90.692 E311.02217
G0 F7200 X84.128 Y95.628
G0 X83.718 Y96.169
G1 F1500 X80.946 Y98.941 E311.08737
G0 F7200 X80.745 Y98.576
G1 F1500 X83.152 Y96.169 E311.14398
G0 F7200 X82.587 Y96.169
G1 F1500 X80.509 Y98.247 E311.19285
G0 F7200 X80.226 Y97.964
G1 F1500 X82.021 Y96.169 E311.23506
G0 F7200 X81.455 Y96.169
G1 F1500 X79.891 Y97.733 E311.27185
G0 F7200 X79.519 Y97.539
G1 F1500 X80.89 Y96.169 E311.30408
G0 F7200 X80.324 Y96.169
G1 F1500 X79.1 Y97.393 E311.33286
G0 F7200 X78.572 Y97.355
G1 F1500 X79.758 Y96.169 E311.36076
G0 F7200 X79.193 Y96.169
G1 F1500 X77.954 Y97.408 E311.3899
G1 X77.884 Y97.478
G0 F7200 X76.967 Y97.828
G1 F1500 X78.627 Y96.169 E311.42893
G0 F7200 X78.009 Y96.221
G1 F1500 X74.724 Y99.506 E311.50618
G0 F7200 X74.687 Y100.109
G1 F1500 X76.361 Y98.435 E311.54555
G1 X76.431 Y98.365
G0 F7200 X75.904 Y99.458
G1 F1500 X74.736 Y100.625 E311.57301
G0 F7200 X74.848 Y101.079
G1 F1500 X75.847 Y100.08 E311.59651
G0 F7200 X75.902 Y100.591
G1 F1500 X74.987 Y101.506 E311.61803
G0 F7200 X75.185 Y101.874
G1 F1500 X76.047 Y101.012 E311.6383
G0 F7200 X76.24 Y101.384
G1 F1500 X75.402 Y102.222 E311.65801
G0 F7200 X75.656 Y102.534
G1 F1500 X76.467 Y101.723 E311.67708
G0 F7200 X76.759 Y101.996
G1 F1500 X75.936 Y102.82 E311.69645
G0 F7200 X76.248 Y103.074
G1 F1500 X77.082 Y102.239 E311.71607
G0 F7200 X77.444 Y102.443
G1 F1500 X76.59 Y103.296 E311.73615
G0 F7200 X76.958 Y103.494
G1 F1500 X77.855 Y102.598 E311.75723
G0 F7200 X78.359 Y102.659
G1 F1500 X77.38 Y103.639 E311.78027
G0 F7200 X77.826 Y103.758
G1 F1500 X78.963 Y102.621 E311.80701
G1 X79.033 Y102.551
G0 F7200 X79.875 Y102.275
G1 F1500 X78.341 Y103.808 E311.84307
G1 X78.271 Y103.878
G0 F7200 X74.892 Y98.772
G1 F1500 X77.274 Y96.391 E311.89908
G1 X77.344 Y96.321
G0 F7200 X75.849 Y97.249
G1 F1500 X75.751 Y97.348 E311.9014
G0 F7200 X78.956 Y97.904
G0 X110.221 Y109.829
G1 F1500 X115.329 Y104.722 E312.02152
G0 F7200 X115.329 Y105.288
G1 F1500 X110.787 Y109.829 E312.12833
G0 F7200 X111.353 Y109.829
G1 F1500 X115.329 Y105.853 E312.22184
G0 F7200 X115.329 Y106.419
G1 F1500 X111.918 Y109.829 E312.30205
G0 F7200 X112.484 Y109.829
G1 F1500 X115.329 Y106.985 E312.36895
G0 F7200 X115.329 Y107.55
G1 F1500 X113.05 Y109.829 E312.42255
G0 F7200 X113.615 Y109.829
G1 F1500 X115.329 Y108.116 E312.46284
G0 F7200 X115.329 Y108.682
G1 F1500 X114.181 Y109.829 E312.48983
G0 F7200 X114.747 Y109.829
G1 F1500 X115.329 Y109.247 E312.50352
G1 X115.399 Y109.177
;MESH:NONMESH
G0 F600 X115.399 Y109.177 Z0.9
G0 F7200 X78.952 Y97.843
G0 X78.948 Y97.942
;TIME_ELAPSED:572.685550
;LAYER:6
;TYPE:WALL-INNER
;MESH:drax_photo_base.stl
G1 F3000 X78.292 Y97.916 E312.51444
G1 X77.793 Y98.029 E312.52295
G1 X77.342 Y98.255 E312.53133
G1 X76.958 Y98.583 E312.53973
G1 X76.664 Y98.993 E312.54812
G1 X76.475 Y99.462 E312.55653
G1 X76.407 Y99.964 E312.56496
G1 X76.459 Y100.464 E312.57332
G1 X76.629 Y100.939 E312.58171
G1 X76.909 Y101.36 E312.59012
G1 X77.28 Y101.702 E312.59851
G1 X77.695 Y101.928 E312.60636
G1 X77.995 Y102.043 E312.61171
G1 X78.498 Y102.104 E312.62013
G1 X78.969 Y102.05 E312.62802
G1 X79.413 Y101.895 E312.63584
G1 X79.811 Y101.645 E312.64366
G1 X80.145 Y101.311 E312.65151
G1 X80.395 Y100.913 E312.65933
G1 X80.55 Y100.469 E312.66715
G1 X80.604 Y100 E312.675
G1 X80.55 Y99.531 E312.68285
G1 X80.395 Y99.087 E312.69067
G1 X80.145 Y98.689 E312.69849
G1 X79.811 Y98.355 E312.70634
G1 X79.413 Y98.106 E312.71415
G1 X78.948 Y97.942 E312.72235
G0 F7200 X78.966 Y97.844
G0 X115.83 Y104.33
G0 X115.9 Y104.4
G1 F3000 X115.9 Y110.4 E312.82213
G1 X84.1 Y110.4 E313.35097
G1 X84.1 Y104.4 E313.45075
G1 X78.529 Y104.4 E313.54339
G1 X77.642 Y104.313 E313.55821
G1 X76.818 Y104.063 E313.57253
G1 X76.059 Y103.657 E313.58685
G1 X75.39 Y103.11 E313.60122
G1 X74.843 Y102.441 E313.61559
G1 X74.437 Y101.682 E313.6299
G1 X74.187 Y100.858 E313.64422
G1 X74.103 Y100 E313.65856
G1 X74.187 Y99.142 E313.6729
G1 X74.437 Y98.318 E313.68722
G1 X74.843 Y97.559 E313.70153
G1 X75.39 Y96.89 E313.7159
G1 X76.059 Y96.343 E313.73027
G1 X76.818 Y95.937 E313.74459
G1 X77.642 Y95.687 E313.75891
G1 X78.529 Y95.6 E313.77373
G1 X84.1 Y95.6 E313.86638
G1 X84.1 Y89.6 E313.96616
G1 X115.9 Y89.6 E314.49499
G1 X115.9 Y95.6 E314.59477
G1 X121.471 Y95.6 E314.68742
G1 X122.358 Y95.687 E314.70224
G1 X123.182 Y95.937 E314.71656
G1 X123.941 Y96.343 E314.73088
G1 X124.61 Y96.89 E314.74525
G1 X125.157 Y97.559 E314.75962
G1 X125.563 Y98.318 E314.77393
G1 X125.813 Y99.142 E314.78825
G1 X125.897 Y100 E314.80259
G1 X125.813 Y100.858 E314.81693
G1 X125.563 Y101.682 E314.83125
G1 X125.157 Y102.441 E314.84556
G1 X124.61 Y103.11 E314.85993
G1 X123.941 Y103.657 E314.8743
G1 X123.182 Y104.063 E314.88862
G1 X122.358 Y104.313 E314.90294
G1 X121.471 Y104.4 E314.91776
G1 X115.9 Y104.4 E315.01041
G0 F7200 X115.83 Y104.33
G0 X119.503 Y100.937
G0 X119.594 Y100.897
G1 F3000 X119.855 Y101.311 E315.01854
G1 X120.189 Y101.645 E315.0264
G1 X120.587 Y101.895 E315.03422
G1 X121.031 Y102.05 E315.04204
G1 X121.5 Y102.104 E315.04989
G1 X121.969 Y102.05 E315.05774
G1 X122.413 Y101.895 E315.06556
G1 X122.811 Y101.645 E315.07338
G1 X123.145 Y101.311 E315.08123
G1 X123.395 Y100.913 E315.08905
G1 X123.55 Y100.469 E315.09687
G1 X123.604 Y100 E315.10472
G1 X123.55 Y99.531 E315.11257
G1 X123.395 Y99.087 E315.12039
G1 X123.145 Y98.689 E315.12821
G1 X122.811 Y98.355 E315.13606
G1 X122.412 Y98.105 E315.14389
G1 X121.949 Y97.943 E315.15205
G1 X121.31 Y97.913 E315.16269
G1 X120.841 Y98.012 E315.17066
G1 X120.416 Y98.209 E315.17845
G1 X120.045 Y98.493 E315.18622
G1 X119.745 Y98.856 E315.19405
G1 X119.535 Y99.275 E315.20185
G1 X119.422 Y99.734 E315.20971
G1 X119.421 Y100.272 E315.21865
G1 X119.594 Y100.897 E315.22944
G0 F7200 X119.964 Y100.733
;TYPE:WALL-OUTER
G1 F1500 X120.17 Y101.06 E315.23586
G1 X120.44 Y101.33 E315.24221
G1 X120.762 Y101.532 E315.24854
G1 X121.121 Y101.658 E315.25486
G1 X121.5 Y101.701 E315.26121
G1 X121.879 Y101.658 E315.26755
G1 X122.238 Y101.532 E315.27388
G1 X122.56 Y101.33 E315.2802
G1 X122.83 Y101.06 E315.28655
G1 X123.032 Y100.738 E315.29287
G1 X123.158 Y100.379 E315.2992
G1 X123.201 Y100 E315.30554
G1 X123.158 Y99.621 E315.31188
G1 X123.032 Y99.262 E315.31821
G1 X122.83 Y98.94 E315.32453
G1 X122.56 Y98.67 E315.33088
G1 X122.238 Y98.468 E315.3372
G1 X121.872 Y98.34 E315.34365
G1 X121.342 Y98.315 E315.35248
G1 X120.968 Y98.394 E315.35883
G1 X120.624 Y98.553 E315.36513
G1 X120.324 Y98.783 E315.37142
G1 X120.082 Y99.076 E315.37774
G1 X119.913 Y99.414 E315.38403
G1 X119.822 Y99.783 E315.39035
G1 X119.821 Y100.218 E315.39758
G1 X119.964 Y100.733 E315.40647
G0 F7200 X120.07 Y100.902
G0 X119.647 Y101.168
G0 X115.872 Y104.372
G0 X116.3 Y104.8
G1 F1500 X116.3 Y110.8 E315.50625
G1 X83.7 Y110.8 E316.04839
G1 X83.7 Y104.8 E316.14817
G1 X78.51 Y104.8 E316.23448
G1 X77.562 Y104.707 E316.25032
G1 X76.663 Y104.434 E316.26594
G1 X75.837 Y103.992 E316.28152
G1 X75.106 Y103.394 E316.29723
G1 X74.508 Y102.663 E316.31294
G1 X74.066 Y101.837 E316.32852
G1 X73.793 Y100.938 E316.34414
G1 X73.701 Y100 E316.35981
G1 X73.793 Y99.062 E316.37549
G1 X74.066 Y98.163 E316.39111
G1 X74.508 Y97.337 E316.40669
G1 X75.106 Y96.606 E316.4224
G1 X75.837 Y96.008 E316.4381
G1 X76.663 Y95.566 E316.45368
G1 X77.562 Y95.293 E316.46931
G1 X78.51 Y95.2 E316.48515
G1 X83.7 Y95.2 E316.57146
G1 X83.7 Y89.2 E316.67124
G1 X116.3 Y89.2 E317.21338
G1 X116.3 Y95.2 E317.31316
G1 X121.49 Y95.2 E317.39947
G1 X122.438 Y95.293 E317.41531
G1 X123.337 Y95.566 E317.43094
G1 X124.163 Y96.008 E317.44652
G1 X124.894 Y96.606 E317.46222
G1 X125.492 Y97.337 E317.47793
G1 X125.934 Y98.163 E317.49351
G1 X126.207 Y99.062 E317.50913
G1 X126.299 Y100 E317.52481
G1 X126.207 Y100.938 E317.54048
G1 X125.934 Y101.837 E317.5561
G1 X125.492 Y102.663 E317.57168
G1 X124.894 Y103.394 E317.58739
G1 X124.163 Y103.992 E317.6031
G1 X123.337 Y104.434 E317.61867
G1 X122.438 Y104.707 E317.6343
G1 X121.49 Y104.8 E317.65014
G1 X116.3 Y104.8 E317.73645
G0 F7200 X116.3 Y105
G0 X115.8 Y105
G0 X79.038 Y97.869
G0 X78.872 Y98.339
G1 F1500 X78.329 Y98.318 E317.74549
G1 X77.929 Y98.408 E317.75231
G1 X77.565 Y98.591 E317.75908
G1 X77.255 Y98.856 E317.76586
G1 X77.017 Y99.187 E317.77264
G1 X76.865 Y99.565 E317.77942
G1 X76.81 Y99.97 E317.78622
G1 X76.852 Y100.375 E317.79299
G1 X76.989 Y100.758 E317.79975
G1 X77.215 Y101.098 E317.80654
G1 X77.515 Y101.374 E317.81332
G1 X77.863 Y101.564 E317.81991
G1 X78.092 Y101.652 E317.82399
G1 X78.499 Y101.701 E317.83081
G1 X78.879 Y101.658 E317.83717
G1 X79.238 Y101.532 E317.8435
G1 X79.56 Y101.33 E317.84982
G1 X79.83 Y101.06 E317.85617
G1 X80.032 Y100.738 E317.86249
G1 X80.158 Y100.379 E317.86882
G1 X80.201 Y100 E317.87516
G1 X80.158 Y99.621 E317.8815
G1 X80.032 Y99.262 E317.88783
G1 X79.83 Y98.94 E317.89415
G1 X79.56 Y98.67 E317.9005
G1 X79.238 Y98.468 E317.90682
G1 X78.872 Y98.339 E317.91328
G0 F7200 X78.672 Y98.332
G0 X79.022 Y97.554
;TYPE:SKIN
G1 F1500 X78.257 Y97.524 E317.92601
G1 X77.66 Y97.659 E317.93619
G1 X77.125 Y97.928 E317.94615
G1 X76.669 Y98.317 E317.95611
G1 X76.319 Y98.804 E317.96609
G1 X76.095 Y99.361 E317.97607
G1 X76.015 Y99.958 E317.98609
G1 X76.076 Y100.551 E317.996
G1 X76.278 Y101.115 E318.00596
G1 X76.61 Y101.615 E318.01595
G1 X77.052 Y102.022 E318.02594
G1 X77.531 Y102.283 E318.03501
G1 X77.9 Y102.425 E318.04158
G1 X78.496 Y102.496 E318.05157
G1 X79.057 Y102.432 E318.06096
G1 X79.583 Y102.248 E318.07022
G1 X80.055 Y101.951 E318.0795
G1 X80.451 Y101.555 E318.08881
G1 X80.748 Y101.083 E318.09809
G1 X80.932 Y100.557 E318.10735
G1 X80.996 Y100 E318.11668
G1 X80.932 Y99.443 E318.126
G1 X80.748 Y98.917 E318.13527
G1 X80.451 Y98.445 E318.14454
G1 X80.055 Y98.048 E318.15387
G1 X79.583 Y97.753 E318.16312
G1 X79.022 Y97.554 E318.17302
G0 F7200 X78.547 Y95.99
G1 F1500 X84.49 Y95.99 E318.27185
G1 X84.49 Y89.99 E318.37163
G1 X115.51 Y89.99 E318.8875
G1 X115.51 Y95.99 E318.98728
G1 X121.453 Y95.99 E319.08611
G1 X122.282 Y96.071 E319.09996
G1 X123.035 Y96.299 E319.11305
G1 X123.72 Y96.666 E319.12597
G1 X124.333 Y97.167 E319.13914
G1 X124.834 Y97.78 E319.1523
G1 X125.201 Y98.465 E319.16523
G1 X125.429 Y99.218 E319.17831
G1 X125.505 Y100 E319.19138
G1 X125.429 Y100.782 E319.20444
G1 X125.201 Y101.535 E319.21753
G1 X124.834 Y102.22 E319.23045
G1 X124.333 Y102.833 E319.24362
G1 X123.72 Y103.334 E319.25678
G1 X123.035 Y103.701 E319.26971
G1 X122.282 Y103.929 E319.28279
G1 X121.453 Y104.01 E319.29664
G1 X115.51 Y104.01 E319.39547
G1 X115.51 Y110.01 E319.49525
G1 X84.49 Y110.01 E320.01112
G1 X84.49 Y104.01 E320.1109
G1 X78.547 Y104.01 E320.20973
G1 X77.718 Y103.929 E320.22358
G1 X76.965 Y103.701 E320.23667
G1 X76.28 Y103.334 E320.24959
G1 X75.667 Y102.833 E320.26276
G1 X75.166 Y102.22 E320.27592
G1 X74.799 Y101.535 E320.28885
G1 X74.571 Y100.782 E320.30193
G1 X74.495 Y100 E320.315
G1 X74.571 Y99.218 E320.32806
G1 X74.799 Y98.465 E320.34115
G1 X75.166 Y97.78 E320.35407
G1 X75.667 Y97.167 E320.36724
G1 X76.28 Y96.666 E320.3804
G1 X76.965 Y96.299 E320.39332
G1 X77.718 Y96.071 E320.40641
G1 X78.547 Y95.99 E320.42026
G0 F7200 X119.032 Y99.687
G1 F1500 X119.031 Y100.325 E320.43087
G1 X119.233 Y101.057 E320.4435
G1 X119.549 Y101.556 E320.45332
G1 X119.945 Y101.952 E320.46263
G1 X120.417 Y102.248 E320.4719
G1 X120.943 Y102.432 E320.48117
G1 X121.5 Y102.496 E320.49049
G1 X122.057 Y102.432 E320.49981
G1 X122.583 Y102.248 E320.50908
G1 X123.055 Y101.951 E320.51836
G1 X123.451 Y101.555 E320.52767
G1 X123.748 Y101.083 E320.53694
G1 X123.932 Y100.557 E320.54621
G1 X123.996 Y100 E320.55553
G1 X123.932 Y99.443 E320.56486
G1 X123.748 Y98.917 E320.57413
G1 X123.451 Y98.445 E320.5834
G1 X123.055 Y98.048 E320.59272
G1 X122.582 Y97.752 E320.602
G1 X122.025 Y97.557 E320.61182
G1 X121.279 Y97.521 E320.62424
G1 X120.717 Y97.64 E320.63379
G1 X120.213 Y97.873 E320.64303
G1 X119.772 Y98.21 E320.65226
G1 X119.416 Y98.642 E320.66157
G1 X119.167 Y99.139 E320.67081
G1 X119.032 Y99.687 E320.6802
G0 F7200 X120.018 Y98.465
G0 X120.829 Y97.975
G0 X121.674 Y97.89
G0 X124.933 Y98.346
G1 F1500 X123.153 Y96.566 E320.72206
G1 X123.083 Y96.496
G0 F7200 X122.279 Y96.258
G1 F1500 X125.242 Y99.22 E320.79173
G0 F7200 X125.309 Y99.853
G1 F1500 X121.645 Y96.189 E320.8779
G0 F7200 X121.06 Y96.17
G1 F1500 X122.382 Y97.492 E320.90899
G0 F7200 X121.684 Y97.36
G1 F1500 X120.494 Y96.17 E320.93698
G0 F7200 X119.928 Y96.17
G1 F1500 X121.127 Y97.368 E320.96517
G0 F7200 X120.66 Y97.467
G1 F1500 X119.363 Y96.17 E320.99567
G0 F7200 X118.797 Y96.17
G1 F1500 X120.273 Y97.645 E321.03037
G0 F7200 X119.926 Y97.864
G1 F1500 X118.231 Y96.17 E321.07023
G0 F7200 X117.666 Y96.17
G1 F1500 X119.613 Y98.117 E321.11602
G0 F7200 X119.358 Y98.427
G1 F1500 X117.1 Y96.17 E321.16911
G0 F7200 X116.534 Y96.17
G1 F1500 X119.145 Y98.78 E321.2305
G0 F7200 X118.972 Y99.173
G1 F1500 X115.969 Y96.17 E321.30113
G0 F7200 X115.403 Y96.17
G1 F1500 X118.86 Y99.627 E321.38243
G0 F7200 X118.85 Y100.182
G1 F1500 X108.837 Y90.17 E321.61791
G0 F7200 X108.272 Y90.17
G1 F1500 X119.001 Y100.899 E321.87024
G1 X119.071 Y100.969
G0 F7200 X120.606 Y102.505
G1 F1500 X121.888 Y103.787 E321.90039
G0 F7200 X122.379 Y103.712
G1 F1500 X121.325 Y102.657 E321.92519
G0 F7200 X121.868 Y102.635
G1 F1500 X122.813 Y103.58 E321.94742
G0 F7200 X123.205 Y103.406
G1 F1500 X122.326 Y102.527 E321.96809
G0 F7200 X122.731 Y102.366
G1 F1500 X123.573 Y103.208 E321.98789
G0 F7200 X123.89 Y102.96
G1 F1500 X123.079 Y102.148 E322.00698
G0 F7200 X123.378 Y101.882
G1 F1500 X124.201 Y102.705 E322.02633
G0 F7200 X124.457 Y102.396
G1 F1500 X123.644 Y101.582 E322.04547
G0 F7200 X123.862 Y101.235
G1 F1500 X124.706 Y102.078 E322.0653
G0 F7200 X124.904 Y101.71
G1 F1500 X124.024 Y100.831 E322.08599
G0 F7200 X124.132 Y100.373
G1 F1500 X125.079 Y101.32 E322.10826
G0 F7200 X125.21 Y100.885
G1 F1500 X124.157 Y99.832 E322.13303
G0 F7200 X124.007 Y99.117
G1 F1500 X125.285 Y100.395 E322.16308
G1 X125.355 Y100.465
G0 F7200 X121.366 Y103.83
G1 F1500 X107.706 Y90.17 E322.48434
G0 F7200 X107.14 Y90.17
G1 F1500 X120.8 Y103.83 E322.80561
G0 F7200 X120.235 Y103.83
G1 F1500 X106.575 Y90.17 E323.12687
G0 F7200 X106.009 Y90.17
G1 F1500 X119.669 Y103.83 E323.44813
G0 F7200 X119.103 Y103.83
G1 F1500 X105.443 Y90.17 E323.76939
G0 F7200 X104.878 Y90.17
G1 F1500 X118.537 Y103.83 E324.09064
G0 F7200 X117.972 Y103.83
G1 F1500 X104.312 Y90.17 E324.41191
G0 F7200 X103.746 Y90.17
G1 F1500 X117.406 Y103.83 E324.73317
G0 F7200 X116.84 Y103.83
G1 F1500 X103.181 Y90.17 E325.05442
G0 F7200 X102.615 Y90.17
G1 F1500 X116.275 Y103.83 E325.37568
G0 F7200 X115.709 Y103.83
G1 F1500 X102.049 Y90.17 E325.69694
G0 F7200 X101.483 Y90.17
G1 F1500 X115.329 Y104.016 E326.02258
G0 F7200 X115.329 Y104.581
G1 F1500 X100.918 Y90.17 E326.3615
G0 F7200 X100.352 Y90.17
G1 F1500 X115.329 Y105.147 E326.71374
G0 F7200 X115.329 Y105.713
G1 F1500 X99.786 Y90.17 E327.07929
G0 F7200 X99.221 Y90.17
G1 F1500 X115.329 Y106.278 E327.45812
G0 F7200 X115.329 Y106.844
G1 F1500 X98.655 Y90.17 E327.85027
G0 F7200 X98.089 Y90.17
G1 F1500 X115.329 Y107.41 E328.25573
G0 F7200 X115.329 Y107.975
G1 F1500 X97.524 Y90.17 E328.67447
G0 F7200 X96.958 Y90.17
G1 F1500 X115.329 Y108.541 E329.10653
G0 F7200 X115.329 Y109.107
G1 F1500 X96.392 Y90.17 E329.5519
G0 F7200 X95.827 Y90.17
G1 F1500 X115.329 Y109.672 E330.01056
G0 F7200 X114.92 Y109.829
G1 F1500 X95.261 Y90.17 E330.47291
G0 F7200 X94.695 Y90.17
G1 F1500 X114.354 Y109.829 E330.93526
G0 F7200 X113.789 Y109.829
G1 F1500 X94.13 Y90.17 E331.39761
G0 F7200 X93.564 Y90.17
G1 F1500 X113.223 Y109.829 E331.85996
G0 F7200 X112.657 Y109.829
G1 F1500 X92.998 Y90.17 E332.32231
G0 F7200 X92.432 Y90.17
G1 F1500 X112.091 Y109.829 E332.78466
G0 F7200 X111.526 Y109.829
G1 F1500 X91.867 Y90.17 E333.24701
G0 F7200 X91.301 Y90.17
G1 F1500 X110.96 Y109.829 E333.70936
G0 F7200 X110.394 Y109.829
G1 F1500 X90.735 Y90.17 E334.1717
G0 F7200 X90.17 Y90.17
G1 F1500 X109.829 Y109.829 E334.63405
G0 F7200 X109.263 Y109.829
G1 F1500 X89.604 Y90.17 E335.0964
G0 F7200 X89.038 Y90.17
G1 F1500 X108.697 Y109.829 E335.55875
G0 F7200 X108.132 Y109.829
G1 F1500 X88.473 Y90.17 E336.0211
G0 F7200 X87.907 Y90.17
G1 F1500 X107.566 Y109.829 E336.48345
G0 F7200 X107 Y109.829
G1 F1500 X87.341 Y90.17 E336.9458
G0 F7200 X86.776 Y90.17
G1 F1500 X106.435 Y109.829 E337.40815
G0 F7200 X105.869 Y109.829
G1 F1500 X86.21 Y90.17 E337.8705
G0 F7200 X85.644 Y90.17
G1 F1500 X105.303 Y109.829 E338.33285
G0 F7200 X104.738 Y109.829
G1 F1500 X85.079 Y90.17 E338.7952
G0 F7200 X84.669 Y90.326
G1 F1500 X104.172 Y109.829 E339.25388
G0 F7200 X103.606 Y109.829
G1 F1500 X84.669 Y90.892 E339.69925
G0 F7200 X84.669 Y91.457
G1 F1500 X103.041 Y109.829 E340.13133
G0 F7200 X102.475 Y109.829
G1 F1500 X84.669 Y92.023 E340.5501
G0 F7200 X84.669 Y92.589
G1 F1500 X101.909 Y109.829 E340.95556
G0 F7200 X101.343 Y109.829
G1 F1500 X84.669 Y93.154 E341.34772
G0 F7200 X84.669 Y93.72
G1 F1500 X100.778 Y109.829 E341.72658
G0 F7200 X100.212 Y109.829
G1 F1500 X84.669 Y94.286 E342.09212
G0 F7200 X84.669 Y94.852
G1 F1500 X99.646 Y109.829 E342.44436
G0 F7200 X99.081 Y109.829
G1 F1500 X84.669 Y95.417 E342.78331
G0 F7200 X84.669 Y95.983
G1 F1500 X98.515 Y109.829 E343.10895
G0 F7200 X97.949 Y109.829
G1 F1500 X84.289 Y96.169 E343.43021
G0 F7200 X83.724 Y96.169
G1 F1500 X97.384 Y109.829 E343.75147
G0 F7200 X96.818 Y109.829
G1 F1500 X83.158 Y96.169 E344.07273
G0 F7200 X82.592 Y96.169
G1 F1500 X96.252 Y109.829 E344.39399
G0 F7200 X95.687 Y109.829
G1 F1500 X82.027 Y96.169 E344.71526
G0 F7200 X81.461 Y96.169
G1 F1500 X95.121 Y109.829 E345.03652
G0 F7200 X94.555 Y109.829
G1 F1500 X80.895 Y96.169 E345.35778
G0 F7200 X80.33 Y96.169
G1 F1500 X93.99 Y109.829 E345.67904
G0 F7200 X93.424 Y109.829
G1 F1500 X79.764 Y96.169 E346.00031
G0 F7200 X79.198 Y96.169
G1 F1500 X92.858 Y109.829 E346.32157
G0 F7200 X92.292 Y109.829
G1 F1500 X78.633 Y96.169 E346.64282
G0 F7200 X78.11 Y96.212
G1 F1500 X79.391 Y97.493 E346.67295
G0 F7200 X78.691 Y97.359
G1 F1500 X77.619 Y96.287 E346.69816
G0 F7200 X77.185 Y96.418
G1 F1500 X78.133 Y97.366 E346.72045
G0 F7200 X77.672 Y97.471
G1 F1500 X76.793 Y96.592 E346.74113
G0 F7200 X76.426 Y96.79
G1 F1500 X77.281 Y97.646 E346.76125
G0 F7200 X76.927 Y97.857
G1 F1500 X76.108 Y97.039 E346.7805
G0 F7200 X75.797 Y97.293
G1 F1500 X76.622 Y98.118 E346.7999
G0 F7200 X76.366 Y98.428
G1 F1500 X75.541 Y97.603 E346.8193
G0 F7200 X75.293 Y97.92
G1 F1500 X76.139 Y98.767 E346.83921
G0 F7200 X75.977 Y99.171
G1 F1500 X75.095 Y98.288 E346.85997
G0 F7200 X74.92 Y98.678
G1 F1500 X75.876 Y99.635 E346.88246
G0 F7200 X75.857 Y100.181
G1 F1500 X74.789 Y99.113 E346.90758
G0 F7200 X74.713 Y99.603
G1 F1500 X76.01 Y100.9 E346.93808
G1 X76.08 Y100.97
G0 F7200 X75.065 Y101.652
G1 F1500 X76.846 Y103.433 E346.97997
G1 X76.916 Y103.503
G0 F7200 X77.719 Y103.741
G1 F1500 X74.757 Y100.778 E347.04964
G0 F7200 X74.69 Y100.146
G1 F1500 X78.353 Y103.809 E347.13579
G0 F7200 X78.939 Y103.829
G1 F1500 X77.618 Y102.508 E347.16686
G0 F7200 X78.332 Y102.657
G1 F1500 X79.504 Y103.829 E347.19442
G0 F7200 X80.07 Y103.829
G1 F1500 X78.874 Y102.633 E347.22255
G0 F7200 X79.332 Y102.525
G1 F1500 X80.636 Y103.829 E347.25322
G0 F7200 X81.202 Y103.829
G1 F1500 X79.736 Y102.363 E347.2877
G0 F7200 X80.083 Y102.145
G1 F1500 X81.767 Y103.829 E347.3273
G0 F7200 X82.333 Y103.829
G1 F1500 X80.381 Y101.877 E347.37321
G0 F7200 X80.647 Y101.578
G1 F1500 X82.899 Y103.829 E347.42616
G0 F7200 X83.464 Y103.829
G1 F1500 X80.866 Y101.23 E347.48727
G0 F7200 X81.027 Y100.826
G1 F1500 X84.03 Y103.829 E347.5579
G0 F7200 X84.596 Y103.829
G1 F1500 X81.134 Y100.367 E347.63932
G0 F7200 X81.156 Y99.824
G1 F1500 X91.161 Y109.829 E347.87462
G0 F7200 X91.727 Y109.829
G1 F1500 X81.004 Y99.105 E348.12682
G1 X80.934 Y99.035
G0 F7200 X84.669 Y103.902
G1 F1500 X90.595 Y109.829 E348.2662
G0 F7200 X90.03 Y109.829
G1 F1500 X84.669 Y104.468 E348.39229
G0 F7200 X84.669 Y105.034
G1 F1500 X89.464 Y109.829 E348.50506
G0 F7200 X88.898 Y109.829
G1 F1500 X84.669 Y105.6 E348.60452
G0 F7200 X84.669 Y106.165
G1 F1500 X88.333 Y109.829 E348.69069
G0 F7200 X87.767 Y109.829
G1 F1500 X84.669 Y106.731 E348.76355
G0 F7200 X84.669 Y107.297
G1 F1500 X87.201 Y109.829 E348.8231
G0 F7200 X86.636 Y109.829
G1 F1500 X84.669 Y107.862 E348.86936
G0 F7200 X84.669 Y108.428
G1 F1500 X86.07 Y109.829 E348.90231
G0 F7200 X85.504 Y109.829
G1 F1500 X84.669 Y108.994 E348.92195
G0 F7200 X84.669 Y109.559
G1 F1500 X84.939 Y109.829 E348.9283
G0 F7200 X109.403 Y90.17
G1 F1500 X115.329 Y96.096 E349.06767
G0 F7200 X115.329 Y95.53
G1 F1500 X109.969 Y90.17 E349.19373
G0 F7200 X110.534 Y90.17
G1 F1500 X115.329 Y94.965 E349.3065
G0 F7200 X115.329 Y94.399
G1 F1500 X111.1 Y90.17 E349.40596
G0 F7200 X111.666 Y90.17
G1 F1500 X115.329 Y93.833 E349.4921
G0 F7200 X115.329 Y93.268
G1 F1500 X112.231 Y90.17 E349.56497
G0 F7200 X112.797 Y90.17
G1 F1500 X115.329 Y92.702 E349.62451
G0 F7200 X115.329 Y92.136
G1 F1500 X113.363 Y90.17 E349.67075
G0 F7200 X113.929 Y90.17
G1 F1500 X115.329 Y91.571 E349.70369
G0 F7200 X115.329 Y91.005
G1 F1500 X114.494 Y90.17 E349.72333
G0 F7200 X115.06 Y90.17
G1 F1500 X115.329 Y90.439 E349.72965
;MESH:NONMESH
G0 F600 X115.329 Y90.439 Z1
G0 F7200 X77.958 Y97.889
G0 X77.973 Y97.96
;TIME_ELAPSED:664.221957
;LAYER:7
;TYPE:WALL-INNER
;MESH:drax_photo_base.stl
G1 F3000 X77.328 Y98.262 E349.7415
G1 X76.941 Y98.603 E349.75007
G1 X76.652 Y99.016 E349.75846
G1 X76.47 Y99.488 E349.76687
G1 X76.407 Y99.987 E349.77523
G1 X76.464 Y100.489 E349.78364
G1 X76.64 Y100.963 E349.79205
G1 X76.926 Y101.38 E349.80045
G1 X77.301 Y101.715 E349.80882
G1 X77.748 Y101.953 E349.81724
G1 X78.253 Y102.078 E349.82589
G1 X78.752 Y102.081 E349.83419
G1 X79.394 Y101.906 E349.84525
G1 X79.811 Y101.645 E349.85344
G1 X80.145 Y101.311 E349.86129
G1 X80.394 Y100.913 E349.8691
G1 X80.558 Y100.448 E349.8773
G1 X80.584 Y99.757 E349.8888
G1 X80.406 Y99.105 E349.90004
G1 X80.145 Y98.689 E349.9082
G1 X79.811 Y98.355 E349.91606
G1 X79.413 Y98.105 E349.92388
G1 X78.969 Y97.95 E349.9317
G1 X78.497 Y97.896 E349.9396
G1 X77.973 Y97.96 E349.94838
G0 F7200 X77.946 Y97.864
G0 X78.78 Y97.902
G0 X115.83 Y104.33
G0 X115.9 Y104.4
G1 F3000 X115.9 Y110.4 E350.04816
G1 X84.1 Y110.4 E350.57699
G1 X84.1 Y104.4 E350.67677
G1 X78.529 Y104.4 E350.76942
G1 X77.642 Y104.313 E350.78424
G1 X76.818 Y104.063 E350.79856
G1 X76.059 Y103.657 E350.81287
G1 X75.39 Y103.11 E350.82725
G1 X74.843 Y102.441 E350.84162
G1 X74.437 Y101.682 E350.85593
G1 X74.187 Y100.858 E350.87025
G1 X74.103 Y100 E350.88459
G1 X74.187 Y99.142 E350.89892
G1 X74.437 Y98.318 E350.91324
G1 X74.843 Y97.559 E350.92756
G1 X75.39 Y96.89 E350.94193
G1 X76.059 Y96.343 E350.9563
G1 X76.818 Y95.937 E350.97062
G1 X77.642 Y95.687 E350.98494
G1 X78.529 Y95.6 E350.99976
G1 X84.1 Y95.6 E351.0924
G1 X84.1 Y89.6 E351.19218
G1 X115.9 Y89.6 E351.72102
G1 X115.9 Y95.6 E351.8208
G1 X121.471 Y95.6 E351.91345
G1 X122.358 Y95.687 E351.92827
G1 X123.182 Y95.937 E351.94259
G1 X123.941 Y96.343 E351.9569
G1 X124.61 Y96.89 E351.97127
G1 X125.157 Y97.559 E351.98565
G1 X125.563 Y98.318 E351.99996
G1 X125.813 Y99.142 E352.01428
G1 X125.897 Y100 E352.02862
G1 X125.813 Y100.858 E352.04295
G1 X125.563 Y101.682 E352.05727
G1 X125.157 Y102.441 E352.07159
G1 X124.61 Y103.11 E352.08596
G1 X123.941 Y103.657 E352.10033
G1 X123.182 Y104.063 E352.11464
G1 X122.358 Y104.313 E352.12896
G1 X121.471 Y104.4 E352.14379
G1 X115.9 Y104.4 E352.23643
G0 F7200 X115.83 Y104.33
G0 X121.754 Y102.183
G0 X121.743 Y102.084
G1 F3000 X122.395 Y101.906 E352.24767
G1 X122.811 Y101.645 E352.25584
G1 X123.145 Y101.311 E352.26369
G1 X123.394 Y100.913 E352.2715
G1 X123.558 Y100.448 E352.2797
G1 X123.584 Y99.757 E352.2912
G1 X123.406 Y99.105 E352.30244
G1 X123.145 Y98.689 E352.31061
G1 X122.811 Y98.355 E352.31846
G1 X122.413 Y98.106 E352.32627
G1 X121.948 Y97.942 E352.33447
G1 X121.287 Y97.915 E352.34547
G1 X120.818 Y98.021 E352.35347
G1 X120.396 Y98.221 E352.36123
G1 X120.028 Y98.51 E352.36902
G1 X119.732 Y98.876 E352.37684
G1 X119.527 Y99.298 E352.38465
G1 X119.42 Y99.756 E352.39247
G1 X119.419 Y100.253 E352.40073
G1 X119.594 Y100.894 E352.41178
G1 X119.855 Y101.311 E352.41996
G1 X120.189 Y101.645 E352.42782
G1 X120.587 Y101.894 E352.43563
G1 X121.052 Y102.058 E352.44383
G1 X121.743 Y102.084 E352.45533
G0 F7200 X121.697 Y101.682
;TYPE:WALL-OUTER
G1 F1500 X122.232 Y101.536 E352.46455
G1 X122.56 Y101.33 E352.47099
G1 X122.83 Y101.06 E352.47734
G1 X123.032 Y100.738 E352.48366
G1 X123.161 Y100.372 E352.49011
G1 X123.182 Y99.803 E352.49958
G1 X123.036 Y99.268 E352.50881
G1 X122.83 Y98.94 E352.51525
G1 X122.56 Y98.67 E352.5216
G1 X122.238 Y98.468 E352.52792
G1 X121.872 Y98.339 E352.53437
G1 X121.323 Y98.317 E352.54351
G1 X120.949 Y98.401 E352.54988
G1 X120.608 Y98.563 E352.55616
G1 X120.311 Y98.797 E352.56245
G1 X120.072 Y99.092 E352.56876
G1 X119.906 Y99.433 E352.57507
G1 X119.82 Y99.802 E352.58137
G1 X119.819 Y100.2 E352.58799
G1 X119.964 Y100.732 E352.59716
G1 X120.17 Y101.06 E352.6036
G1 X120.44 Y101.33 E352.60995
G1 X120.762 Y101.532 E352.61627
G1 X121.128 Y101.661 E352.62273
G1 X121.697 Y101.682 E352.6322
G0 F7200 X121.89 Y101.63
G0 X122.021 Y102.112
G0 X115.872 Y104.372
G0 X116.3 Y104.8
G1 F1500 X116.3 Y110.8 E352.73198
G1 X83.7 Y110.8 E353.27412
G1 X83.7 Y104.8 E353.3739
G1 X78.51 Y104.8 E353.46021
G1 X77.562 Y104.707 E353.47605
G1 X76.663 Y104.434 E353.49167
G1 X75.837 Y103.992 E353.50725
G1 X75.106 Y103.394 E353.52296
G1 X74.508 Y102.663 E353.53866
G1 X74.066 Y101.837 E353.55424
G1 X73.793 Y100.938 E353.56987
G1 X73.701 Y100 E353.58554
G1 X73.793 Y99.062 E353.60122
G1 X74.066 Y98.163 E353.61684
G1 X74.508 Y97.337 E353.63242
G1 X75.106 Y96.606 E353.64813
G1 X75.837 Y96.008 E353.66383
G1 X76.663 Y95.566 E353.67941
G1 X77.562 Y95.293 E353.69504
G1 X78.51 Y95.2 E353.71088
G1 X83.7 Y95.2 E353.79719
G1 X83.7 Y89.2 E353.89697
G1 X116.3 Y89.2 E354.43911
G1 X116.3 Y95.2 E354.53889
G1 X121.49 Y95.2 E354.6252
G1 X122.438 Y95.293 E354.64104
G1 X123.337 Y95.566 E354.65666
G1 X124.163 Y96.008 E354.67224
G1 X124.894 Y96.606 E354.68795
G1 X125.492 Y97.337 E354.70365
G1 X125.934 Y98.163 E354.71923
G1 X126.207 Y99.062 E354.73486
G1 X126.299 Y100 E354.75053
G1 X126.207 Y100.938 E354.76621
G1 X125.934 Y101.837 E354.78183
G1 X125.492 Y102.663 E354.79741
G1 X124.894 Y103.394 E354.81312
G1 X124.163 Y103.992 E354.82882
G1 X123.337 Y104.434 E354.8444
G1 X122.438 Y104.707 E354.86003
G1 X121.49 Y104.8 E354.87587
G1 X116.3 Y104.8 E354.96218
G0 F7200 X116.3 Y105
G0 X115.8 Y105
G0 X78.497 Y97.856
G0 X78.085 Y98.349
G1 F1500 X77.55 Y98.6 E354.97201
G1 X77.241 Y98.872 E354.97885
G1 X77.008 Y99.205 E354.98561
G1 X76.861 Y99.586 E354.9924
G1 X76.81 Y99.99 E354.99917
G1 X76.856 Y100.395 E355.00595
G1 X76.998 Y100.777 E355.01273
G1 X77.229 Y101.114 E355.01952
G1 X77.532 Y101.385 E355.02628
G1 X77.892 Y101.577 E355.03307
G1 X78.303 Y101.678 E355.04011
G1 X78.7 Y101.681 E355.04671
G1 X79.232 Y101.536 E355.05588
G1 X79.56 Y101.33 E355.06232
G1 X79.83 Y101.06 E355.06867
G1 X80.032 Y100.738 E355.07499
G1 X80.161 Y100.372 E355.08145
G1 X80.182 Y99.803 E355.09091
G1 X80.036 Y99.268 E355.10014
G1 X79.83 Y98.94 E355.10658
G1 X79.56 Y98.67 E355.11293
G1 X79.238 Y98.468 E355.11925
G1 X78.879 Y98.342 E355.12558
G1 X78.499 Y98.299 E355.13194
G1 X78.085 Y98.349 E355.13887
G0 F7200 X77.904 Y98.434
G0 X77.864 Y97.58
;TYPE:SKIN
G1 F1500 X77.112 Y97.933 E355.15269
G1 X76.648 Y98.341 E355.16296
G1 X76.305 Y98.831 E355.17291
G1 X76.089 Y99.392 E355.18291
G1 X76.015 Y99.985 E355.19284
G1 X76.082 Y100.58 E355.2028
G1 X76.291 Y101.144 E355.2128
G1 X76.631 Y101.639 E355.22279
G1 X77.077 Y102.037 E355.23273
G1 X77.607 Y102.32 E355.24272
G1 X78.204 Y102.468 E355.25295
G1 X78.803 Y102.471 E355.26291
G1 X79.552 Y102.267 E355.27582
G1 X80.055 Y101.952 E355.28569
G1 X80.452 Y101.555 E355.29503
G1 X80.747 Y101.083 E355.30429
G1 X80.946 Y100.522 E355.31418
G1 X80.976 Y99.712 E355.32766
G1 X80.767 Y98.947 E355.34085
G1 X80.451 Y98.445 E355.35072
G1 X80.055 Y98.049 E355.36003
G1 X79.583 Y97.752 E355.3693
G1 X79.057 Y97.568 E355.37857
G1 X78.495 Y97.504 E355.38798
G1 X77.864 Y97.58 E355.39855
G0 F7200 X76.965 Y96.299
G1 F1500 X77.718 Y96.071 E355.41163
G1 X78.547 Y95.99 E355.42548
G1 X84.49 Y95.99 E355.52432
G1 X84.49 Y89.99 E355.6241
G1 X115.51 Y89.99 E356.13996
G1 X115.51 Y95.99 E356.23974
G1 X121.453 Y95.99 E356.33857
G1 X122.282 Y96.071 E356.35243
G1 X123.035 Y96.299 E356.36551
G1 X123.72 Y96.666 E356.37843
G1 X124.333 Y97.167 E356.3916
G1 X124.834 Y97.78 E356.40477
G1 X125.201 Y98.465 E356.41769
G1 X125.429 Y99.218 E356.43077
G1 X125.505 Y100 E356.44384
G1 X125.429 Y100.782 E356.4569
G1 X125.201 Y101.535 E356.46999
G1 X124.834 Y102.22 E356.48291
G1 X124.333 Y102.833 E356.49608
G1 X123.72 Y103.334 E356.50924
G1 X123.035 Y103.701 E356.52217
G1 X122.282 Y103.929 E356.53525
G1 X121.453 Y104.01 E356.5491
G1 X115.51 Y104.01 E356.64794
G1 X115.51 Y110.01 E356.74772
G1 X84.49 Y110.01 E357.26358
G1 X84.49 Y104.01 E357.36336
G1 X78.547 Y104.01 E357.46219
G1 X77.718 Y103.929 E357.47605
G1 X76.965 Y103.701 E357.48913
G1 X76.28 Y103.334 E357.50205
G1 X75.667 Y102.833 E357.51522
G1 X75.166 Y102.22 E357.52838
G1 X74.799 Y101.535 E357.54131
G1 X74.571 Y100.782 E357.55439
G1 X74.495 Y100 E357.56746
G1 X74.571 Y99.218 E357.58052
G1 X74.799 Y98.465 E357.59361
G1 X75.166 Y97.78 E357.60653
G1 X75.667 Y97.167 E357.6197
G1 X76.28 Y96.666 E357.63286
G1 X76.965 Y96.299 E357.64579
G0 F7200 X119.03 Y99.711
G1 F1500 X119.029 Y100.305 E357.65567
G1 X119.233 Y101.052 E357.66854
G1 X119.548 Y101.555 E357.67841
G1 X119.945 Y101.952 E357.68775
G1 X120.417 Y102.247 E357.69701
G1 X120.978 Y102.446 E357.7069
G1 X121.788 Y102.476 E357.72038
G1 X122.553 Y102.267 E357.73357
G1 X123.055 Y101.951 E357.74344
G1 X123.452 Y101.555 E357.75276
G1 X123.747 Y101.083 E357.76202
G1 X123.946 Y100.522 E357.77192
G1 X123.976 Y99.712 E357.7854
G1 X123.767 Y98.947 E357.79859
G1 X123.451 Y98.445 E357.80845
G1 X123.055 Y98.048 E357.81778
G1 X122.583 Y97.753 E357.82703
G1 X122.022 Y97.554 E357.83693
G1 X121.252 Y97.523 E357.84975
G1 X120.69 Y97.65 E357.85933
G1 X120.189 Y97.887 E357.86854
G1 X119.753 Y98.231 E357.87778
G1 X119.401 Y98.665 E357.88707
G1 X119.157 Y99.167 E357.89636
G1 X119.03 Y99.711 E357.90565
G0 F7200 X119.558 Y100.91
G0 X120.165 Y101.676
G0 X120.954 Y102.065
G0 X124.514 Y102.325
G1 F1500 X123.824 Y103.015 E357.92187
G1 X123.754 Y103.085
G0 F7200 X122.854 Y102.288
G1 F1500 X121.312 Y103.83 E357.95814
G0 F7200 X120.746 Y103.83
G1 F1500 X121.961 Y102.615 E357.98671
G0 F7200 X121.371 Y102.64
G1 F1500 X120.181 Y103.83 E358.0147
G0 F7200 X119.615 Y103.83
G1 F1500 X120.853 Y102.592 E358.04382
G0 F7200 X120.435 Y102.444
G1 F1500 X119.049 Y103.83 E358.07641
G0 F7200 X118.484 Y103.83
G1 F1500 X120.071 Y102.242 E358.11375
G0 F7200 X119.742 Y102.005
G1 F1500 X117.918 Y103.83 E358.15666
G0 F7200 X117.352 Y103.83
G1 F1500 X119.46 Y101.722 E358.20624
G0 F7200 X119.23 Y101.387
G1 F1500 X116.787 Y103.83 E358.26369
G0 F7200 X116.221 Y103.83
G1 F1500 X119.035 Y101.016 E358.32987
G0 F7200 X118.913 Y100.572
G1 F1500 X115.655 Y103.83 E358.40649
G0 F7200 X115.329 Y104.156
G1 F1500 X109.655 Y109.829 E358.53993
G0 F7200 X109.09 Y109.829
G1 F1500 X118.848 Y100.071 E358.76942
G0 F7200 X118.904 Y99.45
G1 F1500 X108.524 Y109.829 E359.01353
G0 F7200 X107.958 Y109.829
G1 F1500 X119.362 Y98.426 E359.28172
G0 F7200 X119.916 Y97.872
G1 F1500 X121.603 Y96.184 E359.32141
G0 F7200 X122.118 Y96.235
G1 F1500 X120.946 Y97.408 E359.34899
G0 F7200 X121.565 Y97.355
G1 F1500 X122.574 Y96.346 E359.37272
G0 F7200 X123.001 Y96.484
G1 F1500 X122.096 Y97.389 E359.394
G0 F7200 X122.513 Y97.538
G1 F1500 X123.369 Y96.682 E359.41413
G0 F7200 X123.718 Y96.898
G1 F1500 X122.885 Y97.731 E359.43372
G0 F7200 X123.221 Y97.961
G1 F1500 X124.03 Y97.152 E359.45275
G0 F7200 X124.316 Y97.432
G1 F1500 X123.504 Y98.244 E359.47185
G0 F7200 X123.742 Y98.572
G1 F1500 X124.57 Y97.744 E359.49132
G0 F7200 X124.793 Y98.087
G1 F1500 X123.949 Y98.93 E359.51116
G0 F7200 X124.071 Y99.374
G1 F1500 X124.991 Y98.454 E359.53279
G0 F7200 X125.136 Y98.874
G1 F1500 X124.15 Y99.861 E359.556
G0 F7200 X124.128 Y100.448
G1 F1500 X125.257 Y99.319 E359.58255
G0 F7200 X125.307 Y99.835
G1 F1500 X123.788 Y101.354 E359.61827
G1 X123.718 Y101.424
G0 F7200 X125.132 Y101.141
G1 F1500 X122.639 Y103.634 E359.6769
G0 F7200 X121.924 Y103.784
G1 F1500 X125.281 Y100.426 E359.75587
G1 X125.351 Y100.356
G0 F7200 X121.053 Y96.17
G1 F1500 X107.393 Y109.829 E360.07712
G0 F7200 X106.827 Y109.829
G1 F1500 X120.487 Y96.17 E360.39837
G0 F7200 X119.921 Y96.17
G1 F1500 X106.261 Y109.829 E360.71962
G0 F7200 X105.696 Y109.829
G1 F1500 X119.356 Y96.17 E361.04087
G0 F7200 X118.79 Y96.17
G1 F1500 X105.13 Y109.829 E361.36212
G0 F7200 X104.564 Y109.829
G1 F1500 X118.224 Y96.17 E361.68337
G0 F7200 X117.659 Y96.17
G1 F1500 X103.999 Y109.829 E362.00462
G0 F7200 X103.433 Y109.829
G1 F1500 X117.093 Y96.17 E362.32587
G0 F7200 X116.527 Y96.17
G1 F1500 X102.867 Y109.829 E362.64712
G0 F7200 X102.302 Y109.829
G1 F1500 X115.961 Y96.17 E362.96836
G0 F7200 X115.396 Y96.17
G1 F1500 X101.736 Y109.829 E363.28961
G0 F7200 X101.17 Y109.829
G1 F1500 X115.329 Y95.671 E363.6226
G0 F7200 X115.329 Y95.105
G1 F1500 X100.605 Y109.829 E363.96888
G0 F7200 X100.039 Y109.829
G1 F1500 X115.329 Y94.54 E364.32847
G0 F7200 X115.329 Y93.974
G1 F1500 X99.473 Y109.829 E364.70137
G0 F7200 X98.907 Y109.829
G1 F1500 X115.329 Y93.408 E365.08757
G0 F7200 X115.329 Y92.843
G1 F1500 X98.342 Y109.829 E365.48707
G0 F7200 X97.776 Y109.829
G1 F1500 X115.329 Y92.277 E365.89988
G0 F7200 X115.329 Y91.711
G1 F1500 X97.21 Y109.829 E366.326
G0 F7200 X96.645 Y109.829
G1 F1500 X115.329 Y91.146 E366.7654
G0 F7200 X115.329 Y90.58
G1 F1500 X96.079 Y109.829 E367.21812
G0 F7200 X95.513 Y109.829
G1 F1500 X115.174 Y90.169 E367.68051
G0 F7200 X114.608 Y90.169
G1 F1500 X94.948 Y109.829 E368.14288
G0 F7200 X94.382 Y109.829
G1 F1500 X114.042 Y90.169 E368.60525
G0 F7200 X113.477 Y90.169
G1 F1500 X93.816 Y109.829 E369.06764
G0 F7200 X93.251 Y109.829
G1 F1500 X112.911 Y90.169 E369.53001
G0 F7200 X112.345 Y90.169
G1 F1500 X92.685 Y109.829 E369.99239
G0 F7200 X92.119 Y109.829
G1 F1500 X111.78 Y90.169 E370.45477
G0 F7200 X111.214 Y90.169
G1 F1500 X91.554 Y109.829 E370.91714
G0 F7200 X90.988 Y109.829
G1 F1500 X110.648 Y90.169 E371.37952
G0 F7200 X110.083 Y90.169
G1 F1500 X90.422 Y109.829 E371.8419
G0 F7200 X89.857 Y109.829
G1 F1500 X109.517 Y90.169 E372.30427
G0 F7200 X108.951 Y90.169
G1 F1500 X89.291 Y109.829 E372.76665
G0 F7200 X88.725 Y109.829
G1 F1500 X108.386 Y90.169 E373.22903
G0 F7200 X107.82 Y90.169
G1 F1500 X88.159 Y109.829 E373.69142
G0 F7200 X87.594 Y109.829
G1 F1500 X107.254 Y90.169 E374.15379
G0 F7200 X106.688 Y90.169
G1 F1500 X87.028 Y109.829 E374.61616
G0 F7200 X86.462 Y109.829
G1 F1500 X106.123 Y90.169 E375.07855
G0 F7200 X105.557 Y90.169
G1 F1500 X85.897 Y109.829 E375.54092
G0 F7200 X85.331 Y109.829
G1 F1500 X104.991 Y90.169 E376.00329
G0 F7200 X104.426 Y90.169
G1 F1500 X84.765 Y109.829 E376.46568
G0 F7200 X84.67 Y109.359
G1 F1500 X103.86 Y90.169 E376.917
G0 F7200 X103.294 Y90.169
G1 F1500 X84.67 Y108.794 E377.35502
G0 F7200 X84.67 Y108.228
G1 F1500 X102.729 Y90.169 E377.77974
G0 F7200 X102.163 Y90.169
G1 F1500 X84.67 Y107.662 E378.19115
G0 F7200 X84.67 Y107.096
G1 F1500 X101.597 Y90.169 E378.58924
G0 F7200 X101.032 Y90.169
G1 F1500 X84.67 Y106.531 E378.97405
G0 F7200 X84.67 Y105.965
G1 F1500 X100.466 Y90.169 E379.34555
G0 F7200 X99.9 Y90.169
G1 F1500 X84.67 Y105.399 E379.70374
G0 F7200 X84.67 Y104.834
G1 F1500 X99.335 Y90.169 E380.04864
G0 F7200 X98.769 Y90.169
G1 F1500 X84.67 Y104.268 E380.38022
G0 F7200 X84.543 Y103.829
G1 F1500 X98.203 Y90.169 E380.70148
G0 F7200 X97.638 Y90.169
G1 F1500 X83.978 Y103.829 E381.02275
G0 F7200 X83.412 Y103.829
G1 F1500 X97.072 Y90.169 E381.34401
G0 F7200 X96.506 Y90.169
G1 F1500 X82.846 Y103.829 E381.66527
G0 F7200 X82.281 Y103.829
G1 F1500 X95.94 Y90.169 E381.98652
G0 F7200 X95.375 Y90.169
G1 F1500 X81.715 Y103.829 E382.30778
G0 F7200 X81.149 Y103.829
G1 F1500 X94.809 Y90.169 E382.62905
G0 F7200 X94.243 Y90.169
G1 F1500 X80.584 Y103.829 E382.9503
G0 F7200 X80.018 Y103.829
G1 F1500 X93.678 Y90.169 E383.27156
G0 F7200 X93.112 Y90.169
G1 F1500 X79.452 Y103.829 E383.59282
G0 F7200 X78.886 Y103.829
G1 F1500 X92.546 Y90.169 E383.91408
G0 F7200 X91.981 Y90.169
G1 F1500 X80.776 Y101.374 E384.17761
G1 X80.706 Y101.444
G0 F7200 X81.129 Y100.455
G1 F1500 X91.415 Y90.169 E384.41952
G0 F7200 X90.849 Y90.169
G1 F1500 X81.15 Y99.868 E384.64762
G0 F7200 X81.073 Y99.38
G1 F1500 X84.284 Y96.169 E384.72314
G0 F7200 X84.67 Y95.783
G1 F1500 X90.284 Y90.169 E384.85517
G0 F7200 X89.718 Y90.169
G1 F1500 X84.67 Y95.217 E384.9739
G0 F7200 X84.67 Y94.651
G1 F1500 X89.152 Y90.169 E385.07931
G0 F7200 X88.587 Y90.169
G1 F1500 X84.67 Y94.086 E385.17143
G0 F7200 X84.67 Y93.52
G1 F1500 X88.021 Y90.169 E385.25024
G0 F7200 X87.455 Y90.169
G1 F1500 X84.67 Y92.954 E385.31574
G0 F7200 X84.67 Y92.389
G1 F1500 X86.889 Y90.169 E385.36794
G0 F7200 X86.324 Y90.169
G1 F1500 X84.67 Y91.823 E385.40684
G0 F7200 X84.67 Y91.257
G1 F1500 X85.758 Y90.169 E385.43242
G0 F7200 X85.192 Y90.169
G1 F1500 X84.67 Y90.692 E385.44471
G0 F7200 X84.128 Y95.628
G0 X83.718 Y96.169
G1 F1500 X80.952 Y98.935 E385.50976
G0 F7200 X80.746 Y98.575
G1 F1500 X83.152 Y96.169 E385.56635
G0 F7200 X82.587 Y96.169
G1 F1500 X80.509 Y98.247 E385.61522
G0 F7200 X80.226 Y97.964
G1 F1500 X82.021 Y96.169 E385.65744
G0 F7200 X81.455 Y96.169
G1 F1500 X79.891 Y97.734 E385.69423
G0 F7200 X79.519 Y97.539
G1 F1500 X80.89 Y96.169 E385.72646
G0 F7200 X80.324 Y96.169
G1 F1500 X79.1 Y97.393 E385.75525
G0 F7200 X78.593 Y97.334
G1 F1500 X79.758 Y96.169 E385.78265
G0 F7200 X79.193 Y96.169
G1 F1500 X77.977 Y97.384 E385.81124
G1 X77.907 Y97.454
G0 F7200 X77.021 Y97.775
G1 F1500 X78.627 Y96.169 E385.84901
G0 F7200 X78.009 Y96.221
G1 F1500 X74.724 Y99.506 E385.92626
G0 F7200 X74.687 Y100.109
G1 F1500 X76.359 Y98.437 E385.96559
G1 X76.429 Y98.367
G0 F7200 X75.898 Y99.464
G1 F1500 X74.736 Y100.625 E385.9929
G0 F7200 X74.848 Y101.079
G1 F1500 X75.844 Y100.083 E386.01633
G0 F7200 X75.901 Y100.592
G1 F1500 X74.987 Y101.506 E386.03782
G0 F7200 X75.185 Y101.874
G1 F1500 X76.049 Y101.01 E386.05814
G0 F7200 X76.238 Y101.386
G1 F1500 X75.402 Y102.222 E386.07781
G0 F7200 X75.656 Y102.534
G1 F1500 X76.468 Y101.722 E386.0969
G0 F7200 X76.761 Y101.995
G1 F1500 X75.936 Y102.82 E386.11631
G0 F7200 X76.248 Y103.074
G1 F1500 X77.081 Y102.241 E386.1359
G0 F7200 X77.449 Y102.438
G1 F1500 X76.59 Y103.296 E386.15609
G0 F7200 X76.958 Y103.494
G1 F1500 X77.88 Y102.572 E386.17777
G0 F7200 X78.371 Y102.647
G1 F1500 X77.38 Y103.639 E386.20109
G0 F7200 X77.826 Y103.758
G1 F1500 X78.974 Y102.61 E386.22809
G1 X79.044 Y102.54
G0 F7200 X79.877 Y102.273
G1 F1500 X78.341 Y103.808 E386.2642
G1 X78.271 Y103.878
G0 F7200 X74.892 Y98.772
G1 F1500 X77.274 Y96.391 E386.32021
G1 X77.344 Y96.321
G0 F7200 X75.849 Y97.249
G1 F1500 X75.751 Y97.348 E386.32253
G0 F7200 X78.977 Y97.912
G0 X110.221 Y109.829
G1 F1500 X115.329 Y104.722 E386.44265
G0 F7200 X115.329 Y105.288
G1 F1500 X110.787 Y109.829 E386.54946
G0 F7200 X111.353 Y109.829
G1 F1500 X115.329 Y105.853 E386.64297
G0 F7200 X115.329 Y106.419
G1 F1500 X111.918 Y109.829 E386.72318
G0 F7200 X112.484 Y109.829
G1 F1500 X115.329 Y106.985 E386.79007
G0 F7200 X115.329 Y107.55
G1 F1500 X113.05 Y109.829 E386.84367
G0 F7200 X113.615 Y109.829
G1 F1500 X115.329 Y108.116 E386.88397
G0 F7200 X115.329 Y108.682
G1 F1500 X114.181 Y109.829 E386.91096
G0 F7200 X114.747 Y109.829
G1 F1500 X115.329 Y109.247 E386.92465
G1 X115.399 Y109.177
;MESH:NONMESH
G0 F600 X115.399 Y109.177 Z1.1
G0 F7200 X75.924 Y96.66
;TIME_ELAPSED:755.951764
;LAYER:8
;TYPE:FILL
;MESH:drax_photo_base.stl
G1 F3000 X77.342 Y98.079 E386.95801
G1 X77.412 Y98.149
G0 F7200 X77.397 Y98.12
G0 X76.455 Y99.076
G1 F3000 X74.999 Y97.621 E386.99224
G1 X74.929 Y97.551
G0 F7200 X74.958 Y97.576
G0 X74.419 Y98.926
G1 F3000 X76.482 Y100.989 E387.04076
G1 X76.552 Y101.059
G0 F7200 X77.488 Y101.995
G1 F3000 X79.731 Y104.238 E387.09351
G1 X79.801 Y104.308
G0 F7200 X79.801 Y104.3
G0 X81.617 Y104.238
G1 F3000 X79.422 Y102.043 E387.14513
G1 X79.352 Y101.973
G0 F7200 X79.366 Y102.004
G0 X80.425 Y101.162
G1 F3000 X83.502 Y104.238 E387.21749
G1 X83.572 Y104.308
G0 F7200 X84.26 Y104.996
G1 F3000 X89.502 Y110.239 E387.34078
G1 X89.572 Y110.309
G0 F7200 X89.572 Y110.3
G0 X87.617 Y110.239
G1 F3000 X84.26 Y106.882 E387.41973
G1 X84.19 Y106.812
G0 F7200 X84.2 Y106.812
G0 X84.26 Y108.767
G1 F3000 X85.732 Y110.239 E387.45435
G1 X85.802 Y110.309
G0 F7200 X85.802 Y110.3
G0 X91.387 Y110.239
G1 F3000 X80.696 Y99.547 E387.7058
G1 X80.626 Y99.477
G0 F7200 X80.019 Y98.501
G0 X78.953 Y97.804
G1 F3000 X77.151 Y96.003 E387.74817
G1 X77.081 Y95.933
G0 F7200 X77.088 Y95.959
G0 X78.792 Y95.759
G1 F3000 X93.273 Y110.239 E388.08873
G1 X93.343 Y110.309
G0 F7200 X93.343 Y110.3
G0 X95.158 Y110.239
G1 F3000 X80.678 Y95.759 E388.42928
G1 X80.608 Y95.689
G0 F7200 X80.608 Y95.7
G0 X82.563 Y95.759
G1 F3000 X97.043 Y110.239 E388.76982
G1 X97.113 Y110.309
G0 F7200 X97.113 Y110.3
G0 X98.928 Y110.239
G1 F3000 X84.259 Y95.57 E389.11482
G1 X84.189 Y95.5
G0 F7200 X84.2 Y95.5
G0 X84.259 Y93.685
G1 F3000 X100.813 Y110.239 E389.50414
G1 X100.883 Y110.309
G0 F7200 X100.883 Y110.3
G0 X102.698 Y110.239
G1 F3000 X84.259 Y91.8 E389.9378
G1 X84.189 Y91.73
G0 F7200 X84.2 Y91.73
G0 X84.259 Y89.914
G1 F3000 X104.583 Y110.239 E390.4158
G1 X104.653 Y110.309
G0 F7200 X104.653 Y110.3
G0 X106.469 Y110.239
G1 F3000 X85.989 Y89.76 E390.89745
G1 X85.919 Y89.69
G0 F7200 X85.919 Y89.7
G0 X87.874 Y89.76
G1 F3000 X108.354 Y110.239 E391.37909
G1 X108.424 Y110.309
G0 F7200 X108.424 Y110.3
G0 X110.239 Y110.239
G1 F3000 X89.76 Y89.76 E391.86073
G1 X89.69 Y89.69
G0 F7200 X89.69 Y89.7
G0 X91.645 Y89.76
G1 F3000 X112.124 Y110.239 E392.34236
G1 X112.194 Y110.309
G0 F7200 X112.194 Y110.3
G0 X114.009 Y110.239
G1 F3000 X93.53 Y89.76 E392.824
G1 X93.46 Y89.69
G0 F7200 X93.46 Y89.7
G0 X95.415 Y89.76
G1 F3000 X115.739 Y110.083 E393.30197
G1 X115.809 Y110.153
G0 F7200 X115.8 Y110.153
G0 X115.739 Y108.198
G1 F3000 X97.3 Y89.76 E393.73562
G1 X97.23 Y89.69
G0 F7200 X97.23 Y89.7
G0 X99.185 Y89.76
G1 F3000 X115.739 Y106.313 E394.12493
G1 X115.809 Y106.383
G0 F7200 X115.8 Y106.383
G0 X115.739 Y104.428
G1 F3000 X101.071 Y89.76 E394.4699
G1 X101.001 Y89.69
G0 F7200 X101.001 Y89.7
G0 X102.956 Y89.76
G1 F3000 X117.436 Y104.24 E394.81045
G1 X117.506 Y104.31
G0 F7200 X117.506 Y104.3
G0 X119.321 Y104.24
G1 F3000 X104.841 Y89.76 E395.151
G1 X104.771 Y89.69
G0 F7200 X104.771 Y89.7
G0 X106.726 Y89.76
G1 F3000 X121.206 Y104.24 E395.49154
G1 X121.276 Y104.31
G0 F7200 X121.276 Y104.3
G0 X122.847 Y103.996
G1 F3000 X121.046 Y102.194 E395.53391
G1 X120.976 Y102.124
G0 F7200 X122.665 Y101.928
G1 F3000 X124.075 Y103.338 E395.56707
G1 X124.145 Y103.408
G0 F7200 X124.123 Y103.38
G0 X125 Y102.378
G1 F3000 X123.542 Y100.921 E395.60135
G1 X123.472 Y100.851
G0 F7200 X123.502 Y100.866
G0 X123.505 Y98.998
G1 F3000 X125.579 Y101.072 E395.65013
G1 X125.649 Y101.142
G0 F7200 X125.626 Y101.134
G0 X125.664 Y99.272
G1 F3000 X122.227 Y95.835 E395.73096
G1 X122.157 Y95.765
G0 F7200 X122.157 Y95.767
G0 X120.267 Y95.76
G1 F3000 X122.502 Y97.995 E395.78352
G1 X122.572 Y98.065
G0 F7200 X120.561 Y97.939
G1 F3000 X118.382 Y95.76 E395.83477
G1 X118.312 Y95.69
G0 F7200 X118.312 Y95.7
G0 X116.497 Y95.76
G1 F3000 X119.572 Y98.835 E395.90709
G1 X119.642 Y98.905
G0 F7200 X119.614 Y98.886
G0 X119.303 Y100.452
G1 F3000 X108.611 Y89.76 E396.15855
G1 X108.541 Y89.69
G0 F7200 X108.541 Y89.7
G0 X110.496 Y89.76
G1 F3000 X115.739 Y95.002 E396.28185
G1 X115.809 Y95.072
G0 F7200 X115.8 Y95.072
G0 X115.739 Y93.117
G1 F3000 X112.381 Y89.76 E396.36081
G1 X112.311 Y89.69
G0 F7200 X112.311 Y89.7
G0 X114.267 Y89.76
G1 F3000 X115.739 Y91.232 E396.39543
G1 X115.809 Y91.302
G0 F7200 X115.8 Y91.302
G0 X77.771 Y104.163
G1 F3000 X74.335 Y100.727 E396.47624
G1 X74.265 Y100.657
G0 F7200 X74.268 Y100.658
G0 X77.265 Y101.813
G0 X77.321 Y101.731
;TYPE:WALL-INNER
G1 F3000 X77.769 Y101.961 E396.48461
G1 X78.233 Y102.075 E396.49256
G1 X78.719 Y102.084 E396.50064
G1 X79.181 Y101.981 E396.50851
G1 X79.603 Y101.78 E396.51629
G1 X79.971 Y101.491 E396.52407
G1 X80.267 Y101.125 E396.5319
G1 X80.472 Y100.703 E396.5397
G1 X80.579 Y100.248 E396.54747
G1 X80.583 Y99.779 E396.55527
G1 X80.481 Y99.319 E396.56311
G1 X80.28 Y98.897 E396.57088
G1 X79.991 Y98.529 E396.57866
G1 X79.625 Y98.233 E396.58649
G1 X79.203 Y98.028 E396.59429
G1 X78.744 Y97.921 E396.60213
G1 X78.236 Y97.923 E396.61058
G1 X77.746 Y98.047 E396.61898
G1 X77.301 Y98.285 E396.62738
G1 X76.926 Y98.62 E396.63574
G1 X76.64 Y99.037 E396.64415
G1 X76.464 Y99.511 E396.65256
G1 X76.407 Y100.013 E396.66096
G1 X76.47 Y100.512 E396.66932
G1 X76.652 Y100.984 E396.67773
G1 X76.941 Y101.397 E396.68612
G1 X77.321 Y101.731 E396.69453
G0 F7200 X77.265 Y101.813
G0 X78.131 Y102.083
G0 X115.83 Y104.33
G0 X115.9 Y104.4
G1 F3000 X115.9 Y110.4 E396.79431
G1 X84.1 Y110.4 E397.32315
G1 X84.1 Y104.4 E397.42293
G1 X78.528 Y104.4 E397.51559
G1 X77.643 Y104.313 E397.53038
G1 X76.818 Y104.063 E397.54471
G1 X76.059 Y103.657 E397.55903
G1 X75.39 Y103.11 E397.5734
G1 X74.843 Y102.441 E397.58777
G1 X74.437 Y101.682 E397.60209
G1 X74.187 Y100.857 E397.61642
G1 X74.103 Y100 E397.63074
G1 X74.187 Y99.143 E397.64506
G1 X74.437 Y98.318 E397.6594
G1 X74.843 Y97.559 E397.67371
G1 X75.39 Y96.89 E397.68808
G1 X76.059 Y96.343 E397.70245
G1 X76.818 Y95.937 E397.71677
G1 X77.643 Y95.687 E397.73111
G1 X78.528 Y95.6 E397.74589
G1 X84.1 Y95.6 E397.83856
G1 X84.1 Y89.6 E397.93834
G1 X115.9 Y89.6 E398.46717
G1 X115.9 Y95.6 E398.56695
G1 X121.472 Y95.6 E398.65962
G1 X121.954 Y95.647 E398.66767
G1 X122.357 Y95.687 E398.6744
G1 X123.182 Y95.937 E398.68874
G1 X123.941 Y96.343 E398.70306
G1 X124.61 Y96.89 E398.71743
G1 X125.157 Y97.559 E398.7318
G1 X125.563 Y98.318 E398.74611
G1 X125.813 Y99.143 E398.76045
G1 X125.897 Y100 E398.77477
G1 X125.813 Y100.857 E398.78909
G1 X125.563 Y101.682 E398.80342
G1 X125.157 Y102.441 E398.81774
G1 X124.61 Y103.11 E398.83211
G1 X123.941 Y103.657 E398.84648
G1 X123.182 Y104.063 E398.8608
G1 X122.357 Y104.313 E398.87513
G1 X121.472 Y104.4 E398.88992
G1 X115.9 Y104.4 E398.98258
G0 F7200 X115.83 Y104.33
G0 X119.844 Y98.634
G0 X120.527 Y98.014
G0 X120.572 Y98.103
G1 F3000 X119.873 Y98.66 E398.99745
G1 X119.605 Y99.087 E399.00583
G1 X119.442 Y99.551 E399.01401
G1 X119.414 Y100.212 E399.02501
G1 X119.52 Y100.681 E399.03301
G1 X119.72 Y101.103 E399.04077
G1 X120.009 Y101.471 E399.04855
G1 X120.375 Y101.767 E399.05638
G1 X120.797 Y101.972 E399.06419
G1 X121.252 Y102.079 E399.07196
G1 X121.721 Y102.083 E399.07976
G1 X122.181 Y101.981 E399.08759
G1 X122.603 Y101.78 E399.09537
G1 X122.971 Y101.491 E399.10315
G1 X123.267 Y101.125 E399.11098
G1 X123.472 Y100.703 E399.11878
G1 X123.579 Y100.248 E399.12655
G1 X123.583 Y99.779 E399.13435
G1 X123.481 Y99.319 E399.14219
G1 X123.28 Y98.897 E399.14996
G1 X122.991 Y98.529 E399.15774
G1 X122.625 Y98.233 E399.16557
G1 X122.203 Y98.028 E399.17337
G1 X121.745 Y97.921 E399.18119
G1 X121.246 Y97.92 E399.18949
G1 X120.572 Y98.103 E399.20111
G0 F7200 X120.757 Y98.467
;TYPE:WALL-OUTER
G1 F1500 X120.176 Y98.93 E399.21346
G1 X119.968 Y99.262 E399.21998
G1 X119.839 Y99.628 E399.22643
G1 X119.816 Y100.176 E399.23555
G1 X119.9 Y100.55 E399.24193
G1 X120.062 Y100.891 E399.2482
G1 X120.296 Y101.188 E399.25449
G1 X120.591 Y101.427 E399.26081
G1 X120.932 Y101.593 E399.26711
G1 X121.3 Y101.679 E399.2734
G1 X121.679 Y101.683 E399.2797
G1 X122.05 Y101.6 E399.28602
G1 X122.391 Y101.438 E399.2923
G1 X122.688 Y101.204 E399.29859
G1 X122.927 Y100.909 E399.3049
G1 X123.093 Y100.568 E399.31121
G1 X123.179 Y100.2 E399.3175
G1 X123.183 Y99.821 E399.3238
G1 X123.1 Y99.45 E399.33012
G1 X122.938 Y99.109 E399.3364
G1 X122.704 Y98.812 E399.34269
G1 X122.409 Y98.573 E399.349
G1 X122.068 Y98.407 E399.35531
G1 X121.699 Y98.321 E399.36161
G1 X121.299 Y98.32 E399.36826
G1 X120.757 Y98.467 E399.3776
G0 F7200 X120.601 Y98.591
G0 X120.29 Y98.2
G0 X115.872 Y104.372
G0 X116.3 Y104.8
G1 F1500 X116.3 Y110.8 E399.47738
G1 X83.7 Y110.8 E400.01952
G1 X83.7 Y104.8 E400.1193
G1 X78.509 Y104.8 E400.20563
G1 X77.563 Y104.707 E400.22144
G1 X76.663 Y104.434 E400.23708
G1 X75.837 Y103.992 E400.25266
G1 X75.106 Y103.394 E400.26836
G1 X74.508 Y102.663 E400.28407
G1 X74.066 Y101.837 E400.29965
G1 X73.793 Y100.937 E400.31529
G1 X73.701 Y100 E400.33094
G1 X73.793 Y99.063 E400.3466
G1 X74.066 Y98.163 E400.36224
G1 X74.508 Y97.337 E400.37782
G1 X75.106 Y96.606 E400.39353
G1 X75.837 Y96.008 E400.40923
G1 X76.663 Y95.566 E400.42481
G1 X77.563 Y95.293 E400.44045
G1 X78.509 Y95.2 E400.45626
G1 X83.7 Y95.2 E400.54259
G1 X83.7 Y89.2 E400.64237
G1 X116.3 Y89.2 E401.18451
G1 X116.3 Y95.2 E401.28429
G1 X121.491 Y95.2 E401.37062
G1 X121.993 Y95.249 E401.379
G1 X122.437 Y95.293 E401.38642
G1 X123.337 Y95.566 E401.40206
G1 X124.163 Y96.008 E401.41764
G1 X124.894 Y96.606 E401.43335
G1 X125.492 Y97.337 E401.44906
G1 X125.934 Y98.163 E401.46464
G1 X126.207 Y99.063 E401.48028
G1 X126.299 Y100 E401.49593
G1 X126.207 Y100.937 E401.51159
G1 X125.934 Y101.837 E401.52723
G1 X125.492 Y102.663 E401.54281
G1 X124.894 Y103.394 E401.55852
G1 X124.163 Y103.992 E401.57422
G1 X123.337 Y104.434 E401.5898
G1 X122.437 Y104.707 E401.60544
G1 X121.491 Y104.8 E401.62125
G1 X116.3 Y104.8 E401.70758
G0 F7200 X116.3 Y105
G0 X115.8 Y105
G0 X78.228 Y102.114
G0 X77.32 Y101.842
G0 X77.548 Y101.398
G1 F1500 X77.91 Y101.584 E401.71435
G1 X78.285 Y101.676 E401.72077
G1 X78.678 Y101.683 E401.7273
G1 X79.05 Y101.6 E401.73364
G1 X79.391 Y101.438 E401.73992
G1 X79.688 Y101.204 E401.74621
G1 X79.927 Y100.909 E401.75252
G1 X80.093 Y100.568 E401.75883
G1 X80.179 Y100.2 E401.76511
G1 X80.183 Y99.821 E401.77142
G1 X80.1 Y99.45 E401.77774
G1 X79.938 Y99.109 E401.78402
G1 X79.704 Y98.812 E401.79031
G1 X79.409 Y98.573 E401.79662
G1 X79.068 Y98.407 E401.80293
G1 X78.699 Y98.321 E401.80923
G1 X78.287 Y98.323 E401.81608
G1 X77.891 Y98.423 E401.82287
G1 X77.532 Y98.615 E401.82964
G1 X77.229 Y98.886 E401.8364
G1 X76.998 Y99.223 E401.8432
G1 X76.856 Y99.605 E401.84997
G1 X76.81 Y100.01 E401.85675
G1 X76.861 Y100.414 E401.86352
G1 X77.008 Y100.795 E401.87032
G1 X77.241 Y101.128 E401.87707
G1 X77.548 Y101.398 E401.88387
G0 F7200 X77.726 Y101.489
G0 X77.361 Y102.201
;MESH:NONMESH
G0 F600 X77.361 Y102.201 Z1.2
G0 F7200 X76.617 Y101.002
G0 X76.367 Y100.013
G0 X77.772 Y95.834
;TIME_ELAPSED:780.775394
;LAYER:9
;TYPE:FILL
;MESH:drax_photo_base.stl
G1 F3000 X74.336 Y99.271 E401.96469
G1 X74.266 Y99.341
G0 F7200 X74.267 Y99.341
G0 X74.42 Y101.072
G1 F3000 X76.472 Y99.02 E402.01295
G1 X76.542 Y98.95
G0 F7200 X77.493 Y97.999
G1 F3000 X79.733 Y95.759 E402.06564
G1 X79.803 Y95.689
G0 F7200 X79.803 Y95.7
G0 X81.618 Y95.759
G1 F3000 X79.422 Y97.955 E402.11728
G1 X79.352 Y98.025
G0 F7200 X79.367 Y97.996
G0 X80.43 Y98.832
G1 F3000 X83.503 Y95.759 E402.18956
G1 X83.573 Y95.689
G0 F7200 X84.26 Y95.002
G1 F3000 X89.503 Y89.759 E402.31286
G1 X89.573 Y89.689
G0 F7200 X89.573 Y89.7
G0 X87.618 Y89.759
G1 F3000 X84.26 Y93.117 E402.39184
G1 X84.19 Y93.187
G0 F7200 X84.2 Y93.187
G0 X84.26 Y91.232
G1 F3000 X85.733 Y89.759 E402.42648
G1 X85.803 Y89.689
G0 F7200 X85.803 Y89.7
G0 X91.388 Y89.759
G1 F3000 X80.696 Y100.451 E402.67794
G1 X80.626 Y100.521
G0 F7200 X79.981 Y101.536
G0 X78.954 Y102.193
G1 F3000 X77.151 Y103.996 E402.72034
G1 X77.081 Y104.066
G0 F7200 X77.089 Y104.042
G0 X75.924 Y103.338
G1 F3000 X77.341 Y101.921 E402.75367
G1 X77.411 Y101.851
G0 F7200 X77.395 Y101.882
G0 X76.457 Y100.92
G1 F3000 X74.999 Y102.377 E402.78795
G1 X74.929 Y102.447
G0 F7200 X74.958 Y102.424
G0 X78.793 Y104.239
G1 F3000 X93.273 Y89.759 E403.12849
G1 X93.343 Y89.689
G0 F7200 X93.343 Y89.7
G0 X95.158 Y89.759
G1 F3000 X80.678 Y104.239 E403.46904
G1 X80.608 Y104.309
G0 F7200 X80.608 Y104.3
G0 X82.563 Y104.239
G1 F3000 X97.044 Y89.759 E403.8096
G1 X97.114 Y89.689
G0 F7200 X97.114 Y89.7
G0 X98.929 Y89.759
G1 F3000 X84.26 Y104.428 E404.15459
G1 X84.19 Y104.498
G0 F7200 X84.2 Y104.498
G0 X84.26 Y106.313
G1 F3000 X100.814 Y89.759 E404.54392
G1 X100.884 Y89.689
G0 F7200 X100.884 Y89.7
G0 X102.699 Y89.759
G1 F3000 X84.26 Y108.198 E404.97758
G1 X84.19 Y108.268
G0 F7200 X84.2 Y108.268
G0 X84.26 Y110.083
G1 F3000 X104.584 Y89.759 E405.45556
G1 X104.654 Y89.689
G0 F7200 X104.654 Y89.7
G0 X106.469 Y89.759
G1 F3000 X85.989 Y110.239 E405.93722
G1 X85.919 Y110.309
G0 F7200 X85.919 Y110.3
G0 X87.874 Y110.239
G1 F3000 X108.354 Y89.759 E406.41888
G1 X108.424 Y89.689
G0 F7200 X108.424 Y89.7
G0 X110.24 Y89.759
G1 F3000 X89.76 Y110.239 E406.90054
G1 X89.69 Y110.309
G0 F7200 X89.69 Y110.3
G0 X91.645 Y110.239
G1 F3000 X112.125 Y89.759 E407.3822
G1 X112.195 Y89.689
G0 F7200 X112.195 Y89.7
G0 X114.01 Y89.759
G1 F3000 X93.53 Y110.239 E407.86386
G1 X93.46 Y110.309
G0 F7200 X93.46 Y110.3
G0 X95.415 Y110.239
G1 F3000 X115.739 Y89.915 E408.34184
G1 X115.809 Y89.845
G0 F7200 X115.8 Y89.845
G0 X115.739 Y91.8
G1 F3000 X97.3 Y110.239 E408.7755
G1 X97.23 Y110.309
G0 F7200 X97.23 Y110.3
G0 X99.185 Y110.239
G1 F3000 X115.739 Y93.685 E409.16483
G1 X115.809 Y93.615
G0 F7200 X115.8 Y93.615
G0 X115.739 Y95.571
G1 F3000 X101.071 Y110.239 E409.5098
G1 X101.001 Y110.309
G0 F7200 X101.001 Y110.3
G0 X102.956 Y110.239
G1 F3000 X117.435 Y95.759 E409.85033
G1 X117.505 Y95.689
G0 F7200 X117.505 Y95.7
G0 X119.32 Y95.759
G1 F3000 X104.841 Y110.239 E410.19087
G1 X104.771 Y110.309
G0 F7200 X104.771 Y110.3
G0 X106.726 Y110.239
G1 F3000 X121.205 Y95.759 E410.5314
G1 X121.275 Y95.689
G0 F7200 X121.275 Y95.7
G0 X122.847 Y96.003
G1 F3000 X121.044 Y97.806 E410.57381
G1 X120.974 Y97.876
G0 F7200 X122.659 Y98.076
G1 F3000 X124.075 Y96.66 E410.60711
G1 X124.145 Y96.59
G0 F7200 X124.121 Y96.618
G0 X124.999 Y97.621
G1 F3000 X123.542 Y99.078 E410.64137
G1 X123.472 Y99.148
G0 F7200 X123.502 Y99.134
G0 X123.502 Y101.003
G1 F3000 X125.578 Y98.927 E410.6902
G1 X125.648 Y98.857
G0 F7200 X125.624 Y98.864
G0 X125.663 Y100.728
G1 F3000 X122.226 Y104.164 E410.77102
G1 X122.156 Y104.234
G0 F7200 X122.157 Y104.232
G0 X120.266 Y104.24
G1 F3000 X122.499 Y102.007 E410.82354
G1 X122.569 Y101.937
G0 F7200 X121.786 Y102.107
G0 X120.577 Y102.043
G1 F3000 X118.38 Y104.24 E410.87521
G1 X118.31 Y104.31
G0 F7200 X118.31 Y104.3
G0 X116.495 Y104.24
G1 F3000 X119.568 Y101.167 E410.94748
G1 X119.638 Y101.097
G0 F7200 X119.61 Y101.109
G0 X119.281 Y99.569
G1 F3000 X108.611 Y110.239 E411.19842
G1 X108.541 Y110.309
G0 F7200 X108.541 Y110.3
G0 X110.496 Y110.239
G1 F3000 X115.739 Y104.996 E411.32173
G1 X115.809 Y104.926
G0 F7200 X115.8 Y104.926
G0 X115.739 Y106.882
G1 F3000 X112.381 Y110.239 E411.40069
G1 X112.311 Y110.309
G0 F7200 X112.311 Y110.3
G0 X114.267 Y110.239
G1 F3000 X115.739 Y108.767 E411.43531
G1 X115.809 Y108.697
G0 F7200 X115.8 Y108.697
G0 X115.83 Y104.33
G0 X115.9 Y104.4
;TYPE:WALL-INNER
G1 F3000 X115.9 Y110.4 E411.53509
G1 X84.1 Y110.4 E412.06393
G1 X84.1 Y104.4 E412.16371
G1 X78.529 Y104.4 E412.25635
G1 X77.642 Y104.313 E412.27118
G1 X76.818 Y104.063 E412.2855
G1 X76.059 Y103.657 E412.29981
G1 X75.39 Y103.11 E412.31418
G1 X74.843 Y102.441 E412.32855
G1 X74.437 Y101.682 E412.34287
G1 X74.187 Y100.858 E412.35719
G1 X74.103 Y100 E412.37152
G1 X74.187 Y99.142 E412.38586
G1 X74.437 Y98.318 E412.40018
G1 X74.843 Y97.559 E412.4145
G1 X75.39 Y96.89 E412.42887
G1 X76.059 Y96.343 E412.44324
G1 X76.818 Y95.937 E412.45755
G1 X77.642 Y95.687 E412.47187
G1 X78.529 Y95.6 E412.48669
G1 X84.1 Y95.6 E412.57934
G1 X84.1 Y89.6 E412.67912
G1 X115.9 Y89.6 E413.20796
G1 X115.9 Y95.6 E413.30774
G1 X121.471 Y95.6 E413.40038
G1 X122.002 Y95.652 E413.40926
G1 X122.358 Y95.687 E413.4152
G1 X123.182 Y95.937 E413.42952
G1 X123.941 Y96.343 E413.44384
G1 X124.61 Y96.89 E413.45821
G1 X125.157 Y97.559 E413.47258
G1 X125.563 Y98.318 E413.4869
G1 X125.813 Y99.142 E413.50122
G1 X125.897 Y100 E413.51555
G1 X125.813 Y100.858 E413.52989
G1 X125.563 Y101.682 E413.54421
G1 X125.157 Y102.441 E413.55852
G1 X124.61 Y103.11 E413.57289
G1 X123.941 Y103.657 E413.58727
G1 X123.182 Y104.063 E413.60158
G1 X122.358 Y104.313 E413.6159
G1 X121.471 Y104.4 E413.63072
G1 X115.9 Y104.4 E413.72337
G0 F7200 X115.83 Y104.33
G0 X119.844 Y98.634
G0 X120.526 Y98.014
G0 X120.571 Y98.103
G1 F3000 X119.873 Y98.66 E413.73822
G1 X119.605 Y99.087 E413.7466
G1 X119.443 Y99.549 E413.75474
G1 X119.412 Y100.189 E413.7654
G1 X119.511 Y100.658 E413.77337
G1 X119.708 Y101.083 E413.78116
G1 X119.992 Y101.454 E413.78893
G1 X120.355 Y101.754 E413.79676
G1 X120.774 Y101.964 E413.80456
G1 X121.226 Y102.075 E413.8123
G1 X121.696 Y102.087 E413.82012
G1 X122.158 Y101.989 E413.82797
G1 X122.583 Y101.792 E413.83576
G1 X122.954 Y101.508 E413.84353
G1 X123.254 Y101.145 E413.85136
G1 X123.464 Y100.726 E413.85916
G1 X123.575 Y100.274 E413.8669
G1 X123.587 Y99.804 E413.87471
G1 X123.489 Y99.342 E413.88257
G1 X123.292 Y98.917 E413.89036
G1 X123.008 Y98.546 E413.89813
G1 X122.645 Y98.246 E413.90596
G1 X122.226 Y98.036 E413.91375
G1 X121.767 Y97.923 E413.92162
G1 X121.227 Y97.922 E413.9306
G1 X120.571 Y98.103 E413.94191
G0 F7200 X120.526 Y98.014
G0 X78.2 Y97.826
G0 X78.213 Y97.925
G1 F3000 X77.722 Y98.057 E413.95037
G1 X77.28 Y98.298 E413.95874
G1 X76.909 Y98.64 E413.96713
G1 X76.629 Y99.061 E413.97554
G1 X76.459 Y99.536 E413.98393
G1 X76.407 Y100.036 E413.99229
G1 X76.475 Y100.538 E414.00071
G1 X76.664 Y101.007 E414.00912
G1 X76.958 Y101.417 E414.01751
G1 X77.342 Y101.745 E414.02591
G1 X77.789 Y101.969 E414.03423
G1 X78.212 Y102.071 E414.04146
G1 X78.694 Y102.087 E414.04948
G1 X79.158 Y101.989 E414.05737
G1 X79.583 Y101.792 E414.06516
G1 X79.954 Y101.508 E414.07293
G1 X80.254 Y101.145 E414.08076
G1 X80.464 Y100.726 E414.08856
G1 X80.575 Y100.274 E414.0963
G1 X80.587 Y99.804 E414.10411
G1 X80.489 Y99.342 E414.11197
G1 X80.292 Y98.917 E414.11976
G1 X80.008 Y98.546 E414.12753
G1 X79.645 Y98.246 E414.13536
G1 X79.226 Y98.036 E414.14315
G1 X78.765 Y97.923 E414.15105
G1 X78.213 Y97.925 E414.16023
G0 F7200 X78.267 Y98.325
;TYPE:WALL-OUTER
G1 F1500 X77.872 Y98.431 E414.16703
G1 X77.515 Y98.626 E414.17379
G1 X77.215 Y98.902 E414.18057
G1 X76.989 Y99.242 E414.18736
G1 X76.852 Y99.625 E414.19413
G1 X76.81 Y100.03 E414.2009
G1 X76.865 Y100.435 E414.20769
G1 X77.017 Y100.813 E414.21447
G1 X77.255 Y101.144 E414.22125
G1 X77.565 Y101.409 E414.22803
G1 X77.928 Y101.591 E414.23478
G1 X78.266 Y101.673 E414.24057
G1 X78.659 Y101.686 E414.24711
G1 X79.031 Y101.607 E414.25343
G1 X79.375 Y101.448 E414.25973
G1 X79.675 Y101.218 E414.26602
G1 X79.917 Y100.925 E414.27234
G1 X80.086 Y100.587 E414.27863
G1 X80.176 Y100.22 E414.28491
G1 X80.186 Y99.841 E414.29121
G1 X80.107 Y99.469 E414.29754
G1 X79.948 Y99.125 E414.30384
G1 X79.718 Y98.825 E414.31013
G1 X79.425 Y98.583 E414.31645
G1 X79.087 Y98.414 E414.32273
G1 X78.717 Y98.323 E414.32907
G1 X78.267 Y98.325 E414.33655
G0 F7200 X78.074 Y98.376
G0 X77.946 Y97.894
G0 X115.8 Y104.8
G0 X116.3 Y104.8
G1 F1500 X116.3 Y110.8 E414.43633
G1 X83.7 Y110.8 E414.97847
G1 X83.7 Y104.8 E415.07825
G1 X78.51 Y104.8 E415.16456
G1 X77.562 Y104.707 E415.1804
G1 X76.663 Y104.434 E415.19603
G1 X75.837 Y103.992 E415.21161
G1 X75.106 Y103.394 E415.22731
G1 X74.508 Y102.663 E415.24302
G1 X74.066 Y101.837 E415.2586
G1 X73.793 Y100.938 E415.27422
G1 X73.701 Y100 E415.2899
G1 X73.793 Y99.062 E415.30557
G1 X74.066 Y98.163 E415.3212
G1 X74.508 Y97.337 E415.33678
G1 X75.106 Y96.606 E415.35248
G1 X75.837 Y96.008 E415.36819
G1 X76.663 Y95.566 E415.38377
G1 X77.562 Y95.293 E415.39939
G1 X78.51 Y95.2 E415.41523
G1 X83.7 Y95.2 E415.50154
G1 X83.7 Y89.2 E415.60132
G1 X116.3 Y89.2 E416.14346
G1 X116.3 Y95.2 E416.24324
G1 X121.49 Y95.2 E416.32955
G1 X122.041 Y95.254 E416.33876
G1 X122.438 Y95.293 E416.3454
G1 X123.337 Y95.566 E416.36102
G1 X124.163 Y96.008 E416.3766
G1 X124.894 Y96.606 E416.39231
G1 X125.492 Y97.337 E416.40801
G1 X125.934 Y98.163 E416.42359
G1 X126.207 Y99.062 E416.43922
G1 X126.299 Y100 E416.45489
G1 X126.207 Y100.938 E416.47056
G1 X125.934 Y101.837 E416.48619
G1 X125.492 Y102.663 E416.50177
G1 X124.894 Y103.394 E416.51747
G1 X124.163 Y103.992 E416.53318
G1 X123.337 Y104.434 E416.54876
G1 X122.438 Y104.707 E416.56438
G1 X121.49 Y104.8 E416.58022
G1 X116.3 Y104.8 E416.66653
G0 F7200 X116.3 Y105
G0 X115.8 Y105
G0 X119.844 Y98.634
G0 X120.445 Y98.076
G0 X120.756 Y98.467
G1 F1500 X120.176 Y98.93 E416.67888
G1 X119.968 Y99.262 E416.68539
G1 X119.84 Y99.627 E416.69182
G1 X119.814 Y100.157 E416.70065
G1 X119.893 Y100.531 E416.70701
G1 X120.052 Y100.875 E416.71331
G1 X120.282 Y101.175 E416.71959
G1 X120.575 Y101.417 E416.72591
G1 X120.913 Y101.586 E416.7322
G1 X121.28 Y101.676 E416.73848
G1 X121.659 Y101.686 E416.74479
G1 X122.031 Y101.607 E416.75111
G1 X122.375 Y101.448 E416.75741
G1 X122.675 Y101.218 E416.7637
G1 X122.917 Y100.925 E416.77002
G1 X123.086 Y100.587 E416.7763
G1 X123.176 Y100.22 E416.78259
G1 X123.186 Y99.841 E416.78889
G1 X123.107 Y99.469 E416.79522
G1 X122.948 Y99.125 E416.80152
G1 X122.718 Y98.825 E416.80781
G1 X122.425 Y98.583 E416.81413
G1 X122.087 Y98.414 E416.82041
G1 X121.718 Y98.323 E416.82673
G1 X121.281 Y98.322 E416.834
G1 X120.756 Y98.467 E416.84306
G0 F7200 X120.6 Y98.591
G0 X120.104 Y97.965
;MESH:NONMESH
G0 F600 X120.104 Y97.965 Z1.3
G0 F7200 X75.924 Y96.66
;TIME_ELAPSED:805.647036
;LAYER:10
;TYPE:FILL
;MESH:drax_photo_base.stl
G1 F3000 X77.346 Y98.083 E416.87651
G1 X77.416 Y98.153
G0 F7200 X77.4 Y98.125
G0 X76.447 Y99.069
G1 F3000 X74.999 Y97.621 E416.91057
G1 X74.929 Y97.551
G0 F7200 X74.958 Y97.576
G0 X74.419 Y98.926
G1 F3000 X76.475 Y100.981 E416.95891
G1 X76.545 Y101.051
G0 F7200 X77.534 Y102.041
G1 F3000 X79.731 Y104.238 E417.01058
G1 X79.801 Y104.308
G0 F7200 X79.801 Y104.3
G0 X81.617 Y104.238
G1 F3000 X79.42 Y102.042 E417.06224
G1 X79.35 Y101.972
G0 F7200 X79.363 Y102.004
G0 X80.422 Y101.159
G1 F3000 X83.502 Y104.238 E417.13466
G1 X83.572 Y104.308
G0 F7200 X84.26 Y104.996
G1 F3000 X89.502 Y110.239 E417.25796
G1 X89.572 Y110.309
G0 F7200 X89.572 Y110.3
G0 X87.617 Y110.239
G1 F3000 X84.26 Y106.882 E417.33691
G1 X84.19 Y106.812
G0 F7200 X84.2 Y106.812
G0 X84.26 Y108.767
G1 F3000 X85.732 Y110.239 E417.37153
G1 X85.802 Y110.309
G0 F7200 X85.802 Y110.3
G0 X91.387 Y110.239
G1 F3000 X80.696 Y99.547 E417.62298
G1 X80.626 Y99.477
G0 F7200 X80.053 Y98.536
G0 X78.951 Y97.802
G1 F3000 X77.151 Y96.003 E417.6653
G1 X77.081 Y95.933
G0 F7200 X77.088 Y95.959
G0 X78.792 Y95.759
G1 F3000 X93.273 Y110.239 E418.00586
G1 X93.343 Y110.309
G0 F7200 X93.343 Y110.3
G0 X95.158 Y110.239
G1 F3000 X80.678 Y95.759 E418.3464
G1 X80.608 Y95.689
G0 F7200 X80.608 Y95.7
G0 X82.563 Y95.759
G1 F3000 X97.043 Y110.239 E418.68695
G1 X97.113 Y110.309
G0 F7200 X97.113 Y110.3
G0 X98.928 Y110.239
G1 F3000 X84.259 Y95.57 E419.03194
G1 X84.189 Y95.5
G0 F7200 X84.2 Y95.5
G0 X84.259 Y93.685
G1 F3000 X100.813 Y110.239 E419.42127
G1 X100.883 Y110.309
G0 F7200 X100.883 Y110.3
G0 X102.698 Y110.239
G1 F3000 X84.259 Y91.8 E419.85493
G1 X84.189 Y91.73
G0 F7200 X84.2 Y91.73
G0 X84.259 Y89.914
G1 F3000 X104.583 Y110.239 E420.33293
G1 X104.653 Y110.309
G0 F7200 X104.653 Y110.3
G0 X106.469 Y110.239
G1 F3000 X85.989 Y89.76 E420.81457
G1 X85.919 Y89.69
G0 F7200 X85.919 Y89.7
G0 X87.874 Y89.76
G1 F3000 X108.354 Y110.239 E421.29622
G1 X108.424 Y110.309
G0 F7200 X108.424 Y110.3
G0 X110.239 Y110.239
G1 F3000 X89.76 Y89.76 E421.77785
G1 X89.69 Y89.69
G0 F7200 X89.69 Y89.7
G0 X91.645 Y89.76
G1 F3000 X112.124 Y110.239 E422.25949
G1 X112.194 Y110.309
G0 F7200 X112.194 Y110.3
G0 X114.009 Y110.239
G1 F3000 X93.53 Y89.76 E422.74112
G1 X93.46 Y89.69
G0 F7200 X93.46 Y89.7
G0 X95.415 Y89.76
G1 F3000 X115.739 Y110.083 E423.2191
G1 X115.809 Y110.153
G0 F7200 X115.8 Y110.153
G0 X115.739 Y108.198
G1 F3000 X97.3 Y89.76 E423.65275
G1 X97.23 Y89.69
G0 F7200 X97.23 Y89.7
G0 X99.185 Y89.76
G1 F3000 X115.739 Y106.313 E424.04206
G1 X115.809 Y106.383
G0 F7200 X115.8 Y106.383
G0 X115.739 Y104.428
G1 F3000 X101.071 Y89.76 E424.38703
G1 X101.001 Y89.69
G0 F7200 X101.001 Y89.7
G0 X102.956 Y89.76
G1 F3000 X117.435 Y104.239 E424.72755
G1 X117.505 Y104.309
G0 F7200 X117.505 Y104.3
G0 X119.32 Y104.239
G1 F3000 X104.841 Y89.76 E425.06808
G1 X104.771 Y89.69
G0 F7200 X104.771 Y89.7
G0 X106.726 Y89.76
G1 F3000 X121.205 Y104.239 E425.4086
G1 X121.275 Y104.309
G0 F7200 X121.275 Y104.3
G0 X122.847 Y103.996
G1 F3000 X121.048 Y102.197 E425.45091
G1 X120.978 Y102.127
G0 F7200 X122.664 Y101.928
G1 F3000 X124.075 Y103.338 E425.48408
G1 X124.145 Y103.408
G0 F7200 X124.123 Y103.38
G0 X125 Y102.378
G1 F3000 X123.544 Y100.923 E425.51831
G1 X123.474 Y100.853
G0 F7200 X123.505 Y100.869
G0 X123.615 Y99.93
G0 X123.506 Y98.999
G1 F3000 X125.58 Y101.073 E425.56709
G1 X125.65 Y101.143
G0 F7200 X125.626 Y101.135
G0 X125.664 Y99.272
G1 F3000 X122.227 Y95.835 E425.64792
G1 X122.157 Y95.765
G0 F7200 X122.157 Y95.767
G0 X120.267 Y95.76
G1 F3000 X122.5 Y97.993 E425.70044
G1 X122.57 Y98.063
G0 F7200 X120.561 Y97.939
G1 F3000 X118.382 Y95.76 E425.75169
G1 X118.312 Y95.69
G0 F7200 X118.312 Y95.7
G0 X116.497 Y95.76
G1 F3000 X119.572 Y98.835 E425.82401
G1 X119.642 Y98.905
G0 F7200 X119.614 Y98.886
G0 X119.303 Y100.451
G1 F3000 X108.611 Y89.76 E426.07545
G1 X108.541 Y89.69
G0 F7200 X108.541 Y89.7
G0 X110.496 Y89.76
G1 F3000 X115.739 Y95.002 E426.19875
G1 X115.809 Y95.072
G0 F7200 X115.8 Y95.072
G0 X115.739 Y93.117
G1 F3000 X112.381 Y89.76 E426.27771
G1 X112.311 Y89.69
G0 F7200 X112.311 Y89.7
G0 X114.267 Y89.76
G1 F3000 X115.739 Y91.232 E426.31233
G1 X115.809 Y91.302
G0 F7200 X115.8 Y91.302
G0 X77.771 Y104.163
G1 F3000 X74.334 Y100.726 E426.39316
G1 X74.264 Y100.656
G0 F7200 X74.268 Y100.657
G0 X77.054 Y98.333
G0 X77.117 Y98.409
;TYPE:WALL-INNER
G1 F3000 X76.768 Y98.805 E426.40194
G1 X76.532 Y99.253 E426.41036
G1 X76.411 Y99.747 E426.41882
G1 X76.411 Y100.253 E426.42724
G1 X76.532 Y100.747 E426.43569
G1 X76.768 Y101.195 E426.44412
G1 X77.104 Y101.576 E426.45256
G1 X77.539 Y101.875 E426.46134
G1 X78.173 Y102.068 E426.47236
G1 X78.671 Y102.09 E426.48065
G1 X79.136 Y101.996 E426.48854
G1 X79.563 Y101.805 E426.49632
G1 X79.937 Y101.524 E426.5041
G1 X80.241 Y101.165 E426.51192
G1 X80.456 Y100.749 E426.51971
G1 X80.572 Y100.297 E426.52747
G1 X80.589 Y99.828 E426.53528
G1 X80.496 Y99.364 E426.54315
G1 X80.305 Y98.937 E426.55093
G1 X80.024 Y98.563 E426.5587
G1 X79.665 Y98.259 E426.56653
G1 X79.249 Y98.044 E426.57432
G1 X78.82 Y97.934 E426.58168
G1 X78.499 Y97.896 E426.58706
G1 X77.997 Y97.957 E426.59547
G1 X77.668 Y98.081 E426.60131
G1 X77.117 Y98.409 E426.61198
G0 F7200 X77.054 Y98.333
G0 X77.988 Y97.919
G0 X115.83 Y104.33
G0 X115.9 Y104.4
G1 F3000 X115.9 Y110.4 E426.71176
G1 X84.1 Y110.4 E427.24059
G1 X84.1 Y104.4 E427.34037
G1 X78.529 Y104.4 E427.43302
G1 X77.642 Y104.313 E427.44784
G1 X76.818 Y104.063 E427.46216
G1 X76.059 Y103.657 E427.47648
G1 X75.39 Y103.11 E427.49085
G1 X74.843 Y102.441 E427.50522
G1 X74.437 Y101.682 E427.51953
G1 X74.187 Y100.858 E427.53385
G1 X74.103 Y100 E427.54819
G1 X74.187 Y99.142 E427.56253
G1 X74.437 Y98.318 E427.57685
G1 X74.843 Y97.559 E427.59116
G1 X75.39 Y96.89 E427.60553
G1 X76.059 Y96.343 E427.6199
G1 X76.818 Y95.937 E427.63422
G1 X77.642 Y95.687 E427.64854
G1 X78.529 Y95.6 E427.66336
G1 X84.1 Y95.6 E427.756
G1 X84.1 Y89.6 E427.85579
G1 X115.9 Y89.6 E428.38462
G1 X115.9 Y95.6 E428.4844
G1 X121.471 Y95.6 E428.57705
G1 X122.05 Y95.657 E428.58672
G1 X122.358 Y95.687 E428.59187
G1 X123.182 Y95.937 E428.60619
G1 X123.941 Y96.343 E428.6205
G1 X124.61 Y96.89 E428.63488
G1 X125.157 Y97.559 E428.64925
G1 X125.563 Y98.318 E428.66356
G1 X125.813 Y99.142 E428.67788
G1 X125.897 Y100 E428.69222
G1 X125.813 Y100.858 E428.70655
G1 X125.563 Y101.682 E428.72087
G1 X125.157 Y102.441 E428.73519
G1 X124.61 Y103.11 E428.74956
G1 X123.941 Y103.657 E428.76393
G1 X123.182 Y104.063 E428.77825
G1 X122.358 Y104.313 E428.79257
G1 X121.471 Y104.4 E428.80739
G1 X115.9 Y104.4 E428.90003
G0 F7200 X115.83 Y104.33
G0 X119.844 Y98.634
G0 X120.525 Y98.017
G0 X120.57 Y98.105
G1 F3000 X119.873 Y98.66 E428.91485
G1 X119.605 Y99.087 E428.92323
G1 X119.444 Y99.548 E428.93135
G1 X119.41 Y100.168 E428.94168
G1 X119.504 Y100.636 E428.94962
G1 X119.695 Y101.063 E428.9574
G1 X119.976 Y101.437 E428.96518
G1 X120.335 Y101.741 E428.973
G1 X120.751 Y101.956 E428.98079
G1 X121.203 Y102.072 E428.98855
G1 X121.672 Y102.089 E428.99635
G1 X122.136 Y101.996 E429.00422
G1 X122.563 Y101.805 E429.012
G1 X122.937 Y101.524 E429.01978
G1 X123.241 Y101.165 E429.0276
G1 X123.456 Y100.749 E429.03539
G1 X123.572 Y100.297 E429.04315
G1 X123.589 Y99.828 E429.05096
G1 X123.496 Y99.364 E429.05883
G1 X123.305 Y98.937 E429.06661
G1 X123.024 Y98.563 E429.07439
G1 X122.665 Y98.259 E429.08221
G1 X122.249 Y98.044 E429.09
G1 X121.787 Y97.925 E429.09793
G1 X121.208 Y97.924 E429.10756
G1 X120.57 Y98.105 E429.11859
G0 F7200 X120.756 Y98.468
;TYPE:WALL-OUTER
G1 F1500 X120.176 Y98.93 E429.13092
G1 X119.968 Y99.262 E429.13743
G1 X119.84 Y99.627 E429.14387
G1 X119.812 Y100.139 E429.15239
G1 X119.887 Y100.513 E429.15874
G1 X120.042 Y100.859 E429.16504
G1 X120.269 Y101.161 E429.17133
G1 X120.559 Y101.406 E429.17764
G1 X120.895 Y101.58 E429.18393
G1 X121.261 Y101.674 E429.19022
G1 X121.64 Y101.688 E429.19652
G1 X122.013 Y101.613 E429.20285
G1 X122.359 Y101.458 E429.20915
G1 X122.661 Y101.231 E429.21544
G1 X122.906 Y100.941 E429.22175
G1 X123.08 Y100.605 E429.22804
G1 X123.174 Y100.239 E429.23433
G1 X123.188 Y99.86 E429.24063
G1 X123.113 Y99.487 E429.24696
G1 X122.958 Y99.141 E429.25327
G1 X122.731 Y98.839 E429.25955
G1 X122.441 Y98.594 E429.26586
G1 X122.105 Y98.42 E429.27216
G1 X121.736 Y98.325 E429.27849
G1 X121.263 Y98.324 E429.28636
G1 X120.756 Y98.468 E429.29512
G0 F7200 X120.6 Y98.592
G0 X120.29 Y98.201
G0 X115.872 Y104.372
G0 X116.3 Y104.8
G1 F1500 X116.3 Y110.8 E429.3949
G1 X83.7 Y110.8 E429.93704
G1 X83.7 Y104.8 E430.03682
G1 X78.51 Y104.8 E430.12313
G1 X77.562 Y104.707 E430.13898
G1 X76.663 Y104.434 E430.1546
G1 X75.837 Y103.992 E430.17018
G1 X75.106 Y103.394 E430.18589
G1 X74.508 Y102.663 E430.20159
G1 X74.066 Y101.837 E430.21717
G1 X73.793 Y100.938 E430.2328
G1 X73.701 Y100 E430.24847
G1 X73.793 Y99.062 E430.26414
G1 X74.066 Y98.163 E430.27977
G1 X74.508 Y97.337 E430.29535
G1 X75.106 Y96.606 E430.31105
G1 X75.837 Y96.008 E430.32676
G1 X76.663 Y95.566 E430.34234
G1 X77.562 Y95.293 E430.35796
G1 X78.51 Y95.2 E430.3738
G1 X83.7 Y95.2 E430.46011
G1 X83.7 Y89.2 E430.55989
G1 X116.3 Y89.2 E431.10203
G1 X116.3 Y95.2 E431.20182
G1 X121.49 Y95.2 E431.28813
G1 X122.089 Y95.259 E431.29813
G1 X122.438 Y95.293 E431.30397
G1 X123.337 Y95.566 E431.31959
G1 X124.163 Y96.008 E431.33517
G1 X124.894 Y96.606 E431.35088
G1 X125.492 Y97.337 E431.36658
G1 X125.934 Y98.163 E431.38216
G1 X126.207 Y99.062 E431.39779
G1 X126.299 Y100 E431.41346
G1 X126.207 Y100.938 E431.42913
G1 X125.934 Y101.837 E431.44476
G1 X125.492 Y102.663 E431.46034
G1 X124.894 Y103.394 E431.47604
G1 X124.163 Y103.992 E431.49175
G1 X123.337 Y104.434 E431.50733
G1 X122.438 Y104.707 E431.52295
G1 X121.49 Y104.8 E431.5388
G1 X116.3 Y104.8 E431.62511
G0 F7200 X116.3 Y105
G0 X115.8 Y105
G0 X78.499 Y97.856
G0 X77.001 Y98.39
G0 X77.376 Y98.721
G1 F1500 X77.1 Y99.034 E431.63205
G1 X76.909 Y99.396 E431.63885
G1 X76.811 Y99.795 E431.64568
G1 X76.811 Y100.205 E431.6525
G1 X76.909 Y100.604 E431.65934
G1 X77.1 Y100.966 E431.66614
G1 X77.371 Y101.274 E431.67296
G1 X77.715 Y101.51 E431.6799
G1 X78.241 Y101.671 E431.68905
G1 X78.64 Y101.688 E431.69569
G1 X79.013 Y101.613 E431.70202
G1 X79.359 Y101.458 E431.70832
G1 X79.661 Y101.231 E431.71461
G1 X79.906 Y100.941 E431.72092
G1 X80.08 Y100.605 E431.72721
G1 X80.174 Y100.239 E431.7335
G1 X80.188 Y99.86 E431.7398
G1 X80.113 Y99.487 E431.74613
G1 X79.958 Y99.141 E431.75244
G1 X79.731 Y98.839 E431.75872
G1 X79.441 Y98.594 E431.76503
G1 X79.105 Y98.42 E431.77132
G1 X78.747 Y98.328 E431.77747
G1 X78.5 Y98.299 E431.78161
G1 X78.093 Y98.348 E431.78842
G1 X77.843 Y98.443 E431.79287
G1 X77.376 Y98.721 E431.80191
G0 F7200 X77.244 Y98.871
G0 X76.643 Y98.342
;MESH:NONMESH
G0 F600 X76.643 Y98.342 Z1.4
G0 F7200 X77.772 Y95.834
;TIME_ELAPSED:830.460110
;LAYER:11
;TYPE:FILL
;MESH:drax_photo_base.stl
G1 F3000 X74.336 Y99.271 E431.88273
G1 X74.266 Y99.341
G0 F7200 X74.267 Y99.341
G0 X74.42 Y101.072
G1 F3000 X76.473 Y99.018 E431.93103
G1 X76.543 Y98.948
G0 F7200 X77.505 Y97.986
G1 F3000 X79.733 Y95.759 E431.98341
G1 X79.803 Y95.689
G0 F7200 X79.803 Y95.7
G0 X81.618 Y95.759
G1 F3000 X79.424 Y97.953 E432.03501
G1 X79.354 Y98.023
G0 F7200 X79.37 Y97.993
G0 X80.427 Y98.835
G1 F3000 X83.503 Y95.759 E432.10736
G1 X83.573 Y95.689
G0 F7200 X84.26 Y95.002
G1 F3000 X89.503 Y89.759 E432.23066
G1 X89.573 Y89.689
G0 F7200 X89.573 Y89.7
G0 X87.618 Y89.759
G1 F3000 X84.26 Y93.117 E432.30964
G1 X84.19 Y93.187
G0 F7200 X84.2 Y93.187
G0 X84.26 Y91.232
G1 F3000 X85.733 Y89.759 E432.34428
G1 X85.803 Y89.689
G0 F7200 X85.803 Y89.7
G0 X91.388 Y89.759
G1 F3000 X80.699 Y100.448 E432.59567
G1 X80.629 Y100.518
G0 F7200 X79.947 Y101.57
G0 X78.951 Y102.196
G1 F3000 X77.151 Y103.996 E432.638
G1 X77.081 Y104.066
G0 F7200 X77.089 Y104.042
G0 X75.923 Y103.339
G1 F3000 X77.336 Y101.926 E432.67124
G1 X77.406 Y101.856
G0 F7200 X77.384 Y101.888
G0 X76.447 Y100.93
G1 F3000 X74.999 Y102.377 E432.70528
G1 X74.929 Y102.447
G0 F7200 X74.959 Y102.424
G0 X78.793 Y104.239
G1 F3000 X93.273 Y89.759 E433.04583
G1 X93.343 Y89.689
G0 F7200 X93.343 Y89.7
G0 X95.158 Y89.759
G1 F3000 X80.678 Y104.239 E433.38637
G1 X80.608 Y104.309
G0 F7200 X80.608 Y104.3
G0 X82.563 Y104.239
G1 F3000 X97.044 Y89.759 E433.72693
G1 X97.114 Y89.689
G0 F7200 X97.114 Y89.7
G0 X98.929 Y89.759
G1 F3000 X84.26 Y104.428 E434.07192
G1 X84.19 Y104.498
G0 F7200 X84.2 Y104.498
G0 X84.26 Y106.313
G1 F3000 X100.814 Y89.759 E434.46125
G1 X100.884 Y89.689
G0 F7200 X100.884 Y89.7
G0 X102.699 Y89.759
G1 F3000 X84.26 Y108.198 E434.89491
G1 X84.19 Y108.268
G0 F7200 X84.2 Y108.268
G0 X84.26 Y110.083
G1 F3000 X104.584 Y89.759 E435.3729
G1 X104.654 Y89.689
G0 F7200 X104.654 Y89.7
G0 X106.469 Y89.759
G1 F3000 X85.989 Y110.239 E435.85455
G1 X85.919 Y110.309
G0 F7200 X85.919 Y110.3
G0 X87.874 Y110.239
G1 F3000 X108.354 Y89.759 E436.33621
G1 X108.424 Y89.689
G0 F7200 X108.424 Y89.7
G0 X110.24 Y89.759
G1 F3000 X89.76 Y110.239 E436.81787
G1 X89.69 Y110.309
G0 F7200 X89.69 Y110.3
G0 X91.645 Y110.239
G1 F3000 X112.125 Y89.759 E437.29953
G1 X112.195 Y89.689
G0 F7200 X112.195 Y89.7
G0 X114.01 Y89.759
G1 F3000 X93.53 Y110.239 E437.78119
G1 X93.46 Y110.309
G0 F7200 X93.46 Y110.3
G0 X95.415 Y110.239
G1 F3000 X115.739 Y89.915 E438.25918
G1 X115.809 Y89.845
G0 F7200 X115.8 Y89.845
G0 X115.739 Y91.8
G1 F3000 X97.3 Y110.239 E438.69283
G1 X97.23 Y110.309
G0 F7200 X97.23 Y110.3
G0 X99.185 Y110.239
G1 F3000 X115.739 Y93.685 E439.08216
G1 X115.809 Y93.615
G0 F7200 X115.8 Y93.615
G0 X115.739 Y95.571
G1 F3000 X101.071 Y110.239 E439.42713
G1 X101.001 Y110.309
G0 F7200 X101.001 Y110.3
G0 X102.956 Y110.239
G1 F3000 X117.435 Y95.759 E439.76766
G1 X117.505 Y95.689
G0 F7200 X117.505 Y95.7
G0 X119.32 Y95.759
G1 F3000 X104.841 Y110.239 E440.1082
G1 X104.771 Y110.309
G0 F7200 X104.771 Y110.3
G0 X106.726 Y110.239
G1 F3000 X121.205 Y95.759 E440.44873
G1 X121.275 Y95.689
G0 F7200 X121.275 Y95.7
G0 X122.847 Y96.003
G1 F3000 X121.063 Y97.787 E440.49069
G1 X120.993 Y97.857
G0 F7200 X120.994 Y97.857
G0 X122.657 Y98.078
G1 F3000 X124.076 Y96.66 E440.52405
G1 X124.146 Y96.59
G0 F7200 X124.122 Y96.619
G0 X124.999 Y97.621
G1 F3000 X123.543 Y99.077 E440.55829
G1 X123.473 Y99.147
G0 F7200 X123.503 Y99.135
G0 X123.503 Y101.002
G1 F3000 X125.578 Y98.927 E440.6071
G1 X125.648 Y98.857
G0 F7200 X125.624 Y98.864
G0 X125.663 Y100.728
G1 F3000 X122.226 Y104.164 E440.68792
G1 X122.156 Y104.234
G0 F7200 X122.157 Y104.232
G0 X120.266 Y104.24
G1 F3000 X122.494 Y102.011 E440.74033
G1 X122.564 Y101.941
G0 F7200 X121.744 Y102.112
G0 X120.575 Y102.046
G1 F3000 X118.38 Y104.24 E440.79194
G1 X118.31 Y104.31
G0 F7200 X118.31 Y104.3
G0 X116.495 Y104.24
G1 F3000 X119.572 Y101.163 E440.86431
G1 X119.642 Y101.093
G0 F7200 X119.612 Y101.115
G0 X119.281 Y99.569
G1 F3000 X108.611 Y110.239 E441.11525
G1 X108.541 Y110.309
G0 F7200 X108.541 Y110.3
G0 X110.496 Y110.239
G1 F3000 X115.739 Y104.996 E441.23855
G1 X115.809 Y104.926
G0 F7200 X115.8 Y104.926
G0 X115.739 Y106.882
G1 F3000 X112.381 Y110.239 E441.31752
G1 X112.311 Y110.309
G0 F7200 X112.311 Y110.3
G0 X114.267 Y110.239
G1 F3000 X115.739 Y108.767 E441.35214
G1 X115.809 Y108.697
G0 F7200 X115.8 Y108.697
G0 X115.83 Y104.33
G0 X115.9 Y104.4
;TYPE:WALL-INNER
G1 F3000 X115.9 Y110.4 E441.45192
G1 X84.1 Y110.4 E441.98075
G1 X84.1 Y104.4 E442.08053
G1 X78.529 Y104.4 E442.17318
G1 X77.642 Y104.313 E442.188
G1 X76.818 Y104.063 E442.20232
G1 X76.056 Y103.655 E442.2167
G1 X75.393 Y103.112 E442.23095
G1 X74.844 Y102.441 E442.24537
G1 X74.437 Y101.682 E442.25969
G1 X74.187 Y100.858 E442.27401
G1 X74.103 Y100 E442.28834
G1 X74.187 Y99.142 E442.30268
G1 X74.437 Y98.318 E442.317
G1 X74.845 Y97.556 E442.33138
G1 X75.388 Y96.893 E442.34563
G1 X76.059 Y96.344 E442.36005
G1 X76.818 Y95.937 E442.37437
G1 X77.642 Y95.687 E442.38869
G1 X78.529 Y95.6 E442.40351
G1 X84.1 Y95.6 E442.49616
G1 X84.1 Y89.6 E442.59594
G1 X115.9 Y89.6 E443.12477
G1 X115.9 Y95.6 E443.22455
G1 X121.471 Y95.6 E443.3172
G1 X122.099 Y95.662 E443.32769
G1 X122.359 Y95.687 E443.33204
G1 X123.182 Y95.937 E443.34634
G1 X123.944 Y96.345 E443.36071
G1 X124.607 Y96.888 E443.37497
G1 X125.156 Y97.559 E443.38938
G1 X125.563 Y98.318 E443.40371
G1 X125.813 Y99.142 E443.41803
G1 X125.897 Y100 E443.43236
G1 X125.813 Y100.858 E443.4467
G1 X125.563 Y101.682 E443.46102
G1 X125.155 Y102.444 E443.47539
G1 X124.612 Y103.107 E443.48965
G1 X123.941 Y103.656 E443.50406
G1 X123.182 Y104.063 E443.51839
G1 X122.358 Y104.313 E443.53271
G1 X121.471 Y104.4 E443.54753
G1 X115.9 Y104.4 E443.64017
G0 F7200 X115.83 Y104.33
G0 X119.787 Y98.611
G0 X119.863 Y98.675
G1 F3000 X119.605 Y99.088 E443.64827
G1 X119.444 Y99.546 E443.65635
G1 X119.408 Y100.147 E443.66636
G1 X119.496 Y100.613 E443.67425
G1 X119.682 Y101.042 E443.68202
G1 X119.959 Y101.42 E443.68981
G1 X120.315 Y101.728 E443.69764
G1 X120.73 Y101.947 E443.70545
G1 X121.181 Y102.069 E443.71322
G1 X121.65 Y102.092 E443.72103
G1 X122.113 Y102.004 E443.72886
G1 X122.542 Y101.818 E443.73664
G1 X122.92 Y101.541 E443.74443
G1 X123.228 Y101.185 E443.75226
G1 X123.447 Y100.77 E443.76006
G1 X123.569 Y100.319 E443.76783
G1 X123.592 Y99.85 E443.77564
G1 X123.504 Y99.387 E443.78348
G1 X123.318 Y98.958 E443.79126
G1 X123.041 Y98.58 E443.79905
G1 X122.685 Y98.272 E443.80688
G1 X122.27 Y98.052 E443.81469
G1 X121.84 Y97.936 E443.8221
G1 X121.502 Y97.896 E443.82776
G1 X121.031 Y97.95 E443.83564
G1 X120.588 Y98.105 E443.84345
G1 X120.295 Y98.288 E443.84919
G1 X119.863 Y98.675 E443.85884
G0 F7200 X119.787 Y98.611
G0 X78.499 Y97.856
G0 X77.051 Y98.336
G0 X77.115 Y98.412
G1 F3000 X76.768 Y98.805 E443.86755
G1 X76.532 Y99.253 E443.87597
G1 X76.411 Y99.747 E443.88443
G1 X76.411 Y100.253 E443.89285
G1 X76.532 Y100.747 E443.90131
G1 X76.768 Y101.195 E443.90973
G1 X77.104 Y101.576 E443.91817
G1 X77.539 Y101.874 E443.92694
G1 X78.149 Y102.064 E443.93757
G1 X78.647 Y102.092 E443.94586
G1 X79.113 Y102.004 E443.95375
G1 X79.542 Y101.818 E443.96153
G1 X79.92 Y101.541 E443.96932
G1 X80.228 Y101.185 E443.97715
G1 X80.447 Y100.77 E443.98495
G1 X80.569 Y100.319 E443.99272
G1 X80.592 Y99.85 E444.00053
G1 X80.504 Y99.387 E444.00837
G1 X80.318 Y98.958 E444.01614
G1 X80.041 Y98.58 E444.02394
G1 X79.685 Y98.272 E444.03177
G1 X79.27 Y98.052 E444.03958
G1 X78.84 Y97.936 E444.04698
G1 X78.499 Y97.896 E444.05269
G1 X77.997 Y97.957 E444.0611
G1 X77.649 Y98.088 E444.06729
G1 X77.115 Y98.412 E444.07767
G0 F7200 X77.375 Y98.722
;TYPE:WALL-OUTER
G1 F1500 X77.1 Y99.034 E444.08459
G1 X76.909 Y99.396 E444.0914
G1 X76.811 Y99.795 E444.09823
G1 X76.811 Y100.205 E444.10505
G1 X76.909 Y100.604 E444.11188
G1 X77.1 Y100.966 E444.11869
G1 X77.371 Y101.274 E444.12551
G1 X77.715 Y101.51 E444.13245
G1 X78.221 Y101.667 E444.14126
G1 X78.621 Y101.69 E444.14792
G1 X78.995 Y101.619 E444.15425
G1 X79.342 Y101.469 E444.16054
G1 X79.647 Y101.245 E444.16683
G1 X79.896 Y100.958 E444.17315
G1 X80.073 Y100.623 E444.17945
G1 X80.172 Y100.257 E444.18576
G1 X80.19 Y99.878 E444.19207
G1 X80.119 Y99.505 E444.19838
G1 X79.969 Y99.158 E444.20467
G1 X79.745 Y98.853 E444.21096
G1 X79.458 Y98.604 E444.21728
G1 X79.123 Y98.427 E444.22358
G1 X78.764 Y98.33 E444.22976
G1 X78.5 Y98.299 E444.23418
G1 X78.093 Y98.348 E444.241
G1 X77.825 Y98.449 E444.24576
G1 X77.375 Y98.722 E444.25452
G0 F7200 X77.243 Y98.872
G0 X76.868 Y98.54
G0 X77.632 Y98.053
G0 X78.499 Y97.856
G0 X115.8 Y104.8
G0 X116.3 Y104.8
G1 F1500 X116.3 Y110.8 E444.3543
G1 X83.7 Y110.8 E444.89644
G1 X83.7 Y104.8 E444.99622
G1 X78.51 Y104.8 E445.08253
G1 X77.562 Y104.707 E445.09837
G1 X76.663 Y104.434 E445.11399
G1 X75.837 Y103.992 E445.12957
G1 X75.107 Y103.394 E445.14527
G1 X74.508 Y102.663 E445.16098
G1 X74.066 Y101.837 E445.17656
G1 X73.793 Y100.938 E445.19219
G1 X73.701 Y100 E445.20786
G1 X73.793 Y99.062 E445.22354
G1 X74.066 Y98.163 E445.23916
G1 X74.508 Y97.337 E445.25474
G1 X75.106 Y96.607 E445.27043
G1 X75.837 Y96.008 E445.28615
G1 X76.663 Y95.566 E445.30173
G1 X77.562 Y95.293 E445.31735
G1 X78.51 Y95.2 E445.33319
G1 X83.7 Y95.2 E445.4195
G1 X83.7 Y89.2 E445.51928
G1 X116.3 Y89.2 E446.06142
G1 X116.3 Y95.2 E446.16121
G1 X121.49 Y95.2 E446.24752
G1 X122.138 Y95.264 E446.25834
G1 X122.438 Y95.293 E446.26336
G1 X123.337 Y95.566 E446.27898
G1 X124.163 Y96.008 E446.29456
G1 X124.893 Y96.606 E446.31025
G1 X125.492 Y97.337 E446.32597
G1 X125.934 Y98.163 E446.34155
G1 X126.207 Y99.062 E446.35717
G1 X126.299 Y100 E446.37285
G1 X126.207 Y100.938 E446.38852
G1 X125.934 Y101.837 E446.40415
G1 X125.492 Y102.663 E446.41973
G1 X124.894 Y103.393 E446.43542
G1 X124.163 Y103.992 E446.45114
G1 X123.337 Y104.434 E446.46672
G1 X122.438 Y104.707 E446.48234
G1 X121.49 Y104.8 E446.49818
G1 X116.3 Y104.8 E446.58449
G0 F7200 X116.3 Y105
G0 X115.8 Y105
G0 X119.84 Y98.563
G0 X120.172 Y98.935
G1 F1500 X119.968 Y99.262 E446.5909
G1 X119.84 Y99.626 E446.59732
G1 X119.81 Y100.121 E446.60556
G1 X119.881 Y100.495 E446.61189
G1 X120.031 Y100.842 E446.61818
G1 X120.255 Y101.147 E446.62447
G1 X120.542 Y101.396 E446.63079
G1 X120.877 Y101.573 E446.63709
G1 X121.243 Y101.672 E446.6434
G1 X121.622 Y101.69 E446.64971
G1 X121.995 Y101.619 E446.65602
G1 X122.342 Y101.469 E446.66231
G1 X122.647 Y101.245 E446.6686
G1 X122.896 Y100.958 E446.67492
G1 X123.073 Y100.623 E446.68122
G1 X123.172 Y100.257 E446.68753
G1 X123.19 Y99.878 E446.69384
G1 X123.119 Y99.505 E446.70015
G1 X122.969 Y99.158 E446.70644
G1 X122.745 Y98.853 E446.71273
G1 X122.458 Y98.604 E446.71905
G1 X122.123 Y98.427 E446.72535
G1 X121.764 Y98.33 E446.73154
G1 X121.501 Y98.299 E446.73594
G1 X121.121 Y98.342 E446.7423
G1 X120.762 Y98.468 E446.74863
G1 X120.536 Y98.609 E446.75306
G1 X120.172 Y98.935 E446.76118
G0 F7200 X120.067 Y99.104
G0 X119.389 Y98.679
;MESH:NONMESH
G0 F600 X119.389 Y98.679 Z1.5
G0 F7200 X75.924 Y96.661
;TIME_ELAPSED:855.341777
;LAYER:12
;TYPE:FILL
;MESH:drax_photo_base.stl
G1 F3000 X77.346 Y98.082 E446.79462
G1 X77.416 Y98.152
G0 F7200 X77.398 Y98.122
G0 X76.447 Y99.069
G1 F3000 X74.997 Y97.619 E446.82872
G1 X74.927 Y97.549
G0 F7200 X74.958 Y97.575
G0 X74.419 Y98.926
G1 F3000 X76.475 Y100.981 E446.87706
G1 X76.545 Y101.051
G0 F7200 X77.531 Y102.038
G1 F3000 X79.731 Y104.238 E446.9288
G1 X79.801 Y104.308
G0 F7200 X79.801 Y104.3
G0 X81.617 Y104.238
G1 F3000 X79.422 Y102.044 E446.98041
G1 X79.352 Y101.974
G0 F7200 X79.364 Y102.005
G0 X80.422 Y101.158
G1 F3000 X83.502 Y104.238 E447.05285
G1 X83.572 Y104.308
G0 F7200 X84.26 Y104.996
G1 F3000 X89.502 Y110.239 E447.17614
G1 X89.572 Y110.309
G0 F7200 X89.572 Y110.3
G0 X87.617 Y110.239
G1 F3000 X84.26 Y106.882 E447.25509
G1 X84.19 Y106.812
G0 F7200 X84.2 Y106.812
G0 X84.26 Y108.767
G1 F3000 X85.732 Y110.239 E447.28971
G1 X85.802 Y110.309
G0 F7200 X85.802 Y110.3
G0 X91.387 Y110.239
G1 F3000 X80.699 Y99.551 E447.54108
G1 X80.629 Y99.481
G0 F7200 X80.086 Y98.57
G0 X78.941 Y97.792
G1 F3000 X77.151 Y96.003 E447.58317
G1 X77.081 Y95.933
G0 F7200 X77.088 Y95.959
G0 X78.81 Y95.776
G1 F3000 X93.273 Y110.239 E447.92331
G1 X93.343 Y110.309
G0 F7200 X93.343 Y110.3
G0 X95.158 Y110.239
G1 F3000 X80.678 Y95.759 E448.26386
G1 X80.608 Y95.689
G0 F7200 X80.608 Y95.7
G0 X82.563 Y95.759
G1 F3000 X97.043 Y110.239 E448.60441
G1 X97.113 Y110.309
G0 F7200 X97.113 Y110.3
G0 X98.928 Y110.239
G1 F3000 X84.259 Y95.57 E448.9494
G1 X84.189 Y95.5
G0 F7200 X84.2 Y95.5
G0 X84.259 Y93.685
G1 F3000 X100.813 Y110.239 E449.33873
G1 X100.883 Y110.309
G0 F7200 X100.883 Y110.3
G0 X102.698 Y110.239
G1 F3000 X84.259 Y91.8 E449.77238
G1 X84.189 Y91.73
G0 F7200 X84.2 Y91.73
G0 X84.259 Y89.914
G1 F3000 X104.583 Y110.239 E450.25038
G1 X104.653 Y110.309
G0 F7200 X104.653 Y110.3
G0 X106.469 Y110.239
G1 F3000 X85.989 Y89.76 E450.73203
G1 X85.919 Y89.69
G0 F7200 X85.919 Y89.7
G0 X87.874 Y89.76
G1 F3000 X108.354 Y110.239 E451.21368
G1 X108.424 Y110.309
G0 F7200 X108.424 Y110.3
G0 X110.239 Y110.239
G1 F3000 X89.76 Y89.76 E451.69531
G1 X89.69 Y89.69
G0 F7200 X89.69 Y89.7
G0 X91.645 Y89.76
G1 F3000 X112.124 Y110.239 E452.17695
G1 X112.194 Y110.309
G0 F7200 X112.194 Y110.3
G0 X114.009 Y110.239
G1 F3000 X93.53 Y89.76 E452.65858
G1 X93.46 Y89.69
G0 F7200 X93.46 Y89.7
G0 X95.415 Y89.76
G1 F3000 X115.739 Y110.083 E453.13656
G1 X115.809 Y110.153
G0 F7200 X115.8 Y110.153
G0 X115.739 Y108.198
G1 F3000 X97.3 Y89.76 E453.5702
G1 X97.23 Y89.69
G0 F7200 X97.23 Y89.7
G0 X99.185 Y89.76
G1 F3000 X115.739 Y106.313 E453.95952
G1 X115.809 Y106.383
G0 F7200 X115.8 Y106.383
G0 X115.739 Y104.428
G1 F3000 X101.071 Y89.76 E454.30448
G1 X101.001 Y89.69
G0 F7200 X101.001 Y89.7
G0 X102.956 Y89.76
G1 F3000 X117.435 Y104.239 E454.64501
G1 X117.505 Y104.309
G0 F7200 X117.505 Y104.3
G0 X119.31 Y104.229
G1 F3000 X104.841 Y89.76 E454.9853
G1 X104.771 Y89.69
G0 F7200 X104.771 Y89.7
G0 X106.726 Y89.76
G1 F3000 X121.183 Y104.217 E455.3253
G1 X121.253 Y104.287
G0 F7200 X121.254 Y104.277
G0 X122.847 Y103.996
G1 F3000 X121.053 Y102.202 E455.3675
G1 X120.983 Y102.132
G0 F7200 X122.661 Y101.925
G1 F3000 X124.074 Y103.337 E455.40072
G1 X124.144 Y103.407
G0 F7200 X124.122 Y103.379
G0 X125 Y102.379
G1 F3000 X123.547 Y100.926 E455.43489
G1 X123.477 Y100.856
G0 F7200 X123.509 Y100.873
G0 X123.62 Y99.973
G0 X123.514 Y99.007
G1 F3000 X125.58 Y101.073 E455.48348
G1 X125.65 Y101.143
G0 F7200 X125.626 Y101.135
G0 X125.664 Y99.272
G1 F3000 X122.227 Y95.835 E455.56431
G1 X122.157 Y95.765
G0 F7200 X122.157 Y95.768
G0 X120.267 Y95.76
G1 F3000 X122.496 Y97.989 E455.61673
G1 X122.566 Y98.059
G0 F7200 X121.609 Y97.877
G0 X120.565 Y97.943
G1 F3000 X118.382 Y95.76 E455.66807
G1 X118.312 Y95.69
G0 F7200 X118.312 Y95.7
G0 X116.497 Y95.76
G1 F3000 X119.573 Y98.836 E455.74042
G1 X119.643 Y98.906
G0 F7200 X119.614 Y98.887
G0 X119.3 Y100.448
G1 F3000 X108.611 Y89.76 E455.99179
G1 X108.541 Y89.69
G0 F7200 X108.541 Y89.7
G0 X110.496 Y89.76
G1 F3000 X115.739 Y95.002 E456.11509
G1 X115.809 Y95.072
G0 F7200 X115.8 Y95.072
G0 X115.739 Y93.117
G1 F3000 X112.381 Y89.76 E456.19405
G1 X112.311 Y89.69
G0 F7200 X112.311 Y89.7
G0 X114.267 Y89.76
G1 F3000 X115.739 Y91.232 E456.22867
G1 X115.809 Y91.302
G0 F7200 X115.8 Y91.302
G0 X77.771 Y104.163
G1 F3000 X74.334 Y100.726 E456.3095
G1 X74.264 Y100.656
G0 F7200 X74.268 Y100.657
G0 X77.051 Y98.336
G0 X77.115 Y98.412
;TYPE:WALL-INNER
G1 F3000 X76.768 Y98.805 E456.31822
G1 X76.532 Y99.253 E456.32664
G1 X76.411 Y99.747 E456.3351
G1 X76.411 Y100.253 E456.34352
G1 X76.532 Y100.747 E456.35198
G1 X76.768 Y101.195 E456.3604
G1 X77.103 Y101.575 E456.36882
G1 X77.536 Y101.873 E456.37756
G1 X78.126 Y102.061 E456.38786
G1 X78.624 Y102.094 E456.39616
G1 X79.091 Y102.011 E456.40405
G1 X79.522 Y101.83 E456.41182
G1 X79.904 Y101.557 E456.41963
G1 X80.216 Y101.205 E456.42745
G1 X80.44 Y100.792 E456.43527
G1 X80.566 Y100.343 E456.44302
G1 X80.594 Y99.874 E456.45083
G1 X80.511 Y99.409 E456.45869
G1 X80.33 Y98.978 E456.46646
G1 X80.057 Y98.596 E456.47427
G1 X79.705 Y98.284 E456.48209
G1 X79.293 Y98.06 E456.48989
G1 X78.86 Y97.938 E456.49737
G1 X78.499 Y97.896 E456.50342
G1 X77.996 Y97.957 E456.51184
G1 X77.63 Y98.097 E456.51836
G1 X77.115 Y98.412 E456.5284
G0 F7200 X77.051 Y98.336
G0 X77.987 Y97.919
G0 X115.83 Y104.33
G0 X115.9 Y104.4
G1 F3000 X115.9 Y110.4 E456.62818
G1 X84.1 Y110.4 E457.15702
G1 X84.1 Y104.4 E457.2568
G1 X78.529 Y104.4 E457.34944
G1 X77.642 Y104.313 E457.36426
G1 X76.818 Y104.063 E457.37858
G1 X76.056 Y103.655 E457.39296
G1 X75.393 Y103.112 E457.40721
G1 X74.844 Y102.441 E457.42163
G1 X74.437 Y101.682 E457.43595
G1 X74.187 Y100.858 E457.45027
G1 X74.103 Y100 E457.46461
G1 X74.187 Y99.142 E457.47894
G1 X74.437 Y98.318 E457.49326
G1 X74.845 Y97.556 E457.50764
G1 X75.388 Y96.893 E457.52189
G1 X76.059 Y96.344 E457.53631
G1 X76.818 Y95.937 E457.55063
G1 X77.642 Y95.687 E457.56495
G1 X78.264 Y95.626 E457.57534
G1 X79.883 Y95.6 E457.60227
G1 X84.1 Y95.6 E457.6724
G1 X84.1 Y89.6 E457.77218
G1 X115.9 Y89.6 E458.30102
G1 X115.9 Y95.6 E458.4008
G1 X121.471 Y95.6 E458.49344
G1 X122.148 Y95.667 E458.50476
G1 X122.358 Y95.687 E458.50827
G1 X123.182 Y95.937 E458.52259
G1 X123.944 Y96.345 E458.53696
G1 X124.607 Y96.888 E458.55121
G1 X125.156 Y97.559 E458.56563
G1 X125.563 Y98.318 E458.57995
G1 X125.813 Y99.142 E458.59427
G1 X125.897 Y100 E458.60861
G1 X125.813 Y100.858 E458.62295
G1 X125.563 Y101.682 E458.63727
G1 X125.155 Y102.444 E458.65164
G1 X124.612 Y103.107 E458.66589
G1 X123.941 Y103.656 E458.68031
G1 X123.182 Y104.063 E458.69463
G1 X122.358 Y104.313 E458.70895
G1 X121.737 Y104.374 E458.71933
G1 X117.871 Y104.4 E458.78362
G1 X115.9 Y104.4 E458.8164
G0 F7200 X115.83 Y104.33
G0 X119.786 Y98.612
G0 X119.862 Y98.676
G1 F3000 X119.605 Y99.088 E458.82448
G1 X119.445 Y99.544 E458.83251
G1 X119.406 Y100.124 E458.84218
G1 X119.489 Y100.591 E458.85007
G1 X119.67 Y101.022 E458.85784
G1 X119.943 Y101.404 E458.86565
G1 X120.295 Y101.716 E458.87347
G1 X120.708 Y101.94 E458.88128
G1 X121.157 Y102.066 E458.88904
G1 X121.626 Y102.094 E458.89685
G1 X122.091 Y102.011 E458.90471
G1 X122.522 Y101.83 E458.91248
G1 X122.904 Y101.557 E458.92029
G1 X123.216 Y101.205 E458.92811
G1 X123.44 Y100.792 E458.93593
G1 X123.566 Y100.343 E458.94368
G1 X123.594 Y99.874 E458.9515
G1 X123.511 Y99.409 E458.95935
G1 X123.33 Y98.978 E458.96712
G1 X123.057 Y98.596 E458.97493
G1 X122.705 Y98.284 E458.98275
G1 X122.293 Y98.06 E458.99055
G1 X121.86 Y97.938 E458.99803
G1 X121.502 Y97.896 E459.00403
G1 X121.031 Y97.95 E459.01191
G1 X120.588 Y98.105 E459.01972
G1 X120.28 Y98.298 E459.02576
G1 X119.862 Y98.676 E459.03514
G0 F7200 X120.172 Y98.935
;TYPE:WALL-OUTER
G1 F1500 X119.968 Y99.262 E459.04154
G1 X119.84 Y99.625 E459.04795
G1 X119.808 Y100.102 E459.0559
G1 X119.875 Y100.477 E459.06223
G1 X120.021 Y100.826 E459.06852
G1 X120.242 Y101.134 E459.07483
G1 X120.526 Y101.386 E459.08114
G1 X120.859 Y101.567 E459.08744
G1 X121.224 Y101.669 E459.09375
G1 X121.603 Y101.692 E459.10006
G1 X121.977 Y101.625 E459.10638
G1 X122.326 Y101.479 E459.11267
G1 X122.634 Y101.258 E459.11897
G1 X122.886 Y100.974 E459.12529
G1 X123.067 Y100.641 E459.13159
G1 X123.169 Y100.276 E459.13789
G1 X123.192 Y99.897 E459.14421
G1 X123.125 Y99.523 E459.15053
G1 X122.979 Y99.174 E459.15682
G1 X122.758 Y98.866 E459.16312
G1 X122.474 Y98.614 E459.16944
G1 X122.141 Y98.433 E459.17574
G1 X121.782 Y98.332 E459.18194
G1 X121.501 Y98.299 E459.18665
G1 X121.121 Y98.342 E459.19301
G1 X120.762 Y98.468 E459.19933
G1 X120.522 Y98.618 E459.20404
G1 X120.172 Y98.935 E459.21189
G0 F7200 X120.067 Y99.104
G0 X119.644 Y98.84
G0 X115.872 Y104.372
G0 X116.3 Y104.8
G1 F1500 X116.3 Y110.8 E459.31167
G1 X83.7 Y110.8 E459.85381
G1 X83.7 Y104.8 E459.95359
G1 X78.51 Y104.8 E460.0399
G1 X77.562 Y104.707 E460.05575
G1 X76.663 Y104.434 E460.07137
G1 X75.837 Y103.992 E460.08695
G1 X75.107 Y103.394 E460.10264
G1 X74.508 Y102.663 E460.11836
G1 X74.066 Y101.837 E460.13394
G1 X73.793 Y100.938 E460.14956
G1 X73.701 Y100 E460.16524
G1 X73.793 Y99.062 E460.18091
G1 X74.066 Y98.163 E460.19654
G1 X74.508 Y97.337 E460.21212
G1 X75.106 Y96.607 E460.22781
G1 X75.837 Y96.008 E460.24353
G1 X76.663 Y95.566 E460.2591
G1 X77.562 Y95.293 E460.27473
G1 X78.243 Y95.226 E460.28611
G1 X79.877 Y95.2 E460.31329
G1 X83.7 Y95.2 E460.37686
G1 X83.7 Y89.2 E460.47664
G1 X116.3 Y89.2 E461.01878
G1 X116.3 Y95.2 E461.11856
G1 X121.49 Y95.2 E461.20487
G1 X122.187 Y95.269 E461.21652
G1 X122.438 Y95.293 E461.22071
G1 X123.337 Y95.566 E461.23634
G1 X124.163 Y96.008 E461.25192
G1 X124.893 Y96.606 E461.26761
G1 X125.492 Y97.337 E461.28333
G1 X125.934 Y98.163 E461.29891
G1 X126.207 Y99.062 E461.31453
G1 X126.299 Y100 E461.33021
G1 X126.207 Y100.938 E461.34588
G1 X125.934 Y101.837 E461.36151
G1 X125.492 Y102.663 E461.37708
G1 X124.894 Y103.393 E461.39278
G1 X124.163 Y103.992 E461.40849
G1 X123.337 Y104.434 E461.42407
G1 X122.438 Y104.707 E461.4397
G1 X121.757 Y104.774 E461.45108
G1 X117.874 Y104.8 E461.51565
G1 X116.3 Y104.8 E461.54183
G0 F7200 X116.3 Y105
G0 X115.8 Y105
G0 X78.499 Y97.856
G0 X77.001 Y98.391
G0 X77.375 Y98.722
G1 F1500 X77.1 Y99.034 E461.54875
G1 X76.909 Y99.396 E461.55555
G1 X76.811 Y99.795 E461.56239
G1 X76.811 Y100.205 E461.5692
G1 X76.909 Y100.604 E461.57604
G1 X77.1 Y100.966 E461.58284
G1 X77.371 Y101.274 E461.58967
G1 X77.714 Y101.51 E461.59659
G1 X78.201 Y101.665 E461.60509
G1 X78.602 Y101.692 E461.61177
G1 X78.977 Y101.625 E461.61811
G1 X79.326 Y101.479 E461.6244
G1 X79.634 Y101.258 E461.6307
G1 X79.886 Y100.974 E461.63702
G1 X80.067 Y100.641 E461.64332
G1 X80.169 Y100.276 E461.64962
G1 X80.192 Y99.897 E461.65594
G1 X80.125 Y99.523 E461.66226
G1 X79.979 Y99.174 E461.66855
G1 X79.758 Y98.866 E461.67485
G1 X79.474 Y98.614 E461.68117
G1 X79.141 Y98.433 E461.68747
G1 X78.782 Y98.332 E461.69367
G1 X78.5 Y98.299 E461.69839
G1 X78.093 Y98.348 E461.70521
G1 X77.807 Y98.457 E461.7103
G1 X77.375 Y98.722 E461.71873
G0 F7200 X77.243 Y98.872
G0 X76.643 Y98.343
;MESH:NONMESH
G0 F600 X76.643 Y98.343 Z1.6
G0 F7200 X77.772 Y95.834
;TIME_ELAPSED:880.138250
;LAYER:13
;TYPE:FILL
;MESH:drax_photo_base.stl
G1 F3000 X74.335 Y99.272 E461.79957
G1 X74.265 Y99.342
G0 F7200 X74.267 Y99.342
G0 X74.42 Y101.071
G1 F3000 X76.473 Y99.018 E461.84786
G1 X76.543 Y98.948
G0 F7200 X77.527 Y97.965
G1 F3000 X79.733 Y95.759 E461.89974
G1 X79.803 Y95.689
G0 F7200 X79.803 Y95.7
G0 X81.618 Y95.759
G1 F3000 X79.429 Y97.948 E461.95122
G1 X79.359 Y98.018
G0 F7200 X79.376 Y97.989
G0 X80.425 Y98.837
G1 F3000 X83.503 Y95.759 E462.02361
G1 X83.573 Y95.689
G0 F7200 X84.26 Y95.002
G1 F3000 X89.503 Y89.759 E462.14692
G1 X89.573 Y89.689
G0 F7200 X89.573 Y89.7
G0 X87.618 Y89.759
G1 F3000 X84.26 Y93.117 E462.22589
G1 X84.19 Y93.187
G0 F7200 X84.2 Y93.187
G0 X84.26 Y91.232
G1 F3000 X85.733 Y89.759 E462.26053
G1 X85.803 Y89.689
G0 F7200 X85.803 Y89.7
G0 X91.388 Y89.759
G1 F3000 X80.708 Y100.439 E462.51171
G1 X80.638 Y100.509
G0 F7200 X80.234 Y101.247
G0 X78.949 Y102.198
G1 F3000 X77.151 Y103.996 E462.554
G1 X77.081 Y104.066
G0 F7200 X77.089 Y104.042
G0 X75.924 Y103.338
G1 F3000 X77.336 Y101.926 E462.58721
G1 X77.406 Y101.856
G0 F7200 X77.383 Y101.888
G0 X76.446 Y100.931
G1 F3000 X74.999 Y102.377 E462.62122
G1 X74.929 Y102.447
G0 F7200 X74.958 Y102.424
G0 X78.793 Y104.239
G1 F3000 X93.273 Y89.759 E462.96177
G1 X93.343 Y89.689
G0 F7200 X93.343 Y89.7
G0 X95.158 Y89.759
G1 F3000 X80.678 Y104.239 E463.30232
G1 X80.608 Y104.309
G0 F7200 X80.608 Y104.3
G0 X82.563 Y104.239
G1 F3000 X97.044 Y89.759 E463.64288
G1 X97.114 Y89.689
G0 F7200 X97.114 Y89.7
G0 X98.929 Y89.759
G1 F3000 X84.26 Y104.428 E463.98787
G1 X84.19 Y104.498
G0 F7200 X84.2 Y104.498
G0 X84.26 Y106.313
G1 F3000 X100.814 Y89.759 E464.3772
G1 X100.884 Y89.689
G0 F7200 X100.884 Y89.7
G0 X102.699 Y89.759
G1 F3000 X84.26 Y108.198 E464.81085
G1 X84.19 Y108.268
G0 F7200 X84.2 Y108.268
G0 X84.26 Y110.083
G1 F3000 X104.584 Y89.759 E465.28884
G1 X104.654 Y89.689
G0 F7200 X104.654 Y89.7
G0 X106.469 Y89.759
G1 F3000 X85.989 Y110.239 E465.7705
G1 X85.919 Y110.309
G0 F7200 X85.919 Y110.3
G0 X87.874 Y110.239
G1 F3000 X108.354 Y89.759 E466.25216
G1 X108.424 Y89.689
G0 F7200 X108.424 Y89.7
G0 X110.24 Y89.759
G1 F3000 X89.76 Y110.239 E466.73382
G1 X89.69 Y110.309
G0 F7200 X89.69 Y110.3
G0 X91.645 Y110.239
G1 F3000 X112.125 Y89.759 E467.21548
G1 X112.195 Y89.689
G0 F7200 X112.195 Y89.7
G0 X114.01 Y89.759
G1 F3000 X93.53 Y110.239 E467.69713
G1 X93.46 Y110.309
G0 F7200 X93.46 Y110.3
G0 X95.415 Y110.239
G1 F3000 X115.739 Y89.915 E468.17512
G1 X115.809 Y89.845
G0 F7200 X115.8 Y89.845
G0 X115.739 Y91.8
G1 F3000 X97.3 Y110.239 E468.60878
G1 X97.23 Y110.309
G0 F7200 X97.23 Y110.3
G0 X99.185 Y110.239
G1 F3000 X115.739 Y93.685 E468.9981
G1 X115.809 Y93.615
G0 F7200 X115.8 Y93.615
G0 X115.739 Y95.571
G1 F3000 X101.071 Y110.239 E469.34307
G1 X101.001 Y110.309
G0 F7200 X101.001 Y110.3
G0 X102.956 Y110.239
G1 F3000 X117.435 Y95.759 E469.68361
G1 X117.505 Y95.689
G0 F7200 X117.505 Y95.7
G0 X119.32 Y95.759
G1 F3000 X104.841 Y110.239 E470.02414
G1 X104.771 Y110.309
G0 F7200 X104.771 Y110.3
G0 X106.726 Y110.239
G1 F3000 X121.205 Y95.759 E470.36468
G1 X121.275 Y95.689
G0 F7200 X121.275 Y95.7
G0 X122.847 Y96.003
G1 F3000 X121.064 Y97.786 E470.40661
G1 X120.994 Y97.856
G0 F7200 X122.657 Y98.078
G1 F3000 X124.075 Y96.66 E470.43996
G1 X124.145 Y96.59
G0 F7200 X124.121 Y96.618
G0 X124.999 Y97.621
G1 F3000 X123.546 Y99.074 E470.47414
G1 X123.476 Y99.144
G0 F7200 X123.506 Y99.133
G0 X123.517 Y100.988
G1 F3000 X125.578 Y98.927 E470.52261
G1 X125.648 Y98.857
G0 F7200 X125.624 Y98.864
G0 X125.663 Y100.728
G1 F3000 X122.226 Y104.164 E470.60343
G1 X122.156 Y104.234
G0 F7200 X122.157 Y104.232
G0 X120.28 Y104.226
G1 F3000 X122.483 Y102.022 E470.65525
G1 X122.553 Y101.952
G0 F7200 X121.699 Y102.115
G0 X120.57 Y102.051
G1 F3000 X118.385 Y104.236 E470.70664
G1 X118.315 Y104.306
G0 F7200 X118.316 Y104.296
G0 X116.495 Y104.24
G1 F3000 X119.573 Y101.162 E470.77903
G1 X119.643 Y101.092
G0 F7200 X119.613 Y101.112
G0 X119.282 Y99.568
G1 F3000 X108.611 Y110.239 E471.02999
G1 X108.541 Y110.309
G0 F7200 X108.541 Y110.3
G0 X110.496 Y110.239
G1 F3000 X115.739 Y104.996 E471.1533
G1 X115.809 Y104.926
G0 F7200 X115.8 Y104.926
G0 X115.739 Y106.882
G1 F3000 X112.381 Y110.239 E471.23226
G1 X112.311 Y110.309
G0 F7200 X112.311 Y110.3
G0 X114.267 Y110.239
G1 F3000 X115.739 Y108.767 E471.26688
G1 X115.809 Y108.697
G0 F7200 X115.8 Y108.697
G0 X115.83 Y104.33
G0 X115.9 Y104.4
;TYPE:WALL-INNER
G1 F3000 X115.9 Y110.4 E471.36666
G1 X84.1 Y110.4 E471.8955
G1 X84.1 Y104.4 E471.99528
G1 X78.528 Y104.4 E472.08794
G1 X77.643 Y104.313 E472.10273
G1 X76.818 Y104.063 E472.11707
G1 X76.059 Y103.657 E472.13138
G1 X75.39 Y103.11 E472.14575
G1 X74.843 Y102.441 E472.16012
G1 X74.437 Y101.682 E472.17444
G1 X74.187 Y100.857 E472.18878
G1 X74.103 Y100 E472.2031
G1 X74.187 Y99.143 E472.21742
G1 X74.437 Y98.318 E472.23175
G1 X74.843 Y97.559 E472.24607
G1 X75.39 Y96.89 E472.26044
G1 X76.059 Y96.343 E472.27481
G1 X76.818 Y95.937 E472.28912
G1 X77.643 Y95.687 E472.30346
G1 X78.312 Y95.622 E472.31464
G1 X79.634 Y95.6 E472.33662
G1 X84.1 Y95.6 E472.41089
G1 X84.1 Y89.6 E472.51067
G1 X115.9 Y89.6 E473.03951
G1 X115.9 Y95.6 E473.13929
G1 X121.472 Y95.6 E473.23195
G1 X122.198 Y95.671 E473.24409
G1 X122.357 Y95.687 E473.24674
G1 X123.182 Y95.937 E473.26108
G1 X123.941 Y96.343 E473.27539
G1 X124.61 Y96.89 E473.28976
G1 X125.157 Y97.559 E473.30414
G1 X125.563 Y98.318 E473.31845
G1 X125.813 Y99.143 E473.33279
G1 X125.897 Y100 E473.34711
G1 X125.813 Y100.857 E473.36143
G1 X125.563 Y101.682 E473.37576
G1 X125.157 Y102.441 E473.39008
G1 X124.61 Y103.11 E473.40445
G1 X123.941 Y103.657 E473.41882
G1 X123.182 Y104.063 E473.43313
G1 X122.357 Y104.313 E473.44747
G1 X121.691 Y104.378 E473.4586
G1 X117.622 Y104.4 E473.52627
G1 X115.9 Y104.4 E473.5549
G0 F7200 X115.83 Y104.33
G0 X119.785 Y98.615
G0 X119.861 Y98.678
G1 F3000 X119.605 Y99.087 E473.56293
G1 X119.445 Y99.543 E473.57096
G1 X119.405 Y100.101 E473.58027
G1 X119.48 Y100.567 E473.58812
G1 X119.657 Y101.003 E473.59594
G1 X119.928 Y101.388 E473.60377
G1 X120.276 Y101.702 E473.61157
G1 X120.684 Y101.931 E473.61935
G1 X121.134 Y102.064 E473.62715
G1 X121.603 Y102.095 E473.63497
G1 X122.067 Y102.02 E473.64278
G1 X122.503 Y101.843 E473.65061
G1 X122.888 Y101.572 E473.65844
G1 X123.202 Y101.224 E473.66623
G1 X123.431 Y100.816 E473.67401
G1 X123.564 Y100.366 E473.68182
G1 X123.595 Y99.897 E473.68963
G1 X123.52 Y99.433 E473.69745
G1 X123.343 Y98.997 E473.70528
G1 X123.072 Y98.612 E473.71311
G1 X122.724 Y98.298 E473.7209
G1 X122.316 Y98.069 E473.72868
G1 X121.88 Y97.94 E473.73624
G1 X121.5 Y97.896 E473.74261
G1 X121.031 Y97.95 E473.75046
G1 X120.588 Y98.105 E473.75826
G1 X120.263 Y98.307 E473.76462
G1 X119.861 Y98.678 E473.77372
G0 F7200 X119.785 Y98.615
G0 X78.497 Y97.856
G0 X77.048 Y98.339
G0 X77.112 Y98.415
G1 F3000 X76.768 Y98.805 E473.78237
G1 X76.532 Y99.253 E473.79079
G1 X76.411 Y99.747 E473.79925
G1 X76.411 Y100.253 E473.80766
G1 X76.532 Y100.747 E473.81612
G1 X76.768 Y101.195 E473.82454
G1 X77.104 Y101.576 E473.83299
G1 X77.534 Y101.871 E473.84166
G1 X78.104 Y102.058 E473.85164
G1 X78.6 Y102.095 E473.85991
G1 X79.067 Y102.02 E473.86778
G1 X79.503 Y101.843 E473.8756
G1 X79.888 Y101.572 E473.88343
G1 X80.202 Y101.224 E473.89123
G1 X80.431 Y100.816 E473.89901
G1 X80.564 Y100.366 E473.90681
G1 X80.595 Y99.897 E473.91463
G1 X80.52 Y99.433 E473.92244
G1 X80.343 Y98.997 E473.93027
G1 X80.072 Y98.612 E473.9381
G1 X79.724 Y98.298 E473.94589
G1 X79.316 Y98.069 E473.95367
G1 X78.88 Y97.94 E473.96124
G1 X78.497 Y97.896 E473.96765
G1 X77.997 Y97.957 E473.97602
G1 X77.611 Y98.103 E473.98289
G1 X77.112 Y98.415 E473.99267
G0 F7200 X77.374 Y98.723
;TYPE:WALL-OUTER
G1 F1500 X77.1 Y99.034 E473.99957
G1 X76.909 Y99.396 E474.00637
G1 X76.811 Y99.795 E474.01321
G1 X76.811 Y100.205 E474.02002
G1 X76.909 Y100.604 E474.02686
G1 X77.1 Y100.966 E474.03366
G1 X77.371 Y101.274 E474.04049
G1 X77.713 Y101.509 E474.04739
G1 X78.182 Y101.663 E474.0556
G1 X78.583 Y101.693 E474.06228
G1 X78.958 Y101.632 E474.0686
G1 X79.31 Y101.489 E474.07492
G1 X79.621 Y101.271 E474.08124
G1 X79.875 Y100.989 E474.08755
G1 X80.06 Y100.659 E474.09384
G1 X80.168 Y100.295 E474.10015
G1 X80.193 Y99.916 E474.10647
G1 X80.132 Y99.542 E474.11277
G1 X79.989 Y99.19 E474.11909
G1 X79.771 Y98.879 E474.12541
G1 X79.489 Y98.625 E474.13172
G1 X79.159 Y98.44 E474.13801
G1 X78.8 Y98.333 E474.14424
G1 X78.499 Y98.299 E474.14928
G1 X78.093 Y98.348 E474.15608
G1 X77.79 Y98.463 E474.16147
G1 X77.374 Y98.723 E474.16962
G0 F7200 X77.242 Y98.873
G0 X76.867 Y98.542
G0 X77.594 Y98.068
G0 X78.497 Y97.856
G0 X115.8 Y104.8
G0 X116.3 Y104.8
G1 F1500 X116.3 Y110.8 E474.2694
G1 X83.7 Y110.8 E474.81154
G1 X83.7 Y104.8 E474.91133
G1 X78.509 Y104.8 E474.99765
G1 X77.563 Y104.707 E475.01346
G1 X76.663 Y104.434 E475.0291
G1 X75.837 Y103.992 E475.04468
G1 X75.106 Y103.394 E475.06039
G1 X74.508 Y102.663 E475.07609
G1 X74.066 Y101.837 E475.09167
G1 X73.793 Y100.937 E475.10731
G1 X73.701 Y100 E475.12297
G1 X73.793 Y99.063 E475.13863
G1 X74.066 Y98.163 E475.15427
G1 X74.508 Y97.337 E475.16985
G1 X75.106 Y96.606 E475.18555
G1 X75.837 Y96.008 E475.20126
G1 X76.663 Y95.566 E475.21684
G1 X77.563 Y95.293 E475.23248
G1 X78.291 Y95.222 E475.24464
G1 X79.627 Y95.2 E475.26686
G1 X83.7 Y95.2 E475.3346
G1 X83.7 Y89.2 E475.43438
G1 X116.3 Y89.2 E475.97652
G1 X116.3 Y95.2 E476.0763
G1 X121.491 Y95.2 E476.16263
G1 X122.237 Y95.273 E476.17509
G1 X122.437 Y95.293 E476.17843
G1 X123.337 Y95.566 E476.19407
G1 X124.163 Y96.008 E476.20965
G1 X124.894 Y96.606 E476.22536
G1 X125.492 Y97.337 E476.24107
G1 X125.934 Y98.163 E476.25664
G1 X126.207 Y99.063 E476.27229
G1 X126.299 Y100 E476.28794
G1 X126.207 Y100.937 E476.3036
G1 X125.934 Y101.837 E476.31924
G1 X125.492 Y102.663 E476.33482
G1 X124.894 Y103.394 E476.35053
G1 X124.163 Y103.992 E476.36623
G1 X123.337 Y104.434 E476.38181
G1 X122.437 Y104.707 E476.39745
G1 X121.71 Y104.778 E476.4096
G1 X117.624 Y104.8 E476.47755
G1 X116.3 Y104.8 E476.49957
G0 F7200 X116.3 Y105
G0 X115.8 Y105
G0 X119.343 Y99.589
G0 X119.84 Y99.625
G1 F1500 X119.807 Y100.083 E476.50721
G1 X119.868 Y100.458 E476.51352
G1 X120.011 Y100.81 E476.51984
G1 X120.229 Y101.121 E476.52616
G1 X120.511 Y101.375 E476.53247
G1 X120.841 Y101.56 E476.53876
G1 X121.205 Y101.668 E476.54508
G1 X121.584 Y101.693 E476.55139
G1 X121.958 Y101.632 E476.55769
G1 X122.31 Y101.489 E476.56401
G1 X122.621 Y101.271 E476.57033
G1 X122.875 Y100.989 E476.57664
G1 X123.06 Y100.659 E476.58293
G1 X123.168 Y100.295 E476.58925
G1 X123.193 Y99.916 E476.59556
G1 X123.132 Y99.542 E476.60186
G1 X122.989 Y99.19 E476.60818
G1 X122.771 Y98.879 E476.6145
G1 X122.489 Y98.625 E476.62081
G1 X122.159 Y98.44 E476.6271
G1 X121.8 Y98.333 E476.63333
G1 X121.5 Y98.299 E476.63835
G1 X121.121 Y98.342 E476.6447
G1 X120.762 Y98.468 E476.65102
G1 X120.507 Y98.627 E476.65602
G1 X120.172 Y98.936 E476.6636
G1 X119.968 Y99.262 E476.66999
G1 X119.84 Y99.625 E476.6764
G0 F7200 X119.826 Y99.824
G0 X119.028 Y99.767
;MESH:NONMESH
G0 F600 X119.028 Y99.767 Z1.7
G0 F7200 X75.924 Y96.66
;TIME_ELAPSED:905.003352
;LAYER:14
;TYPE:FILL
;MESH:drax_photo_base.stl
G1 F3000 X77.342 Y98.079 E476.70976
G1 X77.412 Y98.149
G0 F7200 X77.394 Y98.119
G0 X76.447 Y99.069
G1 F3000 X74.999 Y97.621 E476.74381
G1 X74.929 Y97.551
G0 F7200 X74.958 Y97.576
G0 X74.419 Y98.926
G1 F3000 X76.475 Y100.981 E476.79215
G1 X76.545 Y101.051
G0 F7200 X77.528 Y102.035
G1 F3000 X79.731 Y104.238 E476.84396
G1 X79.801 Y104.308
G0 F7200 X79.801 Y104.3
G0 X81.617 Y104.238
G1 F3000 X79.427 Y102.048 E476.89547
G1 X79.357 Y101.978
G0 F7200 X79.367 Y102.007
G0 X80.422 Y101.158
G1 F3000 X83.502 Y104.238 E476.96791
G1 X83.572 Y104.308
G0 F7200 X84.26 Y104.996
G1 F3000 X89.502 Y110.239 E477.0912
G1 X89.572 Y110.309
G0 F7200 X89.572 Y110.3
G0 X87.617 Y110.239
G1 F3000 X84.26 Y106.882 E477.17015
G1 X84.19 Y106.812
G0 F7200 X84.2 Y106.812
G0 X84.26 Y108.767
G1 F3000 X85.732 Y110.239 E477.20477
G1 X85.802 Y110.309
G0 F7200 X85.802 Y110.3
G0 X91.387 Y110.239
G1 F3000 X80.702 Y99.554 E477.45607
G1 X80.632 Y99.484
G0 F7200 X80.632 Y99.485
G0 X80.118 Y98.603
G0 X78.932 Y97.783
G1 F3000 X77.151 Y96.003 E477.49794
G1 X77.081 Y95.933
G0 F7200 X77.088 Y95.959
G0 X78.802 Y95.769
G1 F3000 X93.273 Y110.239 E477.83827
G1 X93.343 Y110.309
G0 F7200 X93.343 Y110.3
G0 X95.158 Y110.239
G1 F3000 X80.678 Y95.759 E478.17881
G1 X80.608 Y95.689
G0 F7200 X80.608 Y95.7
G0 X82.563 Y95.759
G1 F3000 X97.043 Y110.239 E478.51936
G1 X97.113 Y110.309
G0 F7200 X97.113 Y110.3
G0 X98.928 Y110.239
G1 F3000 X84.259 Y95.57 E478.86435
G1 X84.189 Y95.5
G0 F7200 X84.2 Y95.5
G0 X84.259 Y93.685
G1 F3000 X100.813 Y110.239 E479.25368
G1 X100.883 Y110.309
G0 F7200 X100.883 Y110.3
G0 X102.698 Y110.239
G1 F3000 X84.259 Y91.8 E479.68734
G1 X84.189 Y91.73
G0 F7200 X84.2 Y91.73
G0 X84.259 Y89.914
G1 F3000 X104.583 Y110.239 E480.16534
G1 X104.653 Y110.309
G0 F7200 X104.653 Y110.3
G0 X106.469 Y110.239
G1 F3000 X85.989 Y89.76 E480.64698
G1 X85.919 Y89.69
G0 F7200 X85.919 Y89.7
G0 X87.874 Y89.76
G1 F3000 X108.354 Y110.239 E481.12863
G1 X108.424 Y110.309
G0 F7200 X108.424 Y110.3
G0 X110.239 Y110.239
G1 F3000 X89.76 Y89.76 E481.61026
G1 X89.69 Y89.69
G0 F7200 X89.69 Y89.7
G0 X91.645 Y89.76
G1 F3000 X112.124 Y110.239 E482.0919
G1 X112.194 Y110.309
G0 F7200 X112.194 Y110.3
G0 X114.009 Y110.239
G1 F3000 X93.53 Y89.76 E482.57353
G1 X93.46 Y89.69
G0 F7200 X93.46 Y89.7
G0 X95.415 Y89.76
G1 F3000 X115.739 Y110.083 E483.05151
G1 X115.809 Y110.153
G0 F7200 X115.8 Y110.153
G0 X115.739 Y108.198
G1 F3000 X97.3 Y89.76 E483.48516
G1 X97.23 Y89.69
G0 F7200 X97.23 Y89.7
G0 X99.185 Y89.76
G1 F3000 X115.739 Y106.313 E483.87447
G1 X115.809 Y106.383
G0 F7200 X115.8 Y106.383
G0 X115.739 Y104.428
G1 F3000 X101.071 Y89.76 E484.21944
G1 X101.001 Y89.69
G0 F7200 X101.001 Y89.7
G0 X102.956 Y89.76
G1 F3000 X117.432 Y104.236 E484.55989
G1 X117.502 Y104.306
G0 F7200 X117.503 Y104.296
G0 X119.31 Y104.229
G1 F3000 X104.841 Y89.76 E484.90018
G1 X104.771 Y89.69
G0 F7200 X104.771 Y89.7
G0 X106.726 Y89.76
G1 F3000 X121.19 Y104.224 E485.24035
G1 X121.26 Y104.294
G0 F7200 X121.261 Y104.284
G0 X122.847 Y103.996
G1 F3000 X121.067 Y102.215 E485.28223
G1 X120.997 Y102.145
G0 F7200 X121.852 Y102.081
G0 X122.662 Y101.925
G1 F3000 X124.074 Y103.337 E485.31543
G1 X124.144 Y103.407
G0 F7200 X124.123 Y103.38
G0 X125 Y102.378
G1 F3000 X123.552 Y100.93 E485.34949
G1 X123.482 Y100.86
G0 F7200 X123.513 Y100.877
G0 X123.528 Y99.021
G1 F3000 X125.58 Y101.073 E485.39775
G1 X125.65 Y101.143
G0 F7200 X125.626 Y101.135
G0 X125.664 Y99.272
G1 F3000 X122.226 Y95.834 E485.4786
G1 X122.156 Y95.764
G0 F7200 X122.156 Y95.767
G0 X120.267 Y95.76
G1 F3000 X122.486 Y97.979 E485.53079
G1 X122.556 Y98.049
G0 F7200 X121.606 Y97.876
G0 X120.564 Y97.942
G1 F3000 X118.382 Y95.76 E485.58211
G1 X118.312 Y95.69
G0 F7200 X118.312 Y95.7
G0 X116.497 Y95.76
G1 F3000 X119.573 Y98.836 E485.65445
G1 X119.643 Y98.906
G0 F7200 X119.614 Y98.887
G0 X119.297 Y100.445
G1 F3000 X108.611 Y89.76 E485.90576
G1 X108.541 Y89.69
G0 F7200 X108.541 Y89.7
G0 X110.496 Y89.76
G1 F3000 X115.739 Y95.002 E486.02905
G1 X115.809 Y95.072
G0 F7200 X115.8 Y95.072
G0 X115.739 Y93.117
G1 F3000 X112.381 Y89.76 E486.10802
G1 X112.311 Y89.69
G0 F7200 X112.311 Y89.7
G0 X114.267 Y89.76
G1 F3000 X115.739 Y91.232 E486.14264
G1 X115.809 Y91.302
G0 F7200 X115.8 Y91.302
G0 X77.771 Y104.163
G1 F3000 X74.334 Y100.726 E486.22347
G1 X74.264 Y100.656
G0 F7200 X74.268 Y100.657
G0 X77.047 Y98.34
G0 X77.111 Y98.416
;TYPE:WALL-INNER
G1 F3000 X76.768 Y98.805 E486.23209
G1 X76.532 Y99.253 E486.24052
G1 X76.411 Y99.747 E486.24897
G1 X76.411 Y100.253 E486.25739
G1 X76.532 Y100.747 E486.26585
G1 X76.768 Y101.195 E486.27427
G1 X77.104 Y101.576 E486.28272
G1 X77.533 Y101.87 E486.29136
G1 X78.08 Y102.054 E486.30096
G1 X78.576 Y102.098 E486.30924
G1 X79.044 Y102.027 E486.31711
G1 X79.482 Y101.855 E486.32494
G1 X79.871 Y101.588 E486.33279
G1 X80.19 Y101.243 E486.3406
G1 X80.422 Y100.838 E486.34836
G1 X80.561 Y100.391 E486.35615
G1 X80.597 Y99.921 E486.36399
G1 X80.527 Y99.456 E486.37181
G1 X80.355 Y99.018 E486.37963
G1 X80.088 Y98.629 E486.38748
G1 X79.743 Y98.31 E486.39529
G1 X79.338 Y98.078 E486.40305
G1 X78.901 Y97.942 E486.41067
G1 X78.497 Y97.896 E486.41743
G1 X77.997 Y97.957 E486.4258
G1 X77.592 Y98.111 E486.43301
G1 X77.111 Y98.416 E486.44248
G0 F7200 X77.047 Y98.34
G0 X77.988 Y97.919
G0 X78.909 Y97.903
G0 X79.766 Y98.278
G0 X84.17 Y104.33
G0 X84.1 Y104.4
G1 F3000 X78.529 Y104.4 E486.53513
G1 X77.642 Y104.313 E486.54995
G1 X76.818 Y104.063 E486.56427
G1 X76.059 Y103.657 E486.57858
G1 X75.39 Y103.11 E486.59295
G1 X74.843 Y102.441 E486.60733
G1 X74.437 Y101.681 E486.62165
G1 X74.187 Y100.858 E486.63596
G1 X74.103 Y100 E486.6503
G1 X74.187 Y99.142 E486.66463
G1 X74.437 Y98.318 E486.67895
G1 X74.843 Y97.559 E486.69327
G1 X75.39 Y96.89 E486.70764
G1 X76.059 Y96.343 E486.72201
G1 X76.819 Y95.937 E486.73634
G1 X77.642 Y95.687 E486.75064
G1 X78.361 Y95.617 E486.76266
G1 X79.384 Y95.6 E486.77967
G1 X84.1 Y95.6 E486.8581
G1 X84.1 Y89.6 E486.95788
G1 X115.9 Y89.6 E487.48671
G1 X115.9 Y95.6 E487.5865
G1 X121.471 Y95.6 E487.67914
G1 X122.245 Y95.676 E487.69208
G1 X122.358 Y95.687 E487.69396
G1 X123.182 Y95.937 E487.70828
G1 X123.941 Y96.343 E487.7226
G1 X124.61 Y96.89 E487.73697
G1 X125.157 Y97.559 E487.75134
G1 X125.563 Y98.319 E487.76567
G1 X125.813 Y99.142 E487.77997
G1 X125.897 Y100 E487.79431
G1 X125.813 Y100.858 E487.80865
G1 X125.563 Y101.682 E487.82297
G1 X125.157 Y102.441 E487.83728
G1 X124.61 Y103.11 E487.85165
G1 X123.941 Y103.657 E487.86602
G1 X123.181 Y104.063 E487.88035
G1 X122.358 Y104.313 E487.89466
G1 X121.642 Y104.383 E487.90662
G1 X115.9 Y104.402 E488.00211
G1 X115.9 Y110.4 E488.10186
G1 X84.1 Y110.4 E488.63069
G1 X84.1 Y104.4 E488.73047
G0 F7200 X84.17 Y104.33
G0 X119.783 Y98.618
G0 X119.86 Y98.681
G1 F3000 X119.605 Y99.088 E488.73846
G1 X119.447 Y99.54 E488.74642
G1 X119.403 Y100.078 E488.7554
G1 X119.473 Y100.544 E488.76324
G1 X119.645 Y100.982 E488.77106
G1 X119.912 Y101.371 E488.77891
G1 X120.257 Y101.69 E488.78672
G1 X120.662 Y101.922 E488.79449
G1 X121.109 Y102.061 E488.80227
G1 X121.579 Y102.097 E488.81011
G1 X122.044 Y102.027 E488.81793
G1 X122.482 Y101.855 E488.82576
G1 X122.871 Y101.588 E488.8336
G1 X123.19 Y101.243 E488.84142
G1 X123.422 Y100.838 E488.84918
G1 X123.561 Y100.391 E488.85696
G1 X123.597 Y99.921 E488.8648
G1 X123.527 Y99.456 E488.87262
G1 X123.355 Y99.018 E488.88045
G1 X123.088 Y98.629 E488.88829
G1 X122.743 Y98.31 E488.89611
G1 X122.338 Y98.078 E488.90387
G1 X121.901 Y97.942 E488.91148
G1 X121.5 Y97.896 E488.91819
G1 X121.031 Y97.95 E488.92604
G1 X120.588 Y98.105 E488.93385
G1 X120.247 Y98.318 E488.94054
G1 X119.86 Y98.681 E488.94936
G0 F7200 X120.171 Y98.937
;TYPE:WALL-OUTER
G1 F1500 X119.968 Y99.262 E488.95573
G1 X119.841 Y99.624 E488.96211
G1 X119.805 Y100.064 E488.96945
G1 X119.862 Y100.44 E488.97578
G1 X120.001 Y100.794 E488.9821
G1 X120.216 Y101.108 E488.98843
G1 X120.495 Y101.365 E488.99474
G1 X120.823 Y101.553 E489.00103
G1 X121.185 Y101.666 E489.00733
G1 X121.564 Y101.695 E489.01365
G1 X121.94 Y101.638 E489.01998
G1 X122.294 Y101.499 E489.0263
G1 X122.608 Y101.284 E489.03263
G1 X122.865 Y101.005 E489.03894
G1 X123.053 Y100.677 E489.04523
G1 X123.166 Y100.315 E489.05153
G1 X123.195 Y99.936 E489.05785
G1 X123.138 Y99.56 E489.06418
G1 X122.999 Y99.206 E489.0705
G1 X122.784 Y98.892 E489.07683
G1 X122.505 Y98.635 E489.08314
G1 X122.177 Y98.447 E489.08943
G1 X121.818 Y98.335 E489.09568
G1 X121.5 Y98.299 E489.101
G1 X121.121 Y98.342 E489.10735
G1 X120.762 Y98.468 E489.11367
G1 X120.492 Y98.637 E489.11897
G1 X120.171 Y98.937 E489.12628
G0 F7200 X120.065 Y99.106
G0 X119.643 Y98.84
G0 X83.7 Y104.3
G0 X83.7 Y104.8
G1 F1500 X78.51 Y104.8 E489.21259
G1 X77.562 Y104.707 E489.22843
G1 X76.663 Y104.434 E489.24405
G1 X75.837 Y103.992 E489.25963
G1 X75.106 Y103.394 E489.27534
G1 X74.508 Y102.663 E489.29105
G1 X74.066 Y101.836 E489.30664
G1 X73.793 Y100.938 E489.32225
G1 X73.701 Y100 E489.33792
G1 X73.793 Y99.062 E489.3536
G1 X74.066 Y98.163 E489.36922
G1 X74.508 Y97.337 E489.3848
G1 X75.106 Y96.606 E489.40051
G1 X75.837 Y96.008 E489.41621
G1 X76.664 Y95.566 E489.43181
G1 X77.562 Y95.293 E489.44741
G1 X78.34 Y95.217 E489.46041
G1 X79.377 Y95.2 E489.47766
G1 X83.7 Y95.2 E489.54955
G1 X83.7 Y89.2 E489.64933
G1 X116.3 Y89.2 E490.19147
G1 X116.3 Y95.2 E490.29125
G1 X121.49 Y95.2 E490.37757
G1 X122.284 Y95.278 E490.39083
G1 X122.438 Y95.293 E490.39341
G1 X123.337 Y95.566 E490.40903
G1 X124.163 Y96.008 E490.42461
G1 X124.894 Y96.606 E490.44032
G1 X125.492 Y97.337 E490.45602
G1 X125.934 Y98.164 E490.47162
G1 X126.207 Y99.062 E490.48722
G1 X126.299 Y100 E490.5029
G1 X126.207 Y100.938 E490.51857
G1 X125.934 Y101.837 E490.5342
G1 X125.492 Y102.663 E490.54978
G1 X124.894 Y103.394 E490.56548
G1 X124.163 Y103.992 E490.58119
G1 X123.336 Y104.434 E490.59678
G1 X122.438 Y104.707 E490.61239
G1 X121.661 Y104.783 E490.62537
G1 X116.3 Y104.801 E490.71453
G1 X116.3 Y110.8 E490.81429
G1 X83.7 Y110.8 E491.35643
G1 X83.7 Y104.8 E491.45621
G0 F7200 X83.5 Y104.8
G0 X83.5 Y104.3
G0 X80.118 Y98.603
G0 X79.353 Y98.042
G0 X78.497 Y97.856
G0 X77.107 Y98.301
G0 X77.374 Y98.723
G1 F1500 X77.1 Y99.034 E491.46311
G1 X76.909 Y99.396 E491.46991
G1 X76.811 Y99.795 E491.47675
G1 X76.811 Y100.205 E491.48356
G1 X76.909 Y100.604 E491.4904
G1 X77.1 Y100.966 E491.4972
G1 X77.371 Y101.274 E491.50403
G1 X77.713 Y101.509 E491.51093
G1 X78.162 Y101.66 E491.5188
G1 X78.563 Y101.695 E491.5255
G1 X78.94 Y101.638 E491.53184
G1 X79.294 Y101.499 E491.53816
G1 X79.608 Y101.284 E491.54449
G1 X79.865 Y101.005 E491.5508
G1 X80.053 Y100.677 E491.55709
G1 X80.166 Y100.315 E491.56339
G1 X80.195 Y99.936 E491.56972
G1 X80.138 Y99.56 E491.57604
G1 X79.999 Y99.206 E491.58236
G1 X79.784 Y98.892 E491.58869
G1 X79.505 Y98.635 E491.595
G1 X79.177 Y98.447 E491.60129
G1 X78.818 Y98.335 E491.60754
G1 X78.499 Y98.299 E491.61288
G1 X78.093 Y98.348 E491.61968
G1 X77.772 Y98.47 E491.62539
G1 X77.374 Y98.723 E491.63324
G0 F7200 X77.242 Y98.873
G0 X76.642 Y98.344
;MESH:NONMESH
G0 F600 X76.642 Y98.344 Z1.8
G0 F7200 X77.753 Y95.853
;TIME_ELAPSED:929.825154
;LAYER:15
;TYPE:FILL
;MESH:drax_photo_base.stl
G1 F3000 X74.338 Y99.269 E491.71356
G1 X74.268 Y99.339
G0 F7200 X74.27 Y99.339
G0 X74.425 Y101.066
G1 F3000 X76.473 Y99.018 E491.76173
G1 X76.543 Y98.948
G0 F7200 X77.53 Y97.961
G1 F3000 X79.733 Y95.759 E491.81353
G1 X79.803 Y95.689
G0 F7200 X79.803 Y95.7
G0 X81.618 Y95.759
G1 F3000 X79.434 Y97.942 E491.86488
G1 X79.364 Y98.012
G0 F7200 X79.373 Y97.985
G0 X80.427 Y98.835
G1 F3000 X83.503 Y95.759 E491.93722
G1 X83.573 Y95.689
G0 F7200 X84.26 Y95.002
G1 F3000 X89.503 Y89.759 E492.06053
G1 X89.573 Y89.689
G0 F7200 X89.573 Y89.7
G0 X87.618 Y89.759
G1 F3000 X84.26 Y93.117 E492.13951
G1 X84.19 Y93.187
G0 F7200 X84.2 Y93.187
G0 X84.26 Y91.232
G1 F3000 X85.733 Y89.759 E492.17415
G1 X85.803 Y89.689
G0 F7200 X85.803 Y89.7
G0 X91.388 Y89.759
G1 F3000 X80.715 Y100.432 E492.42516
G1 X80.645 Y100.502
G0 F7200 X80.208 Y101.287
G0 X78.942 Y102.205
G1 F3000 X77.155 Y103.992 E492.46719
G1 X77.085 Y104.062
G0 F7200 X77.092 Y104.036
G0 X75.931 Y103.331
G1 F3000 X77.335 Y101.927 E492.50021
G1 X77.405 Y101.857
G0 F7200 X77.383 Y101.888
G0 X76.447 Y100.93
G1 F3000 X75.009 Y102.368 E492.53403
G1 X74.939 Y102.438
G0 F7200 X74.97 Y102.422
G0 X78.793 Y104.239
G1 F3000 X93.273 Y89.759 E492.87458
G1 X93.343 Y89.689
G0 F7200 X93.343 Y89.7
G0 X95.158 Y89.759
G1 F3000 X80.678 Y104.239 E493.21512
G1 X80.608 Y104.309
G0 F7200 X80.608 Y104.3
G0 X82.563 Y104.239
G1 F3000 X97.044 Y89.759 E493.55568
G1 X97.114 Y89.689
G0 F7200 X97.114 Y89.7
G0 X98.929 Y89.759
G1 F3000 X84.26 Y104.428 E493.90067
G1 X84.19 Y104.498
G0 F7200 X84.2 Y104.498
G0 X84.26 Y106.313
G1 F3000 X100.814 Y89.759 E494.29
G1 X100.884 Y89.689
G0 F7200 X100.884 Y89.7
G0 X102.699 Y89.759
G1 F3000 X84.26 Y108.198 E494.72366
G1 X84.19 Y108.268
G0 F7200 X84.2 Y108.268
G0 X84.26 Y110.083
G1 F3000 X104.584 Y89.759 E495.20165
G1 X104.654 Y89.689
G0 F7200 X104.654 Y89.7
G0 X106.469 Y89.759
G1 F3000 X85.989 Y110.239 E495.6833
G1 X85.919 Y110.309
G0 F7200 X85.919 Y110.3
G0 X87.874 Y110.239
G1 F3000 X108.354 Y89.759 E496.16496
G1 X108.424 Y89.689
G0 F7200 X108.424 Y89.7
G0 X110.24 Y89.759
G1 F3000 X89.76 Y110.239 E496.64662
G1 X89.69 Y110.309
G0 F7200 X89.69 Y110.3
G0 X91.645 Y110.239
G1 F3000 X112.125 Y89.759 E497.12828
G1 X112.195 Y89.689
G0 F7200 X112.195 Y89.7
G0 X114.01 Y89.759
G1 F3000 X93.53 Y110.239 E497.60994
G1 X93.46 Y110.309
G0 F7200 X93.46 Y110.3
G0 X95.415 Y110.239
G1 F3000 X115.739 Y89.915 E498.08793
G1 X115.809 Y89.845
G0 F7200 X115.8 Y89.845
G0 X115.739 Y91.8
G1 F3000 X97.3 Y110.239 E498.52158
G1 X97.23 Y110.309
G0 F7200 X97.23 Y110.3
G0 X99.185 Y110.239
G1 F3000 X115.739 Y93.685 E498.91091
G1 X115.809 Y93.615
G0 F7200 X115.8 Y93.615
G0 X115.739 Y95.571
G1 F3000 X101.071 Y110.239 E499.25588
G1 X101.001 Y110.309
G0 F7200 X101.001 Y110.3
G0 X102.956 Y110.239
G1 F3000 X117.435 Y95.759 E499.59641
G1 X117.505 Y95.689
G0 F7200 X117.505 Y95.7
G0 X119.32 Y95.759
G1 F3000 X104.841 Y110.239 E499.93695
G1 X104.771 Y110.309
G0 F7200 X104.771 Y110.3
G0 X106.726 Y110.239
G1 F3000 X121.205 Y95.759 E500.27748
G1 X121.275 Y95.689
G0 F7200 X121.275 Y95.7
G0 X122.843 Y96.007
G1 F3000 X121.063 Y97.787 E500.31935
G1 X120.993 Y97.857
G0 F7200 X120.994 Y97.857
G0 X122.66 Y98.075
G1 F3000 X124.068 Y96.667 E500.35246
G1 X124.138 Y96.597
G0 F7200 X124.114 Y96.627
G0 X124.99 Y97.63
G1 F3000 X123.551 Y99.069 E500.3863
G1 X123.481 Y99.139
G0 F7200 X123.508 Y99.13
G0 X123.532 Y100.973
G1 F3000 X125.573 Y98.932 E500.4343
G1 X125.643 Y98.862
G0 F7200 X125.618 Y98.869
G0 X125.661 Y100.73
G1 F3000 X122.246 Y104.145 E500.51462
G1 X122.176 Y104.215
G0 F7200 X122.177 Y104.214
G0 X120.275 Y104.231
G1 F3000 X122.47 Y102.035 E500.56626
G1 X122.54 Y101.965
G0 F7200 X121.655 Y102.121
G0 X120.565 Y102.056
G1 F3000 X118.384 Y104.236 E500.61754
G1 X118.314 Y104.306
G0 F7200 X118.315 Y104.296
G0 X116.494 Y104.241
G1 F3000 X119.572 Y101.163 E500.68993
G1 X119.642 Y101.093
G0 F7200 X119.613 Y101.111
G0 X119.283 Y99.567
G1 F3000 X108.611 Y110.239 E500.94092
G1 X108.541 Y110.309
G0 F7200 X108.541 Y110.3
G0 X110.496 Y110.239
G1 F3000 X115.739 Y104.996 E501.06422
G1 X115.809 Y104.926
G0 F7200 X115.8 Y104.926
G0 X115.739 Y106.882
G1 F3000 X112.381 Y110.239 E501.14319
G1 X112.311 Y110.309
G0 F7200 X112.311 Y110.3
G0 X114.267 Y110.239
G1 F3000 X115.739 Y108.767 E501.17781
G1 X115.809 Y108.697
G0 F7200 X115.8 Y108.697
G0 X115.872 Y104.374
G0 X119.782 Y98.619
G0 X119.859 Y98.682
;TYPE:WALL-INNER
G1 F3000 X119.605 Y99.088 E501.18577
G1 X119.447 Y99.537 E501.19369
G1 X119.4 Y100.056 E501.20235
G1 X119.466 Y100.523 E501.2102
G1 X119.633 Y100.962 E501.21801
G1 X119.895 Y101.354 E501.22585
G1 X120.237 Y101.677 E501.23367
G1 X120.642 Y101.915 E501.24148
G1 X121.087 Y102.057 E501.24925
G1 X121.556 Y102.1 E501.25708
G1 X122.023 Y102.034 E501.26493
G1 X122.462 Y101.867 E501.27274
G1 X122.854 Y101.605 E501.28058
G1 X123.177 Y101.263 E501.2884
G1 X123.415 Y100.858 E501.29621
G1 X123.557 Y100.413 E501.30398
G1 X123.6 Y99.944 E501.31181
G1 X123.534 Y99.477 E501.31966
G1 X123.367 Y99.038 E501.32747
G1 X123.105 Y98.646 E501.33531
G1 X122.763 Y98.323 E501.34313
G1 X122.358 Y98.084 E501.35095
G1 X121.919 Y97.945 E501.35861
G1 X121.501 Y97.896 E501.36561
G1 X121.031 Y97.95 E501.37348
G1 X120.588 Y98.105 E501.38128
G1 X120.231 Y98.328 E501.38828
G1 X119.859 Y98.682 E501.39682
G0 F7200 X119.782 Y98.619
G0 X84.17 Y104.33
G0 X84.1 Y104.4
G1 F3000 X78.529 Y104.4 E501.48947
G1 X77.762 Y104.325 E501.50228
G1 X76.918 Y104.091 E501.51685
G1 X76.151 Y103.705 E501.53113
G1 X75.475 Y103.178 E501.54538
G1 X74.913 Y102.525 E501.55971
G1 X74.493 Y101.781 E501.57392
G1 X74.219 Y100.955 E501.58839
G1 X74.114 Y100.108 E501.60258
G1 X74.177 Y99.255 E501.61681
G1 X74.409 Y98.418 E501.63125
G1 X74.795 Y97.651 E501.64553
G1 X75.322 Y96.975 E501.65979
G1 X75.975 Y96.413 E501.67411
G1 X76.719 Y95.993 E501.68832
G1 X77.545 Y95.719 E501.70279
G1 X78.415 Y95.612 E501.71737
G1 X79.133 Y95.6 E501.72931
G1 X84.1 Y95.6 E501.81192
G1 X84.1 Y89.6 E501.9117
G1 X115.9 Y89.6 E502.44053
G1 X115.9 Y95.6 E502.54031
G1 X121.471 Y95.6 E502.63296
G1 X122.238 Y95.675 E502.64577
G1 X123.082 Y95.909 E502.66034
G1 X123.849 Y96.295 E502.67462
G1 X124.525 Y96.822 E502.68887
G1 X125.087 Y97.475 E502.7032
G1 X125.507 Y98.219 E502.71741
G1 X125.781 Y99.045 E502.73188
G1 X125.886 Y99.892 E502.74608
G1 X125.823 Y100.745 E502.7603
G1 X125.591 Y101.582 E502.77474
G1 X125.205 Y102.349 E502.78902
G1 X124.678 Y103.025 E502.80328
G1 X124.025 Y103.587 E502.81761
G1 X123.281 Y104.007 E502.83181
G1 X122.455 Y104.281 E502.84629
G1 X121.588 Y104.388 E502.86081
G1 X115.9 Y104.402 E502.95541
G1 X115.9 Y110.4 E503.05515
G1 X84.1 Y110.4 E503.58399
G1 X84.1 Y104.4 E503.68377
G0 F7200 X84.17 Y104.33
G0 X80.135 Y98.621
G0 X79.374 Y98.048
G0 X78.498 Y97.856
G0 X77.044 Y98.343
G0 X77.109 Y98.418
G1 F3000 X76.768 Y98.805 E503.69235
G1 X76.532 Y99.253 E503.70077
G1 X76.411 Y99.747 E503.70923
G1 X76.411 Y100.253 E503.71764
G1 X76.532 Y100.747 E503.7261
G1 X76.768 Y101.195 E503.73452
G1 X77.104 Y101.576 E503.74297
G1 X77.53 Y101.868 E503.75156
G1 X78.056 Y102.052 E503.76082
G1 X78.554 Y102.1 E503.76914
G1 X79.023 Y102.034 E503.77702
G1 X79.462 Y101.867 E503.78483
G1 X79.854 Y101.605 E503.79267
G1 X80.177 Y101.263 E503.8005
G1 X80.415 Y100.858 E503.80831
G1 X80.557 Y100.413 E503.81608
G1 X80.6 Y99.944 E503.82391
G1 X80.534 Y99.477 E503.83175
G1 X80.367 Y99.038 E503.83956
G1 X80.105 Y98.646 E503.8474
G1 X79.763 Y98.323 E503.85523
G1 X79.358 Y98.084 E503.86305
G1 X78.919 Y97.945 E503.8707
G1 X78.498 Y97.896 E503.87775
G1 X77.996 Y97.957 E503.88616
G1 X77.572 Y98.118 E503.89371
G1 X77.109 Y98.418 E503.90288
G0 F7200 X77.373 Y98.724
;TYPE:WALL-OUTER
G1 F1500 X77.1 Y99.034 E503.90975
G1 X76.909 Y99.396 E503.91656
G1 X76.811 Y99.795 E503.92339
G1 X76.811 Y100.205 E503.93021
G1 X76.909 Y100.604 E503.93704
G1 X77.1 Y100.966 E503.94385
G1 X77.371 Y101.274 E503.95067
G1 X77.712 Y101.508 E503.95755
G1 X78.142 Y101.658 E503.96512
G1 X78.545 Y101.697 E503.97185
G1 X78.923 Y101.644 E503.9782
G1 X79.278 Y101.509 E503.98452
G1 X79.594 Y101.298 E503.99084
G1 X79.855 Y101.021 E503.99716
G1 X80.048 Y100.694 E504.00348
G1 X80.163 Y100.333 E504.00978
G1 X80.197 Y99.954 E504.01611
G1 X80.144 Y99.577 E504.02244
G1 X80.009 Y99.222 E504.02876
G1 X79.798 Y98.906 E504.03507
G1 X79.521 Y98.645 E504.0414
G1 X79.194 Y98.452 E504.04772
G1 X78.835 Y98.338 E504.05398
G1 X78.499 Y98.299 E504.05961
G1 X78.093 Y98.348 E504.06641
G1 X77.754 Y98.477 E504.07244
G1 X77.373 Y98.724 E504.07999
G0 F7200 X77.241 Y98.874
G0 X76.866 Y98.543
G0 X77.554 Y98.083
G0 X78.498 Y97.856
G0 X79.374 Y98.048
G0 X80.068 Y98.558
G0 X83.7 Y104.3
G0 X83.7 Y104.8
G1 F1500 X78.51 Y104.8 E504.1663
G1 X77.685 Y104.719 E504.18009
G1 X76.777 Y104.468 E504.19575
G1 X75.937 Y104.045 E504.21139
G1 X75.197 Y103.468 E504.227
G1 X74.584 Y102.756 E504.24262
G1 X74.124 Y101.942 E504.25817
G1 X73.827 Y101.045 E504.27389
G1 X73.712 Y100.117 E504.28944
G1 X73.781 Y99.184 E504.305
G1 X74.032 Y98.277 E504.32065
G1 X74.455 Y97.437 E504.33629
G1 X75.032 Y96.697 E504.35189
G1 X75.744 Y96.084 E504.36752
G1 X76.558 Y95.624 E504.38306
G1 X77.455 Y95.327 E504.39878
G1 X78.388 Y95.212 E504.41441
G1 X79.127 Y95.2 E504.4267
G1 X83.7 Y95.2 E504.50275
G1 X83.7 Y89.2 E504.60253
G1 X116.3 Y89.2 E505.14467
G1 X116.3 Y95.2 E505.24445
G1 X121.49 Y95.2 E505.33076
G1 X122.315 Y95.281 E505.34455
G1 X123.223 Y95.532 E505.36021
G1 X124.063 Y95.955 E505.37586
G1 X124.803 Y96.532 E505.39146
G1 X125.416 Y97.244 E505.40708
G1 X125.876 Y98.058 E505.42263
G1 X126.173 Y98.955 E505.43835
G1 X126.288 Y99.883 E505.4539
G1 X126.219 Y100.816 E505.46946
G1 X125.968 Y101.723 E505.48511
G1 X125.545 Y102.563 E505.50075
G1 X124.968 Y103.303 E505.51635
G1 X124.256 Y103.916 E505.53198
G1 X123.442 Y104.376 E505.54753
G1 X122.545 Y104.673 E505.56324
G1 X121.613 Y104.788 E505.57886
G1 X116.3 Y104.801 E505.66721
G1 X116.3 Y110.8 E505.76698
G1 X83.7 Y110.8 E506.30912
G1 X83.7 Y104.8 E506.4089
G0 F7200 X83.5 Y104.8
G0 X83.5 Y104.3
G0 X119.749 Y98.671
G0 X120.171 Y98.937
G1 F1500 X119.968 Y99.262 E506.41527
G1 X119.841 Y99.623 E506.42163
G1 X119.803 Y100.046 E506.4287
G1 X119.856 Y100.423 E506.43503
G1 X119.991 Y100.778 E506.44134
G1 X120.202 Y101.094 E506.44766
G1 X120.479 Y101.355 E506.45399
G1 X120.806 Y101.548 E506.46031
G1 X121.167 Y101.663 E506.46661
G1 X121.546 Y101.697 E506.47293
G1 X121.923 Y101.644 E506.47927
G1 X122.278 Y101.509 E506.48558
G1 X122.594 Y101.298 E506.4919
G1 X122.855 Y101.021 E506.49823
G1 X123.048 Y100.694 E506.50454
G1 X123.163 Y100.333 E506.51085
G1 X123.197 Y99.954 E506.51717
G1 X123.144 Y99.577 E506.5235
G1 X123.009 Y99.222 E506.52982
G1 X122.798 Y98.906 E506.53614
G1 X122.521 Y98.645 E506.54247
G1 X122.194 Y98.452 E506.54878
G1 X121.835 Y98.338 E506.55505
G1 X121.5 Y98.299 E506.56066
G1 X121.121 Y98.342 E506.567
G1 X120.762 Y98.468 E506.57333
G1 X120.477 Y98.646 E506.57891
G1 X120.171 Y98.937 E506.58594
G0 F7200 X120.065 Y99.106
G0 X119.388 Y98.682
;MESH:NONMESH
G0 F600 X119.388 Y98.682 Z1.9
G0 F7200 X75.926 Y96.662
;TIME_ELAPSED:954.763070
;LAYER:16
;TYPE:FILL
;MESH:drax_photo_base.stl
G1 F3000 X77.337 Y98.074 E506.61913
G1 X77.407 Y98.144
G0 F7200 X77.388 Y98.114
G0 X76.447 Y99.069
G1 F3000 X75.006 Y97.628 E506.65302
G1 X74.936 Y97.558
G0 F7200 X74.967 Y97.583
G0 X74.425 Y98.932
G1 F3000 X76.475 Y100.981 E506.70122
G1 X76.545 Y101.051
G0 F7200 X77.53 Y102.036
G1 F3000 X79.731 Y104.238 E506.753
G1 X79.801 Y104.308
G0 F7200 X79.801 Y104.3
G0 X81.617 Y104.238
G1 F3000 X79.431 Y102.053 E506.8044
G1 X79.361 Y101.983
G0 F7200 X79.37 Y102.012
G0 X80.424 Y101.16
G1 F3000 X83.502 Y104.238 E506.87679
G1 X83.572 Y104.308
G0 F7200 X84.26 Y104.996
G1 F3000 X89.502 Y110.239 E507.00009
G1 X89.572 Y110.309
G0 F7200 X89.572 Y110.3
G0 X87.617 Y110.239
G1 F3000 X84.26 Y106.882 E507.07904
G1 X84.19 Y106.812
G0 F7200 X84.2 Y106.812
G0 X84.26 Y108.767
G1 F3000 X85.732 Y110.239 E507.11366
G1 X85.802 Y110.309
G0 F7200 X85.802 Y110.3
G0 X91.387 Y110.239
G1 F3000 X80.71 Y99.562 E507.36476
G1 X80.64 Y99.492
G0 F7200 X80.641 Y99.493
G0 X80.152 Y98.639
G0 X78.933 Y97.785
G1 F3000 X77.158 Y96.009 E507.40652
G1 X77.088 Y95.939
G0 F7200 X77.096 Y95.967
G0 X78.799 Y95.766
G1 F3000 X93.273 Y110.239 E507.74691
G1 X93.343 Y110.309
G0 F7200 X93.343 Y110.3
G0 X95.158 Y110.239
G1 F3000 X80.682 Y95.763 E508.08737
G1 X80.612 Y95.693
G0 F7200 X80.611 Y95.704
G0 X82.563 Y95.759
G1 F3000 X97.043 Y110.239 E508.42792
G1 X97.113 Y110.309
G0 F7200 X97.113 Y110.3
G0 X98.928 Y110.239
G1 F3000 X84.259 Y95.57 E508.77291
G1 X84.189 Y95.5
G0 F7200 X84.2 Y95.5
G0 X84.259 Y93.685
G1 F3000 X100.813 Y110.239 E509.16223
G1 X100.883 Y110.309
G0 F7200 X100.883 Y110.3
G0 X102.698 Y110.239
G1 F3000 X84.259 Y91.8 E509.59589
G1 X84.189 Y91.73
G0 F7200 X84.2 Y91.73
G0 X84.259 Y89.914
G1 F3000 X104.583 Y110.239 E510.07389
G1 X104.653 Y110.309
G0 F7200 X104.653 Y110.3
G0 X106.469 Y110.239
G1 F3000 X85.989 Y89.76 E510.55554
G1 X85.919 Y89.69
G0 F7200 X85.919 Y89.7
G0 X87.874 Y89.76
G1 F3000 X108.354 Y110.239 E511.03718
G1 X108.424 Y110.309
G0 F7200 X108.424 Y110.3
G0 X110.239 Y110.239
G1 F3000 X89.76 Y89.76 E511.51882
G1 X89.69 Y89.69
G0 F7200 X89.69 Y89.7
G0 X91.645 Y89.76
G1 F3000 X112.124 Y110.239 E512.00045
G1 X112.194 Y110.309
G0 F7200 X112.194 Y110.3
G0 X114.009 Y110.239
G1 F3000 X93.53 Y89.76 E512.48209
G1 X93.46 Y89.69
G0 F7200 X93.46 Y89.7
G0 X95.415 Y89.76
G1 F3000 X115.739 Y110.083 E512.96006
G1 X115.809 Y110.153
G0 F7200 X115.8 Y110.153
G0 X115.739 Y108.198
G1 F3000 X97.3 Y89.76 E513.39371
G1 X97.23 Y89.69
G0 F7200 X97.23 Y89.7
G0 X99.185 Y89.76
G1 F3000 X115.739 Y106.313 E513.78302
G1 X115.809 Y106.383
G0 F7200 X115.8 Y106.383
G0 X115.739 Y104.428
G1 F3000 X101.071 Y89.76 E514.12799
G1 X101.001 Y89.69
G0 F7200 X101.001 Y89.7
G0 X102.956 Y89.76
G1 F3000 X117.434 Y104.238 E514.46849
G1 X117.504 Y104.308
G0 F7200 X117.505 Y104.298
G0 X119.317 Y104.236
G1 F3000 X104.841 Y89.76 E514.80895
G1 X104.771 Y89.69
G0 F7200 X104.771 Y89.7
G0 X106.726 Y89.76
G1 F3000 X121.199 Y104.233 E515.14933
G1 X121.269 Y104.303
G0 F7200 X121.27 Y104.293
G0 X122.841 Y103.989
G1 F3000 X121.067 Y102.215 E515.19105
G1 X120.997 Y102.145
G0 F7200 X121.816 Y102.092
G0 X122.663 Y101.926
G1 F3000 X124.072 Y103.335 E515.22419
G1 X124.142 Y103.405
G0 F7200 X124.119 Y103.377
G0 X124.993 Y102.371
G1 F3000 X123.555 Y100.933 E515.25801
G1 X123.485 Y100.863
G0 F7200 X123.513 Y100.873
G0 X123.538 Y99.031
G1 F3000 X125.573 Y101.066 E515.30587
G1 X125.643 Y101.136
G0 F7200 X125.619 Y101.129
G0 X125.653 Y99.261
G1 F3000 X122.228 Y95.836 E515.38642
G1 X122.158 Y95.766
G0 F7200 X120.267 Y95.76
G1 F3000 X122.463 Y97.956 E515.43806
G1 X122.533 Y98.026
G0 F7200 X121.604 Y97.873
G0 X120.565 Y97.943
G1 F3000 X118.382 Y95.76 E515.48941
G1 X118.312 Y95.69
G0 F7200 X118.312 Y95.7
G0 X116.497 Y95.76
G1 F3000 X119.573 Y98.837 E515.56176
G1 X119.643 Y98.907
G0 F7200 X119.614 Y98.887
G0 X119.288 Y100.436
G1 F3000 X108.611 Y89.76 E515.81285
G1 X108.541 Y89.69
G0 F7200 X108.541 Y89.7
G0 X110.496 Y89.76
G1 F3000 X115.739 Y95.002 E515.93615
G1 X115.809 Y95.072
G0 F7200 X115.8 Y95.072
G0 X115.739 Y93.117
G1 F3000 X112.381 Y89.76 E516.01511
G1 X112.311 Y89.69
G0 F7200 X112.311 Y89.7
G0 X114.267 Y89.76
G1 F3000 X115.739 Y91.232 E516.04973
G1 X115.809 Y91.302
G0 F7200 X115.8 Y91.302
G0 X77.771 Y104.163
G1 F3000 X74.345 Y100.737 E516.13031
G1 X74.275 Y100.667
G0 F7200 X74.278 Y100.667
G0 X77.483 Y101.956
G0 X77.528 Y101.867
;TYPE:WALL-INNER
G1 F3000 X78.032 Y102.046 E516.1392
G1 X78.53 Y102.102 E516.14754
G1 X79.001 Y102.041 E516.15543
G1 X79.442 Y101.879 E516.16325
G1 X79.836 Y101.622 E516.17107
G1 X80.164 Y101.284 E516.1789
G1 X80.407 Y100.88 E516.18674
G1 X80.555 Y100.436 E516.19453
G1 X80.602 Y99.967 E516.20236
G1 X80.541 Y99.499 E516.21021
G1 X80.379 Y99.058 E516.21803
G1 X80.122 Y98.664 E516.22585
G1 X79.784 Y98.336 E516.23368
G1 X79.38 Y98.093 E516.24152
G1 X78.941 Y97.947 E516.24922
G1 X78.498 Y97.896 E516.25663
G1 X77.997 Y97.957 E516.26502
G1 X77.552 Y98.125 E516.27293
G1 X77.107 Y98.421 E516.28182
G1 X76.768 Y98.805 E516.29034
G1 X76.532 Y99.253 E516.29876
G1 X76.411 Y99.747 E516.30722
G1 X76.411 Y100.253 E516.31563
G1 X76.532 Y100.747 E516.32409
G1 X76.768 Y101.195 E516.33251
G1 X77.103 Y101.575 E516.34094
G1 X77.528 Y101.867 E516.34951
G0 F7200 X77.483 Y101.956
G0 X84.17 Y104.33
G0 X84.1 Y104.4
G1 F3000 X78.529 Y104.4 E516.44216
G1 X77.709 Y104.32 E516.45586
G1 X76.885 Y104.082 E516.47012
G1 X76.112 Y103.683 E516.48459
G1 X75.442 Y103.151 E516.49882
G1 X74.886 Y102.493 E516.51314
G1 X74.468 Y101.736 E516.52752
G1 X74.206 Y100.919 E516.54179
G1 X74.11 Y100.066 E516.55607
G1 X74.182 Y99.204 E516.57045
G1 X74.418 Y98.385 E516.58463
G1 X74.817 Y97.612 E516.59909
G1 X75.349 Y96.942 E516.61332
G1 X76.007 Y96.386 E516.62765
G1 X76.764 Y95.968 E516.64203
G1 X77.581 Y95.706 E516.6563
G1 X78.459 Y95.607 E516.67099
G1 X84.1 Y95.599 E516.7648
G1 X84.1 Y89.6 E516.86456
G1 X115.9 Y89.6 E517.3934
G1 X115.9 Y95.6 E517.49318
G1 X121.471 Y95.6 E517.58583
G1 X122.291 Y95.68 E517.59953
G1 X123.115 Y95.918 E517.61379
G1 X123.888 Y96.317 E517.62826
G1 X124.558 Y96.849 E517.64249
G1 X125.114 Y97.507 E517.65681
G1 X125.532 Y98.264 E517.67119
G1 X125.794 Y99.081 E517.68546
G1 X125.89 Y99.932 E517.6997
G1 X125.818 Y100.796 E517.71412
G1 X125.582 Y101.615 E517.72829
G1 X125.183 Y102.388 E517.74276
G1 X124.651 Y103.058 E517.75699
G1 X123.993 Y103.614 E517.77131
G1 X123.236 Y104.032 E517.7857
G1 X122.419 Y104.294 E517.79996
G1 X121.541 Y104.393 E517.81466
G1 X115.9 Y104.401 E517.90847
G1 X115.9 Y110.4 E518.00823
G1 X84.1 Y110.4 E518.53707
G1 X84.1 Y104.4 E518.63685
G0 F7200 X84.17 Y104.33
G0 X119.78 Y98.623
G0 X119.857 Y98.685
G1 F3000 X119.605 Y99.088 E518.64475
G1 X119.448 Y99.535 E518.65263
G1 X119.398 Y100.033 E518.66095
G1 X119.459 Y100.501 E518.6688
G1 X119.621 Y100.942 E518.67662
G1 X119.878 Y101.336 E518.68444
G1 X120.216 Y101.664 E518.69227
G1 X120.62 Y101.907 E518.70011
G1 X121.064 Y102.055 E518.7079
G1 X121.533 Y102.102 E518.71573
G1 X122.001 Y102.041 E518.72358
G1 X122.442 Y101.879 E518.7314
G1 X122.836 Y101.622 E518.73922
G1 X123.164 Y101.284 E518.74705
G1 X123.407 Y100.88 E518.75489
G1 X123.555 Y100.436 E518.76267
G1 X123.602 Y99.967 E518.77051
G1 X123.541 Y99.499 E518.77836
G1 X123.379 Y99.058 E518.78617
G1 X123.122 Y98.664 E518.794
G1 X122.784 Y98.336 E518.80183
G1 X122.38 Y98.093 E518.80967
G1 X121.941 Y97.947 E518.81736
G1 X121.5 Y97.896 E518.82475
G1 X121.031 Y97.95 E518.8326
G1 X120.587 Y98.105 E518.84042
G1 X120.214 Y98.339 E518.84774
G1 X119.857 Y98.685 E518.85601
G0 F7200 X120.17 Y98.938
;TYPE:WALL-OUTER
G1 F1500 X119.968 Y99.262 E518.86236
G1 X119.841 Y99.622 E518.86871
G1 X119.801 Y100.027 E518.87548
G1 X119.85 Y100.405 E518.88181
G1 X119.981 Y100.761 E518.88812
G1 X120.189 Y101.08 E518.89446
G1 X120.462 Y101.345 E518.90078
G1 X120.788 Y101.541 E518.90711
G1 X121.148 Y101.661 E518.91342
G1 X121.527 Y101.699 E518.91975
G1 X121.905 Y101.65 E518.92609
G1 X122.261 Y101.519 E518.9324
G1 X122.58 Y101.311 E518.93873
G1 X122.845 Y101.038 E518.94506
G1 X123.041 Y100.712 E518.95139
G1 X123.161 Y100.352 E518.9577
G1 X123.199 Y99.973 E518.96403
G1 X123.15 Y99.595 E518.97037
G1 X123.019 Y99.239 E518.97668
G1 X122.811 Y98.92 E518.98301
G1 X122.538 Y98.655 E518.98934
G1 X122.212 Y98.459 E518.99566
G1 X121.854 Y98.34 E519.00194
G1 X121.5 Y98.299 E519.00787
G1 X121.121 Y98.342 E519.01421
G1 X120.762 Y98.468 E519.02054
G1 X120.462 Y98.656 E519.02642
G1 X120.17 Y98.938 E519.03317
G0 F7200 X120.064 Y99.108
G0 X119.642 Y98.843
G0 X83.7 Y104.3
G0 X83.7 Y104.8
G1 F1500 X78.51 Y104.8 E519.11948
G1 X77.634 Y104.714 E519.13412
G1 X76.734 Y104.454 E519.1497
G1 X75.895 Y104.022 E519.16539
G1 X75.161 Y103.439 E519.18098
G1 X74.555 Y102.721 E519.19661
G1 X74.099 Y101.896 E519.21228
G1 X73.814 Y101.006 E519.22783
G1 X73.708 Y100.068 E519.24352
G1 X73.786 Y99.134 E519.25911
G1 X74.046 Y98.234 E519.27469
G1 X74.478 Y97.395 E519.29038
G1 X75.061 Y96.661 E519.30597
G1 X75.779 Y96.055 E519.3216
G1 X76.604 Y95.599 E519.33727
G1 X77.494 Y95.314 E519.35281
G1 X78.44 Y95.207 E519.36865
G1 X83.7 Y95.2 E519.45612
G1 X83.7 Y89.2 E519.5559
G1 X116.3 Y89.2 E520.09804
G1 X116.3 Y95.2 E520.19782
G1 X121.49 Y95.2 E520.28413
G1 X122.366 Y95.286 E520.29877
G1 X123.266 Y95.546 E520.31435
G1 X124.105 Y95.978 E520.33004
G1 X124.839 Y96.561 E520.34563
G1 X125.445 Y97.279 E520.36125
G1 X125.901 Y98.104 E520.37693
G1 X126.186 Y98.994 E520.39247
G1 X126.292 Y99.932 E520.40817
G1 X126.214 Y100.866 E520.42376
G1 X125.954 Y101.766 E520.43934
G1 X125.522 Y102.605 E520.45503
G1 X124.939 Y103.339 E520.47062
G1 X124.221 Y103.945 E520.48624
G1 X123.396 Y104.401 E520.50192
G1 X122.506 Y104.686 E520.51746
G1 X121.56 Y104.793 E520.53329
G1 X116.3 Y104.8 E520.62077
G1 X116.3 Y110.8 E520.72055
G1 X83.7 Y110.8 E521.26269
G1 X83.7 Y104.8 E521.36247
G0 F7200 X83.5 Y104.8
G0 X83.5 Y104.3
G0 X80.152 Y98.639
G0 X79.396 Y98.057
G0 X78.498 Y97.856
G0 X76.998 Y98.394
G0 X77.372 Y98.725
G1 F1500 X77.1 Y99.034 E521.36931
G1 X76.909 Y99.396 E521.37612
G1 X76.811 Y99.795 E521.38295
G1 X76.811 Y100.205 E521.38977
G1 X76.909 Y100.604 E521.3966
G1 X77.1 Y100.966 E521.40341
G1 X77.371 Y101.274 E521.41023
G1 X77.711 Y101.508 E521.4171
G1 X78.122 Y101.654 E521.42435
G1 X78.526 Y101.699 E521.43111
G1 X78.905 Y101.65 E521.43747
G1 X79.261 Y101.519 E521.44377
G1 X79.58 Y101.311 E521.45011
G1 X79.845 Y101.038 E521.45643
G1 X80.041 Y100.712 E521.46276
G1 X80.161 Y100.352 E521.46907
G1 X80.199 Y99.973 E521.4754
G1 X80.15 Y99.595 E521.48174
G1 X80.019 Y99.239 E521.48805
G1 X79.811 Y98.92 E521.49439
G1 X79.538 Y98.655 E521.50071
G1 X79.212 Y98.459 E521.50704
G1 X78.854 Y98.34 E521.51331
G1 X78.499 Y98.299 E521.51925
G1 X78.093 Y98.348 E521.52606
G1 X77.736 Y98.483 E521.5324
G1 X77.372 Y98.725 E521.53967
G0 F7200 X77.24 Y98.875
G0 X76.641 Y98.346
;MESH:NONMESH
G0 F600 X76.641 Y98.346 Z2
G0 F7200 X77.768 Y95.839
;TIME_ELAPSED:979.528174
;LAYER:17
;TYPE:FILL
;MESH:drax_photo_base.stl
G1 F3000 X74.336 Y99.27 E521.62038
G1 X74.266 Y99.34
G0 F7200 X74.268 Y99.34
G0 X74.42 Y101.071
G1 F3000 X76.475 Y99.016 E521.66871
G1 X76.545 Y98.946
G0 F7200 X77.53 Y97.961
G1 F3000 X79.731 Y95.76 E521.72047
G1 X79.801 Y95.69
G0 F7200 X79.8 Y95.702
G0 X81.617 Y95.759
G1 F3000 X79.435 Y97.942 E521.7718
G1 X79.365 Y98.012
G0 F7200 X79.374 Y97.987
G0 X80.426 Y98.836
G1 F3000 X83.503 Y95.759 E521.84417
G1 X83.573 Y95.689
G0 F7200 X84.26 Y95.002
G1 F3000 X89.503 Y89.759 E521.96747
G1 X89.573 Y89.689
G0 F7200 X89.573 Y89.7
G0 X87.618 Y89.759
G1 F3000 X84.26 Y93.117 E522.04645
G1 X84.19 Y93.187
G0 F7200 X84.2 Y93.187
G0 X84.26 Y91.232
G1 F3000 X85.733 Y89.759 E522.08109
G1 X85.803 Y89.689
G0 F7200 X85.803 Y89.7
G0 X91.388 Y89.759
G1 F3000 X80.714 Y100.433 E522.33213
G1 X80.644 Y100.503
G0 F7200 X80.181 Y101.327
G0 X78.935 Y102.212
G1 F3000 X77.153 Y103.994 E522.37404
G1 X77.083 Y104.064
G0 F7200 X77.09 Y104.04
G0 X75.924 Y103.337
G1 F3000 X77.335 Y101.927 E522.40721
G1 X77.405 Y101.857
G0 F7200 X77.383 Y101.888
G0 X76.447 Y100.93
G1 F3000 X74.999 Y102.377 E522.44125
G1 X74.929 Y102.447
G0 F7200 X74.959 Y102.424
G0 X78.793 Y104.239
G1 F3000 X93.273 Y89.759 E522.7818
G1 X93.343 Y89.689
G0 F7200 X93.343 Y89.7
G0 X95.158 Y89.759
G1 F3000 X80.678 Y104.239 E523.12235
G1 X80.608 Y104.309
G0 F7200 X80.608 Y104.3
G0 X82.563 Y104.239
G1 F3000 X97.044 Y89.759 E523.46291
G1 X97.114 Y89.689
G0 F7200 X97.114 Y89.7
G0 X98.929 Y89.759
G1 F3000 X84.26 Y104.428 E523.8079
G1 X84.19 Y104.498
G0 F7200 X84.2 Y104.498
G0 X84.26 Y106.313
G1 F3000 X100.814 Y89.759 E524.19722
G1 X100.884 Y89.689
G0 F7200 X100.884 Y89.7
G0 X102.699 Y89.759
G1 F3000 X84.26 Y108.198 E524.63088
G1 X84.19 Y108.268
G0 F7200 X84.2 Y108.268
G0 X84.26 Y110.083
G1 F3000 X104.584 Y89.759 E525.10887
G1 X104.654 Y89.689
G0 F7200 X104.654 Y89.7
G0 X106.469 Y89.759
G1 F3000 X85.989 Y110.239 E525.59053
G1 X85.919 Y110.309
G0 F7200 X85.919 Y110.3
G0 X87.874 Y110.239
G1 F3000 X108.354 Y89.759 E526.07219
G1 X108.424 Y89.689
G0 F7200 X108.424 Y89.7
G0 X110.24 Y89.759
G1 F3000 X89.76 Y110.239 E526.55384
G1 X89.69 Y110.309
G0 F7200 X89.69 Y110.3
G0 X91.645 Y110.239
G1 F3000 X112.125 Y89.759 E527.0355
G1 X112.195 Y89.689
G0 F7200 X112.195 Y89.7
G0 X114.01 Y89.759
G1 F3000 X93.53 Y110.239 E527.51716
G1 X93.46 Y110.309
G0 F7200 X93.46 Y110.3
G0 X95.415 Y110.239
G1 F3000 X115.739 Y89.915 E527.99515
G1 X115.809 Y89.845
G0 F7200 X115.8 Y89.845
G0 X115.739 Y91.8
G1 F3000 X97.3 Y110.239 E528.42881
G1 X97.23 Y110.309
G0 F7200 X97.23 Y110.3
G0 X99.185 Y110.239
G1 F3000 X115.739 Y93.685 E528.81813
G1 X115.809 Y93.615
G0 F7200 X115.8 Y93.615
G0 X115.739 Y95.571
G1 F3000 X101.071 Y110.239 E529.1631
G1 X101.001 Y110.309
G0 F7200 X101.001 Y110.3
G0 X102.956 Y110.239
G1 F3000 X117.435 Y95.759 E529.50364
G1 X117.505 Y95.689
G0 F7200 X117.505 Y95.7
G0 X119.32 Y95.759
G1 F3000 X104.841 Y110.239 E529.84417
G1 X104.771 Y110.309
G0 F7200 X104.771 Y110.3
G0 X106.726 Y110.239
G1 F3000 X121.205 Y95.759 E530.18471
G1 X121.275 Y95.689
G0 F7200 X121.275 Y95.7
G0 X122.845 Y96.005
G1 F3000 X121.064 Y97.786 E530.22659
G1 X120.994 Y97.856
G0 F7200 X122.661 Y98.074
G1 F3000 X124.074 Y96.661 E530.25983
G1 X124.144 Y96.591
G0 F7200 X124.119 Y96.62
G0 X124.999 Y97.621
G1 F3000 X123.555 Y99.065 E530.29379
G1 X123.485 Y99.135
G0 F7200 X123.514 Y99.126
G0 X123.549 Y100.957
G1 F3000 X125.577 Y98.929 E530.34148
G1 X125.647 Y98.859
G0 F7200 X125.623 Y98.865
G0 X125.662 Y100.728
G1 F3000 X122.231 Y104.16 E530.42219
G1 X122.161 Y104.23
G0 F7200 X122.162 Y104.228
G0 X120.267 Y104.238
G1 F3000 X122.46 Y102.045 E530.47376
G1 X122.53 Y101.975
G0 F7200 X121.612 Y102.127
G0 X120.564 Y102.056
G1 F3000 X118.381 Y104.239 E530.5251
G1 X118.311 Y104.309
G0 F7200 X118.312 Y104.299
G0 X116.495 Y104.24
G1 F3000 X119.573 Y101.162 E530.59749
G1 X119.643 Y101.092
G0 F7200 X119.612 Y101.111
G0 X119.282 Y99.568
G1 F3000 X108.611 Y110.239 E530.84846
G1 X108.541 Y110.309
G0 F7200 X108.541 Y110.3
G0 X110.496 Y110.239
G1 F3000 X115.739 Y104.996 E530.97176
G1 X115.809 Y104.926
G0 F7200 X115.8 Y104.926
G0 X115.739 Y106.882
G1 F3000 X112.381 Y110.239 E531.05073
G1 X112.311 Y110.309
G0 F7200 X112.311 Y110.3
G0 X114.267 Y110.239
G1 F3000 X115.739 Y108.767 E531.08535
G1 X115.809 Y108.697
G0 F7200 X115.8 Y108.697
G0 X115.872 Y104.372
G0 X121.509 Y102.204
G0 X121.509 Y102.104
;TYPE:WALL-INNER
G1 F3000 X121.979 Y102.048 E531.09322
G1 X122.421 Y101.891 E531.10102
G1 X122.819 Y101.638 E531.10886
G1 X123.15 Y101.303 E531.11669
G1 X123.399 Y100.902 E531.12454
G1 X123.551 Y100.459 E531.13233
G1 X123.604 Y99.991 E531.14016
G1 X123.548 Y99.521 E531.14804
G1 X123.391 Y99.079 E531.15584
G1 X123.138 Y98.681 E531.16368
G1 X122.803 Y98.35 E531.17151
G1 X122.403 Y98.101 E531.17935
G1 X121.961 Y97.95 E531.18711
G1 X121.5 Y97.896 E531.19483
G1 X121.031 Y97.95 E531.20268
G1 X120.588 Y98.105 E531.21049
G1 X120.197 Y98.349 E531.21815
G1 X119.856 Y98.687 E531.22614
G1 X119.605 Y99.088 E531.23401
G1 X119.449 Y99.532 E531.24183
G1 X119.396 Y100.01 E531.24983
G1 X119.452 Y100.479 E531.25769
G1 X119.609 Y100.921 E531.26549
G1 X119.862 Y101.319 E531.27333
G1 X120.197 Y101.65 E531.28116
G1 X120.598 Y101.899 E531.28901
G1 X121.041 Y102.051 E531.2968
G1 X121.509 Y102.104 E531.30463
G0 F7200 X121.509 Y102.204
G0 X84.17 Y104.33
G0 X84.1 Y104.4
G1 F3000 X78.643 Y104.4 E531.39538
G1 X77.665 Y104.315 E531.41171
G1 X76.84 Y104.068 E531.42603
G1 X76.075 Y103.665 E531.44041
G1 X75.406 Y103.122 E531.45474
G1 X74.861 Y102.462 E531.46897
G1 X74.448 Y101.7 E531.48338
G1 X74.194 Y100.88 E531.49766
G1 X74.105 Y100.017 E531.51209
G1 X74.185 Y99.165 E531.52632
G1 X74.432 Y98.34 E531.54064
G1 X74.835 Y97.575 E531.55502
G1 X75.378 Y96.906 E531.56935
G1 X76.038 Y96.361 E531.58358
G1 X76.8 Y95.948 E531.598
G1 X77.62 Y95.694 E531.61227
G1 X78.509 Y95.602 E531.62714
G1 X84.1 Y95.6 E531.72012
G1 X84.1 Y89.6 E531.8199
G1 X115.9 Y89.6 E532.34873
G1 X115.9 Y95.6 E532.44851
G1 X121.471 Y95.6 E532.54116
G1 X122.335 Y95.685 E532.5556
G1 X123.16 Y95.932 E532.56992
G1 X123.925 Y96.335 E532.5843
G1 X124.594 Y96.878 E532.59863
G1 X125.139 Y97.538 E532.61286
G1 X125.551 Y98.298 E532.62724
G1 X125.806 Y99.12 E532.64155
G1 X125.895 Y99.98 E532.65593
G1 X125.815 Y100.835 E532.67021
G1 X125.568 Y101.66 E532.68453
G1 X125.165 Y102.425 E532.69891
G1 X124.622 Y103.094 E532.71324
G1 X123.962 Y103.639 E532.72747
G1 X123.2 Y104.052 E532.74189
G1 X122.38 Y104.306 E532.75616
G1 X121.491 Y104.398 E532.77102
G1 X115.9 Y104.4 E532.864
G1 X115.9 Y110.4 E532.96378
G1 X84.1 Y110.4 E533.49262
G1 X84.1 Y104.4 E533.5924
G0 F7200 X84.17 Y104.33
G0 X80.169 Y98.656
G0 X79.42 Y98.065
G0 X78.498 Y97.856
G0 X77.039 Y98.35
G0 X77.105 Y98.424
G1 F3000 X76.769 Y98.805 E533.60085
G1 X76.532 Y99.253 E533.60928
G1 X76.411 Y99.747 E533.61774
G1 X76.411 Y100.253 E533.62615
G1 X76.532 Y100.747 E533.63461
G1 X76.768 Y101.195 E533.64303
G1 X77.104 Y101.576 E533.65148
G1 X77.524 Y101.865 E533.65996
G1 X78.006 Y102.043 E533.6685
G1 X78.507 Y102.104 E533.67689
G1 X78.979 Y102.048 E533.6848
G1 X79.421 Y101.891 E533.6926
G1 X79.819 Y101.638 E533.70044
G1 X80.15 Y101.303 E533.70827
G1 X80.399 Y100.902 E533.71612
G1 X80.551 Y100.459 E533.72391
G1 X80.604 Y99.991 E533.73174
G1 X80.548 Y99.521 E533.73962
G1 X80.391 Y99.079 E533.74742
G1 X80.138 Y98.681 E533.75526
G1 X79.803 Y98.35 E533.76309
G1 X79.403 Y98.101 E533.77093
G1 X78.961 Y97.95 E533.77869
G1 X78.498 Y97.896 E533.78645
G1 X77.997 Y97.957 E533.79484
G1 X77.532 Y98.133 E533.80311
G1 X77.105 Y98.424 E533.8117
G0 F7200 X77.372 Y98.726
;TYPE:WALL-OUTER
G1 F1500 X77.1 Y99.034 E533.81853
G1 X76.909 Y99.396 E533.82534
G1 X76.811 Y99.795 E533.83217
G1 X76.811 Y100.205 E533.83899
G1 X76.909 Y100.604 E533.84582
G1 X77.1 Y100.966 E533.85263
G1 X77.371 Y101.274 E533.85945
G1 X77.71 Y101.507 E533.86629
G1 X78.101 Y101.652 E533.87323
G1 X78.507 Y101.701 E533.88003
G1 X78.887 Y101.656 E533.88639
G1 X79.245 Y101.529 E533.89271
G1 X79.566 Y101.325 E533.89904
G1 X79.834 Y101.054 E533.90537
G1 X80.035 Y100.73 E533.91171
G1 X80.158 Y100.371 E533.91803
G1 X80.201 Y99.992 E533.92437
G1 X80.156 Y99.613 E533.93072
G1 X80.029 Y99.255 E533.93703
G1 X79.825 Y98.934 E533.94336
G1 X79.554 Y98.666 E533.9497
G1 X79.23 Y98.465 E533.95604
G1 X78.872 Y98.342 E533.96233
G1 X78.499 Y98.299 E533.96858
G1 X78.093 Y98.348 E533.97538
G1 X77.718 Y98.49 E533.98205
G1 X77.372 Y98.726 E533.98901
G0 F7200 X77.24 Y98.876
G0 X76.865 Y98.545
G0 X77.988 Y97.919
G0 X78.969 Y97.911
G0 X79.827 Y98.319
G0 X83.7 Y104.3
G0 X83.7 Y104.8
G1 F1500 X78.631 Y104.8 E534.07331
G1 X77.589 Y104.709 E534.0907
G1 X76.684 Y104.439 E534.10641
G1 X75.854 Y104.001 E534.12202
G1 X75.124 Y103.409 E534.13765
G1 X74.527 Y102.686 E534.15324
G1 X74.078 Y101.857 E534.16892
G1 X73.8 Y100.959 E534.18455
G1 X73.703 Y100.022 E534.20022
G1 X73.791 Y99.089 E534.2158
G1 X74.061 Y98.184 E534.23151
G1 X74.499 Y97.354 E534.24711
G1 X75.091 Y96.624 E534.26274
G1 X75.814 Y96.027 E534.27834
G1 X76.643 Y95.578 E534.29401
G1 X77.541 Y95.3 E534.30965
G1 X78.487 Y95.202 E534.32546
G1 X83.7 Y95.2 E534.41216
G1 X83.7 Y89.2 E534.51194
G1 X116.3 Y89.2 E535.05408
G1 X116.3 Y95.2 E535.15386
G1 X121.49 Y95.2 E535.24017
G1 X122.411 Y95.291 E535.25556
G1 X123.316 Y95.561 E535.27126
G1 X124.146 Y95.999 E535.28687
G1 X124.876 Y96.591 E535.3025
G1 X125.473 Y97.314 E535.31809
G1 X125.922 Y98.143 E535.33377
G1 X126.2 Y99.041 E535.34941
G1 X126.297 Y99.976 E535.36504
G1 X126.209 Y100.911 E535.38066
G1 X125.939 Y101.816 E535.39636
G1 X125.501 Y102.646 E535.41197
G1 X124.909 Y103.376 E535.4276
G1 X124.186 Y103.973 E535.44319
G1 X123.357 Y104.422 E535.45887
G1 X122.459 Y104.7 E535.4745
G1 X121.513 Y104.798 E535.49032
G1 X116.3 Y104.8 E535.57701
G1 X116.3 Y110.8 E535.67679
G1 X83.7 Y110.8 E536.21893
G1 X83.7 Y104.8 E536.31871
G0 F7200 X83.5 Y104.8
G0 X83.5 Y104.3
G0 X119.748 Y98.673
G0 X120.17 Y98.939
G1 F1500 X119.968 Y99.262 E536.32505
G1 X119.842 Y99.621 E536.33138
G1 X119.799 Y100.008 E536.33785
G1 X119.844 Y100.387 E536.3442
G1 X119.971 Y100.745 E536.35052
G1 X120.175 Y101.066 E536.35684
G1 X120.446 Y101.334 E536.36318
G1 X120.77 Y101.535 E536.36952
G1 X121.129 Y101.658 E536.37583
G1 X121.508 Y101.701 E536.38217
G1 X121.887 Y101.656 E536.38852
G1 X122.245 Y101.529 E536.39484
G1 X122.566 Y101.325 E536.40116
G1 X122.834 Y101.054 E536.4075
G1 X123.035 Y100.73 E536.41384
G1 X123.158 Y100.371 E536.42015
G1 X123.201 Y99.992 E536.4265
G1 X123.156 Y99.613 E536.43284
G1 X123.029 Y99.255 E536.43916
G1 X122.825 Y98.934 E536.44549
G1 X122.554 Y98.666 E536.45182
G1 X122.23 Y98.465 E536.45816
G1 X121.872 Y98.342 E536.46446
G1 X121.5 Y98.299 E536.47069
G1 X121.121 Y98.342 E536.47703
G1 X120.762 Y98.468 E536.48336
G1 X120.447 Y98.665 E536.48954
G1 X120.17 Y98.939 E536.49602
G0 F7200 X120.064 Y99.109
G0 X119.386 Y98.684
;MESH:NONMESH
G0 F600 X119.386 Y98.684 Z2.1
G0 F7200 X75.928 Y96.665
;TIME_ELAPSED:1004.488622
;LAYER:18
;TYPE:FILL
;MESH:drax_photo_base.stl
G1 F3000 X77.298 Y98.035 E536.52824
G1 X77.368 Y98.105
G0 F7200 X77.349 Y98.076
G0 X76.409 Y99.031
G1 F3000 X75.001 Y97.623 E536.56135
G1 X74.931 Y97.553
G0 F7200 X74.963 Y97.573
G0 X74.421 Y98.928
G1 F3000 X76.349 Y100.856 E536.60669
G1 X76.419 Y100.926
G0 F7200 X77.612 Y102.119
G1 F3000 X79.724 Y104.231 E536.65636
G1 X79.794 Y104.301
G0 F7200 X79.794 Y104.294
G0 X81.61 Y104.232
G1 F3000 X79.474 Y102.096 E536.7066
G1 X79.404 Y102.026
G0 F7200 X79.413 Y102.055
G0 X80.457 Y101.194
G1 F3000 X83.495 Y104.232 E536.77805
G1 X83.565 Y104.302
G0 F7200 X84.26 Y104.996
G1 F3000 X89.502 Y110.239 E536.90134
G1 X89.572 Y110.309
G0 F7200 X89.572 Y110.3
G0 X87.617 Y110.239
G1 F3000 X84.26 Y106.882 E536.9803
G1 X84.19 Y106.812
G0 F7200 X84.2 Y106.812
G0 X84.26 Y108.767
G1 F3000 X85.732 Y110.239 E537.01492
G1 X85.802 Y110.309
G0 F7200 X85.802 Y110.3
G0 X91.387 Y110.239
G1 F3000 X80.774 Y99.625 E537.26453
G1 X80.704 Y99.555
G0 F7200 X80.706 Y99.555
G0 X80.192 Y98.605
G0 X78.873 Y97.724
G1 F3000 X77.155 Y96.007 E537.30492
G1 X77.085 Y95.937
G0 F7200 X77.092 Y95.963
G0 X78.813 Y95.779
G1 F3000 X93.273 Y110.239 E537.645
G1 X93.343 Y110.309
G0 F7200 X93.343 Y110.3
G0 X95.158 Y110.239
G1 F3000 X80.685 Y95.766 E537.98538
G1 X80.615 Y95.696
G0 F7200 X80.615 Y95.706
G0 X82.57 Y95.766
G1 F3000 X97.043 Y110.239 E538.32576
G1 X97.113 Y110.309
G0 F7200 X97.113 Y110.3
G0 X98.928 Y110.239
G1 F3000 X84.259 Y95.57 E538.67076
G1 X84.189 Y95.5
G0 F7200 X84.2 Y95.5
G0 X84.259 Y93.685
G1 F3000 X100.813 Y110.239 E539.06008
G1 X100.883 Y110.309
G0 F7200 X100.883 Y110.3
G0 X102.698 Y110.239
G1 F3000 X84.259 Y91.8 E539.49374
G1 X84.189 Y91.73
G0 F7200 X84.2 Y91.73
G0 X84.259 Y89.914
G1 F3000 X104.583 Y110.239 E539.97174
G1 X104.653 Y110.309
G0 F7200 X104.653 Y110.3
G0 X106.469 Y110.239
G1 F3000 X85.989 Y89.76 E540.45339
G1 X85.919 Y89.69
G0 F7200 X85.919 Y89.7
G0 X87.874 Y89.76
G1 F3000 X108.354 Y110.239 E540.93503
G1 X108.424 Y110.309
G0 F7200 X108.424 Y110.3
G0 X110.239 Y110.239
G1 F3000 X89.76 Y89.76 E541.41667
G1 X89.69 Y89.69
G0 F7200 X89.69 Y89.7
G0 X91.645 Y89.76
G1 F3000 X112.124 Y110.239 E541.8983
G1 X112.194 Y110.309
G0 F7200 X112.194 Y110.3
G0 X114.009 Y110.239
G1 F3000 X93.53 Y89.76 E542.37994
G1 X93.46 Y89.69
G0 F7200 X93.46 Y89.7
G0 X95.415 Y89.76
G1 F3000 X115.739 Y110.083 E542.85791
G1 X115.809 Y110.153
G0 F7200 X115.8 Y110.153
G0 X115.739 Y108.198
G1 F3000 X97.3 Y89.76 E543.29156
G1 X97.23 Y89.69
G0 F7200 X97.23 Y89.7
G0 X99.185 Y89.76
G1 F3000 X115.739 Y106.313 E543.68087
G1 X115.809 Y106.383
G0 F7200 X115.8 Y106.383
G0 X115.739 Y104.428
G1 F3000 X101.071 Y89.76 E544.02584
G1 X101.001 Y89.69
G0 F7200 X101.001 Y89.7
G0 X102.956 Y89.76
G1 F3000 X117.429 Y104.233 E544.36622
G1 X117.499 Y104.303
G0 F7200 X117.5 Y104.293
G0 X119.314 Y104.233
G1 F3000 X104.841 Y89.76 E544.70661
G1 X104.771 Y89.69
G0 F7200 X104.771 Y89.7
G0 X106.726 Y89.76
G1 F3000 X121.199 Y104.233 E545.04699
G1 X121.269 Y104.303
G0 F7200 X121.27 Y104.293
G0 X122.84 Y103.988
G1 F3000 X121.125 Y102.273 E545.08732
G1 X121.055 Y102.203
G0 F7200 X121.054 Y102.207
G0 X122.697 Y101.961
G1 F3000 X124.07 Y103.333 E545.1196
G1 X124.14 Y103.403
G0 F7200 X124.116 Y103.375
G0 X124.997 Y102.375
G1 F3000 X123.585 Y100.963 E545.15281
G1 X123.515 Y100.893
G0 F7200 X123.546 Y100.91
G0 X123.658 Y100.109
G0 X123.63 Y99.123
G1 F3000 X125.574 Y101.067 E545.19853
G1 X125.644 Y101.137
G0 F7200 X125.62 Y101.13
G0 X125.653 Y99.261
G1 F3000 X122.235 Y95.843 E545.27892
G1 X122.165 Y95.773
G0 F7200 X122.165 Y95.774
G0 X120.273 Y95.766
G1 F3000 X122.377 Y97.87 E545.3284
G1 X122.447 Y97.94
G0 F7200 X121.616 Y97.84
G0 X120.524 Y97.902
G1 F3000 X118.388 Y95.766 E545.37863
G1 X118.318 Y95.696
G0 F7200 X118.318 Y95.706
G0 X116.502 Y95.766
G1 F3000 X119.542 Y98.805 E545.45012
G1 X119.612 Y98.875
G0 F7200 X119.583 Y98.859
G0 X119.225 Y100.373
G1 F3000 X108.611 Y89.76 E545.69973
G1 X108.541 Y89.69
G0 F7200 X108.541 Y89.7
G0 X110.496 Y89.76
G1 F3000 X115.739 Y95.002 E545.82303
G1 X115.809 Y95.072
G0 F7200 X115.8 Y95.072
G0 X115.739 Y93.117
G1 F3000 X112.381 Y89.76 E545.90199
G1 X112.311 Y89.69
G0 F7200 X112.311 Y89.7
G0 X114.267 Y89.76
G1 F3000 X115.739 Y91.232 E545.93661
G1 X115.809 Y91.302
G0 F7200 X115.8 Y91.302
G0 X77.761 Y104.153
G1 F3000 X74.342 Y100.734 E546.01702
G1 X74.272 Y100.664
G0 F7200 X74.275 Y100.665
G0 X77.006 Y101.692
G0 X77.07 Y101.616
;TYPE:WALL-INNER
G1 F3000 X77.608 Y101.947 E546.02752
G1 X78.013 Y102.1 E546.03472
G1 X78.577 Y102.146 E546.04413
G1 X78.968 Y102.103 E546.05068
G1 X79.425 Y101.945 E546.05872
G1 X79.87 Y101.662 E546.06749
G1 X80.23 Y101.272 E546.07631
G1 X80.473 Y100.838 E546.08459
G1 X80.607 Y100.46 E546.09126
G1 X80.646 Y99.92 E546.10026
G1 X80.603 Y99.532 E546.10675
G1 X80.445 Y99.075 E546.11479
G1 X80.162 Y98.63 E546.12356
G1 X79.772 Y98.27 E546.13239
G1 X79.338 Y98.027 E546.14066
G1 X78.96 Y97.893 E546.14733
G1 X78.417 Y97.854 E546.15638
G1 X77.993 Y97.905 E546.16349
G1 X77.443 Y98.132 E546.17338
G1 X77.054 Y98.4 E546.18124
G1 X76.704 Y98.821 E546.19034
G1 X76.485 Y99.231 E546.19807
G1 X76.357 Y99.779 E546.20743
G1 X76.378 Y100.322 E546.21647
G1 X76.488 Y100.777 E546.22425
G1 X76.755 Y101.256 E546.23337
G1 X77.07 Y101.616 E546.24133
G0 F7200 X77.006 Y101.692
G0 X78.005 Y102.139
G0 X78.976 Y102.142
G0 X79.895 Y101.692
G0 X84.17 Y95.677
G0 X84.1 Y95.607
G1 F3000 X84.1 Y95.407 E546.24465
G1 X84.1 Y89.6 E546.34122
G1 X115.9 Y89.6 E546.87006
G1 X115.9 Y95.606 E546.96994
G1 X121.47 Y95.606 E547.06257
G1 X122.357 Y95.694 E547.07739
G1 X123.179 Y95.943 E547.09168
G1 X123.94 Y96.35 E547.10603
G1 X124.517 Y96.815 E547.11835
G1 X125.103 Y97.497 E547.1333
G1 X125.534 Y98.27 E547.14802
G1 X125.8 Y99.115 E547.16275
G1 X125.89 Y99.999 E547.17753
G1 X125.806 Y100.856 E547.19185
G1 X125.557 Y101.679 E547.20615
G1 X125.15 Y102.44 E547.2205
G1 X124.685 Y103.017 E547.23283
G1 X124.003 Y103.603 E547.24778
G1 X123.23 Y104.034 E547.2625
G1 X122.386 Y104.3 E547.27721
G1 X121.47 Y104.393 E547.29253
G1 X115.9 Y104.394 E547.38516
G1 X115.9 Y110.4 E547.48504
G1 X84.1 Y110.4 E548.01387
G1 X84.1 Y104.394 E548.11375
G1 X78.529 Y104.393 E548.2064
G1 X77.612 Y104.301 E548.22172
G1 X76.967 Y104.105 E548.23294
G1 X76.771 Y104.036 E548.23639
G1 X76.155 Y103.707 E548.248
G1 X76.007 Y103.614 E548.25091
G1 X75.484 Y103.185 E548.26216
G1 X74.897 Y102.505 E548.2771
G1 X74.442 Y101.681 E548.29275
G1 X74.193 Y100.857 E548.30707
G1 X74.109 Y99.999 E548.32141
G1 X74.199 Y99.112 E548.33623
G1 X74.393 Y98.471 E548.34737
G1 X74.465 Y98.27 E548.35092
G1 X74.793 Y97.655 E548.36251
G1 X74.886 Y97.507 E548.36542
G1 X75.315 Y96.984 E548.37667
G1 X75.995 Y96.397 E548.39161
G1 X76.819 Y95.942 E548.40726
G1 X77.643 Y95.693 E548.42157
G1 X78.313 Y95.628 E548.43277
G1 X79.631 Y95.606 E548.45469
G1 X83.9 Y95.607 E548.52568
G1 X84.1 Y95.607 E548.52784
G0 F7200 X84.17 Y95.677
G0 X119.296 Y99.52
G0 X119.393 Y99.54
G1 F3000 X119.354 Y100.08 E548.53684
G1 X119.397 Y100.468 E548.54333
G1 X119.555 Y100.925 E548.55137
G1 X119.838 Y101.37 E548.56014
G1 X120.228 Y101.73 E548.56897
G1 X120.662 Y101.973 E548.57724
G1 X121.04 Y102.107 E548.58391
G1 X121.58 Y102.146 E548.59292
G1 X121.968 Y102.103 E548.59941
G1 X122.425 Y101.945 E548.60745
G1 X122.87 Y101.662 E548.61622
G1 X123.23 Y101.272 E548.62505
G1 X123.473 Y100.838 E548.63332
G1 X123.607 Y100.46 E548.63999
G1 X123.646 Y99.92 E548.64899
G1 X123.603 Y99.532 E548.65548
G1 X123.445 Y99.075 E548.66352
G1 X123.162 Y98.63 E548.67229
G1 X122.772 Y98.27 E548.68112
G1 X122.338 Y98.027 E548.68939
G1 X121.96 Y97.893 E548.69606
G1 X121.42 Y97.854 E548.70507
G1 X121.032 Y97.897 E548.71156
G1 X120.575 Y98.055 E548.7196
G1 X120.13 Y98.338 E548.72837
G1 X119.77 Y98.728 E548.7372
G1 X119.527 Y99.162 E548.74547
G1 X119.393 Y99.54 E548.75214
G0 F7200 X119.788 Y99.623
;TYPE:WALL-OUTER
G1 F1500 X119.756 Y100.072 E548.75962
G1 X119.79 Y100.38 E548.76478
G1 X119.918 Y100.75 E548.77129
G1 X120.148 Y101.112 E548.77842
G1 X120.464 Y101.404 E548.78557
G1 X120.828 Y101.607 E548.79251
G1 X121.123 Y101.712 E548.79771
G1 X121.572 Y101.744 E548.8052
G1 X121.88 Y101.71 E548.81035
G1 X122.25 Y101.582 E548.81686
G1 X122.612 Y101.352 E548.824
G1 X122.904 Y101.036 E548.83115
G1 X123.107 Y100.672 E548.83808
G1 X123.212 Y100.377 E548.84329
G1 X123.244 Y99.928 E548.85077
G1 X123.21 Y99.62 E548.85593
G1 X123.082 Y99.25 E548.86244
G1 X122.852 Y98.888 E548.86957
G1 X122.536 Y98.596 E548.87673
G1 X122.172 Y98.393 E548.88366
G1 X121.877 Y98.288 E548.88886
G1 X121.428 Y98.256 E548.89635
G1 X121.12 Y98.29 E548.9015
G1 X120.75 Y98.418 E548.90801
G1 X120.388 Y98.648 E548.91515
G1 X120.096 Y98.964 E548.9223
G1 X119.893 Y99.328 E548.92923
G1 X119.788 Y99.623 E548.93444
G0 F7200 X119.774 Y99.822
G0 X119.276 Y99.786
G0 X83.699 Y95.706
G0 X83.7 Y95.207
G1 F1500 X83.7 Y95.007 E548.93777
G1 X83.7 Y89.2 E549.03434
G1 X116.3 Y89.2 E549.57648
G1 X116.3 Y95.206 E549.67636
G1 X121.49 Y95.206 E549.76267
G1 X122.436 Y95.3 E549.77848
G1 X123.334 Y95.572 E549.79408
G1 X124.159 Y96.013 E549.80964
G1 X124.797 Y96.528 E549.82327
G1 X125.432 Y97.266 E549.83946
G1 X125.902 Y98.11 E549.85553
G1 X126.194 Y99.036 E549.87168
G1 X126.292 Y100 E549.88779
G1 X126.2 Y100.936 E549.90343
G1 X125.928 Y101.834 E549.91904
G1 X125.487 Y102.659 E549.93459
G1 X124.972 Y103.297 E549.94823
G1 X124.234 Y103.932 E549.96442
G1 X123.39 Y104.402 E549.98048
G1 X122.464 Y104.694 E549.99663
G1 X121.49 Y104.793 E550.01291
G1 X116.3 Y104.794 E550.09922
G1 X116.3 Y110.8 E550.1991
G1 X83.7 Y110.8 E550.74124
G1 X83.7 Y104.794 E550.84112
G1 X78.509 Y104.793 E550.92745
G1 X77.532 Y104.695 E550.94378
G1 X76.836 Y104.484 E550.95587
G1 X76.612 Y104.404 E550.95983
G1 X75.956 Y104.054 E550.97219
G1 X75.772 Y103.939 E550.9758
G1 X75.204 Y103.473 E550.98802
G1 X74.568 Y102.735 E551.00422
G1 X74.071 Y101.835 E551.02132
G1 X73.799 Y100.937 E551.03692
G1 X73.707 Y99.999 E551.0526
G1 X73.805 Y99.032 E551.06876
G1 X74.016 Y98.336 E551.08086
G1 X74.096 Y98.112 E551.08481
G1 X74.446 Y97.456 E551.09718
G1 X74.561 Y97.272 E551.10078
G1 X75.027 Y96.704 E551.113
G1 X75.765 Y96.068 E551.1292
G1 X76.665 Y95.571 E551.1463
G1 X77.563 Y95.299 E551.16191
G1 X78.292 Y95.228 E551.17409
G1 X79.624 Y95.206 E551.19624
G1 X83.5 Y95.207 E551.2607
G1 X83.7 Y95.207 E551.26285
G0 F7200 X83.7 Y95.007
G0 X84.2 Y95.007
G0 X80.262 Y101.295
G0 X79.442 Y101.981
G0 X78.577 Y102.185
G0 X77.069 Y101.732
G0 X77.331 Y101.307
G1 F1500 X77.785 Y101.586 E551.27171
G1 X78.102 Y101.706 E551.27735
G1 X78.571 Y101.744 E551.28518
G1 X78.88 Y101.71 E551.29035
G1 X79.25 Y101.582 E551.29686
G1 X79.612 Y101.352 E551.30399
G1 X79.904 Y101.036 E551.31114
G1 X80.107 Y100.672 E551.31807
G1 X80.212 Y100.377 E551.32328
G1 X80.244 Y99.928 E551.33077
G1 X80.21 Y99.62 E551.33592
G1 X80.082 Y99.25 E551.34243
G1 X79.852 Y98.888 E551.34956
G1 X79.536 Y98.596 E551.35672
G1 X79.172 Y98.393 E551.36365
G1 X78.877 Y98.288 E551.36886
G1 X78.427 Y98.256 E551.37636
G1 X78.095 Y98.296 E551.38192
G1 X77.635 Y98.486 E551.3902
G1 X77.326 Y98.698 E551.39643
G1 X77.038 Y99.045 E551.40393
G1 X76.863 Y99.373 E551.41011
G1 X76.759 Y99.818 E551.41771
G1 X76.776 Y100.267 E551.42518
G1 X76.864 Y100.63 E551.4314
G1 X77.084 Y101.024 E551.4389
G1 X77.331 Y101.307 E551.44515
G0 F7200 X77.501 Y101.411
G0 X77.081 Y102.092
;MESH:NONMESH
G0 F600 X77.081 Y102.092 Z2.2
G0 F7200 X76.451 Y100.791
G0 X76.318 Y99.776
G0 X77.753 Y95.853
;TIME_ELAPSED:1029.362602
;LAYER:19
;TYPE:FILL
;MESH:drax_photo_base.stl
G1 F3000 X74.362 Y99.245 E551.52491
G1 X74.292 Y99.315
G0 F7200 X74.294 Y99.315
G0 X74.433 Y101.058
G1 F3000 X76.209 Y99.283 E551.56667
G1 X76.279 Y99.213
G0 F7200 X76.338 Y101.039
G1 F3000 X75.021 Y102.355 E551.59763
G1 X74.951 Y102.425
G0 F7200 X74.981 Y102.408
G0 X75.926 Y103.336
G1 F3000 X77.234 Y102.028 E551.62839
G1 X77.304 Y101.958
G0 F7200 X77.283 Y101.99
G0 X78.758 Y102.389
G1 F3000 X77.163 Y103.984 E551.6659
G1 X77.093 Y104.054
G0 F7200 X77.101 Y104.03
G0 X78.811 Y104.221
G1 F3000 X93.273 Y89.759 E552.00603
G1 X93.343 Y89.689
G0 F7200 X93.343 Y89.7
G0 X91.388 Y89.759
G1 F3000 X80.89 Y100.257 E552.25292
G1 X80.82 Y100.327
G0 F7200 X80.822 Y100.328
G0 X80.529 Y98.733
G1 F3000 X83.485 Y95.776 E552.32246
G1 X83.555 Y95.706
G0 F7200 X84.26 Y95.002
G1 F3000 X89.503 Y89.759 E552.44576
G1 X89.573 Y89.689
G0 F7200 X89.573 Y89.7
G0 X87.618 Y89.759
G1 F3000 X84.26 Y93.117 E552.52474
G1 X84.19 Y93.187
G0 F7200 X84.2 Y93.187
G0 X84.26 Y91.232
G1 F3000 X85.733 Y89.759 E552.55938
G1 X85.803 Y89.689
G0 F7200 X85.803 Y89.7
G0 X84.128 Y95.646
G0 X81.6 Y95.776
G1 F3000 X79.548 Y97.829 E552.60765
G1 X79.478 Y97.899
G0 F7200 X79.498 Y97.869
G0 X77.762 Y97.729
G1 F3000 X79.716 Y95.776 E552.6536
G1 X79.786 Y95.706
G0 F7200 X79.786 Y95.717
G0 X80.769 Y99.709
G0 X80.696 Y104.221
G1 F3000 X95.158 Y89.759 E552.99372
G1 X95.228 Y89.689
G0 F7200 X95.228 Y89.7
G0 X97.044 Y89.759
G1 F3000 X82.581 Y104.221 E553.33386
G1 X82.511 Y104.291
G0 F7200 X82.511 Y104.283
G0 X84.128 Y104.355
G0 X84.26 Y104.428
G1 F3000 X98.929 Y89.759 E553.67885
G1 X98.999 Y89.689
G0 F7200 X98.999 Y89.7
G0 X100.814 Y89.759
G1 F3000 X84.26 Y106.313 E554.06817
G1 X84.19 Y106.383
G0 F7200 X84.2 Y106.383
G0 X84.26 Y108.198
G1 F3000 X102.699 Y89.759 E554.50183
G1 X102.769 Y89.689
G0 F7200 X102.769 Y89.7
G0 X104.584 Y89.759
G1 F3000 X84.26 Y110.083 E554.97982
G1 X84.19 Y110.153
G0 F7200 X84.2 Y110.153
G0 X85.989 Y110.239
G1 F3000 X106.469 Y89.759 E555.46148
G1 X106.539 Y89.689
G0 F7200 X106.539 Y89.7
G0 X108.354 Y89.759
G1 F3000 X87.874 Y110.239 E555.94314
G1 X87.804 Y110.309
G0 F7200 X87.804 Y110.3
G0 X89.76 Y110.239
G1 F3000 X110.24 Y89.759 E556.42479
G1 X110.31 Y89.689
G0 F7200 X110.31 Y89.7
G0 X112.125 Y89.759
G1 F3000 X91.645 Y110.239 E556.90645
G1 X91.575 Y110.309
G0 F7200 X91.575 Y110.3
G0 X93.53 Y110.239
G1 F3000 X114.01 Y89.759 E557.38811
G1 X114.08 Y89.689
G0 F7200 X114.08 Y89.7
G0 X115.739 Y89.915
G1 F3000 X95.415 Y110.239 E557.8661
G1 X95.345 Y110.309
G0 F7200 X95.345 Y110.3
G0 X97.3 Y110.239
G1 F3000 X115.739 Y91.8 E558.29976
G1 X115.809 Y91.73
G0 F7200 X115.8 Y91.73
G0 X115.739 Y93.685
G1 F3000 X99.185 Y110.239 E558.68908
G1 X99.115 Y110.309
G0 F7200 X99.115 Y110.3
G0 X101.071 Y110.239
G1 F3000 X115.739 Y95.571 E559.03405
G1 X115.809 Y95.501
G0 F7200 X115.8 Y95.501
G0 X117.418 Y95.776
G1 F3000 X102.956 Y110.239 E559.37419
G1 X102.886 Y110.309
G0 F7200 X102.886 Y110.3
G0 X104.841 Y110.239
G1 F3000 X119.303 Y95.776 E559.71432
G1 X119.373 Y95.706
G0 F7200 X119.373 Y95.717
G0 X121.188 Y95.776
G1 F3000 X106.726 Y110.239 E560.05446
G1 X106.656 Y110.309
G0 F7200 X106.656 Y110.3
G0 X108.611 Y110.239
G1 F3000 X119.108 Y99.742 E560.30133
G1 X119.178 Y99.672
G0 F7200 X119.178 Y99.671
G0 X119.469 Y101.266
G1 F3000 X116.512 Y104.223 E560.37088
G1 X116.442 Y104.293
G0 F7200 X115.739 Y104.996
G1 F3000 X110.496 Y110.239 E560.49418
G1 X110.426 Y110.309
G0 F7200 X110.426 Y110.3
G0 X112.381 Y110.239
G1 F3000 X115.739 Y106.882 E560.57315
G1 X115.809 Y106.812
G0 F7200 X115.8 Y106.812
G0 X115.739 Y108.767
G1 F3000 X114.267 Y110.239 E560.60777
G1 X114.197 Y110.309
G0 F7200 X114.197 Y110.3
G0 X115.872 Y104.355
G0 X118.397 Y104.223
G1 F3000 X120.451 Y102.169 E560.65607
G1 X120.521 Y102.099
G0 F7200 X120.501 Y102.13
G0 X122.231 Y102.274
G1 F3000 X120.283 Y104.223 E560.7019
G1 X120.213 Y104.293
G0 F7200 X120.214 Y104.282
G0 X122.254 Y104.137
G1 F3000 X125.642 Y100.748 E560.78159
G1 X125.712 Y100.678
G0 F7200 X125.571 Y98.934
G1 F3000 X123.774 Y100.732 E560.82386
G1 X123.704 Y100.802
G0 F7200 X123.756 Y99.918
G0 X123.67 Y98.951
G1 F3000 X124.978 Y97.642 E560.85464
G1 X125.048 Y97.572
G0 F7200 X125.018 Y97.59
G0 X124.074 Y96.661
G1 F3000 X122.767 Y97.968 E560.88538
G1 X122.697 Y98.038
G0 F7200 X122.717 Y98.008
G0 X121.24 Y97.61
G1 F3000 X122.832 Y96.018 E560.92282
G1 X122.902 Y95.948
G0 F7200 X122.895 Y95.973
G0 X119.95 Y98.228
G0 X120.016 Y98.302
;TYPE:WALL-INNER
G1 F3000 X119.637 Y98.764 E560.93276
G1 X119.444 Y99.07 E560.93877
G1 X119.269 Y99.715 E560.94989
G1 X119.27 Y100.286 E560.95938
G1 X119.445 Y100.932 E560.97051
G1 X119.802 Y101.484 E560.98145
G1 X120.264 Y101.863 E560.99138
G1 X120.57 Y102.056 E560.9974
G1 X121.215 Y102.231 E561.00851
G1 X121.786 Y102.23 E561.01801
G1 X122.432 Y102.055 E561.02914
G1 X122.984 Y101.698 E561.04007
G1 X123.363 Y101.236 E561.05001
G1 X123.556 Y100.93 E561.05603
G1 X123.731 Y100.285 E561.06714
G1 X123.73 Y99.714 E561.07664
G1 X123.555 Y99.068 E561.08777
G1 X123.198 Y98.516 E561.0987
G1 X122.736 Y98.137 E561.10864
G1 X122.43 Y97.944 E561.11465
G1 X121.785 Y97.769 E561.12577
G1 X121.214 Y97.77 E561.13526
G1 X120.568 Y97.945 E561.14639
G1 X120.016 Y98.302 E561.15732
G0 F7200 X119.95 Y98.228
G0 X84.17 Y95.688
G0 X84.1 Y95.618
G1 F3000 X84.1 Y95.418 E561.16065
G1 X84.1 Y89.6 E561.2574
G1 X115.9 Y89.6 E561.78624
G1 X115.9 Y95.617 E561.8863
G1 X121.471 Y95.617 E561.97895
G1 X122.35 Y95.705 E561.99364
G1 X123.176 Y95.955 E562.00799
G1 X123.678 Y96.221 E562.01744
G1 X124.143 Y96.51 E562.02655
G1 X124.598 Y96.902 E562.03653
G1 X124.99 Y97.358 E562.04653
G1 X125.355 Y97.938 E562.05793
G1 X125.474 Y98.161 E562.06213
G1 X125.707 Y98.827 E562.07387
G1 X125.777 Y99.054 E562.07782
G1 X125.855 Y99.737 E562.08925
G1 X125.879 Y99.998 E562.09361
G1 X125.795 Y100.849 E562.10783
G1 X125.546 Y101.674 E562.12216
G1 X125.279 Y102.178 E562.13165
G1 X124.99 Y102.643 E562.14075
G1 X124.598 Y103.098 E562.15074
G1 X124.142 Y103.49 E562.16074
G1 X123.568 Y103.851 E562.17201
G1 X123.181 Y104.045 E562.17921
G1 X122.44 Y104.278 E562.19213
G1 X121.475 Y104.382 E562.20827
G1 X115.9 Y104.383 E562.30098
G1 X115.9 Y110.4 E562.40105
G1 X84.1 Y110.4 E562.92988
G1 X84.1 Y104.383 E563.02995
G1 X78.536 Y104.382 E563.12248
G1 X77.559 Y104.277 E563.13882
G1 X76.815 Y104.044 E563.15178
G1 X76.436 Y103.854 E563.15883
G1 X75.859 Y103.491 E563.17017
G1 X75.402 Y103.098 E563.18019
G1 X75.011 Y102.644 E563.19016
G1 X74.716 Y102.169 E563.19946
G1 X74.453 Y101.679 E563.20871
G1 X74.204 Y100.855 E563.22302
G1 X74.12 Y100.004 E563.23724
G1 X74.221 Y99.066 E563.25293
G1 X74.525 Y98.164 E563.26876
G1 X74.857 Y97.565 E563.28015
G1 X75.181 Y97.149 E563.28892
G1 X75.648 Y96.682 E563.2999
G1 X76.063 Y96.359 E563.30865
G1 X76.824 Y95.952 E563.323
G1 X77.645 Y95.704 E563.33726
G1 X78.529 Y95.617 E563.35203
G1 X83.9 Y95.618 E563.44135
G1 X84.1 Y95.618 E563.44351
G0 F7200 X84.17 Y95.688
G0 X77.511 Y97.929
G0 X76.962 Y98.346
G1 F3000 X76.575 Y98.848 E563.45405
G1 X76.395 Y99.188 E563.46045
G1 X76.252 Y99.835 E563.47146
G1 X76.309 Y100.455 E563.48182
G1 X76.402 Y100.832 E563.48828
G1 X76.724 Y101.375 E563.49877
G1 X76.979 Y101.665 E563.5052
G1 X77.526 Y102.034 E563.51617
G1 X78.21 Y102.231 E563.52801
G1 X78.786 Y102.23 E563.53759
G1 X79.432 Y102.055 E563.54872
G1 X79.984 Y101.698 E563.55965
G1 X80.363 Y101.236 E563.56959
G1 X80.556 Y100.93 E563.5756
G1 X80.731 Y100.285 E563.58672
G1 X80.73 Y99.714 E563.59621
G1 X80.555 Y99.068 E563.60734
G1 X80.198 Y98.516 E563.61828
G1 X79.736 Y98.137 E563.62821
G1 X79.43 Y97.944 E563.63423
G1 X78.785 Y97.769 E563.64534
G1 X78.211 Y97.77 E563.65489
G1 X77.527 Y97.965 E563.66672
G1 X76.962 Y98.346 E563.67805
G0 F7200 X77.239 Y98.641
;TYPE:WALL-OUTER
G1 F1500 X76.913 Y99.065 E563.68694
G1 X76.774 Y99.327 E563.69188
G1 X76.656 Y99.86 E563.70095
G1 X76.705 Y100.389 E563.70979
G1 X76.776 Y100.679 E563.71476
G1 X77.049 Y101.139 E563.72365
G1 X77.245 Y101.362 E563.72859
G1 X77.697 Y101.667 E563.73766
G1 X78.266 Y101.831 E563.7475
G1 X78.732 Y101.83 E563.75525
G1 X79.267 Y101.685 E563.76447
G1 X79.714 Y101.396 E563.77332
G1 X80.038 Y101.001 E563.78182
G1 X80.186 Y100.767 E563.78642
G1 X80.331 Y100.232 E563.79564
G1 X80.33 Y99.768 E563.80336
G1 X80.185 Y99.233 E563.81258
G1 X79.896 Y98.786 E563.82143
G1 X79.501 Y98.462 E563.82992
G1 X79.267 Y98.314 E563.83453
G1 X78.732 Y98.169 E563.84375
G1 X78.267 Y98.17 E563.85148
G1 X77.698 Y98.332 E563.86132
G1 X77.239 Y98.641 E563.87052
G0 F7200 X77.117 Y98.799
G0 X76.722 Y98.494
G0 X77.432 Y97.986
G0 X83.699 Y95.717
G0 X83.7 Y95.218
G1 F1500 X83.7 Y95.018 E563.87385
G1 X83.7 Y89.2 E563.9706
G1 X116.3 Y89.2 E564.51274
G1 X116.3 Y95.217 E564.6128
G1 X121.49 Y95.217 E564.69911
G1 X122.132 Y95.28 E564.70984
G1 X122.429 Y95.311 E564.71481
G1 X123.326 Y95.582 E564.73039
G1 X123.886 Y95.879 E564.74093
G1 X124.379 Y96.186 E564.75059
G1 X124.882 Y96.618 E564.76162
G1 X125.315 Y97.122 E564.77267
G1 X125.699 Y97.732 E564.78465
G1 X125.843 Y98.003 E564.78976
G1 X126.085 Y98.695 E564.80195
G1 X126.17 Y98.972 E564.80677
G1 X126.253 Y99.7 E564.81895
G1 X126.281 Y100 E564.82396
G1 X126.189 Y100.929 E564.83949
G1 X125.918 Y101.826 E564.85507
G1 X125.624 Y102.38 E564.8655
G1 X125.314 Y102.879 E564.87527
G1 X124.882 Y103.382 E564.8863
G1 X124.378 Y103.815 E564.89735
G1 X123.766 Y104.2 E564.90937
G1 X123.331 Y104.418 E564.91746
G1 X122.528 Y104.67 E564.93146
G1 X121.796 Y104.753 E564.94371
G1 X121.492 Y104.782 E564.94879
G1 X116.3 Y104.783 E565.03513
G1 X116.3 Y110.8 E565.13519
G1 X83.7 Y110.8 E565.67733
G1 X83.7 Y104.783 E565.7774
G1 X78.512 Y104.782 E565.86367
G1 X77.477 Y104.671 E565.88099
G1 X76.666 Y104.417 E565.89512
G1 X76.238 Y104.203 E565.90308
G1 X75.623 Y103.816 E565.91516
G1 X75.118 Y103.382 E565.92623
G1 X74.687 Y102.88 E565.93724
G1 X74.376 Y102.38 E565.94703
G1 X74.081 Y101.83 E565.95741
G1 X73.81 Y100.935 E565.97296
G1 X73.718 Y100 E565.98858
G1 X73.828 Y98.981 E566.00563
G1 X74.158 Y98.001 E566.02282
G1 X74.523 Y97.342 E566.03535
G1 X74.879 Y96.885 E566.04499
G1 X75.384 Y96.38 E566.05686
G1 X75.844 Y96.022 E566.06656
G1 X76.669 Y95.581 E566.08211
G1 X77.565 Y95.31 E566.09768
G1 X78.51 Y95.217 E566.11347
G1 X83.5 Y95.218 E566.19646
G1 X83.7 Y95.218 E566.19861
G0 F7200 X83.7 Y95.018
G0 X84.2 Y95.018
G0 X119.9 Y98.287
G0 X120.286 Y98.604
G1 F1500 X119.962 Y98.999 E566.20711
G1 X119.814 Y99.233 E566.21171
G1 X119.669 Y99.768 E566.22093
G1 X119.67 Y100.232 E566.22864
G1 X119.815 Y100.767 E566.23786
G1 X120.104 Y101.214 E566.24671
G1 X120.499 Y101.538 E566.25521
G1 X120.733 Y101.686 E566.25982
G1 X121.268 Y101.831 E566.26903
G1 X121.732 Y101.83 E566.27675
G1 X122.267 Y101.685 E566.28597
G1 X122.714 Y101.396 E566.29482
G1 X123.038 Y101.001 E566.30332
G1 X123.186 Y100.767 E566.30792
G1 X123.331 Y100.232 E566.31714
G1 X123.33 Y99.768 E566.32485
G1 X123.185 Y99.233 E566.33407
G1 X122.896 Y98.786 E566.34292
G1 X122.501 Y98.462 E566.35142
G1 X122.267 Y98.314 E566.35603
G1 X121.732 Y98.169 E566.36524
G1 X121.268 Y98.17 E566.37296
G1 X120.733 Y98.315 E566.38218
G1 X120.286 Y98.604 E566.39103
G0 F7200 X120.159 Y98.758
G0 X119.541 Y98.251
;MESH:NONMESH
G0 F600 X119.541 Y98.251 Z2.3
G0 F7200 X78.206 Y97.731
G0 X76.872 Y98.293
;TIME_ELAPSED:1054.291266
;LAYER:20
;TYPE:WALL-INNER
;MESH:drax_photo_base.stl
G1 F3000 X76.428 Y98.903 E566.40358
G1 X76.246 Y99.376 E566.412
G1 X76.146 Y100.113 E566.42437
G1 X76.309 Y100.877 E566.43736
G1 X76.712 Y101.523 E566.45003
G1 X77.076 Y101.848 E566.45814
G1 X77.505 Y102.133 E566.46671
G1 X78.034 Y102.307 E566.47597
G1 X78.5 Y102.353 E566.48376
G1 X78.962 Y102.307 E566.49148
G1 X79.468 Y102.147 E566.5003
G1 X80.091 Y101.739 E566.51269
G1 X80.505 Y101.192 E566.52409
G1 X80.649 Y100.963 E566.52859
G1 X80.807 Y100.462 E566.53733
G1 X80.853 Y100 E566.54505
G1 X80.807 Y99.538 E566.55277
G1 X80.647 Y99.032 E566.5616
G1 X80.239 Y98.409 E566.57398
G1 X79.692 Y97.995 E566.58539
G1 X79.463 Y97.851 E566.58989
G1 X78.962 Y97.693 E566.59863
G1 X78.5 Y97.647 E566.60635
G1 X78.034 Y97.693 E566.61413
G1 X77.502 Y97.868 E566.62345
G1 X76.872 Y98.293 E566.63609
G0 F7200 X76.803 Y98.222
G0 X84.17 Y95.704
G0 X84.1 Y95.634
G1 F3000 X84.1 Y89.6 E566.73643
G1 X115.9 Y89.6 E567.26527
G1 X115.9 Y95.634 E567.36561
G1 X121.471 Y95.634 E567.45826
G1 X122.231 Y95.708 E567.47096
G1 X123.068 Y95.94 E567.4854
G1 X123.845 Y96.331 E567.49987
G1 X124.226 Y96.591 E567.50754
G1 X124.587 Y96.913 E567.51558
G1 X124.91 Y97.275 E567.52365
G1 X125.124 Y97.567 E567.52967
G1 X125.383 Y98.022 E567.53838
G1 X125.754 Y99.036 E567.55633
G1 X125.863 Y100.003 E567.57252
G1 X125.792 Y100.731 E567.58468
G1 X125.56 Y101.568 E567.59913
G1 X125.169 Y102.345 E567.61359
G1 X124.909 Y102.726 E567.62126
G1 X124.587 Y103.087 E567.62931
G1 X124.225 Y103.41 E567.63737
G1 X123.933 Y103.624 E567.64339
G1 X123.451 Y103.898 E567.65262
G1 X123.179 Y104.028 E567.65763
G1 X122.574 Y104.22 E567.66818
G1 X121.46 Y104.365 E567.68687
G1 X115.9 Y104.366 E567.77933
G1 X115.9 Y110.4 E567.87968
G1 X84.1 Y110.4 E568.40851
G1 X84.1 Y104.366 E568.50886
G1 X78.539 Y104.365 E568.60134
G1 X77.65 Y104.267 E568.61621
G1 X76.826 Y104.026 E568.63049
G1 X76.067 Y103.623 E568.64478
G1 X75.736 Y103.374 E568.65167
G1 X75.372 Y103.04 E568.65988
G1 X75.061 Y102.685 E568.66773
G1 X74.83 Y102.344 E568.67458
G1 X74.47 Y101.666 E568.68735
G1 X74.222 Y100.851 E568.70151
G1 X74.138 Y100 E568.71574
G1 X74.249 Y99.032 E568.73194
G1 X74.576 Y98.094 E568.74846
G1 X74.875 Y97.572 E568.75846
G1 X75.128 Y97.234 E568.76548
G1 X75.46 Y96.872 E568.77365
G1 X75.815 Y96.561 E568.7815
G1 X76.156 Y96.33 E568.78835
G1 X76.834 Y95.97 E568.80112
G1 X77.649 Y95.722 E568.81528
G1 X78.529 Y95.635 E568.82999
G1 X79.141 Y95.634 E568.84017
G1 X84.1 Y95.634 E568.92264
G0 F7200 X84.17 Y95.704
G0 X119.841 Y98.188
G0 X119.909 Y98.261
G1 F3000 X119.495 Y98.808 E568.93404
G1 X119.351 Y99.037 E568.93854
G1 X119.193 Y99.538 E568.94728
G1 X119.147 Y100 E568.955
G1 X119.193 Y100.462 E568.96272
G1 X119.353 Y100.968 E568.97155
G1 X119.761 Y101.591 E568.98393
G1 X120.308 Y102.005 E568.99534
G1 X120.537 Y102.149 E568.99984
G1 X121.038 Y102.307 E569.00857
G1 X121.5 Y102.353 E569.0163
G1 X121.962 Y102.307 E569.02402
G1 X122.468 Y102.147 E569.03284
G1 X123.091 Y101.739 E569.04523
G1 X123.505 Y101.192 E569.05663
G1 X123.649 Y100.963 E569.06113
G1 X123.807 Y100.462 E569.06987
G1 X123.853 Y100 E569.07759
G1 X123.807 Y99.538 E569.08531
G1 X123.647 Y99.032 E569.09414
G1 X123.239 Y98.409 E569.10652
G1 X122.692 Y97.995 E569.11793
G1 X122.463 Y97.851 E569.12243
G1 X121.962 Y97.693 E569.13116
G1 X121.5 Y97.647 E569.13889
G1 X121.038 Y97.693 E569.14661
G1 X120.532 Y97.853 E569.15543
G1 X119.909 Y98.261 E569.16782
G0 F7200 X120.186 Y98.558
;TYPE:WALL-OUTER
G1 F1500 X119.824 Y99.036 E569.17779
G1 X119.717 Y99.206 E569.18113
G1 X119.587 Y99.619 E569.18833
G1 X119.549 Y100 E569.1947
G1 X119.587 Y100.381 E569.20106
G1 X119.718 Y100.795 E569.20829
G1 X120.058 Y101.314 E569.2186
G1 X120.536 Y101.676 E569.22858
G1 X120.706 Y101.783 E569.23192
G1 X121.119 Y101.913 E569.23912
G1 X121.5 Y101.951 E569.24548
G1 X121.881 Y101.913 E569.25185
G1 X122.295 Y101.782 E569.25907
G1 X122.814 Y101.442 E569.26939
G1 X123.176 Y100.964 E569.27936
G1 X123.283 Y100.794 E569.2827
G1 X123.413 Y100.381 E569.2899
G1 X123.451 Y100 E569.29627
G1 X123.413 Y99.619 E569.30264
G1 X123.282 Y99.205 E569.30986
G1 X122.942 Y98.686 E569.32018
G1 X122.464 Y98.324 E569.33015
G1 X122.294 Y98.217 E569.33349
G1 X121.881 Y98.087 E569.34069
G1 X121.5 Y98.049 E569.34706
G1 X121.119 Y98.087 E569.35343
G1 X120.705 Y98.218 E569.36065
G1 X120.186 Y98.558 E569.37096
G0 F7200 X120.066 Y98.717
G0 X119.668 Y98.415
G0 X83.7 Y95.734
G0 X83.7 Y95.235
G1 F1500 X83.7 Y95.035 E569.37429
G1 X83.7 Y89.2 E569.47133
G1 X116.3 Y89.2 E570.01347
G1 X116.3 Y95.234 E570.11381
G1 X121.49 Y95.234 E570.20012
G1 X122.308 Y95.314 E570.21379
G1 X123.209 Y95.563 E570.22934
G1 X124.05 Y95.986 E570.24499
G1 X124.474 Y96.276 E570.25353
G1 X124.87 Y96.63 E570.26237
G1 X125.221 Y97.022 E570.27112
G1 X125.462 Y97.352 E570.27791
G1 X125.747 Y97.852 E570.28748
G1 X126.145 Y98.941 E570.30677
G1 X126.265 Y100.004 E570.32456
G1 X126.186 Y100.808 E570.33799
G1 X125.937 Y101.709 E570.35354
G1 X125.514 Y102.55 E570.36919
G1 X125.224 Y102.974 E570.37774
G1 X124.87 Y103.37 E570.38657
G1 X124.478 Y103.721 E570.39532
G1 X124.148 Y103.962 E570.40211
G1 X123.642 Y104.25 E570.4118
G1 X123.327 Y104.4 E570.4176
G1 X122.658 Y104.613 E570.42927
G1 X121.489 Y104.765 E570.44888
G1 X116.3 Y104.766 E570.53517
G1 X116.3 Y110.8 E570.63552
G1 X83.7 Y110.8 E571.17766
G1 X83.7 Y104.766 E571.278
G1 X78.513 Y104.765 E571.36426
G1 X77.574 Y104.661 E571.37998
G1 X76.675 Y104.399 E571.39555
G1 X75.852 Y103.961 E571.41105
G1 X75.481 Y103.683 E571.41876
G1 X75.082 Y103.316 E571.42778
G1 X74.747 Y102.934 E571.43623
G1 X74.486 Y102.548 E571.44398
G1 X74.098 Y101.818 E571.45772
G1 X73.828 Y100.931 E571.47314
G1 X73.736 Y100.003 E571.48865
G1 X73.857 Y98.94 E571.50644
G1 X74.21 Y97.929 E571.52425
G1 X74.541 Y97.351 E571.53533
G1 X74.817 Y96.981 E571.543
G1 X75.184 Y96.582 E571.55202
G1 X75.566 Y96.247 E571.56047
G1 X75.952 Y95.986 E571.56822
G1 X76.682 Y95.598 E571.58197
G1 X77.569 Y95.328 E571.59739
G1 X78.51 Y95.235 E571.61311
G1 X79.14 Y95.234 E571.62359
G1 X83.5 Y95.235 E571.69609
G1 X83.7 Y95.235 E571.69825
G0 F7200 X83.7 Y95.035
G0 X84.2 Y95.035
G0 X77.485 Y97.833
G0 X77.154 Y98.585
G1 F1500 X76.782 Y99.096 E571.70876
G1 X76.636 Y99.476 E571.71553
G1 X76.552 Y100.098 E571.72597
G1 X76.686 Y100.725 E571.73663
G1 X77.021 Y101.263 E571.74717
G1 X77.321 Y101.531 E571.75386
G1 X77.681 Y101.77 E571.76105
G1 X78.117 Y101.913 E571.76868
G1 X78.5 Y101.951 E571.77508
G1 X78.881 Y101.913 E571.78144
G1 X79.295 Y101.782 E571.78867
G1 X79.814 Y101.442 E571.79898
G1 X80.176 Y100.964 E571.80896
G1 X80.283 Y100.794 E571.8123
G1 X80.413 Y100.381 E571.8195
G1 X80.451 Y100 E571.82586
G1 X80.413 Y99.619 E571.83223
G1 X80.282 Y99.205 E571.83945
G1 X79.942 Y98.686 E571.84977
G1 X79.464 Y98.324 E571.85974
G1 X79.294 Y98.217 E571.86308
G1 X78.881 Y98.087 E571.87028
G1 X78.5 Y98.049 E571.87665
G1 X78.117 Y98.087 E571.88305
G1 X77.68 Y98.231 E571.8907
G1 X77.154 Y98.585 E571.90125
G0 F7200 X77.037 Y98.746
G0 X76.597 Y98.008
;TYPE:SKIN
G1 F1500 X76.083 Y98.715 E571.91578
G1 X75.866 Y99.278 E571.92582
G1 X75.75 Y100.128 E571.94008
G1 X75.942 Y101.025 E571.95534
G1 X76.41 Y101.777 E571.97007
G1 X76.837 Y102.158 E571.97959
G1 X77.333 Y102.487 E571.98948
G1 X77.953 Y102.691 E572.00034
G1 X78.5 Y102.745 E572.00948
G1 X79.04 Y102.691 E572.0185
G1 X79.637 Y102.502 E572.02892
G1 X80.362 Y102.028 E572.04332
G1 X80.826 Y101.414 E572.05612
G1 X81.006 Y101.128 E572.06174
G1 X81.191 Y100.54 E572.07199
G1 X81.245 Y100 E572.08102
G1 X81.191 Y99.46 E572.09004
G1 X81.002 Y98.863 E572.10046
G1 X80.528 Y98.138 E572.11486
G1 X79.914 Y97.674 E572.12766
G1 X79.628 Y97.494 E572.13328
G1 X79.04 Y97.309 E572.14353
G1 X78.5 Y97.255 E572.15256
G1 X77.952 Y97.309 E572.16171
G1 X77.329 Y97.515 E572.17262
G1 X76.597 Y98.008 E572.1873
G0 F7200 X75.433 Y97.477
G1 F1500 X75.729 Y97.153 E572.1946
G1 X76.051 Y96.873 E572.2017
G1 X76.355 Y96.667 E572.2078
G1 X76.988 Y96.331 E572.21972
G1 X77.724 Y96.106 E572.23252
G1 X78.548 Y96.025 E572.24629
G1 X79.141 Y96.024 E572.25615
G1 X84.49 Y96.024 E572.3451
G1 X84.49 Y89.99 E572.44545
G1 X115.51 Y89.99 E572.96132
G1 X115.51 Y96.024 E573.06166
G1 X121.454 Y96.024 E573.16051
G1 X122.158 Y96.092 E573.17227
G1 X122.926 Y96.305 E573.18553
G1 X123.65 Y96.669 E573.199
G1 X123.988 Y96.901 E573.20582
G1 X124.311 Y97.188 E573.21301
G1 X124.605 Y97.519 E573.22037
G1 X124.793 Y97.774 E573.22564
G1 X125.029 Y98.188 E573.23356
G1 X125.371 Y99.123 E573.25012
G1 X125.471 Y100.003 E573.26485
G1 X125.408 Y100.658 E573.27579
G1 X125.195 Y101.426 E573.28904
G1 X124.831 Y102.15 E573.30252
G1 X124.6 Y102.487 E573.30931
G1 X124.312 Y102.811 E573.31652
G1 X123.977 Y103.109 E573.32398
G1 X123.727 Y103.292 E573.32913
G1 X123.261 Y103.557 E573.33805
G1 X123.043 Y103.662 E573.34207
G1 X122.484 Y103.84 E573.35183
G1 X121.44 Y103.975 E573.36933
G1 X115.51 Y103.976 E573.46795
G1 X115.51 Y110.01 E573.5683
G1 X84.49 Y110.01 E574.08416
G1 X84.49 Y103.976 E574.18451
G1 X78.564 Y103.975 E574.28306
G1 X77.722 Y103.882 E574.29714
G1 X76.979 Y103.664 E574.31002
G1 X76.275 Y103.291 E574.32327
G1 X75.98 Y103.069 E574.32941
G1 X75.653 Y102.771 E574.33677
G1 X75.373 Y102.449 E574.34386
G1 X75.167 Y102.145 E574.34997
G1 X74.831 Y101.512 E574.36189
G1 X74.606 Y100.776 E574.37469
G1 X74.53 Y100.006 E574.38756
G1 X74.633 Y99.115 E574.40247
G1 X74.931 Y98.258 E574.41756
G1 X75.205 Y97.781 E574.42671
G1 X75.433 Y97.477 E574.43303
G0 F7200 X76.302 Y97.513
G0 X118.755 Y100
G1 F1500 X118.809 Y100.54 E574.44205
G1 X118.998 Y101.137 E574.45247
G1 X119.472 Y101.862 E574.46687
G1 X120.086 Y102.326 E574.47967
G1 X120.372 Y102.506 E574.48529
G1 X120.96 Y102.691 E574.49554
G1 X121.5 Y102.745 E574.50457
G1 X122.04 Y102.691 E574.51359
G1 X122.637 Y102.502 E574.524
G1 X123.362 Y102.028 E574.53841
G1 X123.826 Y101.414 E574.55121
G1 X124.006 Y101.128 E574.55683
G1 X124.191 Y100.54 E574.56708
G1 X124.245 Y100 E574.5761
G1 X124.191 Y99.46 E574.58513
G1 X124.002 Y98.863 E574.59554
G1 X123.528 Y98.138 E574.60995
G1 X122.914 Y97.674 E574.62275
G1 X122.628 Y97.494 E574.62837
G1 X122.04 Y97.309 E574.63862
G1 X121.5 Y97.255 E574.64764
G1 X120.96 Y97.309 E574.65667
G1 X120.363 Y97.498 E574.66708
G1 X119.638 Y97.972 E574.68149
G1 X119.174 Y98.586 E574.69428
G1 X118.994 Y98.872 E574.6999
G1 X118.809 Y99.46 E574.71016
G1 X118.755 Y100 E574.71918
G0 F7200 X119.463 Y98.786
G0 X120.394 Y97.897
G0 X123.264 Y96.677
G1 F1500 X124.872 Y98.285 E574.757
G1 X124.942 Y98.355
G0 F7200 X124.02 Y98.564
G1 F1500 X125.267 Y99.811 E574.78633
G0 F7200 X125.255 Y100.365
G1 F1500 X124.373 Y99.482 E574.80708
G0 F7200 X124.415 Y100.09
G1 F1500 X125.169 Y100.844 E574.82481
G0 F7200 X125.046 Y101.288
G1 F1500 X124.359 Y100.6 E574.84098
G0 F7200 X124.224 Y101.031
G1 F1500 X124.867 Y101.674 E574.85611
G0 F7200 X124.678 Y102.051
G1 F1500 X124.039 Y101.411 E574.87115
G0 F7200 X123.803 Y101.741
G1 F1500 X124.447 Y102.386 E574.8863
G0 F7200 X124.18 Y102.684
G1 F1500 X123.559 Y102.063 E574.90091
G0 F7200 X123.248 Y102.317
G1 F1500 X123.882 Y102.951 E574.91582
G0 F7200 X123.549 Y103.184
G1 F1500 X122.905 Y102.541 E574.93095
G0 F7200 X122.525 Y102.726
G1 F1500 X123.189 Y103.39 E574.94657
G0 F7200 X122.786 Y103.553
G1 F1500 X122.095 Y102.862 E574.96282
G0 F7200 X121.585 Y102.917
G1 F1500 X122.345 Y103.677 E574.98069
G0 F7200 X121.843 Y103.741
G1 F1500 X120.976 Y102.874 E575.00108
G1 X120.906 Y102.804
G0 F7200 X120.766 Y103.795
G1 F1500 X107.14 Y90.17 E575.32154
G0 F7200 X106.575 Y90.17
G1 F1500 X120.2 Y103.795 E575.64197
G0 F7200 X119.634 Y103.795
G1 F1500 X106.009 Y90.17 E575.96241
G0 F7200 X105.443 Y90.17
G1 F1500 X119.069 Y103.795 E576.28286
G0 F7200 X118.503 Y103.795
G1 F1500 X104.878 Y90.17 E576.6033
G0 F7200 X104.312 Y90.17
G1 F1500 X117.937 Y103.795 E576.92374
G0 F7200 X117.371 Y103.795
G1 F1500 X103.746 Y90.17 E577.24418
G0 F7200 X103.181 Y90.17
G1 F1500 X116.806 Y103.795 E577.56462
G0 F7200 X116.24 Y103.795
G1 F1500 X102.615 Y90.17 E577.88506
G0 F7200 X102.049 Y90.17
G1 F1500 X115.674 Y103.795 E578.2055
G0 F7200 X115.329 Y104.016
G1 F1500 X101.483 Y90.17 E578.53114
G0 F7200 X100.918 Y90.17
G1 F1500 X115.329 Y104.581 E578.87006
G0 F7200 X115.329 Y105.147
G1 F1500 X100.352 Y90.17 E579.2223
G0 F7200 X99.786 Y90.17
G1 F1500 X115.329 Y105.713 E579.58784
G0 F7200 X115.329 Y106.278
G1 F1500 X99.221 Y90.17 E579.96668
G0 F7200 X98.655 Y90.17
G1 F1500 X115.329 Y106.844 E580.35883
G0 F7200 X115.329 Y107.41
G1 F1500 X98.089 Y90.17 E580.76429
G0 F7200 X97.524 Y90.17
G1 F1500 X115.329 Y107.975 E581.18303
G0 F7200 X115.329 Y108.541
G1 F1500 X96.958 Y90.17 E581.61509
G0 F7200 X96.392 Y90.17
G1 F1500 X115.329 Y109.107 E582.06046
G0 F7200 X115.329 Y109.672
G1 F1500 X95.827 Y90.17 E582.51912
G0 F7200 X95.261 Y90.17
G1 F1500 X114.92 Y109.829 E582.98146
G0 F7200 X114.354 Y109.829
G1 F1500 X94.695 Y90.17 E583.44381
G0 F7200 X94.13 Y90.17
G1 F1500 X113.789 Y109.829 E583.90616
G0 F7200 X113.223 Y109.829
G1 F1500 X93.564 Y90.17 E584.36851
G0 F7200 X92.998 Y90.17
G1 F1500 X112.657 Y109.829 E584.83086
G0 F7200 X112.091 Y109.829
G1 F1500 X92.432 Y90.17 E585.29321
G0 F7200 X91.867 Y90.17
G1 F1500 X111.526 Y109.829 E585.75556
G0 F7200 X110.96 Y109.829
G1 F1500 X91.301 Y90.17 E586.21791
G0 F7200 X90.735 Y90.17
G1 F1500 X110.394 Y109.829 E586.68026
G0 F7200 X109.829 Y109.829
G1 F1500 X90.17 Y90.17 E587.14261
G0 F7200 X89.604 Y90.17
G1 F1500 X109.263 Y109.829 E587.60496
G0 F7200 X108.697 Y109.829
G1 F1500 X89.038 Y90.17 E588.06731
G0 F7200 X88.473 Y90.17
G1 F1500 X108.132 Y109.829 E588.52966
G0 F7200 X107.566 Y109.829
G1 F1500 X87.907 Y90.17 E588.99201
G0 F7200 X87.341 Y90.17
G1 F1500 X107 Y109.829 E589.45436
G0 F7200 X106.435 Y109.829
G1 F1500 X86.776 Y90.17 E589.91671
G0 F7200 X86.21 Y90.17
G1 F1500 X105.869 Y109.829 E590.37906
G0 F7200 X105.303 Y109.829
G1 F1500 X85.644 Y90.17 E590.84141
G0 F7200 X85.079 Y90.17
G1 F1500 X104.738 Y109.829 E591.30376
G0 F7200 X104.172 Y109.829
G1 F1500 X84.669 Y90.326 E591.76244
G0 F7200 X84.669 Y90.892
G1 F1500 X103.606 Y109.829 E592.20781
G0 F7200 X103.041 Y109.829
G1 F1500 X84.669 Y91.457 E592.63989
G0 F7200 X84.669 Y92.023
G1 F1500 X102.475 Y109.829 E593.05866
G0 F7200 X101.909 Y109.829
G1 F1500 X84.669 Y92.589 E593.46412
G0 F7200 X84.669 Y93.154
G1 F1500 X101.343 Y109.829 E593.85627
G0 F7200 X100.778 Y109.829
G1 F1500 X84.669 Y93.72 E594.23513
G0 F7200 X84.669 Y94.286
G1 F1500 X100.212 Y109.829 E594.60068
G0 F7200 X99.646 Y109.829
G1 F1500 X84.669 Y94.852 E594.95292
G0 F7200 X84.669 Y95.417
G1 F1500 X99.081 Y109.829 E595.29187
G0 F7200 X98.515 Y109.829
G1 F1500 X84.669 Y95.983 E595.6175
G0 F7200 X84.323 Y96.203
G1 F1500 X97.949 Y109.829 E595.93796
G0 F7200 X97.384 Y109.829
G1 F1500 X83.758 Y96.203 E596.25843
G0 F7200 X83.192 Y96.203
G1 F1500 X96.818 Y109.829 E596.57889
G0 F7200 X96.252 Y109.829
G1 F1500 X82.626 Y96.203 E596.89935
G0 F7200 X82.061 Y96.203
G1 F1500 X95.687 Y109.829 E597.21982
G0 F7200 X95.121 Y109.829
G1 F1500 X81.495 Y96.203 E597.54028
G0 F7200 X80.929 Y96.203
G1 F1500 X94.555 Y109.829 E597.86074
G0 F7200 X93.99 Y109.829
G1 F1500 X80.364 Y96.203 E598.1812
G0 F7200 X79.798 Y96.203
G1 F1500 X93.424 Y109.829 E598.50167
G0 F7200 X92.858 Y109.829
G1 F1500 X79.232 Y96.203 E598.82213
G0 F7200 X78.668 Y96.204
G1 F1500 X79.941 Y97.477 E598.85207
G1 X80.011 Y97.547
G0 F7200 X79.023 Y97.125
G1 F1500 X78.143 Y96.245 E598.87276
G0 F7200 X77.648 Y96.315
G1 F1500 X78.413 Y97.081 E598.89077
G0 F7200 X77.901 Y97.134
G1 F1500 X77.215 Y96.448 E598.9069
G0 F7200 X76.823 Y96.622
G1 F1500 X77.476 Y97.275 E598.92226
G0 F7200 X77.092 Y97.456
G1 F1500 X76.454 Y96.819 E598.93725
G0 F7200 X76.12 Y97.051
G1 F1500 X76.754 Y97.684 E598.95215
G0 F7200 X76.431 Y97.927
G1 F1500 X75.822 Y97.318 E598.96647
G0 F7200 X75.552 Y97.614
G1 F1500 X76.194 Y98.256 E598.98157
G0 F7200 X75.955 Y98.583
G1 F1500 X75.316 Y97.944 E598.9966
G0 F7200 X75.111 Y98.304
G1 F1500 X75.787 Y98.98 E599.0125
G0 F7200 X75.664 Y99.423
G1 F1500 X74.961 Y98.719 E599.02904
G0 F7200 X74.814 Y99.139
G1 F1500 X75.596 Y99.921 E599.04744
G0 F7200 X75.656 Y100.546
G1 F1500 X74.752 Y99.642 E599.0687
G0 F7200 X74.727 Y100.183
G1 F1500 X75.997 Y101.452 E599.09855
G1 X76.067 Y101.522
G0 F7200 X75.16 Y101.747
G1 F1500 X76.751 Y103.338 E599.13597
G1 X76.821 Y103.408
G0 F7200 X77.074 Y102.53
G1 F1500 X78.308 Y103.764 E599.16499
G0 F7200 X78.903 Y103.794
G1 F1500 X77.984 Y102.874 E599.18662
G0 F7200 X78.592 Y102.916
G1 F1500 X79.469 Y103.794 E599.20726
G0 F7200 X80.035 Y103.794
G1 F1500 X79.101 Y102.86 E599.22922
G0 F7200 X79.531 Y102.724
G1 F1500 X80.6 Y103.794 E599.25437
G0 F7200 X81.166 Y103.794
G1 F1500 X79.91 Y102.537 E599.28393
G0 F7200 X80.252 Y102.314
G1 F1500 X81.733 Y103.794 E599.31874
G0 F7200 X82.298 Y103.794
G1 F1500 X80.563 Y102.059 E599.35955
G0 F7200 X80.806 Y101.737
G1 F1500 X82.864 Y103.794 E599.40794
G0 F7200 X83.43 Y103.794
G1 F1500 X81.042 Y101.406 E599.4641
G0 F7200 X81.226 Y101.025
G1 F1500 X83.995 Y103.794 E599.52922
G0 F7200 X84.561 Y103.794
G1 F1500 X81.361 Y100.595 E599.60447
G0 F7200 X81.416 Y100.084
G1 F1500 X91.161 Y109.829 E599.83366
G0 F7200 X91.727 Y109.829
G1 F1500 X81.373 Y99.475 E600.07717
G1 X81.303 Y99.405
G0 F7200 X81.009 Y98.545
G1 F1500 X92.292 Y109.829 E600.34254
G1 X92.362 Y109.899
G0 F7200 X90.595 Y109.829
G1 F1500 X84.669 Y103.902 E600.48192
G0 F7200 X84.669 Y104.468
G1 F1500 X90.03 Y109.829 E600.608
G0 F7200 X89.464 Y109.829
G1 F1500 X84.669 Y105.034 E600.72077
G0 F7200 X84.669 Y105.6
G1 F1500 X88.898 Y109.829 E600.82023
G0 F7200 X88.333 Y109.829
G1 F1500 X84.669 Y106.165 E600.90641
G0 F7200 X84.669 Y106.731
G1 F1500 X87.767 Y109.829 E600.97927
G0 F7200 X87.201 Y109.829
G1 F1500 X84.669 Y107.297 E601.03881
G0 F7200 X84.669 Y107.862
G1 F1500 X86.636 Y109.829 E601.08508
G0 F7200 X86.07 Y109.829
G1 F1500 X84.669 Y108.428 E601.11802
G0 F7200 X84.669 Y108.994
G1 F1500 X85.504 Y109.829 E601.13766
G0 F7200 X84.939 Y109.829
G1 F1500 X84.669 Y109.559 E601.14401
G0 F7200 X84.128 Y104.338
G0 X77.651 Y103.673
G1 F1500 X74.809 Y100.831 E601.21085
G1 X74.739 Y100.761
G0 F7200 X76.845 Y98.265
G0 X77.637 Y97.783
G0 X107.706 Y90.17
G1 F1500 X118.989 Y101.453 E601.47621
G1 X119.059 Y101.523
G0 F7200 X118.626 Y100.524
G1 F1500 X108.272 Y90.17 E601.71972
G0 F7200 X108.837 Y90.17
G1 F1500 X118.582 Y99.914 E601.9489
G0 F7200 X118.637 Y99.404
G1 F1500 X115.437 Y96.203 E602.02417
G0 F7200 X115.329 Y96.096
G1 F1500 X109.403 Y90.17 E602.16354
G0 F7200 X109.969 Y90.17
G1 F1500 X115.329 Y95.53 E602.2896
G0 F7200 X115.329 Y94.965
G1 F1500 X110.534 Y90.17 E602.40237
G0 F7200 X111.1 Y90.17
G1 F1500 X115.329 Y94.399 E602.50183
G0 F7200 X115.329 Y93.833
G1 F1500 X111.666 Y90.17 E602.58798
G0 F7200 X112.231 Y90.17
G1 F1500 X115.329 Y93.268 E602.66084
G0 F7200 X115.329 Y92.702
G1 F1500 X112.797 Y90.17 E602.72039
G0 F7200 X113.363 Y90.17
G1 F1500 X115.329 Y92.136 E602.76662
G0 F7200 X115.329 Y91.571
G1 F1500 X113.929 Y90.17 E602.79956
G0 F7200 X114.494 Y90.17
G1 F1500 X115.329 Y91.005 E602.8192
G0 F7200 X115.329 Y90.439
G1 F1500 X115.06 Y90.17 E602.82552
G0 F7200 X115.79 Y95.112
G0 X116.002 Y96.203
G1 F1500 X118.772 Y98.973 E602.89067
G0 F7200 X118.957 Y98.592
G1 F1500 X116.568 Y96.203 E602.94686
G0 F7200 X117.134 Y96.203
G1 F1500 X119.192 Y98.262 E602.99527
G0 F7200 X119.435 Y97.939
G1 F1500 X117.7 Y96.203 E603.03609
G0 F7200 X118.265 Y96.203
G1 F1500 X119.747 Y97.685 E603.07094
G0 F7200 X120.089 Y97.461
G1 F1500 X118.831 Y96.203 E603.10053
G0 F7200 X119.397 Y96.203
G1 F1500 X120.468 Y97.275 E603.12573
G0 F7200 X120.897 Y97.138
G1 F1500 X119.962 Y96.203 E603.14772
G0 F7200 X120.528 Y96.203
G1 F1500 X121.407 Y97.082 E603.16839
G0 F7200 X122.016 Y97.126
G1 F1500 X121.094 Y96.203 E603.19008
G0 F7200 X121.683 Y96.227
G1 F1500 X122.924 Y97.468 E603.21927
G1 X122.994 Y97.538
G0 F7200 X122.354 Y96.333
G1 F1500 X125.195 Y99.173 E603.28607
G1 X125.265 Y99.243
G0 F7200 X121.331 Y103.795
G1 F1500 X120.058 Y102.521 E603.31603
G1 X119.988 Y102.451
;MESH:NONMESH
G0 F600 X119.988 Y102.451 Z2.4
G0 F7200 X84.17 Y95.704
G0 X84.1 Y95.671
;TIME_ELAPSED:1145.376234
;LAYER:21
;TYPE:WALL-INNER
;MESH:drax_photo_base.stl
G1 F3000 X84.1 Y89.6 E603.41699
G1 X115.9 Y89.6 E603.94582
G1 X115.9 Y95.67 E604.04677
G1 X121.473 Y95.67 E604.13945
G1 X122.344 Y95.755 E604.154
G1 X123.156 Y96.001 E604.16811
G1 X123.911 Y96.405 E604.18235
G1 X124.343 Y96.744 E604.19148
G1 X124.689 Y97.081 E604.19951
G1 X125.099 Y97.594 E604.21044
G1 X125.396 Y98.115 E604.22041
G1 X125.717 Y99.033 E604.23658
G1 X125.827 Y100.006 E604.25287
G1 X125.745 Y100.844 E604.26687
G1 X125.499 Y101.656 E604.28098
G1 X125.095 Y102.411 E604.29522
G1 X124.756 Y102.843 E604.30435
G1 X124.42 Y103.188 E604.31236
G1 X123.901 Y103.602 E604.3234
G1 X123.385 Y103.897 E604.33328
G1 X122.867 Y104.09 E604.34248
G1 X122.476 Y104.216 E604.34931
G1 X121.461 Y104.329 E604.36629
G1 X115.9 Y104.33 E604.45877
G1 X115.9 Y110.4 E604.55972
G1 X84.1 Y110.4 E605.08855
G1 X84.1 Y104.33 E605.1895
G1 X78.539 Y104.329 E605.28198
G1 X77.524 Y104.216 E605.29896
G1 X76.849 Y104 E605.31075
G1 X76.299 Y103.715 E605.32105
G1 X75.919 Y103.471 E605.32856
G1 X75.435 Y103.056 E605.33916
G1 X75.11 Y102.691 E605.34729
G1 X74.912 Y102.421 E605.35286
G1 X74.502 Y101.652 E605.36735
G1 X74.256 Y100.844 E605.3814
G1 X74.174 Y100.006 E605.3954
G1 X74.283 Y99.035 E605.41165
G1 X74.607 Y98.114 E605.42788
G1 X74.902 Y97.596 E605.4378
G1 X75.309 Y97.085 E605.44866
G1 X75.659 Y96.743 E605.4568
G1 X76.091 Y96.405 E605.46592
G1 X76.846 Y96.002 E605.48015
G1 X77.656 Y95.756 E605.49423
G1 X78.527 Y95.671 E605.50878
G1 X84.1 Y95.671 E605.60146
G0 F7200 X84.17 Y95.741
G0 X80.263 Y101.851
G0 X80.194 Y101.78
G1 F3000 X80.681 Y101.099 E605.61539
G1 X80.903 Y100.499 E605.62603
G1 X80.956 Y99.983 E605.63465
G1 X80.851 Y99.327 E605.6457
G1 X80.679 Y98.903 E605.65331
G1 X80.28 Y98.306 E605.66525
G1 X79.599 Y97.819 E605.67917
G1 X78.999 Y97.597 E605.68981
G1 X78.483 Y97.544 E605.69844
G1 X77.848 Y97.646 E605.70914
G1 X77.489 Y97.762 E605.71541
G1 X76.935 Y98.135 E605.72652
G1 X76.683 Y98.355 E605.73208
G1 X76.3 Y98.932 E605.7436
G1 X76.18 Y99.242 E605.74912
G1 X76.044 Y99.937 E605.7609
G1 X76.178 Y100.746 E605.77454
G1 X76.298 Y101.066 E605.78022
G1 X76.684 Y101.641 E605.79174
G1 X76.931 Y101.864 E605.79727
G1 X77.5 Y102.243 E605.80864
G1 X78.09 Y102.412 E605.81885
G1 X78.518 Y102.456 E605.826
G1 X79.173 Y102.351 E605.83704
G1 X79.597 Y102.179 E605.84465
G1 X80.194 Y101.78 E605.85659
G0 F7200 X80.263 Y101.851
G0 X119.737 Y98.149
G0 X119.806 Y98.22
G1 F3000 X119.319 Y98.901 E605.87051
G1 X119.097 Y99.501 E605.88115
G1 X119.044 Y100.017 E605.88977
G1 X119.149 Y100.673 E605.90082
G1 X119.321 Y101.097 E605.90843
G1 X119.72 Y101.694 E605.92037
G1 X120.401 Y102.181 E605.9343
G1 X121.001 Y102.403 E605.94494
G1 X121.517 Y102.456 E605.95356
G1 X122.173 Y102.351 E605.96461
G1 X122.597 Y102.179 E605.97222
G1 X123.194 Y101.78 E605.98416
G1 X123.681 Y101.099 E605.99808
G1 X123.903 Y100.499 E606.00872
G1 X123.956 Y99.983 E606.01735
G1 X123.851 Y99.327 E606.0284
G1 X123.679 Y98.903 E606.03601
G1 X123.28 Y98.306 E606.04795
G1 X122.599 Y97.819 E606.06187
G1 X121.999 Y97.597 E606.07251
G1 X121.483 Y97.544 E606.08114
G1 X120.827 Y97.649 E606.09218
G1 X120.403 Y97.821 E606.09979
G1 X119.806 Y98.22 E606.11174
G0 F7200 X120.089 Y98.512
;TYPE:WALL-OUTER
G1 F1500 X119.676 Y99.09 E606.12355
G1 X119.49 Y99.593 E606.13247
G1 X119.447 Y100.006 E606.13937
G1 X119.537 Y100.565 E606.14879
G1 X119.676 Y100.909 E606.15496
G1 X120.012 Y101.411 E606.165
G1 X120.59 Y101.824 E606.17682
G1 X121.093 Y102.01 E606.18574
G1 X121.506 Y102.053 E606.19264
G1 X122.065 Y101.963 E606.20206
G1 X122.409 Y101.824 E606.20823
G1 X122.911 Y101.488 E606.21827
G1 X123.324 Y100.91 E606.23009
G1 X123.51 Y100.407 E606.23901
G1 X123.553 Y99.994 E606.24591
G1 X123.463 Y99.435 E606.25533
G1 X123.324 Y99.091 E606.2615
G1 X122.988 Y98.589 E606.27154
G1 X122.41 Y98.176 E606.28336
G1 X121.907 Y97.99 E606.29228
G1 X121.494 Y97.947 E606.29918
G1 X120.935 Y98.037 E606.3086
G1 X120.591 Y98.176 E606.31477
G1 X120.089 Y98.512 E606.32481
G0 F7200 X119.973 Y98.674
G0 X119.567 Y98.383
G0 X84.2 Y95.271
G0 X83.7 Y95.271
G1 F1500 X83.7 Y89.2 E606.42577
G1 X116.3 Y89.2 E606.96791
G1 X116.3 Y95.27 E607.06886
G1 X121.491 Y95.27 E607.15519
G1 X122.424 Y95.361 E607.17077
G1 X123.311 Y95.63 E607.18619
G1 X124.13 Y96.068 E607.20163
G1 X124.602 Y96.438 E607.21161
G1 X124.987 Y96.814 E607.22056
G1 X125.433 Y97.372 E607.23244
G1 X125.759 Y97.944 E607.24339
G1 X126.111 Y98.948 E607.26108
G1 X126.229 Y100 E607.27868
G1 X126.139 Y100.924 E607.29412
G1 X125.87 Y101.811 E607.30954
G1 X125.432 Y102.63 E607.32498
G1 X125.062 Y103.102 E607.33496
G1 X124.687 Y103.486 E607.34388
G1 X124.128 Y103.933 E607.35578
G1 X123.551 Y104.262 E607.36683
G1 X123.003 Y104.467 E607.37656
G1 X122.558 Y104.61 E607.38433
G1 X121.487 Y104.729 E607.40225
G1 X116.3 Y104.73 E607.48851
G1 X116.3 Y110.8 E607.58946
G1 X83.7 Y110.8 E608.1316
G1 X83.7 Y104.73 E608.23254
G1 X78.513 Y104.729 E608.3188
G1 X77.442 Y104.61 E608.33672
G1 X76.696 Y104.371 E608.34975
G1 X76.094 Y104.059 E608.36103
G1 X75.681 Y103.794 E608.36919
G1 X75.153 Y103.341 E608.38076
G1 X74.801 Y102.946 E608.38956
G1 X74.572 Y102.634 E608.39599
G1 X74.13 Y101.805 E608.41162
G1 X73.862 Y100.924 E608.42693
G1 X73.772 Y100 E608.44237
G1 X73.89 Y98.949 E608.45996
G1 X74.243 Y97.944 E608.47767
G1 X74.568 Y97.373 E608.4886
G1 X75.013 Y96.815 E608.50047
G1 X75.391 Y96.445 E608.50926
G1 X75.873 Y96.068 E608.51944
G1 X76.695 Y95.63 E608.53493
G1 X77.225 Y95.468 E608.54414
G1 X77.576 Y95.362 E608.55024
G1 X78.133 Y95.307 E608.55955
G1 X78.51 Y95.271 E608.56585
G1 X83.7 Y95.271 E608.65216
G0 F7200 X83.7 Y95.071
G0 X84.2 Y95.071
G0 X80.317 Y101.779
G0 X79.911 Y101.488
G1 F1500 X80.324 Y100.91 E608.66397
G1 X80.51 Y100.407 E608.67289
G1 X80.553 Y99.994 E608.6798
G1 X80.463 Y99.435 E608.68921
G1 X80.324 Y99.091 E608.69538
G1 X79.988 Y98.589 E608.70543
G1 X79.41 Y98.176 E608.71724
G1 X78.907 Y97.99 E608.72616
G1 X78.494 Y97.947 E608.73307
G1 X77.942 Y98.036 E608.74236
G1 X77.666 Y98.125 E608.74719
G1 X77.179 Y98.453 E608.75695
G1 X76.987 Y98.621 E608.76119
G1 X76.657 Y99.117 E608.7711
G1 X76.566 Y99.353 E608.77531
G1 X76.45 Y99.943 E608.78531
G1 X76.566 Y100.642 E608.79709
G1 X76.656 Y100.882 E608.80135
G1 X76.988 Y101.377 E608.81126
G1 X77.177 Y101.547 E608.81549
G1 X77.67 Y101.876 E608.82535
G1 X78.166 Y102.018 E608.83393
G1 X78.506 Y102.053 E608.83961
G1 X79.065 Y101.963 E608.84903
G1 X79.409 Y101.824 E608.8552
G1 X79.911 Y101.488 E608.86524
G0 F7200 X80.027 Y101.326
G0 X80.469 Y102.065
;TYPE:SKIN
G1 F1500 X81.028 Y101.284 E608.88122
G1 X81.286 Y100.588 E608.89356
G1 X81.35 Y99.972 E608.90386
G1 X81.229 Y99.222 E608.91649
G1 X81.026 Y98.72 E608.9255
G1 X80.565 Y98.031 E608.93929
G1 X79.784 Y97.472 E608.95526
G1 X79.088 Y97.214 E608.9676
G1 X78.472 Y97.15 E608.9779
G1 X77.756 Y97.266 E608.98996
G1 X77.317 Y97.407 E608.99763
G1 X76.697 Y97.825 E609.01007
G1 X76.387 Y98.096 E609.01691
G1 X75.951 Y98.752 E609.03001
G1 X75.804 Y99.133 E609.0368
G1 X75.648 Y99.931 E609.05033
G1 X75.8 Y100.847 E609.06577
G1 X75.949 Y101.245 E609.07283
G1 X76.387 Y101.898 E609.08591
G1 X76.691 Y102.172 E609.09272
G1 X77.334 Y102.602 E609.10558
G1 X78.016 Y102.796 E609.11737
G1 X78.529 Y102.85 E609.12595
G1 X79.278 Y102.729 E609.13857
G1 X79.78 Y102.526 E609.14757
G1 X80.469 Y102.065 E609.16136
G0 F7200 X78.564 Y103.939
G1 F1500 X77.602 Y103.832 E609.17746
G1 X77.004 Y103.641 E609.1879
G1 X76.488 Y103.373 E609.19757
G1 X76.152 Y103.158 E609.2042
G1 X75.706 Y102.775 E609.21398
G1 X75.415 Y102.447 E609.22127
G1 X75.242 Y102.212 E609.22612
G1 X74.864 Y101.503 E609.23948
G1 X74.64 Y100.767 E609.25228
G1 X74.566 Y100.006 E609.26499
G1 X74.666 Y99.121 E609.2798
G1 X74.963 Y98.277 E609.29468
G1 X75.227 Y97.814 E609.30355
G1 X75.597 Y97.351 E609.3134
G1 X75.915 Y97.038 E609.32082
G1 X76.307 Y96.732 E609.32909
G1 X76.997 Y96.363 E609.3421
G1 X77.732 Y96.14 E609.35488
G1 X78.544 Y96.061 E609.36845
G1 X84.49 Y96.061 E609.46733
G1 X84.49 Y89.99 E609.56829
G1 X115.51 Y89.99 E610.08415
G1 X115.51 Y96.06 E610.1851
G1 X121.456 Y96.06 E610.28398
G1 X122.268 Y96.139 E610.29755
G1 X123.009 Y96.363 E610.31042
G1 X123.699 Y96.733 E610.32344
G1 X124.075 Y97.028 E610.33139
G1 X124.403 Y97.347 E610.339
G1 X124.774 Y97.812 E610.34889
G1 X125.04 Y98.278 E610.35781
G1 X125.334 Y99.119 E610.37263
G1 X125.435 Y100.006 E610.38748
G1 X125.361 Y100.768 E610.40021
G1 X125.137 Y101.509 E610.41308
G1 X124.767 Y102.199 E610.4261
G1 X124.474 Y102.573 E610.434
G1 X124.155 Y102.901 E610.44161
G1 X123.682 Y103.278 E610.45167
G1 X123.216 Y103.545 E610.4606
G1 X122.741 Y103.721 E610.46903
G1 X122.397 Y103.832 E610.47504
G1 X121.436 Y103.939 E610.49112
G1 X115.51 Y103.94 E610.58967
G1 X115.51 Y110.01 E610.69061
G1 X84.49 Y110.01 E611.20648
G1 X84.49 Y103.94 E611.30742
G1 X78.564 Y103.939 E611.40597
G0 F7200 X118.65 Y100.028
G1 F1500 X118.771 Y100.778 E611.41861
G1 X118.974 Y101.28 E611.42761
G1 X119.435 Y101.969 E611.4414
G1 X120.216 Y102.528 E611.45737
G1 X120.912 Y102.786 E611.46971
G1 X121.528 Y102.85 E611.48001
G1 X122.278 Y102.729 E611.49265
G1 X122.78 Y102.526 E611.50165
G1 X123.469 Y102.065 E611.51544
G1 X124.028 Y101.284 E611.53141
G1 X124.286 Y100.588 E611.54375
G1 X124.35 Y99.972 E611.55405
G1 X124.229 Y99.222 E611.56669
G1 X124.026 Y98.72 E611.57569
G1 X123.565 Y98.031 E611.58948
G1 X122.784 Y97.472 E611.60545
G1 X122.088 Y97.214 E611.61779
G1 X121.472 Y97.15 E611.62809
G1 X120.722 Y97.271 E611.64073
G1 X120.22 Y97.474 E611.64973
G1 X119.531 Y97.935 E611.66352
G1 X118.972 Y98.716 E611.67949
G1 X118.714 Y99.412 E611.69184
G1 X118.65 Y100.028 E611.70213
G0 F7200 X119.692 Y101.721
G0 X120.383 Y102.216
G0 X121.289 Y102.471
G0 X123.344 Y102.363
G1 F1500 X122.014 Y103.693 E611.73341
G0 F7200 X121.383 Y103.759
G1 F1500 X122.224 Y102.918 E611.75319
G0 F7200 X121.548 Y103.028
G1 F1500 X120.817 Y103.759 E611.77039
G0 F7200 X120.251 Y103.759
G1 F1500 X121.032 Y102.978 E611.78875
G0 F7200 X120.588 Y102.857
G1 F1500 X119.686 Y103.759 E611.80997
G0 F7200 X119.12 Y103.759
G1 F1500 X120.175 Y102.704 E611.83478
G0 F7200 X119.836 Y102.477
G1 F1500 X118.554 Y103.759 E611.86493
G0 F7200 X117.988 Y103.76
G1 F1500 X119.506 Y102.241 E611.90064
G0 F7200 X119.216 Y101.966
G1 F1500 X117.422 Y103.76 E611.94283
G0 F7200 X116.857 Y103.76
G1 F1500 X118.989 Y101.628 E611.99298
G0 F7200 X118.776 Y101.275
G1 F1500 X116.291 Y103.76 E612.05142
G0 F7200 X115.725 Y103.76
G1 F1500 X118.613 Y100.872 E612.11934
G0 F7200 X118.525 Y100.395
G1 F1500 X109.09 Y109.829 E612.34123
G0 F7200 X109.655 Y109.829
G1 F1500 X115.329 Y104.156 E612.47466
G0 F7200 X115.329 Y104.721
G1 F1500 X110.221 Y109.829 E612.59479
G0 F7200 X110.787 Y109.829
G1 F1500 X115.329 Y105.287 E612.70161
G0 F7200 X115.329 Y105.853
G1 F1500 X111.353 Y109.829 E612.79512
G0 F7200 X111.918 Y109.829
G1 F1500 X115.329 Y106.418 E612.87534
G0 F7200 X115.329 Y106.984
G1 F1500 X112.484 Y109.829 E612.94225
G0 F7200 X113.05 Y109.829
G1 F1500 X115.329 Y107.55 E612.99585
G0 F7200 X115.329 Y108.115
G1 F1500 X113.615 Y109.829 E613.03616
G0 F7200 X114.181 Y109.829
G1 F1500 X115.329 Y108.681 E613.06316
G0 F7200 X115.329 Y109.247
G1 F1500 X114.747 Y109.829 E613.07685
G1 X114.677 Y109.899
G0 F7200 X108.524 Y109.829
G1 F1500 X118.483 Y99.871 E613.31106
G0 F7200 X118.605 Y99.183
G1 F1500 X107.958 Y109.829 E613.56145
G0 F7200 X107.393 Y109.829
G1 F1500 X119.363 Y97.859 E613.84296
G0 F7200 X119.45 Y97.773
G1 F1500 X120.983 Y96.24 E613.87902
G0 F7200 X121.54 Y96.248
G1 F1500 X120.695 Y97.093 E613.89889
G0 F7200 X121.371 Y96.983
G1 F1500 X122.056 Y96.298 E613.915
G0 F7200 X122.518 Y96.401
G1 F1500 X121.905 Y97.014 E613.92942
G0 F7200 X122.361 Y97.124
G1 F1500 X122.95 Y96.535 E613.94327
G0 F7200 X123.318 Y96.733
G1 F1500 X122.774 Y97.277 E613.95606
G0 F7200 X123.122 Y97.494
G1 F1500 X123.675 Y96.942 E613.96906
G0 F7200 X123.989 Y97.193
G1 F1500 X123.452 Y97.73 E613.98169
G0 F7200 X123.755 Y97.992
G1 F1500 X124.273 Y97.475 E613.99386
G0 F7200 X124.525 Y97.789
G1 F1500 X123.982 Y98.331 E614.00662
G0 F7200 X124.202 Y98.677
G1 F1500 X124.747 Y98.132 E614.01943
G0 F7200 X124.93 Y98.515
G1 F1500 X124.365 Y99.08 E614.03272
G0 F7200 X124.464 Y99.547
G1 F1500 X125.077 Y98.934 E614.04714
G0 F7200 X125.182 Y99.394
G1 F1500 X124.522 Y100.054 E614.06266
G0 F7200 X124.43 Y100.711
G1 F1500 X125.24 Y99.902 E614.0817
G0 F7200 X125.205 Y100.503
G1 F1500 X123.806 Y101.901 E614.11459
G1 X123.736 Y101.971
G0 F7200 X125.028 Y101.245
G1 F1500 X122.747 Y103.526 E614.16823
G1 X122.677 Y103.596
G0 F7200 X123.941 Y100.508
G0 X123.889 Y99.317
G0 X123.349 Y98.34
G0 X120.417 Y96.24
G1 F1500 X106.827 Y109.829 E614.48784
G0 F7200 X106.261 Y109.829
G1 F1500 X119.851 Y96.24 E614.80744
G0 F7200 X119.286 Y96.24
G1 F1500 X105.696 Y109.829 E615.12705
G0 F7200 X105.13 Y109.829
G1 F1500 X118.72 Y96.24 E615.44665
G0 F7200 X118.154 Y96.24
G1 F1500 X104.564 Y109.829 E615.76626
G0 F7200 X103.999 Y109.829
G1 F1500 X117.589 Y96.24 E616.08586
G0 F7200 X117.023 Y96.24
G1 F1500 X103.433 Y109.829 E616.40546
G0 F7200 X102.867 Y109.829
G1 F1500 X116.457 Y96.24 E616.72507
G0 F7200 X115.891 Y96.24
G1 F1500 X102.302 Y109.829 E617.04466
G0 F7200 X101.736 Y109.829
G1 F1500 X115.329 Y96.237 E617.36434
G0 F7200 X115.329 Y95.671
G1 F1500 X101.17 Y109.829 E617.69732
G0 F7200 X100.605 Y109.829
G1 F1500 X115.329 Y95.105 E618.04361
G0 F7200 X115.329 Y94.54
G1 F1500 X100.039 Y109.829 E618.40319
G0 F7200 X99.473 Y109.829
G1 F1500 X115.329 Y93.974 E618.77609
G0 F7200 X115.329 Y93.408
G1 F1500 X98.907 Y109.829 E619.1623
G0 F7200 X98.342 Y109.829
G1 F1500 X115.329 Y92.843 E619.56179
G0 F7200 X115.329 Y92.277
G1 F1500 X97.776 Y109.829 E619.9746
G0 F7200 X97.21 Y109.829
G1 F1500 X115.329 Y91.711 E620.40072
G0 F7200 X115.329 Y91.146
G1 F1500 X96.645 Y109.829 E620.84013
G0 F7200 X96.079 Y109.829
G1 F1500 X115.329 Y90.58 E621.29285
G0 F7200 X115.174 Y90.169
G1 F1500 X95.513 Y109.829 E621.75523
G0 F7200 X94.948 Y109.829
G1 F1500 X114.608 Y90.169 E622.21761
G0 F7200 X114.042 Y90.169
G1 F1500 X94.382 Y109.829 E622.67998
G0 F7200 X93.816 Y109.829
G1 F1500 X113.477 Y90.169 E623.14236
G0 F7200 X112.911 Y90.169
G1 F1500 X93.251 Y109.829 E623.60474
G0 F7200 X92.685 Y109.829
G1 F1500 X112.345 Y90.169 E624.06711
G0 F7200 X111.78 Y90.169
G1 F1500 X92.119 Y109.829 E624.52949
G0 F7200 X91.554 Y109.829
G1 F1500 X111.214 Y90.169 E624.99187
G0 F7200 X110.648 Y90.169
G1 F1500 X90.988 Y109.829 E625.45424
G0 F7200 X90.422 Y109.829
G1 F1500 X110.083 Y90.169 E625.91663
G0 F7200 X109.517 Y90.169
G1 F1500 X89.857 Y109.829 E626.379
G0 F7200 X89.291 Y109.829
G1 F1500 X108.951 Y90.169 E626.84137
G0 F7200 X108.386 Y90.169
G1 F1500 X88.725 Y109.829 E627.30376
G0 F7200 X88.159 Y109.829
G1 F1500 X107.82 Y90.169 E627.76614
G0 F7200 X107.254 Y90.169
G1 F1500 X87.594 Y109.829 E628.22851
G0 F7200 X87.028 Y109.829
G1 F1500 X106.688 Y90.169 E628.69089
G0 F7200 X106.123 Y90.169
G1 F1500 X86.462 Y109.829 E629.15327
G0 F7200 X85.897 Y109.829
G1 F1500 X105.557 Y90.169 E629.61565
G0 F7200 X104.991 Y90.169
G1 F1500 X85.331 Y109.829 E630.07802
G0 F7200 X84.765 Y109.829
G1 F1500 X104.426 Y90.169 E630.5404
G0 F7200 X103.86 Y90.169
G1 F1500 X84.67 Y109.359 E630.99172
G0 F7200 X84.67 Y108.794
G1 F1500 X103.294 Y90.169 E631.42974
G0 F7200 X102.729 Y90.169
G1 F1500 X84.67 Y108.228 E631.85446
G0 F7200 X84.67 Y107.662
G1 F1500 X102.163 Y90.169 E632.26587
G0 F7200 X101.597 Y90.169
G1 F1500 X84.67 Y107.096 E632.66397
G0 F7200 X84.67 Y106.531
G1 F1500 X101.032 Y90.169 E633.04878
G0 F7200 X100.466 Y90.169
G1 F1500 X84.67 Y105.965 E633.42027
G0 F7200 X84.67 Y105.399
G1 F1500 X99.9 Y90.169 E633.77846
G0 F7200 X99.335 Y90.169
G1 F1500 X84.67 Y104.834 E634.12336
G0 F7200 X84.67 Y104.268
G1 F1500 X98.769 Y90.169 E634.45495
G0 F7200 X98.203 Y90.169
G1 F1500 X84.613 Y103.759 E634.77456
G0 F7200 X84.048 Y103.759
G1 F1500 X97.638 Y90.169 E635.09418
G0 F7200 X97.072 Y90.169
G1 F1500 X83.482 Y103.759 E635.41379
G0 F7200 X82.916 Y103.759
G1 F1500 X96.506 Y90.169 E635.73341
G0 F7200 X95.94 Y90.169
G1 F1500 X82.351 Y103.759 E636.05301
G0 F7200 X81.785 Y103.759
G1 F1500 X95.375 Y90.169 E636.37263
G0 F7200 X94.809 Y90.169
G1 F1500 X81.219 Y103.759 E636.69225
G0 F7200 X80.654 Y103.759
G1 F1500 X94.243 Y90.169 E637.01185
G0 F7200 X93.678 Y90.169
G1 F1500 X80.088 Y103.759 E637.33147
G0 F7200 X79.522 Y103.759
G1 F1500 X93.112 Y90.169 E637.65108
G0 F7200 X92.546 Y90.169
G1 F1500 X80.785 Y101.93 E637.92768
G0 F7200 X80.369 Y102.346
G1 F1500 X78.956 Y103.759 E637.96091
G0 F7200 X78.41 Y103.74
G1 F1500 X79.233 Y102.917 E637.98027
G0 F7200 X78.558 Y103.026
G1 F1500 X77.901 Y103.683 E637.99572
G0 F7200 X77.431 Y103.587
G1 F1500 X78.04 Y102.978 E638.01004
G0 F7200 X77.592 Y102.861
G1 F1500 X77.01 Y103.442 E638.02372
G0 F7200 X76.639 Y103.248
G1 F1500 X77.176 Y102.711 E638.03635
G0 F7200 X76.837 Y102.484
G1 F1500 X76.289 Y103.032 E638.04924
G0 F7200 X75.982 Y102.774
G1 F1500 X76.508 Y102.248 E638.06161
G0 F7200 X76.219 Y101.971
G1 F1500 X75.697 Y102.493 E638.07389
G0 F7200 X75.444 Y102.181
G1 F1500 X75.992 Y101.633 E638.08677
G0 F7200 X75.772 Y101.287
G1 F1500 X75.237 Y101.821 E638.09934
G0 F7200 X75.04 Y101.453
G1 F1500 X75.621 Y100.872 E638.11301
G0 F7200 X75.541 Y100.386
G1 F1500 X74.905 Y101.022 E638.12797
G0 F7200 X74.801 Y100.561
G1 F1500 X75.473 Y99.889 E638.14377
G0 F7200 X75.609 Y99.187
G1 F1500 X74.751 Y100.045 E638.16395
G0 F7200 X74.813 Y99.417
G1 F1500 X76.239 Y97.991 E638.19749
G0 F7200 X76.295 Y97.935
G1 F1500 X77.93 Y96.3 E638.23594
G0 F7200 X78.556 Y96.24
G1 F1500 X77.703 Y97.093 E638.256
G0 F7200 X78.38 Y96.981
G1 F1500 X79.122 Y96.24 E638.27344
G0 F7200 X79.688 Y96.24
G1 F1500 X78.913 Y97.015 E638.29167
G0 F7200 X79.367 Y97.126
G1 F1500 X80.253 Y96.24 E638.3125
G0 F7200 X80.819 Y96.24
G1 F1500 X79.78 Y97.278 E638.33693
G0 F7200 X80.127 Y97.497
G1 F1500 X81.385 Y96.24 E638.3665
G0 F7200 X81.95 Y96.24
G1 F1500 X80.458 Y97.732 E638.40159
G0 F7200 X80.759 Y97.997
G1 F1500 X82.516 Y96.24 E638.44291
G0 F7200 X83.082 Y96.24
G1 F1500 X80.986 Y98.335 E638.4922
G0 F7200 X81.205 Y98.682
G1 F1500 X83.647 Y96.24 E638.54963
G0 F7200 X84.213 Y96.24
G1 F1500 X81.368 Y99.084 E638.61653
G0 F7200 X81.465 Y99.553
G1 F1500 X90.849 Y90.169 E638.83722
G0 F7200 X90.284 Y90.169
G1 F1500 X84.67 Y95.783 E638.96926
G0 F7200 X84.67 Y95.217
G1 F1500 X89.718 Y90.169 E639.08798
G0 F7200 X89.152 Y90.169
G1 F1500 X84.67 Y94.651 E639.19339
G0 F7200 X84.67 Y94.086
G1 F1500 X88.587 Y90.169 E639.28551
G0 F7200 X88.021 Y90.169
G1 F1500 X84.67 Y93.52 E639.36432
G0 F7200 X84.67 Y92.954
G1 F1500 X87.455 Y90.169 E639.42982
G0 F7200 X86.889 Y90.169
G1 F1500 X84.67 Y92.389 E639.48202
G0 F7200 X84.67 Y91.823
G1 F1500 X86.324 Y90.169 E639.52092
G0 F7200 X85.758 Y90.169
G1 F1500 X84.67 Y91.257 E639.54651
G0 F7200 X84.67 Y90.692
G1 F1500 X85.192 Y90.169 E639.55879
G0 F7200 X91.415 Y90.169
G1 F1500 X81.522 Y100.062 E639.79146
G0 F7200 X81.428 Y100.722
G1 F1500 X91.981 Y90.169 E640.03965
G1 X92.051 Y90.099
G0 F7200 X84.128 Y95.699
G0 X77.168 Y96.496
G1 F1500 X75.026 Y98.639 E640.09004
G1 X74.956 Y98.709
;MESH:NONMESH
G0 F600 X74.956 Y98.709 Z2.5
G0 F7200 X76.152 Y98.98
;TIME_ELAPSED:1235.502793
;LAYER:22
;TYPE:WALL-INNER
;MESH:drax_photo_base.stl
G1 F3000 X75.939 Y99.975 E640.10696
G1 X76.12 Y100.932 E640.12316
G1 X76.664 Y101.784 E640.13997
G1 X77.491 Y102.351 E640.15665
G1 X78.145 Y102.517 E640.16787
G1 X78.499 Y102.554 E640.17379
G1 X79.005 Y102.503 E640.18224
G1 X79.546 Y102.326 E640.19171
G1 X80.296 Y101.824 E640.20672
G1 X80.824 Y101.049 E640.22231
G1 X81.003 Y100.505 E640.23184
G1 X81.054 Y100 E640.24028
G1 X81.003 Y99.495 E640.24872
G1 X80.826 Y98.954 E640.25819
G1 X80.324 Y98.204 E640.27319
G1 X79.549 Y97.676 E640.28879
G1 X79.005 Y97.497 E640.29831
G1 X78.5 Y97.446 E640.30675
G1 X78.001 Y97.497 E640.3151
G1 X77.48 Y97.655 E640.32415
G1 X76.732 Y98.159 E640.33915
G1 X76.152 Y98.98 E640.35587
G0 F7200 X76.061 Y98.94
G0 X76.705 Y98.131
G0 X77.463 Y97.619
G0 X84.17 Y95.78
G0 X84.1 Y95.71
G1 F3000 X84.1 Y89.6 E640.45748
G1 X115.9 Y89.6 E640.98631
G1 X115.9 Y95.709 E641.0879
G1 X121.471 Y95.709 E641.18055
G1 X122.262 Y95.787 E641.19377
G1 X123.07 Y96.017 E641.20774
G1 X123.842 Y96.414 E641.22218
G1 X124.182 Y96.65 E641.22906
G1 X124.494 Y96.929 E641.23602
G1 X124.834 Y97.303 E641.24443
G1 X125.059 Y97.605 E641.25069
G1 X125.333 Y98.085 E641.25988
G1 X125.65 Y98.966 E641.27545
G1 X125.777 Y99.927 E641.29157
G1 X125.711 Y100.767 E641.30558
G1 X125.483 Y101.57 E641.31947
G1 X125.086 Y102.342 E641.3339
G1 X124.85 Y102.682 E641.34078
G1 X124.571 Y102.994 E641.34775
G1 X124.194 Y103.338 E641.35623
G1 X123.893 Y103.561 E641.36246
G1 X123.397 Y103.845 E641.37197
G1 X123.155 Y103.958 E641.37641
G1 X122.523 Y104.159 E641.38744
G1 X121.466 Y104.29 E641.40515
G1 X116.915 Y104.29 E641.48083
G1 X115.9 Y104.323 E641.49772
G1 X115.9 Y110.4 E641.59878
G1 X84.1 Y110.4 E642.12762
G1 X84.1 Y104.291 E642.22921
G1 X78.539 Y104.29 E642.32169
G1 X77.619 Y104.188 E642.33709
G1 X76.858 Y103.96 E642.3503
G1 X76.121 Y103.565 E642.3642
G1 X75.456 Y103.021 E642.37849
G1 X75.151 Y102.68 E642.3861
G1 X74.904 Y102.326 E642.39328
G1 X74.539 Y101.643 E642.40616
G1 X74.295 Y100.836 E642.42018
G1 X74.213 Y100 E642.43415
G1 X74.321 Y99.05 E642.45005
G1 X74.643 Y98.127 E642.4663
G1 X74.93 Y97.626 E642.4759
G1 X75.479 Y96.956 E642.49031
G1 X75.82 Y96.651 E642.49792
G1 X76.173 Y96.404 E642.50508
G1 X76.857 Y96.039 E642.51798
G1 X77.664 Y95.795 E642.532
G1 X78.529 Y95.71 E642.54645
G1 X84.1 Y95.71 E642.6391
G0 F7200 X84.17 Y95.78
G0 X119.634 Y98.106
G0 X119.704 Y98.176
G1 F3000 X119.176 Y98.951 E642.65469
G1 X118.997 Y99.495 E642.66422
G1 X118.946 Y100 E642.67266
G1 X118.997 Y100.505 E642.6811
G1 X119.174 Y101.046 E642.69056
G1 X119.676 Y101.796 E642.70557
G1 X120.451 Y102.324 E642.72117
G1 X120.995 Y102.503 E642.73069
G1 X121.5 Y102.554 E642.73913
G1 X122.005 Y102.503 E642.74757
G1 X122.546 Y102.326 E642.75704
G1 X123.296 Y101.824 E642.77205
G1 X123.824 Y101.049 E642.78764
G1 X124.003 Y100.505 E642.79717
G1 X124.054 Y100 E642.80561
G1 X124.003 Y99.495 E642.81405
G1 X123.826 Y98.954 E642.82351
G1 X123.324 Y98.204 E642.83852
G1 X122.549 Y97.676 E642.85412
G1 X122.005 Y97.497 E642.86364
G1 X121.5 Y97.446 E642.87208
G1 X120.995 Y97.497 E642.88052
G1 X120.454 Y97.674 E642.88999
G1 X119.704 Y98.176 E642.905
G0 F7200 X119.991 Y98.465
;TYPE:WALL-OUTER
G1 F1500 X119.538 Y99.129 E642.91837
G1 X119.391 Y99.578 E642.92622
G1 X119.348 Y100 E642.93328
G1 X119.391 Y100.422 E642.94033
G1 X119.537 Y100.869 E642.94815
G1 X119.965 Y101.509 E642.96096
G1 X120.629 Y101.962 E642.97432
G1 X121.078 Y102.109 E642.98218
G1 X121.5 Y102.152 E642.98923
G1 X121.922 Y102.109 E642.99629
G1 X122.369 Y101.963 E643.00411
G1 X123.009 Y101.535 E643.01691
G1 X123.462 Y100.871 E643.03028
G1 X123.609 Y100.422 E643.03814
G1 X123.652 Y100 E643.04519
G1 X123.609 Y99.578 E643.05225
G1 X123.463 Y99.131 E643.06007
G1 X123.035 Y98.491 E643.07287
G1 X122.371 Y98.038 E643.08624
G1 X121.922 Y97.891 E643.09409
G1 X121.5 Y97.848 E643.10115
G1 X121.078 Y97.891 E643.1082
G1 X120.631 Y98.037 E643.11602
G1 X119.991 Y98.465 E643.12883
G0 F7200 X119.879 Y98.63
G0 X119.467 Y98.348
G0 X84.2 Y95.31
G0 X83.7 Y95.31
G1 F1500 X83.7 Y89.2 E643.23044
G1 X116.3 Y89.2 E643.77258
G1 X116.3 Y95.309 E643.87417
G1 X121.49 Y95.309 E643.96048
G1 X122.338 Y95.393 E643.97465
G1 X123.218 Y95.643 E643.98986
G1 X124.047 Y96.069 E644.00536
G1 X124.426 Y96.333 E644.01305
G1 X124.779 Y96.648 E644.02091
G1 X125.145 Y97.05 E644.02995
G1 X125.396 Y97.387 E644.03694
G1 X125.696 Y97.914 E644.04703
G1 X126.042 Y98.873 E644.06398
G1 X126.179 Y99.915 E644.08146
G1 X126.107 Y100.838 E644.09685
G1 X125.857 Y101.718 E644.11207
G1 X125.431 Y102.547 E644.12757
G1 X125.167 Y102.926 E644.13525
G1 X124.852 Y103.279 E644.14312
G1 X124.451 Y103.645 E644.15215
G1 X124.113 Y103.896 E644.15915
G1 X123.577 Y104.202 E644.16941
G1 X123.303 Y104.331 E644.17445
G1 X122.607 Y104.552 E644.18659
G1 X121.491 Y104.69 E644.20529
G1 X116.921 Y104.69 E644.28129
G1 X116.3 Y104.71 E644.29162
G1 X116.3 Y110.8 E644.3929
G1 X83.7 Y110.8 E644.93504
G1 X83.7 Y104.691 E645.03663
G1 X78.513 Y104.69 E645.1229
G1 X77.542 Y104.582 E645.13914
G1 X76.702 Y104.331 E645.15372
G1 X75.899 Y103.901 E645.16887
G1 X75.178 Y103.31 E645.18437
G1 X74.837 Y102.929 E645.19288
G1 X74.563 Y102.537 E645.20083
G1 X74.167 Y101.795 E645.21482
G1 X73.901 Y100.916 E645.23009
G1 X73.811 Y100 E645.2454
G1 X73.929 Y98.957 E645.26285
G1 X74.277 Y97.962 E645.28038
G1 X74.599 Y97.399 E645.29117
G1 X75.19 Y96.678 E645.30667
G1 X75.571 Y96.337 E645.31517
G1 X75.963 Y96.063 E645.32313
G1 X76.705 Y95.667 E645.33712
G1 X77.584 Y95.401 E645.35239
G1 X78.51 Y95.31 E645.36786
G1 X83.7 Y95.31 E645.45417
G0 F7200 X83.7 Y95.11
G0 X84.2 Y95.11
G0 X77.463 Y97.619
G0 X76.781 Y98.079
G0 X76.119 Y98.856
G0 X76.526 Y99.144
G1 F1500 X76.347 Y99.98 E645.46839
G1 X76.499 Y100.782 E645.48196
G1 X76.957 Y101.5 E645.49613
G1 X77.658 Y101.981 E645.51026
G1 X78.215 Y102.122 E645.51982
G1 X78.5 Y102.152 E645.52459
G1 X78.922 Y102.109 E645.53164
G1 X79.369 Y101.963 E645.53946
G1 X80.009 Y101.535 E645.55226
G1 X80.462 Y100.871 E645.56563
G1 X80.609 Y100.422 E645.57349
G1 X80.652 Y100 E645.58054
G1 X80.609 Y99.578 E645.5876
G1 X80.463 Y99.131 E645.59542
G1 X80.035 Y98.491 E645.60822
G1 X79.371 Y98.038 E645.62159
G1 X78.922 Y97.891 E645.62944
G1 X78.5 Y97.848 E645.6365
G1 X78.08 Y97.891 E645.64352
G1 X77.654 Y98.02 E645.65092
G1 X77.016 Y98.45 E645.66372
G1 X76.526 Y99.144 E645.67785
G0 F7200 X76.485 Y99.339
G0 X75.787 Y98.82
;TYPE:SKIN
G1 F1500 X75.541 Y99.971 E645.69742
G1 X75.751 Y101.078 E645.71616
G1 X76.378 Y102.061 E645.73555
G1 X77.328 Y102.712 E645.7547
G1 X78.077 Y102.902 E645.76755
G1 X78.499 Y102.946 E645.7746
G1 X79.086 Y102.887 E645.78442
G1 X79.718 Y102.68 E645.79548
G1 X80.575 Y102.106 E645.81263
G1 X81.177 Y101.223 E645.8304
G1 X81.387 Y100.587 E645.84154
G1 X81.446 Y100 E645.85135
G1 X81.387 Y99.414 E645.86114
G1 X81.18 Y98.782 E645.8722
G1 X80.606 Y97.925 E645.88936
G1 X79.723 Y97.323 E645.90713
G1 X79.087 Y97.113 E645.91827
G1 X78.5 Y97.054 E645.92808
G1 X77.923 Y97.113 E645.93773
G1 X77.31 Y97.298 E645.94837
G1 X76.455 Y97.876 E645.96554
G1 X75.787 Y98.82 E645.98477
G0 F7200 X74.705 Y99.134
G1 F1500 X74.998 Y98.292 E645.99959
G1 X75.254 Y97.846 E646.00815
G1 X75.761 Y97.227 E646.02145
G1 X76.061 Y96.959 E646.02814
G1 X76.384 Y96.733 E646.0347
G1 X77.006 Y96.401 E646.04642
G1 X77.739 Y96.179 E646.05916
G1 X78.548 Y96.1 E646.07268
G1 X84.49 Y96.1 E646.17149
G1 X84.49 Y89.99 E646.2731
G1 X115.51 Y89.99 E646.78897
G1 X115.51 Y96.099 E646.89056
G1 X121.452 Y96.099 E646.98938
G1 X122.189 Y96.171 E647.00169
G1 X122.926 Y96.381 E647.01444
G1 X123.644 Y96.75 E647.02786
G1 X123.935 Y96.953 E647.03376
G1 X124.215 Y97.203 E647.04
G1 X124.542 Y97.563 E647.04809
G1 X124.729 Y97.814 E647.0533
G1 X124.977 Y98.25 E647.06164
G1 X125.27 Y99.061 E647.07598
G1 X125.385 Y99.938 E647.09069
G1 X125.327 Y100.694 E647.1033
G1 X125.119 Y101.426 E647.11595
G1 X124.75 Y102.144 E647.12938
G1 X124.547 Y102.435 E647.13528
G1 X124.292 Y102.721 E647.14165
G1 X123.949 Y103.034 E647.14937
G1 X123.677 Y103.235 E647.155
G1 X123.217 Y103.498 E647.16381
G1 X123.014 Y103.594 E647.16754
G1 X122.438 Y103.777 E647.17759
G1 X121.442 Y103.9 E647.19428
G1 X116.909 Y103.9 E647.26967
G1 X115.51 Y103.945 E647.29294
G1 X115.51 Y110.01 E647.39381
G1 X84.49 Y110.01 E647.90967
G1 X84.49 Y103.901 E648.01126
G1 X78.564 Y103.9 E648.10981
G1 X77.697 Y103.804 E648.12432
G1 X77.002 Y103.596 E648.13638
G1 X76.342 Y103.242 E648.14884
G1 X75.727 Y102.739 E648.16205
G1 X75.457 Y102.436 E648.1688
G1 X75.234 Y102.116 E648.17529
G1 X74.901 Y101.495 E648.18701
G1 X74.679 Y100.761 E648.19976
G1 X74.605 Y100.006 E648.21237
G1 X74.705 Y99.134 E648.22697
G0 F7200 X77.463 Y97.619
G0 X78.28 Y97.43
G0 X118.554 Y100
G1 F1500 X118.613 Y100.586 E648.23677
G1 X118.82 Y101.218 E648.24782
G1 X119.394 Y102.075 E648.26498
G1 X120.277 Y102.677 E648.28275
G1 X120.913 Y102.887 E648.29389
G1 X121.5 Y102.946 E648.3037
G1 X122.086 Y102.887 E648.31349
G1 X122.718 Y102.68 E648.32455
G1 X123.575 Y102.106 E648.34171
G1 X124.177 Y101.223 E648.35948
G1 X124.387 Y100.587 E648.37062
G1 X124.446 Y100 E648.38043
G1 X124.387 Y99.414 E648.39022
G1 X124.18 Y98.782 E648.40128
G1 X123.606 Y97.925 E648.41844
G1 X122.723 Y97.323 E648.43621
G1 X122.087 Y97.113 E648.44735
G1 X121.5 Y97.054 E648.45716
G1 X120.914 Y97.113 E648.46695
G1 X120.282 Y97.32 E648.47801
G1 X119.425 Y97.894 E648.49517
G1 X118.823 Y98.777 E648.51294
G1 X118.613 Y99.413 E648.52408
G1 X118.554 Y100 E648.53389
G0 F7200 X119.141 Y98.934
G0 X119.676 Y98.148
G0 X120.437 Y97.639
G0 X123.429 Y96.842
G1 F1500 X124.679 Y98.091 E648.56327
G1 X124.749 Y98.161
G0 F7200 X124.432 Y98.976
G1 F1500 X125.174 Y99.718 E648.58072
G0 F7200 X125.177 Y100.287
G1 F1500 X124.596 Y99.706 E648.59439
G0 F7200 X124.597 Y100.273
G1 F1500 X125.114 Y100.789 E648.60654
G0 F7200 X124.988 Y101.229
G1 F1500 X124.518 Y100.759 E648.61759
G0 F7200 X124.377 Y101.184
G1 F1500 X124.815 Y101.622 E648.62789
G0 F7200 X124.623 Y101.995
G1 F1500 X124.172 Y101.544 E648.6385
G0 F7200 X123.943 Y101.881
G1 F1500 X124.395 Y102.333 E648.64913
G0 F7200 X124.124 Y102.628
G1 F1500 X123.713 Y102.217 E648.65879
G0 F7200 X123.38 Y102.45
G1 F1500 X123.828 Y102.898 E648.66933
G0 F7200 X123.494 Y103.13
G1 F1500 X123.042 Y102.677 E648.67997
G0 F7200 X122.68 Y102.881
G1 F1500 X123.135 Y103.336 E648.69067
G0 F7200 X122.728 Y103.494
G1 F1500 X122.254 Y103.021 E648.70181
G0 F7200 X121.768 Y103.1
G1 F1500 X122.282 Y103.615 E648.71391
G0 F7200 X121.779 Y103.677
G1 F1500 X121.199 Y103.097 E648.72755
G0 F7200 X121.256 Y103.719
G1 F1500 X120.465 Y102.929 E648.74614
G1 X120.395 Y102.859
G0 F7200 X120.69 Y103.719
G1 F1500 X107.14 Y90.17 E649.06481
G0 F7200 X106.575 Y90.17
G1 F1500 X120.124 Y103.719 E649.38346
G0 F7200 X119.559 Y103.719
G1 F1500 X106.009 Y90.17 E649.70212
G0 F7200 X105.443 Y90.17
G1 F1500 X118.993 Y103.719 E650.02078
G0 F7200 X118.427 Y103.719
G1 F1500 X104.878 Y90.17 E650.33944
G0 F7200 X104.312 Y90.17
G1 F1500 X117.861 Y103.719 E650.65809
G0 F7200 X117.296 Y103.719
G1 F1500 X103.746 Y90.17 E650.97675
G0 F7200 X103.181 Y90.17
G1 F1500 X116.736 Y103.725 E651.29554
G0 F7200 X116.187 Y103.742
G1 F1500 X102.615 Y90.17 E651.61474
G0 F7200 X102.049 Y90.17
G1 F1500 X115.639 Y103.76 E651.93435
G0 F7200 X115.329 Y104.016
G1 F1500 X101.483 Y90.17 E652.25999
G0 F7200 X100.918 Y90.17
G1 F1500 X115.329 Y104.581 E652.59891
G0 F7200 X115.329 Y105.147
G1 F1500 X100.352 Y90.17 E652.95115
G0 F7200 X99.786 Y90.17
G1 F1500 X115.329 Y105.713 E653.3167
G0 F7200 X115.329 Y106.278
G1 F1500 X99.221 Y90.17 E653.69553
G0 F7200 X98.655 Y90.17
G1 F1500 X115.329 Y106.844 E654.08768
G0 F7200 X115.329 Y107.41
G1 F1500 X98.089 Y90.17 E654.49314
G0 F7200 X97.524 Y90.17
G1 F1500 X115.329 Y107.975 E654.91188
G0 F7200 X115.329 Y108.541
G1 F1500 X96.958 Y90.17 E655.34394
G0 F7200 X96.392 Y90.17
G1 F1500 X115.329 Y109.107 E655.78931
G0 F7200 X115.329 Y109.672
G1 F1500 X95.827 Y90.17 E656.24797
G0 F7200 X95.261 Y90.17
G1 F1500 X114.92 Y109.829 E656.71032
G0 F7200 X114.354 Y109.829
G1 F1500 X94.695 Y90.17 E657.17267
G0 F7200 X94.13 Y90.17
G1 F1500 X113.789 Y109.829 E657.63502
G0 F7200 X113.223 Y109.829
G1 F1500 X93.564 Y90.17 E658.09737
G0 F7200 X92.998 Y90.17
G1 F1500 X112.657 Y109.829 E658.55972
G0 F7200 X112.091 Y109.829
G1 F1500 X92.432 Y90.17 E659.02207
G0 F7200 X91.867 Y90.17
G1 F1500 X111.526 Y109.829 E659.48442
G0 F7200 X110.96 Y109.829
G1 F1500 X91.301 Y90.17 E659.94676
G0 F7200 X90.735 Y90.17
G1 F1500 X110.394 Y109.829 E660.40911
G0 F7200 X109.829 Y109.829
G1 F1500 X90.17 Y90.17 E660.87146
G0 F7200 X89.604 Y90.17
G1 F1500 X109.263 Y109.829 E661.33381
G0 F7200 X108.697 Y109.829
G1 F1500 X89.038 Y90.17 E661.79616
G0 F7200 X88.473 Y90.17
G1 F1500 X108.132 Y109.829 E662.25851
G0 F7200 X107.566 Y109.829
G1 F1500 X87.907 Y90.17 E662.72086
G0 F7200 X87.341 Y90.17
G1 F1500 X107 Y109.829 E663.18321
G0 F7200 X106.435 Y109.829
G1 F1500 X86.776 Y90.17 E663.64556
G0 F7200 X86.21 Y90.17
G1 F1500 X105.869 Y109.829 E664.10791
G0 F7200 X105.303 Y109.829
G1 F1500 X85.644 Y90.17 E664.57026
G0 F7200 X85.079 Y90.17
G1 F1500 X104.738 Y109.829 E665.03261
G0 F7200 X104.172 Y109.829
G1 F1500 X84.669 Y90.326 E665.49129
G0 F7200 X84.669 Y90.892
G1 F1500 X103.606 Y109.829 E665.93666
G0 F7200 X103.041 Y109.829
G1 F1500 X84.669 Y91.457 E666.36874
G0 F7200 X84.669 Y92.023
G1 F1500 X102.475 Y109.829 E666.78751
G0 F7200 X101.909 Y109.829
G1 F1500 X84.669 Y92.589 E667.19297
G0 F7200 X84.669 Y93.154
G1 F1500 X101.343 Y109.829 E667.58513
G0 F7200 X100.778 Y109.829
G1 F1500 X84.669 Y93.72 E667.96399
G0 F7200 X84.669 Y94.286
G1 F1500 X100.212 Y109.829 E668.32953
G0 F7200 X99.646 Y109.829
G1 F1500 X84.669 Y94.852 E668.68177
G0 F7200 X84.669 Y95.417
G1 F1500 X99.081 Y109.829 E669.02072
G0 F7200 X98.515 Y109.829
G1 F1500 X84.669 Y95.983 E669.34636
G0 F7200 X84.399 Y96.278
G1 F1500 X97.949 Y109.829 E669.66504
G0 F7200 X97.384 Y109.829
G1 F1500 X83.833 Y96.278 E669.98374
G0 F7200 X83.268 Y96.278
G1 F1500 X96.818 Y109.829 E670.30243
G0 F7200 X96.252 Y109.829
G1 F1500 X82.702 Y96.278 E670.62111
G0 F7200 X82.136 Y96.278
G1 F1500 X95.687 Y109.829 E670.93981
G0 F7200 X95.121 Y109.829
G1 F1500 X81.571 Y96.278 E671.2585
G0 F7200 X81.005 Y96.278
G1 F1500 X94.555 Y109.829 E671.57719
G0 F7200 X93.99 Y109.829
G1 F1500 X80.439 Y96.278 E671.89589
G0 F7200 X79.874 Y96.278
G1 F1500 X93.424 Y109.829 E672.21457
G0 F7200 X92.858 Y109.829
G1 F1500 X79.308 Y96.278 E672.53326
G0 F7200 X78.742 Y96.278
G1 F1500 X79.533 Y97.07 E672.55188
G0 F7200 X78.799 Y96.901
G1 F1500 X78.21 Y96.312 E672.56573
G0 F7200 X77.707 Y96.375
G1 F1500 X78.231 Y96.899 E672.57805
G0 F7200 X77.744 Y96.977
G1 F1500 X77.273 Y96.506 E672.58913
G0 F7200 X76.874 Y96.673
G1 F1500 X77.31 Y97.109 E672.59938
G0 F7200 X76.955 Y97.319
G1 F1500 X76.506 Y96.87 E672.60994
G0 F7200 X76.171 Y97.102
G1 F1500 X76.617 Y97.548 E672.62043
G0 F7200 X76.295 Y97.791
G1 F1500 X75.875 Y97.371 E672.63031
G0 F7200 X75.62 Y97.682
G1 F1500 X76.06 Y98.122 E672.64066
G0 F7200 X75.825 Y98.453
G1 F1500 X75.371 Y97.999 E672.65133
G0 F7200 X75.166 Y98.359
G1 F1500 X75.607 Y98.8 E672.66171
G0 F7200 X75.507 Y99.266
G1 F1500 X75.019 Y98.778 E672.67318
G0 F7200 X74.878 Y99.202
G1 F1500 X75.407 Y99.732 E672.68564
G0 F7200 X75.423 Y100.313
G1 F1500 X74.819 Y99.709 E672.69984
G0 F7200 X74.81 Y100.266
G1 F1500 X75.555 Y101.011 E672.71736
G0 F7200 X74.92 Y100.942
G1 F1500 X77.549 Y103.571 E672.77919
G0 F7200 X77.48 Y102.936
G1 F1500 X78.223 Y103.679 E672.79667
G0 F7200 X78.205 Y103.095
G1 F1500 X78.828 Y103.719 E672.81133
G0 F7200 X79.394 Y103.719
G1 F1500 X78.774 Y103.098 E672.82592
G0 F7200 X79.261 Y103.019
G1 F1500 X79.96 Y103.719 E672.84238
G0 F7200 X80.526 Y103.719
G1 F1500 X79.685 Y102.879 E672.86214
G0 F7200 X80.047 Y102.674
G1 F1500 X81.091 Y103.719 E672.88671
G0 F7200 X81.658 Y103.719
G1 F1500 X80.386 Y102.447 E672.91662
G0 F7200 X80.717 Y102.213
G1 F1500 X82.223 Y103.719 E672.95204
G0 F7200 X82.789 Y103.719
G1 F1500 X80.946 Y101.877 E672.99537
G0 F7200 X81.176 Y101.541
G1 F1500 X83.355 Y103.719 E673.04661
G0 F7200 X83.92 Y103.719
G1 F1500 X81.38 Y101.179 E673.10635
G0 F7200 X81.52 Y100.754
G1 F1500 X84.486 Y103.719 E673.17609
G0 F7200 X84.669 Y103.902
G1 F1500 X90.595 Y109.829 E673.31547
G0 F7200 X90.03 Y109.829
G1 F1500 X84.669 Y104.468 E673.44156
G0 F7200 X84.669 Y105.034
G1 F1500 X89.464 Y109.829 E673.55433
G0 F7200 X88.898 Y109.829
G1 F1500 X84.669 Y105.6 E673.65379
G0 F7200 X84.669 Y106.165
G1 F1500 X88.333 Y109.829 E673.73996
G0 F7200 X87.767 Y109.829
G1 F1500 X84.669 Y106.731 E673.81282
G0 F7200 X84.669 Y107.297
G1 F1500 X87.201 Y109.829 E673.87237
G0 F7200 X86.636 Y109.829
G1 F1500 X84.669 Y107.862 E673.91863
G0 F7200 X84.669 Y108.428
G1 F1500 X86.07 Y109.829 E673.95158
G0 F7200 X85.504 Y109.829
G1 F1500 X84.669 Y108.994 E673.97121
G0 F7200 X84.669 Y109.559
G1 F1500 X84.939 Y109.829 E673.97756
G0 F7200 X91.161 Y109.829
G1 F1500 X81.599 Y100.267 E674.20245
G0 F7200 X81.596 Y99.698
G1 F1500 X91.727 Y109.829 E674.44071
G0 F7200 X92.292 Y109.829
G1 F1500 X81.429 Y98.965 E674.69621
G1 X81.359 Y98.895
G0 F7200 X81.042 Y100.513
G0 X80.324 Y101.852
G0 X79.563 Y102.361
G0 X76.575 Y103.162
G1 F1500 X75.334 Y101.921 E674.72539
G1 X75.264 Y101.851
G0 F7200 X78.138 Y102.556
G0 X79.013 Y102.542
G0 X107.706 Y90.17
G1 F1500 X118.569 Y101.033 E674.98087
G0 F7200 X118.402 Y100.3
G1 F1500 X108.272 Y90.17 E675.21912
G0 F7200 X108.837 Y90.17
G1 F1500 X118.4 Y99.732 E675.44401
G0 F7200 X118.478 Y99.245
G1 F1500 X115.512 Y96.278 E675.51378
G0 F7200 X115.329 Y96.096
G1 F1500 X109.403 Y90.17 E675.65315
G0 F7200 X109.969 Y90.17
G1 F1500 X115.329 Y95.53 E675.77921
G0 F7200 X115.329 Y94.965
G1 F1500 X110.534 Y90.17 E675.89198
G0 F7200 X111.1 Y90.17
G1 F1500 X115.329 Y94.399 E675.99144
G0 F7200 X115.329 Y93.833
G1 F1500 X111.666 Y90.17 E676.07759
G0 F7200 X112.231 Y90.17
G1 F1500 X115.329 Y93.268 E676.15045
G0 F7200 X115.329 Y92.702
G1 F1500 X112.797 Y90.17 E676.21
G0 F7200 X113.363 Y90.17
G1 F1500 X115.329 Y92.136 E676.25623
G0 F7200 X115.329 Y91.571
G1 F1500 X113.929 Y90.17 E676.28917
G0 F7200 X114.494 Y90.17
G1 F1500 X115.329 Y91.005 E676.30881
G0 F7200 X115.329 Y90.439
G1 F1500 X115.06 Y90.17 E676.31514
G0 F7200 X115.872 Y95.737
G0 X116.077 Y96.278
G1 F1500 X118.618 Y98.819 E676.3749
G0 F7200 X118.822 Y98.458
G1 F1500 X116.643 Y96.278 E676.42615
G0 F7200 X117.209 Y96.278
G1 F1500 X119.052 Y98.122 E676.46951
G0 F7200 X119.281 Y97.785
G1 F1500 X117.774 Y96.278 E676.50495
G0 F7200 X118.34 Y96.278
G1 F1500 X119.613 Y97.551 E676.53489
G0 F7200 X119.952 Y97.324
G1 F1500 X118.906 Y96.278 E676.55949
G0 F7200 X119.472 Y96.278
G1 F1500 X120.313 Y97.12 E676.57928
G0 F7200 X120.738 Y96.979
G1 F1500 X120.037 Y96.278 E676.59577
G0 F7200 X120.603 Y96.278
G1 F1500 X121.224 Y96.9 E676.61039
G0 F7200 X121.792 Y96.902
G1 F1500 X121.169 Y96.278 E676.62505
G0 F7200 X121.766 Y96.31
G1 F1500 X122.523 Y97.067 E676.64285
G0 F7200 X122.455 Y96.433
G1 F1500 X125.076 Y99.055 E676.70451
G1 X125.146 Y99.125
;MESH:NONMESH
G0 F600 X125.146 Y99.125 Z2.6
G0 F7200 X122.566 Y97.641
G0 X121.5 Y97.406
G0 X78.499 Y102.594
G0 X77.578 Y102.408
G0 X76.576 Y101.837
;TIME_ELAPSED:1325.822724
;LAYER:23
;TYPE:WALL-INNER
;MESH:drax_photo_base.stl
G1 F3000 X77.427 Y102.432 E676.72178
G1 X77.979 Y102.603 E676.73139
G1 X78.5 Y102.654 E676.74009
G1 X79.029 Y102.601 E676.74893
G1 X79.612 Y102.402 E676.75918
G1 X80.358 Y101.904 E676.77409
G1 X80.9 Y101.118 E676.78997
G1 X81.103 Y100.529 E676.80033
G1 X81.154 Y100 E676.80917
G1 X81.101 Y99.471 E676.81801
G1 X80.902 Y98.888 E676.82826
G1 X80.404 Y98.142 E676.84317
G1 X79.618 Y97.6 E676.85905
G1 X79.029 Y97.397 E676.86941
G1 X78.499 Y97.346 E676.87827
G1 X77.98 Y97.398 E676.88694
G1 X77.434 Y97.568 E676.89645
G1 X76.744 Y98.029 E676.91025
G1 X76.566 Y98.187 E676.91421
G1 X76.069 Y98.929 E676.92906
G1 X75.839 Y99.957 E676.94658
G1 X76.018 Y100.938 E676.96316
G1 X76.576 Y101.837 E676.98076
G0 F7200 X76.504 Y101.905
G0 X77.41 Y102.467
G0 X78.5 Y102.694
G0 X79.629 Y102.437
G0 X80.386 Y101.932
G0 X84.17 Y95.843
G0 X84.1 Y95.773
G1 F3000 X84.1 Y89.6 E677.08341
G1 X115.9 Y89.6 E677.61225
G1 X115.9 Y95.772 E677.71489
G1 X121.471 Y95.772 E677.80754
G1 X122.325 Y95.856 E677.82181
G1 X123.117 Y96.096 E677.83557
G1 X123.854 Y96.491 E677.84948
G1 X124.268 Y96.814 E677.85821
G1 X124.612 Y97.152 E677.86623
G1 X125.015 Y97.654 E677.87693
G1 X125.301 Y98.153 E677.8865
G1 X125.619 Y99.064 E677.90255
G1 X125.725 Y100 E677.91821
G1 X125.644 Y100.825 E677.932
G1 X125.404 Y101.617 E677.94576
G1 X125.009 Y102.354 E677.95967
G1 X124.686 Y102.768 E677.9684
G1 X124.348 Y103.112 E677.97642
G1 X123.846 Y103.515 E677.98712
G1 X123.338 Y103.806 E677.99686
G1 X122.842 Y103.991 E678.00566
G1 X122.453 Y104.116 E678.01246
G1 X121.461 Y104.227 E678.02906
G1 X115.9 Y104.228 E678.12154
G1 X115.9 Y110.4 E678.22418
G1 X84.1 Y110.4 E678.75301
G1 X84.1 Y104.228 E678.85566
G1 X78.539 Y104.227 E678.94813
G1 X77.547 Y104.116 E678.96473
G1 X76.888 Y103.905 E678.97624
G1 X76.345 Y103.623 E678.98642
G1 X75.985 Y103.391 E678.99354
G1 X75.504 Y102.978 E679.00408
G1 X75.198 Y102.638 E679.01169
G1 X74.996 Y102.359 E679.01742
G1 X74.597 Y101.614 E679.03147
G1 X74.357 Y100.824 E679.0452
G1 X74.276 Y100 E679.05897
G1 X74.382 Y99.061 E679.07469
G1 X74.699 Y98.158 E679.0906
G1 X74.986 Y97.655 E679.10023
G1 X75.388 Y97.151 E679.11095
G1 X75.73 Y96.816 E679.11892
G1 X76.145 Y96.493 E679.12766
G1 X76.886 Y96.097 E679.14163
G1 X77.676 Y95.857 E679.15536
G1 X78.527 Y95.773 E679.16959
G1 X84.1 Y95.773 E679.26226
G0 F7200 X84.17 Y95.843
G0 X119.572 Y98.025
G0 X119.642 Y98.096
G1 F3000 X119.1 Y98.882 E679.27814
G1 X118.897 Y99.471 E679.2885
G1 X118.846 Y100 E679.29734
G1 X118.899 Y100.529 E679.30618
G1 X119.098 Y101.112 E679.31643
G1 X119.596 Y101.858 E679.33134
G1 X120.382 Y102.4 E679.34722
G1 X120.971 Y102.603 E679.35758
G1 X121.5 Y102.654 E679.36642
G1 X122.029 Y102.601 E679.37526
G1 X122.612 Y102.402 E679.38551
G1 X123.358 Y101.904 E679.40042
G1 X123.9 Y101.118 E679.4163
G1 X124.103 Y100.529 E679.42666
G1 X124.154 Y100 E679.4355
G1 X124.101 Y99.471 E679.44434
G1 X123.902 Y98.888 E679.45458
G1 X123.404 Y98.142 E679.4695
G1 X122.618 Y97.6 E679.48538
G1 X122.029 Y97.397 E679.49574
G1 X121.5 Y97.346 E679.50458
G1 X120.971 Y97.399 E679.51342
G1 X120.388 Y97.598 E679.52366
G1 X119.642 Y98.096 E679.53858
G0 F7200 X119.928 Y98.386
;TYPE:WALL-OUTER
G1 F1500 X119.46 Y99.064 E679.55228
G1 X119.291 Y99.556 E679.56093
G1 X119.248 Y100 E679.56835
G1 X119.292 Y100.443 E679.57575
G1 X119.46 Y100.933 E679.58437
G1 X119.886 Y101.572 E679.59714
G1 X120.564 Y102.04 E679.61084
G1 X121.056 Y102.209 E679.61949
G1 X121.5 Y102.252 E679.62691
G1 X121.943 Y102.208 E679.63431
G1 X122.433 Y102.04 E679.64293
G1 X123.072 Y101.614 E679.6557
G1 X123.54 Y100.936 E679.6694
G1 X123.709 Y100.444 E679.67805
G1 X123.752 Y100 E679.68547
G1 X123.708 Y99.557 E679.69287
G1 X123.54 Y99.067 E679.70149
G1 X123.114 Y98.428 E679.71426
G1 X122.436 Y97.96 E679.72796
G1 X121.944 Y97.791 E679.73661
G1 X121.5 Y97.748 E679.74403
G1 X121.057 Y97.792 E679.75143
G1 X120.567 Y97.96 E679.76004
G1 X119.928 Y98.386 E679.77282
G0 F7200 X119.815 Y98.55
G0 X119.404 Y98.266
G0 X84.2 Y95.373
G0 X83.7 Y95.373
G1 F1500 X83.7 Y89.2 E679.87547
G1 X116.3 Y89.2 E680.41761
G1 X116.3 Y95.372 E680.52025
G1 X121.49 Y95.372 E680.60656
G1 X122.405 Y95.462 E680.62185
G1 X123.272 Y95.725 E680.63692
G1 X124.069 Y96.152 E680.65196
G1 X124.536 Y96.516 E680.6618
G1 X124.907 Y96.88 E680.67045
G1 X125.347 Y97.429 E680.68215
G1 X125.667 Y97.988 E680.69286
G1 X126.011 Y98.971 E680.71018
G1 X126.127 Y100 E680.7274
G1 X126.038 Y100.905 E680.74252
G1 X125.775 Y101.772 E680.75759
G1 X125.348 Y102.569 E680.77263
G1 X124.984 Y103.036 E680.78247
G1 X124.62 Y103.407 E680.79112
G1 X124.071 Y103.847 E680.80282
G1 X123.507 Y104.17 E680.81363
G1 X122.978 Y104.368 E680.82302
G1 X122.535 Y104.51 E680.83076
G1 X121.487 Y104.627 E680.84829
G1 X116.3 Y104.628 E680.93455
G1 X116.3 Y110.8 E681.03719
G1 X83.7 Y110.8 E681.57933
G1 X83.7 Y104.628 E681.68197
G1 X78.513 Y104.627 E681.76823
G1 X77.465 Y104.51 E681.78577
G1 X76.735 Y104.276 E681.79852
G1 X76.143 Y103.969 E681.80961
G1 X75.741 Y103.71 E681.81756
G1 X75.226 Y103.268 E681.82885
G1 X74.886 Y102.889 E681.83732
G1 X74.655 Y102.571 E681.84385
G1 X74.226 Y101.769 E681.85898
G1 X73.963 Y100.904 E681.87401
G1 X73.874 Y100 E681.88912
G1 X73.99 Y98.972 E681.90632
G1 X74.335 Y97.988 E681.92366
G1 X74.654 Y97.43 E681.93435
G1 X75.092 Y96.881 E681.94603
G1 X75.463 Y96.518 E681.95466
G1 X75.93 Y96.154 E681.96451
G1 X76.731 Y95.726 E681.97961
G1 X77.596 Y95.463 E681.99465
G1 X78.508 Y95.373 E682.00989
G1 X83.7 Y95.373 E682.09623
G0 F7200 X83.7 Y95.173
G0 X84.2 Y95.173
G0 X80.935 Y101.136
G0 X80.386 Y101.932
G0 X79.629 Y102.437
G0 X78.5 Y102.694
G0 X77.518 Y102.501
G0 X76.586 Y101.965
G0 X76.873 Y101.556
G1 F1500 X77.605 Y102.068 E682.11109
G1 X78.059 Y102.209 E682.11899
G1 X78.5 Y102.252 E682.12636
G1 X78.943 Y102.208 E682.13377
G1 X79.433 Y102.04 E682.14238
G1 X80.072 Y101.614 E682.15515
G1 X80.54 Y100.936 E682.16885
G1 X80.709 Y100.444 E682.1775
G1 X80.752 Y100 E682.18492
G1 X80.708 Y99.557 E682.19233
G1 X80.54 Y99.067 E682.20094
G1 X80.114 Y98.428 E682.21371
G1 X79.436 Y97.96 E682.22741
G1 X78.944 Y97.791 E682.23606
G1 X78.5 Y97.748 E682.24348
G1 X78.06 Y97.792 E682.25083
G1 X77.608 Y97.933 E682.25871
G1 X76.989 Y98.346 E682.27108
G1 X76.87 Y98.452 E682.27373
G1 X76.443 Y99.089 E682.28649
G1 X76.247 Y99.965 E682.30142
G1 X76.398 Y100.791 E682.31538
G1 X76.873 Y101.556 E682.33035
G0 F7200 X77.036 Y101.67
G0 X76.287 Y102.11
;TYPE:SKIN
G1 F1500 X77.253 Y102.787 E682.34997
G1 X77.901 Y102.987 E682.36125
G1 X78.5 Y103.046 E682.37126
G1 X79.113 Y102.985 E682.3815
G1 X79.786 Y102.755 E682.39333
G1 X80.637 Y102.187 E682.41035
G1 X81.251 Y101.296 E682.42834
G1 X81.487 Y100.613 E682.44036
G1 X81.546 Y100 E682.4506
G1 X81.485 Y99.387 E682.46084
G1 X81.255 Y98.714 E682.47267
G1 X80.687 Y97.863 E682.48969
G1 X79.796 Y97.249 E682.50768
G1 X79.113 Y97.013 E682.5197
G1 X78.499 Y96.954 E682.52996
G1 X77.902 Y97.014 E682.53994
G1 X77.264 Y97.213 E682.55105
G1 X76.505 Y97.719 E682.56622
G1 X76.27 Y97.928 E682.57145
G1 X75.704 Y98.773 E682.58836
G1 X75.441 Y99.949 E682.6084
G1 X75.648 Y101.081 E682.62754
G1 X76.287 Y102.11 E682.64768
G0 F7200 X75.778 Y102.7
G1 F1500 X75.503 Y102.393 E682.65454
G1 X75.323 Y102.145 E682.65963
G1 X74.959 Y101.467 E682.67243
G1 X74.741 Y100.749 E682.68491
G1 X74.668 Y100 E682.69742
G1 X74.765 Y99.147 E682.7117
G1 X75.055 Y98.321 E682.72626
G1 X75.311 Y97.873 E682.73484
G1 X75.676 Y97.417 E682.74455
G1 X75.986 Y97.111 E682.7518
G1 X76.365 Y96.817 E682.75978
G1 X77.033 Y96.459 E682.77238
G1 X77.751 Y96.241 E682.78486
G1 X78.546 Y96.163 E682.79814
G1 X84.49 Y96.163 E682.89699
G1 X84.49 Y89.99 E682.99965
G1 X115.51 Y89.99 E683.51551
G1 X115.51 Y96.162 E683.61815
G1 X121.452 Y96.162 E683.71697
G1 X122.25 Y96.24 E683.7303
G1 X122.97 Y96.458 E683.74281
G1 X123.634 Y96.815 E683.75535
G1 X124.016 Y97.112 E683.7634
G1 X124.322 Y97.413 E683.77054
G1 X124.689 Y97.871 E683.7803
G1 X124.946 Y98.318 E683.78887
G1 X125.235 Y99.148 E683.80349
G1 X125.333 Y100.006 E683.81785
G1 X125.26 Y100.75 E683.83028
G1 X125.042 Y101.47 E683.84279
G1 X124.685 Y102.134 E683.85533
G1 X124.388 Y102.516 E683.86338
G1 X124.087 Y102.822 E683.87051
G1 X123.628 Y103.191 E683.88031
G1 X123.169 Y103.454 E683.8891
G1 X122.716 Y103.622 E683.89714
G1 X122.374 Y103.732 E683.90311
G1 X121.436 Y103.837 E683.91881
G1 X115.51 Y103.838 E684.01736
G1 X115.51 Y110.01 E684.12
G1 X84.49 Y110.01 E684.63587
G1 X84.49 Y103.838 E684.73851
G1 X78.564 Y103.837 E684.83706
G1 X77.625 Y103.732 E684.85277
G1 X77.041 Y103.545 E684.86297
G1 X76.54 Y103.285 E684.87235
G1 X76.218 Y103.078 E684.87872
G1 X75.778 Y102.7 E684.88837
G0 F7200 X77.982 Y102.696
G0 X118.454 Y100
G1 F1500 X118.515 Y100.613 E684.89861
G1 X118.745 Y101.286 E684.91044
G1 X119.313 Y102.137 E684.92745
G1 X120.204 Y102.751 E684.94545
G1 X120.887 Y102.987 E684.95747
G1 X121.5 Y103.046 E684.96771
G1 X122.113 Y102.985 E684.97795
G1 X122.786 Y102.755 E684.98978
G1 X123.637 Y102.187 E685.00679
G1 X124.251 Y101.296 E685.02479
G1 X124.487 Y100.613 E685.03681
G1 X124.546 Y100 E685.04705
G1 X124.485 Y99.387 E685.05729
G1 X124.255 Y98.714 E685.06912
G1 X123.687 Y97.863 E685.08613
G1 X122.796 Y97.249 E685.10413
G1 X122.113 Y97.013 E685.11615
G1 X121.5 Y96.954 E685.12639
G1 X120.887 Y97.015 E685.13663
G1 X120.214 Y97.245 E685.14846
G1 X119.363 Y97.813 E685.16548
G1 X118.749 Y98.704 E685.18347
G1 X118.513 Y99.387 E685.19549
G1 X118.454 Y100 E685.20573
G0 F7200 X119.063 Y101.129
G0 X119.568 Y101.886
G0 X120.364 Y102.435
G0 X122.752 Y102.956
G1 F1500 X122.13 Y103.578 E685.22036
G0 F7200 X121.961 Y103.181
G1 F1500 X121.493 Y103.649 E685.23136
G0 F7200 X121.363 Y103.213
G1 F1500 X120.919 Y103.657 E685.24181
G0 F7200 X120.848 Y103.163
G1 F1500 X120.353 Y103.657 E685.25344
G0 F7200 X119.788 Y103.657
G1 F1500 X120.427 Y103.018 E685.26846
G0 F7200 X120.029 Y102.85
G1 F1500 X119.222 Y103.657 E685.28744
G0 F7200 X118.656 Y103.657
G1 F1500 X119.695 Y102.618 E685.31188
G0 F7200 X119.36 Y102.388
G1 F1500 X118.091 Y103.657 E685.34172
G0 F7200 X117.525 Y103.657
G1 F1500 X119.076 Y102.106 E685.3782
G0 F7200 X118.849 Y101.767
G1 F1500 X116.959 Y103.657 E685.42265
G0 F7200 X116.394 Y103.657
G1 F1500 X118.622 Y101.428 E685.47506
G0 F7200 X118.463 Y101.022
G1 F1500 X115.828 Y103.657 E685.53703
G0 F7200 X115.329 Y104.156
G1 F1500 X109.655 Y109.829 E685.67047
G0 F7200 X109.09 Y109.829
G1 F1500 X118.33 Y100.589 E685.88778
G0 F7200 X118.279 Y100.075
G1 F1500 X108.524 Y109.829 E686.11719
G0 F7200 X107.958 Y109.829
G1 F1500 X118.323 Y99.465 E686.36094
G1 X118.393 Y99.395
G0 F7200 X118.578 Y98.644
G1 F1500 X107.393 Y109.829 E686.624
G0 F7200 X106.827 Y109.829
G1 F1500 X120.315 Y96.341 E686.94122
G0 F7200 X119.749 Y96.341
G1 F1500 X106.261 Y109.829 E687.25843
G0 F7200 X105.696 Y109.829
G1 F1500 X119.184 Y96.341 E687.57565
G0 F7200 X118.618 Y96.341
G1 F1500 X105.13 Y109.829 E687.89287
G0 F7200 X104.564 Y109.829
G1 F1500 X118.052 Y96.341 E688.21008
G0 F7200 X117.487 Y96.341
G1 F1500 X103.999 Y109.829 E688.5273
G0 F7200 X103.433 Y109.829
G1 F1500 X116.921 Y96.341 E688.84452
G0 F7200 X116.355 Y96.341
G1 F1500 X102.867 Y109.829 E689.16173
G0 F7200 X102.302 Y109.829
G1 F1500 X115.79 Y96.341 E689.47895
G0 F7200 X115.329 Y96.237
G1 F1500 X101.736 Y109.829 E689.79863
G0 F7200 X101.17 Y109.829
G1 F1500 X115.329 Y95.671 E690.13161
G0 F7200 X115.329 Y95.105
G1 F1500 X100.605 Y109.829 E690.4779
G0 F7200 X100.039 Y109.829
G1 F1500 X115.329 Y94.54 E690.83748
G0 F7200 X115.329 Y93.974
G1 F1500 X99.473 Y109.829 E691.21038
G0 F7200 X98.907 Y109.829
G1 F1500 X115.329 Y93.408 E691.59659
G0 F7200 X115.329 Y92.843
G1 F1500 X98.342 Y109.829 E691.99609
G0 F7200 X97.776 Y109.829
G1 F1500 X115.329 Y92.277 E692.40889
G0 F7200 X115.329 Y91.711
G1 F1500 X97.21 Y109.829 E692.83501
G0 F7200 X96.645 Y109.829
G1 F1500 X115.329 Y91.146 E693.27442
G0 F7200 X115.329 Y90.58
G1 F1500 X96.079 Y109.829 E693.72714
G0 F7200 X95.513 Y109.829
G1 F1500 X115.174 Y90.169 E694.18952
G0 F7200 X114.608 Y90.169
G1 F1500 X94.948 Y109.829 E694.6519
G0 F7200 X94.382 Y109.829
G1 F1500 X114.042 Y90.169 E695.11427
G0 F7200 X113.477 Y90.169
G1 F1500 X93.816 Y109.829 E695.57666
G0 F7200 X93.251 Y109.829
G1 F1500 X112.911 Y90.169 E696.03903
G0 F7200 X112.345 Y90.169
G1 F1500 X92.685 Y109.829 E696.5014
G0 F7200 X92.119 Y109.829
G1 F1500 X111.78 Y90.169 E696.96379
G0 F7200 X111.214 Y90.169
G1 F1500 X91.554 Y109.829 E697.42616
G0 F7200 X90.988 Y109.829
G1 F1500 X110.648 Y90.169 E697.88853
G0 F7200 X110.083 Y90.169
G1 F1500 X90.422 Y109.829 E698.35092
G0 F7200 X89.857 Y109.829
G1 F1500 X109.517 Y90.169 E698.81329
G0 F7200 X108.951 Y90.169
G1 F1500 X89.291 Y109.829 E699.27566
G0 F7200 X88.725 Y109.829
G1 F1500 X108.386 Y90.169 E699.73805
G0 F7200 X107.82 Y90.169
G1 F1500 X88.159 Y109.829 E700.20043
G0 F7200 X87.594 Y109.829
G1 F1500 X107.254 Y90.169 E700.66281
G0 F7200 X106.688 Y90.169
G1 F1500 X87.028 Y109.829 E701.12518
G0 F7200 X86.462 Y109.829
G1 F1500 X106.123 Y90.169 E701.58756
G0 F7200 X105.557 Y90.169
G1 F1500 X85.897 Y109.829 E702.04994
G0 F7200 X85.331 Y109.829
G1 F1500 X104.991 Y90.169 E702.51231
G0 F7200 X104.426 Y90.169
G1 F1500 X84.765 Y109.829 E702.97469
G0 F7200 X84.67 Y109.359
G1 F1500 X103.86 Y90.169 E703.42601
G0 F7200 X103.294 Y90.169
G1 F1500 X84.67 Y108.794 E703.86403
G0 F7200 X84.67 Y108.228
G1 F1500 X102.729 Y90.169 E704.28875
G0 F7200 X102.163 Y90.169
G1 F1500 X84.67 Y107.662 E704.70016
G0 F7200 X84.67 Y107.096
G1 F1500 X101.597 Y90.169 E705.09826
G0 F7200 X101.032 Y90.169
G1 F1500 X84.67 Y106.531 E705.48307
G0 F7200 X84.67 Y105.965
G1 F1500 X100.466 Y90.169 E705.85457
G0 F7200 X99.9 Y90.169
G1 F1500 X84.67 Y105.399 E706.21275
G0 F7200 X84.67 Y104.834
G1 F1500 X99.335 Y90.169 E706.55765
G0 F7200 X98.769 Y90.169
G1 F1500 X84.67 Y104.268 E706.88924
G0 F7200 X84.67 Y103.702
G1 F1500 X98.203 Y90.169 E707.20751
G0 F7200 X97.638 Y90.169
G1 F1500 X84.149 Y103.657 E707.52474
G0 F7200 X83.584 Y103.657
G1 F1500 X97.072 Y90.169 E707.84196
G0 F7200 X96.506 Y90.169
G1 F1500 X83.018 Y103.657 E708.15918
G0 F7200 X82.452 Y103.657
G1 F1500 X95.94 Y90.169 E708.47639
G0 F7200 X95.375 Y90.169
G1 F1500 X81.887 Y103.657 E708.79361
G0 F7200 X81.322 Y103.656
G1 F1500 X94.809 Y90.169 E709.1108
G0 F7200 X94.243 Y90.169
G1 F1500 X80.756 Y103.656 E709.428
G0 F7200 X80.19 Y103.656
G1 F1500 X93.678 Y90.169 E709.7452
G0 F7200 X93.112 Y90.169
G1 F1500 X79.625 Y103.656 E710.0624
G0 F7200 X79.059 Y103.656
G1 F1500 X79.765 Y102.951 E710.07899
G1 X79.835 Y102.881
G0 F7200 X78.971 Y103.178
G1 F1500 X78.502 Y103.648 E710.09003
G0 F7200 X78.372 Y103.212
G1 F1500 X77.993 Y103.591 E710.09894
G0 F7200 X77.858 Y103.161
G1 F1500 X77.511 Y103.507 E710.10709
G0 F7200 X77.087 Y103.366
G1 F1500 X77.426 Y103.027 E710.11507
G0 F7200 X77.035 Y102.852
G1 F1500 X76.715 Y103.172 E710.12259
G0 F7200 X76.363 Y102.958
G1 F1500 X76.701 Y102.62 E710.13054
G0 F7200 X76.369 Y102.386
G1 F1500 X76.055 Y102.7 E710.13793
G0 F7200 X75.77 Y102.42
G1 F1500 X76.077 Y102.113 E710.14515
G0 F7200 X75.86 Y101.764
G1 F1500 X75.518 Y102.106 E710.15319
G0 F7200 X75.313 Y101.746
G1 F1500 X75.644 Y101.415 E710.16097
G0 F7200 X75.456 Y101.037
G1 F1500 X75.118 Y101.375 E710.16892
G0 F7200 X74.987 Y100.94
G1 F1500 X75.369 Y100.558 E710.17791
G0 F7200 X74.894 Y100.467
G1 F1500 X75.282 Y100.08 E710.18702
G0 F7200 X74.856 Y99.94
G1 F1500 X75.374 Y99.422 E710.1992
G0 F7200 X74.929 Y99.301
G1 F1500 X75.547 Y98.683 E710.21374
G0 F7200 X75.193 Y98.471
G1 F1500 X76.972 Y96.692 E710.25558
G0 F7200 X77.174 Y97.056
G1 F1500 X77.817 Y96.414 E710.27069
G0 F7200 X77.971 Y96.825
G1 F1500 X78.443 Y96.353 E710.28179
G0 F7200 X78.581 Y96.78
G1 F1500 X79.019 Y96.342 E710.29209
G0 F7200 X79.097 Y96.83
G1 F1500 X79.585 Y96.342 E710.30357
G0 F7200 X80.151 Y96.342
G1 F1500 X79.527 Y96.966 E710.31824
G0 F7200 X79.934 Y97.125
G1 F1500 X80.716 Y96.342 E710.33665
G0 F7200 X81.282 Y96.342
G1 F1500 X80.269 Y97.355 E710.36047
G0 F7200 X80.603 Y97.587
G1 F1500 X81.848 Y96.342 E710.38975
G0 F7200 X82.414 Y96.342
G1 F1500 X80.899 Y97.857 E710.42538
G0 F7200 X81.126 Y98.195
G1 F1500 X82.979 Y96.342 E710.46896
G0 F7200 X83.545 Y96.342
G1 F1500 X81.352 Y98.535 E710.52054
G0 F7200 X81.52 Y98.932
G1 F1500 X84.111 Y96.342 E710.58146
G0 F7200 X84.669 Y95.783
G1 F1500 X90.284 Y90.169 E710.71351
G0 F7200 X90.849 Y90.169
G1 F1500 X81.663 Y99.356 E710.92956
G0 F7200 X81.714 Y99.87
G1 F1500 X91.415 Y90.169 E711.15771
G0 F7200 X91.981 Y90.169
G1 F1500 X81.682 Y100.468 E711.39993
G1 X81.612 Y100.538
G0 F7200 X81.452 Y101.264
G1 F1500 X92.546 Y90.169 E711.66085
G1 X92.616 Y90.099
G0 F7200 X89.718 Y90.169
G1 F1500 X84.669 Y95.218 E711.7796
G0 F7200 X84.669 Y94.652
G1 F1500 X89.152 Y90.169 E711.88503
G0 F7200 X88.587 Y90.169
G1 F1500 X84.669 Y94.086 E711.97716
G0 F7200 X84.669 Y93.521
G1 F1500 X88.021 Y90.169 E712.056
G0 F7200 X87.455 Y90.169
G1 F1500 X84.669 Y92.955 E712.12152
G0 F7200 X84.669 Y92.389
G1 F1500 X86.889 Y90.169 E712.17373
G0 F7200 X86.324 Y90.169
G1 F1500 X84.669 Y91.824 E712.21265
G0 F7200 X84.669 Y91.258
G1 F1500 X85.758 Y90.169 E712.23827
G0 F7200 X85.192 Y90.169
G1 F1500 X84.669 Y90.692 E712.25057
G0 F7200 X110.221 Y109.829
G1 F1500 X115.329 Y104.722 E712.37069
G0 F7200 X115.329 Y105.288
G1 F1500 X110.787 Y109.829 E712.4775
G0 F7200 X111.353 Y109.829
G1 F1500 X115.329 Y105.853 E712.57101
G0 F7200 X115.329 Y106.419
G1 F1500 X111.918 Y109.829 E712.65122
G0 F7200 X112.484 Y109.829
G1 F1500 X115.329 Y106.985 E712.71811
G0 F7200 X115.329 Y107.55
G1 F1500 X113.05 Y109.829 E712.77171
G0 F7200 X113.615 Y109.829
G1 F1500 X115.329 Y108.116 E712.81201
G0 F7200 X115.329 Y108.682
G1 F1500 X114.181 Y109.829 E712.839
G0 F7200 X114.747 Y109.829
G1 F1500 X115.329 Y109.247 E712.85269
G1 X115.399 Y109.177
G0 F7200 X115.872 Y104.2
G0 X122.92 Y103.353
G1 F1500 X124.875 Y101.399 E712.89865
G0 F7200 X124.455 Y101.252
G1 F1500 X125.091 Y100.617 E712.9136
G0 F7200 X124.682 Y100.46
G1 F1500 X125.148 Y99.994 E712.92456
G0 F7200 X124.713 Y99.863
G1 F1500 X125.09 Y99.486 E712.93343
G0 F7200 X124.662 Y99.349
G1 F1500 X124.995 Y99.015 E712.94127
G0 F7200 X124.85 Y98.595
G1 F1500 X124.518 Y98.927 E712.94908
G0 F7200 X124.348 Y98.531
G1 F1500 X124.673 Y98.206 E712.95672
G0 F7200 X124.451 Y97.862
G1 F1500 X124.122 Y98.191 E712.96446
G0 F7200 X123.895 Y97.852
G1 F1500 X124.199 Y97.548 E712.97161
G0 F7200 X123.916 Y97.266
G1 F1500 X123.598 Y97.584 E712.97909
G0 F7200 X123.263 Y97.353
G1 F1500 X123.6 Y97.017 E712.987
G0 F7200 X123.243 Y96.808
G1 F1500 X122.929 Y97.122 E712.99439
G0 F7200 X122.521 Y96.964
G1 F1500 X122.871 Y96.614 E713.00262
G0 F7200 X122.436 Y96.483
G1 F1500 X122.089 Y96.83 E713.01078
G0 F7200 X121.962 Y96.392
G1 F1500 X121.573 Y96.78 E713.01991
G0 F7200 X121.447 Y96.341
G1 F1500 X120.961 Y96.826 E713.03133
G0 F7200 X120.881 Y96.341
G1 F1500 X120.144 Y97.078 E713.04867
G1 X120.074 Y97.148
;MESH:NONMESH
G0 F600 X120.074 Y97.148 Z2.7
G0 F7200 X84.17 Y95.843
G0 X84.1 Y95.846
;TIME_ELAPSED:1415.263548
;LAYER:24
;TYPE:WALL-INNER
;MESH:drax_photo_base.stl
G1 F3000 X84.1 Y95.646 E713.05199
G1 X84.1 Y89.6 E713.15254
G1 X115.9 Y89.6 E713.68137
G1 X115.9 Y95.845 E713.78523
G1 X121.47 Y95.845 E713.87786
G1 X122.218 Y95.919 E713.89036
G1 X122.312 Y95.927 E713.89193
G1 X122.948 Y96.12 E713.90298
G1 X123.699 Y96.491 E713.91691
G1 X124.1 Y96.761 E713.92495
G1 X124.437 Y97.062 E713.93246
G1 X124.749 Y97.412 E713.94026
G1 X124.948 Y97.683 E713.94585
G1 X125.185 Y98.1 E713.95383
G1 X125.547 Y99.079 E713.97119
G1 X125.652 Y100.01 E713.98677
G1 X125.573 Y100.811 E714.00015
G1 X125.38 Y101.448 E714.01122
G1 X125.009 Y102.199 E714.02515
G1 X124.739 Y102.6 E714.03319
G1 X124.438 Y102.937 E714.04071
G1 X124.088 Y103.249 E714.0485
G1 X123.817 Y103.448 E714.05409
G1 X123.369 Y103.702 E714.06266
G1 X123.1 Y103.833 E714.06763
G1 X122.548 Y104.009 E714.07727
G1 X121.465 Y104.154 E714.09544
G1 X115.9 Y104.155 E714.18799
G1 X115.9 Y110.4 E714.29184
G1 X84.1 Y110.4 E714.82068
G1 X84.1 Y104.155 E714.92453
G1 X78.533 Y104.154 E715.01711
G1 X77.708 Y104.061 E715.03092
G1 X77.467 Y104.014 E715.035
G1 X76.913 Y103.836 E715.04468
G1 X76.195 Y103.453 E715.05821
G1 X75.556 Y102.928 E715.07197
G1 X75.261 Y102.599 E715.07931
G1 X74.988 Y102.193 E715.08745
G1 X74.664 Y101.585 E715.09891
G1 X74.428 Y100.81 E715.11238
G1 X74.349 Y100 E715.12591
G1 X74.453 Y99.077 E715.14136
G1 X74.763 Y98.192 E715.15696
G1 X75.046 Y97.696 E715.16645
G1 X75.572 Y97.056 E715.18023
G1 X75.901 Y96.761 E715.18758
G1 X76.307 Y96.488 E715.19571
G1 X76.915 Y96.164 E715.20717
G1 X77.69 Y95.928 E715.22064
G1 X78.529 Y95.846 E715.23466
G1 X79.349 Y95.845 E715.2483
G1 X83.9 Y95.846 E715.32398
G1 X84.1 Y95.846 E715.32614
G0 F7200 X84.17 Y95.916
G0 X80.445 Y102.092
G0 X80.377 Y102.02
G1 F3000 X80.879 Y101.34 E715.34019
G1 X81.018 Y101.113 E715.34462
G1 X81.206 Y100.526 E715.35487
G1 X81.237 Y99.803 E715.3669
G1 X81.148 Y99.288 E715.37559
G1 X81.015 Y98.877 E715.38278
G1 X80.52 Y98.123 E715.39778
G1 X79.84 Y97.621 E715.41183
G1 X79.613 Y97.482 E715.41626
G1 X79.026 Y97.294 E715.42651
G1 X78.303 Y97.263 E715.43855
G1 X77.785 Y97.353 E715.44729
G1 X77.349 Y97.499 E715.45494
G1 X76.796 Y97.868 E715.46599
G1 X76.438 Y98.185 E715.47394
G1 X76.051 Y98.762 E715.4855
G1 X75.883 Y99.209 E715.49344
G1 X75.754 Y99.851 E715.50433
G1 X75.755 Y100.15 E715.5093
G1 X75.882 Y100.791 E715.52017
G1 X76.052 Y101.238 E715.52812
G1 X76.436 Y101.816 E715.53966
G1 X76.795 Y102.131 E715.5476
G1 X77.35 Y102.504 E715.55872
G1 X77.972 Y102.706 E715.5696
G1 X78.697 Y102.737 E715.58167
G1 X79.212 Y102.648 E715.59036
G1 X79.623 Y102.515 E715.59754
G1 X80.377 Y102.02 E715.61254
G0 F7200 X80.445 Y102.092
G0 X119.555 Y97.908
G0 X119.623 Y97.98
G1 F3000 X119.121 Y98.66 E715.6266
G1 X118.982 Y98.887 E715.63103
G1 X118.794 Y99.474 E715.64128
G1 X118.763 Y100.197 E715.65331
G1 X118.852 Y100.712 E715.662
G1 X118.985 Y101.123 E715.66919
G1 X119.48 Y101.877 E715.68419
G1 X120.16 Y102.379 E715.69824
G1 X120.387 Y102.518 E715.70267
G1 X120.974 Y102.706 E715.71292
G1 X121.697 Y102.737 E715.72495
G1 X122.212 Y102.648 E715.73365
G1 X122.623 Y102.515 E715.74083
G1 X123.377 Y102.02 E715.75583
G1 X123.879 Y101.34 E715.76988
G1 X124.018 Y101.113 E715.77431
G1 X124.206 Y100.526 E715.78456
G1 X124.237 Y99.803 E715.7966
G1 X124.148 Y99.288 E715.80529
G1 X124.015 Y98.877 E715.81247
G1 X123.52 Y98.123 E715.82747
G1 X122.84 Y97.621 E715.84153
G1 X122.613 Y97.482 E715.84595
G1 X122.026 Y97.294 E715.8562
G1 X121.303 Y97.263 E715.86824
G1 X120.788 Y97.352 E715.87693
G1 X120.377 Y97.485 E715.88411
G1 X119.623 Y97.98 E715.89911
G0 F7200 X119.902 Y98.275
;TYPE:WALL-OUTER
G1 F1500 X119.453 Y98.884 E715.9117
G1 X119.348 Y99.055 E715.91503
G1 X119.191 Y99.545 E715.92359
G1 X119.164 Y100.171 E715.93401
G1 X119.241 Y100.616 E715.94152
G1 X119.349 Y100.948 E715.94733
G1 X119.775 Y101.598 E715.96025
G1 X120.384 Y102.047 E715.97283
G1 X120.555 Y102.152 E715.97617
G1 X121.045 Y102.309 E715.98473
G1 X121.671 Y102.336 E715.99515
G1 X122.116 Y102.259 E716.00266
G1 X122.448 Y102.151 E716.00846
G1 X123.098 Y101.725 E716.02139
G1 X123.547 Y101.116 E716.03397
G1 X123.652 Y100.945 E716.03731
G1 X123.809 Y100.455 E716.04587
G1 X123.836 Y99.829 E716.05629
G1 X123.759 Y99.384 E716.0638
G1 X123.651 Y99.052 E716.0696
G1 X123.225 Y98.402 E716.08253
G1 X122.616 Y97.953 E716.09511
G1 X122.445 Y97.848 E716.09845
G1 X121.955 Y97.691 E716.107
G1 X121.329 Y97.664 E716.11742
G1 X120.884 Y97.741 E716.12493
G1 X120.552 Y97.849 E716.13074
G1 X119.902 Y98.275 E716.14366
G0 F7200 X119.784 Y98.436
G0 X119.382 Y98.139
G0 X83.699 Y95.945
G0 X83.7 Y95.446
G1 F1500 X83.7 Y95.246 E716.14699
G1 X83.7 Y89.2 E716.24753
G1 X116.3 Y89.2 E716.78967
G1 X116.3 Y95.445 E716.89353
G1 X121.49 Y95.445 E716.97984
G1 X122.255 Y95.521 E716.99262
G1 X122.391 Y95.533 E716.99489
G1 X123.096 Y95.747 E717.00715
G1 X123.902 Y96.145 E717.0221
G1 X124.344 Y96.443 E717.03096
G1 X124.721 Y96.779 E717.03936
G1 X125.063 Y97.163 E717.04791
G1 X125.283 Y97.463 E717.0541
G1 X125.548 Y97.928 E717.063
G1 X125.94 Y98.988 E717.08179
G1 X126.054 Y100.004 E717.09879
G1 X125.967 Y100.891 E717.11362
G1 X125.753 Y101.596 E717.12587
G1 X125.355 Y102.402 E717.14082
G1 X125.057 Y102.844 E717.14968
G1 X124.721 Y103.221 E717.15808
G1 X124.337 Y103.563 E717.16663
G1 X124.037 Y103.783 E717.17282
G1 X123.563 Y104.053 E717.18189
G1 X123.249 Y104.205 E717.18769
G1 X122.637 Y104.4 E717.19837
G1 X121.488 Y104.554 E717.21765
G1 X116.3 Y104.555 E717.30393
G1 X116.3 Y110.8 E717.40778
G1 X83.7 Y110.8 E717.94992
G1 X83.7 Y104.555 E718.05378
G1 X78.514 Y104.554 E718.14002
G1 X77.641 Y104.455 E718.15463
G1 X77.365 Y104.402 E718.15931
G1 X76.759 Y104.207 E718.16989
G1 X75.971 Y103.787 E718.18474
G1 X75.278 Y103.217 E718.19967
G1 X74.943 Y102.843 E718.20802
G1 X74.647 Y102.404 E718.21682
G1 X74.292 Y101.738 E718.22937
G1 X74.034 Y100.89 E718.24411
G1 X73.947 Y100 E718.25898
G1 X74.061 Y98.988 E718.27592
G1 X74.4 Y98.021 E718.29296
G1 X74.714 Y97.47 E718.30351
G1 X75.283 Y96.778 E718.31841
G1 X75.657 Y96.443 E718.32676
G1 X76.096 Y96.147 E718.33556
G1 X76.762 Y95.792 E718.34811
G1 X77.61 Y95.534 E718.36285
G1 X78.51 Y95.446 E718.37789
G1 X79.349 Y95.445 E718.39184
G1 X83.5 Y95.446 E718.46088
G1 X83.7 Y95.446 E718.46303
G0 F7200 X83.7 Y95.246
G0 X84.2 Y95.246
G0 X80.499 Y102.022
G0 X80.098 Y101.725
G1 F1500 X80.547 Y101.116 E718.47561
G1 X80.652 Y100.945 E718.47895
G1 X80.809 Y100.455 E718.48751
G1 X80.836 Y99.829 E718.49793
G1 X80.759 Y99.384 E718.50544
G1 X80.651 Y99.052 E718.51124
G1 X80.225 Y98.402 E718.52417
G1 X79.616 Y97.953 E718.53675
G1 X79.445 Y97.848 E718.54009
G1 X78.955 Y97.691 E718.54864
G1 X78.329 Y97.664 E718.55906
G1 X77.883 Y97.742 E718.56659
G1 X77.527 Y97.861 E718.57283
G1 X77.041 Y98.186 E718.58256
G1 X76.741 Y98.451 E718.58921
G1 X76.409 Y98.946 E718.59913
G1 X76.269 Y99.319 E718.60575
G1 X76.154 Y99.89 E718.61544
G1 X76.155 Y100.11 E718.6191
G1 X76.268 Y100.68 E718.62876
G1 X76.41 Y101.054 E718.63541
G1 X76.74 Y101.55 E718.64532
G1 X77.04 Y101.813 E718.65196
G1 X77.527 Y102.141 E718.66172
G1 X78.044 Y102.309 E718.67076
G1 X78.671 Y102.336 E718.6812
G1 X79.116 Y102.259 E718.68871
G1 X79.448 Y102.151 E718.69451
G1 X80.098 Y101.725 E718.70744
G0 F7200 X80.216 Y101.564
G0 X80.65 Y102.308
;TYPE:SKIN
G1 F1500 X81.203 Y101.558 E718.72293
G1 X81.375 Y101.277 E718.72841
G1 X81.594 Y100.595 E718.74032
G1 X81.629 Y99.778 E718.75392
G1 X81.528 Y99.194 E718.76378
G1 X81.37 Y98.707 E718.77229
G1 X80.808 Y97.85 E718.78934
G1 X80.058 Y97.297 E718.80483
G1 X79.777 Y97.125 E718.81031
G1 X79.095 Y96.906 E718.82223
G1 X78.278 Y96.871 E718.83582
G1 X77.689 Y96.974 E718.84577
G1 X77.176 Y97.146 E718.85477
G1 X76.558 Y97.558 E718.86712
G1 X76.142 Y97.926 E718.87635
G1 X75.702 Y98.583 E718.8895
G1 X75.507 Y99.102 E718.89872
G1 X75.364 Y99.812 E718.91077
G1 X75.365 Y100.189 E718.91704
G1 X75.506 Y100.899 E718.92908
G1 X75.703 Y101.417 E718.93829
G1 X76.14 Y102.075 E718.95143
G1 X76.557 Y102.441 E718.96066
G1 X77.178 Y102.858 E718.9731
G1 X77.902 Y103.094 E718.98576
G1 X78.722 Y103.129 E718.99941
G1 X79.306 Y103.028 E719.00926
G1 X79.793 Y102.87 E719.01778
G1 X80.65 Y102.308 E719.03482
G0 F7200 X78.558 Y103.764
G1 F1500 X77.752 Y103.673 E719.04831
G1 X77.568 Y103.637 E719.05143
G1 X77.066 Y103.475 E719.0602
G1 X76.416 Y103.129 E719.07245
G1 X75.824 Y102.642 E719.08519
G1 X75.572 Y102.361 E719.09147
G1 X75.324 Y101.992 E719.09887
G1 X75.024 Y101.431 E719.10944
G1 X74.812 Y100.733 E719.12158
G1 X74.741 Y100 E719.13382
G1 X74.836 Y99.163 E719.14783
G1 X75.119 Y98.355 E719.16207
G1 X75.366 Y97.922 E719.17036
G1 X75.858 Y97.324 E719.18324
G1 X76.139 Y97.072 E719.18951
G1 X76.508 Y96.824 E719.19691
G1 X77.069 Y96.524 E719.20749
G1 X77.767 Y96.312 E719.21962
G1 X78.546 Y96.236 E719.23264
G1 X79.349 Y96.235 E719.24599
G1 X84.49 Y96.236 E719.33148
G1 X84.49 Y89.99 E719.43536
G1 X115.51 Y89.99 E719.95122
G1 X115.51 Y96.235 E720.05508
G1 X121.451 Y96.235 E720.15387
G1 X122.183 Y96.307 E720.16611
G1 X122.237 Y96.311 E720.16701
G1 X122.806 Y96.484 E720.1769
G1 X123.496 Y96.825 E720.1897
G1 X123.866 Y97.074 E720.19711
G1 X124.159 Y97.336 E720.20365
G1 X124.444 Y97.656 E720.21078
G1 X124.619 Y97.894 E720.21569
G1 X124.83 Y98.265 E720.22279
G1 X125.164 Y99.169 E720.23881
G1 X125.26 Y100.01 E720.25289
G1 X125.189 Y100.736 E720.26502
G1 X125.016 Y101.306 E720.27493
G1 X124.675 Y101.996 E720.28773
G1 X124.426 Y102.366 E720.29514
G1 X124.164 Y102.659 E720.30168
G1 X123.844 Y102.944 E720.30881
G1 X123.606 Y103.119 E720.31372
G1 X123.198 Y103.351 E720.32152
G1 X122.955 Y103.469 E720.32602
G1 X122.456 Y103.629 E720.33473
G1 X121.443 Y103.764 E720.35173
G1 X115.51 Y103.765 E720.45039
G1 X115.51 Y110.01 E720.55425
G1 X84.49 Y110.01 E721.07011
G1 X84.49 Y103.765 E721.17397
G1 X78.558 Y103.764 E721.27262
G0 F7200 X118.371 Y100.222
G1 F1500 X118.472 Y100.806 E721.28247
G1 X118.63 Y101.293 E721.29099
G1 X119.192 Y102.15 E721.30803
G1 X119.942 Y102.703 E721.32353
G1 X120.223 Y102.875 E721.32901
G1 X120.905 Y103.094 E721.34092
G1 X121.722 Y103.129 E721.35452
G1 X122.306 Y103.028 E721.36437
G1 X122.793 Y102.87 E721.37289
G1 X123.65 Y102.308 E721.38993
G1 X124.203 Y101.558 E721.40543
G1 X124.375 Y101.277 E721.41091
G1 X124.594 Y100.595 E721.42282
G1 X124.629 Y99.778 E721.43642
G1 X124.528 Y99.194 E721.44627
G1 X124.37 Y98.707 E721.45479
G1 X123.808 Y97.85 E721.47183
G1 X123.058 Y97.297 E721.48733
G1 X122.777 Y97.125 E721.49281
G1 X122.095 Y96.906 E721.50472
G1 X121.278 Y96.871 E721.51832
G1 X120.694 Y96.972 E721.52817
G1 X120.207 Y97.13 E721.53669
G1 X119.35 Y97.692 E721.55373
G1 X118.797 Y98.442 E721.56923
G1 X118.625 Y98.723 E721.57471
G1 X118.406 Y99.405 E721.58662
G1 X118.371 Y100.222 E721.60022
G0 F7200 X119.088 Y98.638
G0 X119.596 Y97.951
G0 X120.36 Y97.449
G0 X121.301 Y97.224
G0 X122.37 Y97.362
G0 X124.309 Y98.287
G1 F1500 X124.843 Y98.821 E721.61278
G0 F7200 X124.722 Y99.266
G1 F1500 X125.028 Y99.572 E721.61997
G0 F7200 X124.802 Y99.912
G1 F1500 X125.063 Y100.172 E721.6261
G0 F7200 X124.778 Y100.454
G1 F1500 X125.012 Y100.687 E721.63159
G0 F7200 X124.677 Y100.918
G1 F1500 X124.882 Y101.124 E721.63643
G0 F7200 X124.539 Y101.346
G1 F1500 X124.71 Y101.517 E721.64045
G0 F7200 X124.523 Y101.896
G1 F1500 X124.323 Y101.696 E721.64515
G0 F7200 X124.083 Y102.021
G1 F1500 X124.296 Y102.234 E721.65016
G0 F7200 X124.03 Y102.534
G1 F1500 X123.843 Y102.347 E721.65456
G0 F7200 X123.531 Y102.601
G1 F1500 X123.732 Y102.802 E721.65929
G0 F7200 X123.395 Y103.03
G1 F1500 X123.189 Y102.824 E721.66413
G0 F7200 X122.842 Y103.043
G1 F1500 X123.03 Y103.231 E721.66855
G0 F7200 X122.62 Y103.387
G1 F1500 X122.415 Y103.182 E721.67337
G0 F7200 X122.155 Y103.487
G1 F1500 X121.941 Y103.273 E721.67841
G0 F7200 X121.655 Y103.553
G1 F1500 X121.397 Y103.295 E721.68447
G0 F7200 X121.12 Y103.584
G1 F1500 X120.779 Y103.243 E721.69249
G0 F7200 X120.554 Y103.584
G1 F1500 X119.772 Y102.802 E721.71088
G1 X119.702 Y102.732
G0 F7200 X119.988 Y103.584
G1 F1500 X106.575 Y90.17 E722.02635
G0 F7200 X107.14 Y90.17
G1 F1500 X118.701 Y101.73 E722.29823
G1 X118.771 Y101.8
G0 F7200 X118.277 Y100.74
G1 F1500 X107.706 Y90.17 E722.54684
G0 F7200 X108.272 Y90.17
G1 F1500 X118.195 Y100.093 E722.78021
G0 F7200 X118.219 Y99.551
G1 F1500 X108.837 Y90.17 E723.00085
G0 F7200 X109.403 Y90.17
G1 F1500 X115.329 Y96.095 E723.14021
G0 F7200 X115.648 Y96.415
G1 F1500 X118.319 Y99.086 E723.20303
G0 F7200 X118.457 Y98.658
G1 F1500 X116.214 Y96.415 E723.25578
G0 F7200 X116.78 Y96.415
G1 F1500 X118.672 Y98.307 E723.30027
G0 F7200 X118.912 Y97.981
G1 F1500 X117.345 Y96.415 E723.33712
G0 F7200 X117.911 Y96.415
G1 F1500 X119.152 Y97.656 E723.3663
G0 F7200 X119.462 Y97.401
G1 F1500 X118.477 Y96.415 E723.38948
G0 F7200 X119.042 Y96.415
G1 F1500 X119.805 Y97.177 E723.40741
G0 F7200 X120.151 Y96.958
G1 F1500 X119.608 Y96.415 E723.42018
G0 F7200 X120.174 Y96.415
G1 F1500 X120.577 Y96.819 E723.42967
G0 F7200 X120.739 Y96.415
G1 F1500 X121.051 Y96.726 E723.437
G0 F7200 X121.305 Y96.415
G1 F1500 X121.594 Y96.703 E723.44378
G0 F7200 X121.917 Y96.462
G1 F1500 X122.209 Y96.753 E723.45064
G0 F7200 X122.644 Y96.622
G1 F1500 X123.199 Y97.178 E723.4637
G0 F7200 X124.051 Y98.86
G0 X124.276 Y99.801
G0 X124.054 Y101.129
G0 X123.404 Y102.049
G0 X122.717 Y102.5
G0 X119.423 Y103.584
G1 F1500 X106.009 Y90.17 E723.77918
G0 F7200 X105.443 Y90.17
G1 F1500 X118.857 Y103.584 E724.09466
G0 F7200 X118.292 Y103.584
G1 F1500 X104.878 Y90.17 E724.41013
G0 F7200 X104.312 Y90.17
G1 F1500 X117.726 Y103.584 E724.72561
G0 F7200 X117.161 Y103.584
G1 F1500 X103.746 Y90.17 E725.0411
G0 F7200 X103.181 Y90.17
G1 F1500 X116.595 Y103.584 E725.35658
G0 F7200 X116.029 Y103.584
G1 F1500 X102.615 Y90.17 E725.67205
G0 F7200 X102.049 Y90.17
G1 F1500 X115.464 Y103.584 E725.98754
G0 F7200 X115.329 Y104.016
G1 F1500 X101.483 Y90.17 E726.31318
G0 F7200 X100.918 Y90.17
G1 F1500 X115.329 Y104.581 E726.6521
G0 F7200 X115.329 Y105.147
G1 F1500 X100.352 Y90.17 E727.00434
G0 F7200 X99.786 Y90.17
G1 F1500 X115.329 Y105.713 E727.36989
G0 F7200 X115.329 Y106.278
G1 F1500 X99.221 Y90.17 E727.74872
G0 F7200 X98.655 Y90.17
G1 F1500 X115.329 Y106.844 E728.14087
G0 F7200 X115.329 Y107.41
G1 F1500 X98.089 Y90.17 E728.54633
G0 F7200 X97.524 Y90.17
G1 F1500 X115.329 Y107.975 E728.96507
G0 F7200 X115.329 Y108.541
G1 F1500 X96.958 Y90.17 E729.39713
G0 F7200 X96.392 Y90.17
G1 F1500 X115.329 Y109.107 E729.8425
G0 F7200 X115.329 Y109.672
G1 F1500 X95.827 Y90.17 E730.30116
G0 F7200 X95.261 Y90.17
G1 F1500 X114.92 Y109.829 E730.76351
G0 F7200 X114.354 Y109.829
G1 F1500 X94.695 Y90.17 E731.22586
G0 F7200 X94.13 Y90.17
G1 F1500 X113.789 Y109.829 E731.68821
G0 F7200 X113.223 Y109.829
G1 F1500 X93.564 Y90.17 E732.15056
G0 F7200 X92.998 Y90.17
G1 F1500 X112.657 Y109.829 E732.61291
G0 F7200 X112.091 Y109.829
G1 F1500 X92.432 Y90.17 E733.07525
G0 F7200 X91.867 Y90.17
G1 F1500 X111.526 Y109.829 E733.5376
G0 F7200 X110.96 Y109.829
G1 F1500 X91.301 Y90.17 E733.99995
G0 F7200 X90.735 Y90.17
G1 F1500 X110.394 Y109.829 E734.4623
G0 F7200 X109.829 Y109.829
G1 F1500 X90.17 Y90.17 E734.92465
G0 F7200 X89.604 Y90.17
G1 F1500 X109.263 Y109.829 E735.387
G0 F7200 X108.697 Y109.829
G1 F1500 X89.038 Y90.17 E735.84935
G0 F7200 X88.473 Y90.17
G1 F1500 X108.132 Y109.829 E736.3117
G0 F7200 X107.566 Y109.829
G1 F1500 X87.907 Y90.17 E736.77405
G0 F7200 X87.341 Y90.17
G1 F1500 X107 Y109.829 E737.2364
G0 F7200 X106.435 Y109.829
G1 F1500 X86.776 Y90.17 E737.69875
G0 F7200 X86.21 Y90.17
G1 F1500 X105.869 Y109.829 E738.1611
G0 F7200 X105.303 Y109.829
G1 F1500 X85.644 Y90.17 E738.62345
G0 F7200 X85.079 Y90.17
G1 F1500 X104.738 Y109.829 E739.0858
G0 F7200 X104.172 Y109.829
G1 F1500 X84.669 Y90.326 E739.54448
G0 F7200 X84.669 Y90.892
G1 F1500 X103.606 Y109.829 E739.98985
G0 F7200 X103.041 Y109.829
G1 F1500 X84.669 Y91.457 E740.42193
G0 F7200 X84.669 Y92.023
G1 F1500 X102.475 Y109.829 E740.8407
G0 F7200 X101.909 Y109.829
G1 F1500 X84.669 Y92.589 E741.24616
G0 F7200 X84.669 Y93.154
G1 F1500 X101.343 Y109.829 E741.63832
G0 F7200 X100.778 Y109.829
G1 F1500 X84.669 Y93.72 E742.01718
G0 F7200 X84.669 Y94.286
G1 F1500 X100.212 Y109.829 E742.38272
G0 F7200 X99.646 Y109.829
G1 F1500 X84.669 Y94.852 E742.73496
G0 F7200 X84.669 Y95.417
G1 F1500 X99.081 Y109.829 E743.07391
G0 F7200 X98.515 Y109.829
G1 F1500 X84.669 Y95.983 E743.39954
G0 F7200 X84.536 Y96.415
G1 F1500 X97.949 Y109.829 E743.71501
G0 F7200 X97.384 Y109.829
G1 F1500 X83.97 Y96.415 E744.03049
G0 F7200 X83.404 Y96.415
G1 F1500 X96.818 Y109.829 E744.34596
G0 F7200 X96.252 Y109.829
G1 F1500 X82.838 Y96.415 E744.66144
G0 F7200 X82.273 Y96.415
G1 F1500 X95.687 Y109.829 E744.97692
G0 F7200 X95.121 Y109.829
G1 F1500 X81.706 Y96.414 E745.29242
G0 F7200 X81.141 Y96.414
G1 F1500 X94.555 Y109.829 E745.6079
G0 F7200 X93.99 Y109.829
G1 F1500 X80.575 Y96.414 E745.92341
G0 F7200 X80.009 Y96.414
G1 F1500 X93.424 Y109.829 E746.23891
G0 F7200 X92.858 Y109.829
G1 F1500 X81.298 Y98.268 E746.51079
G1 X81.228 Y98.198
G0 F7200 X81.721 Y99.257
G1 F1500 X92.292 Y109.829 E746.75942
G0 F7200 X91.727 Y109.829
G1 F1500 X81.803 Y99.905 E746.99281
G0 F7200 X81.78 Y100.448
G1 F1500 X91.161 Y109.829 E747.21344
G0 F7200 X90.595 Y109.829
G1 F1500 X84.67 Y103.903 E747.3528
G0 F7200 X84.35 Y103.583
G1 F1500 X81.68 Y100.913 E747.41559
G0 F7200 X81.542 Y101.341
G1 F1500 X83.784 Y103.583 E747.46832
G0 F7200 X83.218 Y103.583
G1 F1500 X81.327 Y101.691 E747.51281
G0 F7200 X81.086 Y102.017
G1 F1500 X82.653 Y103.583 E747.54965
G0 F7200 X82.087 Y103.583
G1 F1500 X80.847 Y102.343 E747.57881
G0 F7200 X80.535 Y102.597
G1 F1500 X81.521 Y103.583 E747.602
G0 F7200 X80.955 Y103.583
G1 F1500 X80.194 Y102.821 E747.61991
G0 F7200 X79.847 Y103.041
G1 F1500 X80.39 Y103.583 E747.63267
G0 F7200 X79.824 Y103.583
G1 F1500 X79.421 Y103.18 E747.64215
G0 F7200 X79.258 Y103.583
G1 F1500 X78.947 Y103.272 E747.64946
G0 F7200 X78.693 Y103.583
G1 F1500 X78.405 Y103.295 E747.65623
G0 F7200 X78.07 Y103.526
G1 F1500 X77.791 Y103.247 E747.6628
G0 F7200 X77.357 Y103.379
G1 F1500 X76.794 Y102.816 E747.67604
G0 F7200 X75.669 Y101.691
G1 F1500 X75.123 Y101.145 E747.68888
G0 F7200 X75.293 Y100.749
G1 F1500 X74.961 Y100.417 E747.69669
G0 F7200 X75.185 Y100.075
G1 F1500 X74.941 Y99.831 E747.70242
G0 F7200 X75.231 Y99.556
G1 F1500 X74.999 Y99.323 E747.70789
G0 F7200 X75.326 Y99.085
G1 F1500 X75.124 Y98.883 E747.71264
G0 F7200 X75.477 Y98.67
G1 F1500 X75.271 Y98.464 E747.71749
G0 F7200 X75.47 Y98.098
G1 F1500 X75.673 Y98.301 E747.72226
G0 F7200 X75.9 Y97.962
G1 F1500 X75.716 Y97.778 E747.72659
G0 F7200 X75.971 Y97.467
G1 F1500 X76.166 Y97.662 E747.73118
G0 F7200 X76.469 Y97.399
G1 F1500 X76.27 Y97.201 E747.73584
G0 F7200 X76.608 Y96.973
G1 F1500 X76.808 Y97.173 E747.74055
G0 F7200 X77.161 Y96.96
G1 F1500 X76.977 Y96.776 E747.74488
G0 F7200 X77.382 Y96.615
G1 F1500 X77.585 Y96.818 E747.74965
G0 F7200 X77.819 Y96.486
G1 F1500 X78.058 Y96.725 E747.75527
G0 F7200 X78.334 Y96.436
G1 F1500 X78.601 Y96.703 E747.76155
G0 F7200 X78.879 Y96.415
G1 F1500 X79.22 Y96.756 E747.76957
G0 F7200 X79.444 Y96.414
G1 F1500 X80.226 Y97.197 E747.78797
G1 X80.296 Y97.267
G0 F7200 X84.67 Y104.469
G1 F1500 X90.03 Y109.829 E747.91403
G0 F7200 X89.464 Y109.829
G1 F1500 X84.67 Y105.035 E748.02678
G0 F7200 X84.67 Y105.6
G1 F1500 X88.898 Y109.829 E748.12623
G0 F7200 X88.333 Y109.829
G1 F1500 X84.67 Y106.166 E748.21238
G0 F7200 X84.67 Y106.732
G1 F1500 X87.767 Y109.829 E748.28521
G0 F7200 X87.201 Y109.829
G1 F1500 X84.67 Y107.297 E748.34475
G0 F7200 X84.67 Y107.863
G1 F1500 X86.636 Y109.829 E748.39099
G0 F7200 X86.07 Y109.829
G1 F1500 X84.67 Y108.429 E748.42391
G0 F7200 X84.67 Y108.994
G1 F1500 X85.504 Y109.829 E748.44354
G0 F7200 X84.939 Y109.829
G1 F1500 X84.67 Y109.56 E748.44986
G0 F7200 X109.969 Y90.17
G1 F1500 X115.329 Y95.53 E748.57592
G0 F7200 X115.329 Y94.964
G1 F1500 X110.534 Y90.17 E748.68868
G0 F7200 X111.1 Y90.17
G1 F1500 X115.329 Y94.398 E748.78813
G0 F7200 X115.329 Y93.833
G1 F1500 X111.666 Y90.17 E748.87428
G0 F7200 X112.231 Y90.17
G1 F1500 X115.329 Y93.267 E748.94713
G0 F7200 X115.329 Y92.701
G1 F1500 X112.797 Y90.17 E749.00666
G0 F7200 X113.363 Y90.17
G1 F1500 X115.329 Y92.136 E749.0529
G0 F7200 X115.329 Y91.57
G1 F1500 X113.929 Y90.17 E749.08583
G0 F7200 X114.494 Y90.17
G1 F1500 X115.329 Y91.004 E749.10545
G0 F7200 X115.329 Y90.438
G1 F1500 X115.06 Y90.17 E749.11177
;MESH:NONMESH
G0 F600 X115.06 Y90.17 Z2.8
G0 F7200 X79.221 Y102.686
G0 X77.965 Y102.745
G0 X76.499 Y101.912
G0 X75.842 Y101.051
;TIME_ELAPSED:1504.115831
;LAYER:25
;TYPE:WALL-INNER
;MESH:drax_photo_base.stl
G1 F3000 X76.279 Y101.775 E749.12583
G1 X76.565 Y102.097 E749.13299
G1 X77.267 Y102.575 E749.14712
G1 X77.946 Y102.801 E749.15902
G1 X78.625 Y102.842 E749.17033
G1 X79.063 Y102.798 E749.17765
G1 X79.685 Y102.596 E749.18853
G1 X80.367 Y102.154 E749.20204
G1 X80.654 Y101.867 E749.20879
G1 X81.096 Y101.185 E749.22231
G1 X81.301 Y100.551 E749.23339
G1 X81.342 Y99.875 E749.24465
G1 X81.298 Y99.437 E749.25197
G1 X81.096 Y98.815 E749.26285
G1 X80.654 Y98.133 E749.27636
G1 X80.367 Y97.846 E749.28311
G1 X79.685 Y97.404 E749.29663
G1 X79.051 Y97.199 E749.30771
G1 X78.375 Y97.158 E749.31897
G1 X77.934 Y97.203 E749.32634
G1 X77.267 Y97.426 E749.33804
G1 X76.546 Y97.916 E749.35254
G1 X76.039 Y98.584 E749.36648
G1 X75.838 Y98.966 E749.37366
G1 X75.658 Y99.785 E749.38761
G1 X75.659 Y100.217 E749.39479
G1 X75.842 Y101.051 E749.40899
G0 F7200 X75.75 Y101.088
G0 X75.62 Y100.221
G0 X75.801 Y98.953
G0 X76.519 Y97.887
G0 X77.25 Y97.391
G0 X84.17 Y96.016
G0 X84.1 Y95.946
G1 F3000 X84.1 Y95.746 E749.41232
G1 X84.1 Y89.6 E749.51452
G1 X115.9 Y89.6 E750.04336
G1 X115.9 Y95.945 E750.14888
G1 X121.471 Y95.945 E750.24152
G1 X122.291 Y96.025 E750.25523
G1 X123.05 Y96.255 E750.26841
G1 X123.75 Y96.629 E750.28161
G1 X124.378 Y97.145 E750.29513
G1 X124.666 Y97.468 E750.30233
G1 X124.929 Y97.849 E750.31003
G1 X125.147 Y98.232 E750.31735
G1 X125.449 Y99.094 E750.33254
G1 X125.552 Y100.006 E750.34781
G1 X125.475 Y100.791 E750.36092
G1 X125.245 Y101.55 E750.37411
G1 X124.871 Y102.25 E750.38731
G1 X124.355 Y102.878 E750.40083
G1 X124.032 Y103.166 E750.40803
G1 X123.651 Y103.429 E750.41572
G1 X123.268 Y103.647 E750.42305
G1 X122.406 Y103.95 E750.43825
G1 X121.669 Y104.031 E750.45058
G1 X120.483 Y104.054 E750.47031
G1 X115.9 Y104.055 E750.54652
G1 X115.9 Y110.4 E750.65204
G1 X84.1 Y110.4 E751.18087
G1 X84.1 Y104.055 E751.28639
G1 X78.539 Y104.054 E751.37887
G1 X77.585 Y103.948 E751.39483
G1 X77.086 Y103.789 E751.40354
G1 X76.736 Y103.649 E751.40981
G1 X76.355 Y103.432 E751.41711
G1 X75.968 Y103.164 E751.42493
G1 X75.633 Y102.867 E751.43238
G1 X75.326 Y102.522 E751.44006
G1 X75.138 Y102.265 E751.44535
G1 X74.757 Y101.55 E751.45883
G1 X74.526 Y100.787 E751.47208
G1 X74.449 Y100.006 E751.48514
G1 X74.551 Y99.099 E751.50031
G1 X74.853 Y98.234 E751.51555
G1 X75.074 Y97.846 E751.52298
G1 X75.336 Y97.468 E751.53063
G1 X75.633 Y97.133 E751.53807
G1 X75.978 Y96.826 E751.54575
G1 X76.235 Y96.638 E751.55105
G1 X76.954 Y96.255 E751.56459
G1 X77.71 Y96.026 E751.57773
G1 X78.342 Y95.964 E751.58829
G1 X82.497 Y95.945 E751.65739
G1 X83.9 Y95.946 E751.68072
G1 X84.1 Y95.946 E751.68287
G0 F7200 X84.17 Y96.016
G0 X118.814 Y98.773
G0 X118.904 Y98.815
G1 F3000 X118.699 Y99.449 E751.69396
G1 X118.658 Y100.125 E751.70522
G1 X118.702 Y100.563 E751.71254
G1 X118.904 Y101.185 E751.72341
G1 X119.346 Y101.867 E751.73693
G1 X119.633 Y102.154 E751.74368
G1 X120.315 Y102.596 E751.7572
G1 X120.949 Y102.801 E751.76828
G1 X121.625 Y102.842 E751.77954
G1 X122.063 Y102.798 E751.78686
G1 X122.685 Y102.596 E751.79774
G1 X123.367 Y102.154 E751.81125
G1 X123.654 Y101.867 E751.818
G1 X124.096 Y101.185 E751.83152
G1 X124.301 Y100.551 E751.8426
G1 X124.342 Y99.875 E751.85386
G1 X124.298 Y99.437 E751.86118
G1 X124.096 Y98.815 E751.87206
G1 X123.654 Y98.133 E751.88557
G1 X123.367 Y97.846 E751.89232
G1 X122.685 Y97.404 E751.90584
G1 X122.051 Y97.199 E751.91692
G1 X121.375 Y97.158 E751.92818
G1 X120.937 Y97.202 E751.9355
G1 X120.315 Y97.404 E751.94638
G1 X119.633 Y97.846 E751.95989
G1 X119.346 Y98.133 E751.96664
G1 X118.904 Y98.815 E751.98016
G0 F7200 X119.268 Y98.988
;TYPE:WALL-OUTER
G1 F1500 X119.095 Y99.524 E751.98952
G1 X119.059 Y100.117 E751.9994
G1 X119.096 Y100.48 E752.00547
G1 X119.268 Y101.012 E752.01477
G1 X119.659 Y101.614 E752.02671
G1 X119.886 Y101.841 E752.03204
G1 X120.488 Y102.232 E752.04398
G1 X121.024 Y102.405 E752.05335
G1 X121.617 Y102.441 E752.06323
G1 X121.98 Y102.404 E752.0693
G1 X122.512 Y102.232 E752.07859
G1 X123.114 Y101.841 E752.09053
G1 X123.341 Y101.614 E752.09587
G1 X123.732 Y101.012 E752.10781
G1 X123.905 Y100.476 E752.11718
G1 X123.941 Y99.883 E752.12706
G1 X123.904 Y99.52 E752.13312
G1 X123.732 Y98.988 E752.14242
G1 X123.341 Y98.386 E752.15436
G1 X123.114 Y98.159 E752.1597
G1 X122.512 Y97.768 E752.17164
G1 X121.976 Y97.595 E752.181
G1 X121.383 Y97.559 E752.19088
G1 X121.02 Y97.596 E752.19695
G1 X120.488 Y97.768 E752.20625
G1 X119.886 Y98.159 E752.21819
G1 X119.659 Y98.386 E752.22352
G1 X119.268 Y98.988 E752.23546
G0 F7200 X119.207 Y99.178
G0 X118.732 Y99.024
G0 X83.699 Y96.045
G0 X83.7 Y95.546
G1 F1500 X83.7 Y95.346 E752.23879
G1 X83.7 Y89.2 E752.341
G1 X116.3 Y89.2 E752.88314
G1 X116.3 Y95.545 E752.98865
G1 X121.49 Y95.545 E753.07496
G1 X122.371 Y95.631 E753.08968
G1 X123.205 Y95.884 E753.10418
G1 X123.972 Y96.294 E753.11864
G1 X124.656 Y96.856 E753.13336
G1 X124.981 Y97.219 E753.14147
G1 X125.268 Y97.637 E753.1499
G1 X125.511 Y98.062 E753.15804
G1 X125.843 Y99.009 E753.17473
G1 X125.954 Y100 E753.19131
G1 X125.869 Y100.871 E753.20587
G1 X125.616 Y101.705 E753.22036
G1 X125.206 Y102.472 E753.23482
G1 X124.644 Y103.156 E753.24954
G1 X124.281 Y103.481 E753.25765
G1 X123.863 Y103.768 E753.26608
G1 X123.438 Y104.011 E753.27422
G1 X122.491 Y104.343 E753.29091
G1 X121.699 Y104.431 E753.30416
G1 X120.491 Y104.454 E753.32425
G1 X116.3 Y104.455 E753.39395
G1 X116.3 Y110.8 E753.49947
G1 X83.7 Y110.8 E754.04161
G1 X83.7 Y104.455 E754.14713
G1 X78.513 Y104.454 E754.23339
G1 X77.503 Y104.342 E754.25029
G1 X76.947 Y104.164 E754.25999
G1 X76.568 Y104.013 E754.26678
G1 X76.14 Y103.769 E754.27497
G1 X75.717 Y103.477 E754.28352
G1 X75.35 Y103.15 E754.29169
G1 X75.016 Y102.775 E754.30005
G1 X74.799 Y102.479 E754.30615
G1 X74.385 Y101.702 E754.32079
G1 X74.132 Y100.867 E754.3353
G1 X74.047 Y100 E754.34979
G1 X74.158 Y99.01 E754.36635
G1 X74.487 Y98.068 E754.38295
G1 X74.728 Y97.644 E754.39106
G1 X75.023 Y97.217 E754.39969
G1 X75.35 Y96.85 E754.40786
G1 X75.725 Y96.516 E754.41622
G1 X76.021 Y96.299 E754.42232
G1 X76.798 Y95.885 E754.43696
G1 X77.468 Y95.68 E754.44861
G1 X77.633 Y95.632 E754.45147
G1 X78.322 Y95.564 E754.46298
G1 X82.495 Y95.545 E754.53238
G1 X83.5 Y95.546 E754.54909
G1 X83.7 Y95.546 E754.55125
G0 F7200 X83.7 Y95.346
G0 X84.2 Y95.346
G0 X77.926 Y97.164
G0 X76.519 Y97.887
G0 X76.006 Y98.563
G0 X75.619 Y99.781
G0 X75.791 Y101.158
G0 X76.219 Y100.901
G1 F1500 X76.602 Y101.537 E754.56359
G1 X76.831 Y101.794 E754.56932
G1 X77.446 Y102.213 E754.58169
G1 X78.023 Y102.405 E754.59181
G1 X78.617 Y102.441 E754.6017
G1 X78.98 Y102.404 E754.60777
G1 X79.512 Y102.232 E754.61707
G1 X80.114 Y101.841 E754.62901
G1 X80.341 Y101.614 E754.63435
G1 X80.732 Y101.012 E754.64628
G1 X80.905 Y100.476 E754.65565
G1 X80.941 Y99.883 E754.66553
G1 X80.904 Y99.52 E754.6716
G1 X80.732 Y98.988 E754.6809
G1 X80.341 Y98.386 E754.69283
G1 X80.114 Y98.159 E754.69817
G1 X79.512 Y97.768 E754.71011
G1 X78.976 Y97.595 E754.71948
G1 X78.383 Y97.559 E754.72936
G1 X78.019 Y97.596 E754.73544
G1 X77.446 Y97.788 E754.74549
G1 X76.825 Y98.21 E754.75798
G1 X76.378 Y98.799 E754.77027
G1 X76.217 Y99.105 E754.77602
G1 X76.058 Y99.828 E754.78833
G1 X76.059 Y100.173 E754.79407
G1 X76.219 Y100.901 E754.80647
G0 F7200 X76.322 Y101.072
G0 X75.475 Y101.197
;TYPE:SKIN
G1 F1500 X75.963 Y102.007 E754.82219
G1 X76.306 Y102.392 E754.83077
G1 X77.092 Y102.928 E754.84659
G1 X77.872 Y103.187 E754.86026
G1 X78.633 Y103.234 E754.87294
G1 X79.143 Y103.182 E754.88146
G1 X79.854 Y102.951 E754.8939
G1 X80.613 Y102.458 E754.90895
G1 X80.958 Y102.113 E754.91706
G1 X81.451 Y101.354 E754.93211
G1 X81.687 Y100.624 E754.94487
G1 X81.734 Y99.867 E754.95748
G1 X81.682 Y99.357 E754.96601
G1 X81.451 Y98.646 E754.97844
G1 X80.958 Y97.887 E754.99349
G1 X80.613 Y97.542 E755.00161
G1 X79.854 Y97.049 E755.01666
G1 X79.124 Y96.813 E755.02942
G1 X78.367 Y96.766 E755.04203
G1 X77.852 Y96.819 E755.05064
G1 X77.092 Y97.073 E755.06396
G1 X76.273 Y97.629 E755.08043
G1 X75.709 Y98.374 E755.09597
G1 X75.468 Y98.831 E755.10456
G1 X75.268 Y99.744 E755.1201
G1 X75.269 Y100.26 E755.12868
G1 X75.475 Y101.197 E755.14464
G0 F7200 X75.118 Y101.396
G1 F1500 X74.91 Y100.712 E755.15653
G1 X74.841 Y100.006 E755.16832
G1 X74.934 Y99.185 E755.18206
G1 X75.209 Y98.397 E755.19594
G1 X75.41 Y98.045 E755.20268
G1 X75.639 Y97.715 E755.20936
G1 X75.914 Y97.404 E755.21627
G1 X76.226 Y97.127 E755.22321
G1 X76.435 Y96.974 E755.22751
G1 X77.108 Y96.616 E755.24019
G1 X77.786 Y96.41 E755.25197
G1 X78.36 Y96.354 E755.26157
G1 X82.499 Y96.335 E755.3304
G1 X84.49 Y96.335 E755.36351
G1 X84.49 Y89.99 E755.46903
G1 X115.51 Y89.99 E755.98489
G1 X115.51 Y96.335 E756.09041
G1 X121.454 Y96.335 E756.18926
G1 X122.215 Y96.409 E756.20197
G1 X122.903 Y96.617 E756.21393
G1 X123.526 Y96.951 E756.22568
G1 X124.112 Y97.433 E756.2383
G1 X124.355 Y97.705 E756.24437
G1 X124.602 Y98.063 E756.2516
G1 X124.791 Y98.395 E756.25795
G1 X125.066 Y99.18 E756.27178
G1 X125.16 Y100.006 E756.28561
G1 X125.091 Y100.716 E756.29747
G1 X124.883 Y101.403 E756.30941
G1 X124.549 Y102.026 E756.32116
G1 X124.067 Y102.612 E756.33378
G1 X123.796 Y102.854 E756.33983
G1 X123.441 Y103.099 E756.347
G1 X123.105 Y103.291 E756.35343
G1 X122.32 Y103.566 E756.36727
G1 X121.64 Y103.641 E756.37864
G1 X120.475 Y103.664 E756.39802
G1 X115.51 Y103.665 E756.48059
G1 X115.51 Y110.01 E756.58611
G1 X84.49 Y110.01 E757.10197
G1 X84.49 Y103.665 E757.20749
G1 X78.564 Y103.664 E757.30604
G1 X77.667 Y103.564 E757.32105
G1 X77.208 Y103.418 E757.32906
G1 X76.906 Y103.297 E757.33447
G1 X76.553 Y103.096 E757.34123
G1 X76.215 Y102.861 E757.34807
G1 X75.904 Y102.586 E757.35498
G1 X75.627 Y102.274 E757.36191
G1 X75.474 Y102.065 E757.36622
G1 X75.118 Y101.396 E757.37882
G0 F7200 X77.25 Y102.61
G0 X78.494 Y102.872
G0 X118.266 Y100.133
G1 F1500 X118.318 Y100.643 E757.38735
G1 X118.549 Y101.354 E757.39978
G1 X119.042 Y102.113 E757.41483
G1 X119.387 Y102.458 E757.42295
G1 X120.146 Y102.951 E757.438
G1 X120.876 Y103.187 E757.45076
G1 X121.633 Y103.234 E757.46337
G1 X122.143 Y103.182 E757.47189
G1 X122.854 Y102.951 E757.48433
G1 X123.613 Y102.458 E757.49938
G1 X123.958 Y102.113 E757.50749
G1 X124.451 Y101.354 E757.52254
G1 X124.687 Y100.624 E757.5353
G1 X124.734 Y99.867 E757.54791
G1 X124.682 Y99.357 E757.55644
G1 X124.451 Y98.646 E757.56887
G1 X123.958 Y97.887 E757.58392
G1 X123.613 Y97.542 E757.59204
G1 X122.854 Y97.049 E757.60709
G1 X122.124 Y96.813 E757.61985
G1 X121.367 Y96.766 E757.63246
G1 X120.857 Y96.818 E757.64099
G1 X120.146 Y97.049 E757.65342
G1 X119.387 Y97.542 E757.66847
G1 X119.042 Y97.887 E757.67658
G1 X118.549 Y98.646 E757.69163
G1 X118.313 Y99.376 E757.70439
G1 X118.266 Y100.133 E757.71701
G0 F7200 X119.315 Y101.892
G0 X120.298 Y102.632
G0 X121.494 Y102.872
G0 X123.583 Y102.69
G1 F1500 X123.304 Y102.969 E757.72357
G0 F7200 X122.431 Y103.277
G1 F1500 X122.341 Y103.366 E757.72567
G0 F7200 X121.19 Y103.386
G1 F1500 X121.105 Y103.471 E757.72767
G0 F7200 X120.694 Y103.316
G1 F1500 X120.527 Y103.483 E757.7316
G0 F7200 X120.266 Y103.178
G1 F1500 X119.96 Y103.485 E757.73881
G0 F7200 X119.885 Y102.995
G1 F1500 X119.394 Y103.485 E757.75034
G0 F7200 X118.829 Y103.485
G1 F1500 X119.542 Y102.772 E757.76711
G0 F7200 X119.211 Y102.537
G1 F1500 X118.263 Y103.485 E757.78941
G0 F7200 X117.697 Y103.485
G1 F1500 X118.928 Y102.254 E757.81836
G0 F7200 X118.699 Y101.917
G1 F1500 X117.132 Y103.485 E757.85522
G0 F7200 X116.566 Y103.485
G1 F1500 X118.477 Y101.574 E757.90017
G0 F7200 X118.302 Y101.183
G1 F1500 X116 Y103.485 E757.95431
G0 F7200 X115.435 Y103.485
G1 F1500 X118.163 Y100.756 E758.01848
G0 F7200 X118.096 Y100.258
G1 F1500 X108.524 Y109.829 E758.24358
G0 F7200 X107.958 Y109.829
G1 F1500 X118.112 Y99.675 E758.48239
G0 F7200 X118.253 Y98.969
G1 F1500 X107.393 Y109.829 E758.7378
G0 F7200 X106.827 Y109.829
G1 F1500 X120.142 Y96.515 E759.05094
G0 F7200 X120.468 Y96.754
G1 F1500 X120.708 Y96.515 E759.05657
G0 F7200 X121.185 Y96.603
G1 F1500 X121.273 Y96.515 E759.05864
G0 F7200 X121.745 Y96.609
G1 F1500 X121.805 Y96.549 E759.06005
G0 F7200 X123.416 Y97.201
G1 F1500 X123.475 Y97.141 E759.06145
G0 F7200 X124.961 Y100.181
G1 F1500 X124.89 Y100.252 E759.06312
G0 F7200 X124.863 Y100.844
G1 F1500 X124.776 Y100.932 E759.06518
G0 F7200 X124.456 Y101.817
G1 F1500 X124.191 Y102.082 E759.07141
G0 F7200 X124.381 Y99.875
G0 X124.132 Y98.798
G0 X123.685 Y98.108
G0 X122.702 Y97.368
G0 X119.576 Y96.515
G1 F1500 X106.261 Y109.829 E759.38455
G0 F7200 X105.696 Y109.829
G1 F1500 X119.011 Y96.515 E759.69768
G0 F7200 X118.445 Y96.515
G1 F1500 X105.13 Y109.829 E760.01082
G0 F7200 X104.564 Y109.829
G1 F1500 X117.879 Y96.515 E760.32396
G0 F7200 X117.313 Y96.515
G1 F1500 X103.999 Y109.829 E760.63708
G0 F7200 X103.433 Y109.829
G1 F1500 X116.748 Y96.515 E760.95022
G0 F7200 X116.182 Y96.515
G1 F1500 X102.867 Y109.829 E761.26336
G0 F7200 X102.302 Y109.829
G1 F1500 X115.616 Y96.515 E761.57648
G0 F7200 X115.329 Y96.237
G1 F1500 X101.736 Y109.829 E761.89616
G0 F7200 X101.17 Y109.829
G1 F1500 X115.329 Y95.671 E762.22914
G0 F7200 X115.329 Y95.105
G1 F1500 X100.605 Y109.829 E762.57543
G0 F7200 X100.039 Y109.829
G1 F1500 X115.329 Y94.54 E762.93501
G0 F7200 X115.329 Y93.974
G1 F1500 X99.473 Y109.829 E763.30791
G0 F7200 X98.907 Y109.829
G1 F1500 X115.329 Y93.408 E763.69412
G0 F7200 X115.329 Y92.843
G1 F1500 X98.342 Y109.829 E764.09362
G0 F7200 X97.776 Y109.829
G1 F1500 X115.329 Y92.277 E764.50642
G0 F7200 X115.329 Y91.711
G1 F1500 X97.21 Y109.829 E764.93254
G0 F7200 X96.645 Y109.829
G1 F1500 X115.329 Y91.146 E765.37195
G0 F7200 X115.329 Y90.58
G1 F1500 X96.079 Y109.829 E765.82467
G0 F7200 X95.513 Y109.829
G1 F1500 X115.174 Y90.169 E766.28705
G0 F7200 X114.608 Y90.169
G1 F1500 X94.948 Y109.829 E766.74943
G0 F7200 X94.382 Y109.829
G1 F1500 X114.042 Y90.169 E767.2118
G0 F7200 X113.477 Y90.169
G1 F1500 X93.816 Y109.829 E767.67418
G0 F7200 X93.251 Y109.829
G1 F1500 X112.911 Y90.169 E768.13656
G0 F7200 X112.345 Y90.169
G1 F1500 X92.685 Y109.829 E768.59893
G0 F7200 X92.119 Y109.829
G1 F1500 X111.78 Y90.169 E769.06132
G0 F7200 X111.214 Y90.169
G1 F1500 X91.554 Y109.829 E769.52369
G0 F7200 X90.988 Y109.829
G1 F1500 X110.648 Y90.169 E769.98606
G0 F7200 X110.083 Y90.169
G1 F1500 X90.422 Y109.829 E770.44845
G0 F7200 X89.857 Y109.829
G1 F1500 X109.517 Y90.169 E770.91082
G0 F7200 X108.951 Y90.169
G1 F1500 X89.291 Y109.829 E771.37319
G0 F7200 X88.725 Y109.829
G1 F1500 X108.386 Y90.169 E771.83558
G0 F7200 X107.82 Y90.169
G1 F1500 X88.159 Y109.829 E772.29796
G0 F7200 X87.594 Y109.829
G1 F1500 X107.254 Y90.169 E772.76034
G0 F7200 X106.688 Y90.169
G1 F1500 X87.028 Y109.829 E773.22271
G0 F7200 X86.462 Y109.829
G1 F1500 X106.123 Y90.169 E773.68509
G0 F7200 X105.557 Y90.169
G1 F1500 X85.897 Y109.829 E774.14747
G0 F7200 X85.331 Y109.829
G1 F1500 X104.991 Y90.169 E774.60984
G0 F7200 X104.426 Y90.169
G1 F1500 X84.765 Y109.829 E775.07222
G0 F7200 X84.67 Y109.359
G1 F1500 X103.86 Y90.169 E775.52354
G0 F7200 X103.294 Y90.169
G1 F1500 X84.67 Y108.794 E775.96156
G0 F7200 X84.67 Y108.228
G1 F1500 X102.729 Y90.169 E776.38628
G0 F7200 X102.163 Y90.169
G1 F1500 X84.67 Y107.662 E776.79769
G0 F7200 X84.67 Y107.096
G1 F1500 X101.597 Y90.169 E777.19579
G0 F7200 X101.032 Y90.169
G1 F1500 X84.67 Y106.531 E777.5806
G0 F7200 X84.67 Y105.965
G1 F1500 X100.466 Y90.169 E777.9521
G0 F7200 X99.9 Y90.169
G1 F1500 X84.67 Y105.399 E778.31028
G0 F7200 X84.67 Y104.834
G1 F1500 X99.335 Y90.169 E778.65518
G0 F7200 X98.769 Y90.169
G1 F1500 X84.67 Y104.268 E778.98677
G0 F7200 X84.67 Y103.702
G1 F1500 X98.203 Y90.169 E779.30504
G0 F7200 X97.638 Y90.169
G1 F1500 X84.323 Y103.484 E779.61819
G0 F7200 X83.757 Y103.484
G1 F1500 X97.072 Y90.169 E779.93134
G0 F7200 X96.506 Y90.169
G1 F1500 X83.191 Y103.484 E780.24449
G0 F7200 X82.626 Y103.484
G1 F1500 X95.94 Y90.169 E780.55762
G0 F7200 X95.375 Y90.169
G1 F1500 X82.06 Y103.484 E780.87077
G0 F7200 X81.495 Y103.483
G1 F1500 X94.809 Y90.169 E781.1839
G0 F7200 X94.243 Y90.169
G1 F1500 X80.929 Y103.483 E781.49702
G0 F7200 X80.364 Y103.483
G1 F1500 X93.678 Y90.169 E781.81015
G0 F7200 X93.112 Y90.169
G1 F1500 X81.178 Y102.103 E782.09082
G1 X81.108 Y102.173
G0 F7200 X80.604 Y102.677
G1 F1500 X79.798 Y103.483 E782.10977
G0 F7200 X79.444 Y103.272
G1 F1500 X79.232 Y103.483 E782.11475
G0 F7200 X78.748 Y103.402
G1 F1500 X78.667 Y103.483 E782.11665
G0 F7200 X76.548 Y102.773
G1 F1500 X76.489 Y102.833 E782.11805
G0 F7200 X75.639 Y101.986
G1 F1500 X75.702 Y101.923 E782.11953
G0 F7200 X75.125 Y100.802
G1 F1500 X75.19 Y100.737 E782.12106
G0 F7200 X75.167 Y99.063
G1 F1500 X75.251 Y98.98 E782.12303
G0 F7200 X75.644 Y98.02
G1 F1500 X76.076 Y97.588 E782.13319
G0 F7200 X76.216 Y97.448
G1 F1500 X76.547 Y97.117 E782.14097
G0 F7200 X77.476 Y96.754
G1 F1500 X77.568 Y96.662 E782.14313
G0 F7200 X78.194 Y96.602
G1 F1500 X78.252 Y96.544 E782.1445
G0 F7200 X78.753 Y96.609
G1 F1500 X78.831 Y96.53 E782.14634
G0 F7200 X79.26 Y96.667
G1 F1500 X79.399 Y96.528 E782.14961
G0 F7200 X79.687 Y96.806
G1 F1500 X79.968 Y96.525 E782.15622
G0 F7200 X80.078 Y96.981
G1 F1500 X80.536 Y96.522 E782.167
G0 F7200 X81.104 Y96.52
G1 F1500 X80.421 Y97.203 E782.18307
G0 F7200 X80.758 Y97.432
G1 F1500 X81.672 Y96.517 E782.20458
G0 F7200 X82.241 Y96.515
G1 F1500 X81.041 Y97.715 E782.2328
G0 F7200 X81.276 Y98.046
G1 F1500 X82.808 Y96.513 E782.26884
G0 F7200 X83.374 Y96.513
G1 F1500 X81.499 Y98.388 E782.31294
G0 F7200 X81.682 Y98.771
G1 F1500 X83.94 Y96.513 E782.36604
G0 F7200 X84.506 Y96.513
G1 F1500 X81.82 Y99.198 E782.4292
G0 F7200 X81.897 Y99.687
G1 F1500 X91.415 Y90.169 E782.65305
G0 F7200 X90.849 Y90.169
G1 F1500 X84.67 Y96.348 E782.79837
G0 F7200 X84.67 Y95.783
G1 F1500 X90.284 Y90.169 E782.9304
G0 F7200 X89.718 Y90.169
G1 F1500 X84.67 Y95.217 E783.04912
G0 F7200 X84.67 Y94.651
G1 F1500 X89.152 Y90.169 E783.15453
G0 F7200 X88.587 Y90.169
G1 F1500 X84.67 Y94.086 E783.24666
G0 F7200 X84.67 Y93.52
G1 F1500 X88.021 Y90.169 E783.32547
G0 F7200 X87.455 Y90.169
G1 F1500 X84.67 Y92.954 E783.39096
G0 F7200 X84.67 Y92.389
G1 F1500 X86.889 Y90.169 E783.44316
G0 F7200 X86.324 Y90.169
G1 F1500 X84.67 Y91.823 E783.48206
G0 F7200 X84.67 Y91.257
G1 F1500 X85.758 Y90.169 E783.50765
G0 F7200 X85.192 Y90.169
G1 F1500 X84.67 Y90.692 E783.51994
G0 F7200 X91.981 Y90.169
G1 F1500 X81.89 Y100.26 E783.75726
G0 F7200 X81.773 Y100.943
G1 F1500 X92.546 Y90.169 E784.01064
G1 X92.616 Y90.099
G0 F7200 X109.09 Y109.829
G1 F1500 X115.329 Y103.591 E784.15736
G0 F7200 X115.329 Y104.156
G1 F1500 X109.655 Y109.829 E784.29079
G0 F7200 X110.221 Y109.829
G1 F1500 X115.329 Y104.722 E784.41091
G0 F7200 X115.329 Y105.288
G1 F1500 X110.787 Y109.829 E784.51772
G0 F7200 X111.353 Y109.829
G1 F1500 X115.329 Y105.853 E784.61123
G0 F7200 X115.329 Y106.419
G1 F1500 X111.918 Y109.829 E784.69144
G0 F7200 X112.484 Y109.829
G1 F1500 X115.329 Y106.985 E784.75834
G0 F7200 X115.329 Y107.55
G1 F1500 X113.05 Y109.829 E784.81194
G0 F7200 X113.615 Y109.829
G1 F1500 X115.329 Y108.116 E784.85224
G0 F7200 X115.329 Y108.682
G1 F1500 X114.181 Y109.829 E784.87923
G0 F7200 X114.747 Y109.829
G1 F1500 X115.329 Y109.247 E784.89291
G1 X115.399 Y109.177
;MESH:NONMESH
G0 F600 X115.399 Y109.177 Z2.9
G0 F7200 X77.939 Y102.84
G0 X76.539 Y102.127
G0 X75.744 Y101.07
G0 X75.744 Y101.071
;TIME_ELAPSED:1592.036130
;LAYER:26
;TYPE:WALL-INNER
;MESH:drax_photo_base.stl
G1 F3000 X76.146 Y101.771 E784.90634
G1 X76.515 Y102.187 E784.91558
G1 X77.182 Y102.645 E784.92904
G1 X77.863 Y102.884 E784.94104
G1 X78.499 Y102.954 E784.95168
G1 X79.114 Y102.889 E784.96197
G1 X79.751 Y102.678 E784.97313
G1 X80.395 Y102.264 E784.98586
G1 X80.764 Y101.894 E784.99455
G1 X81.177 Y101.25 E785.00727
G1 X81.391 Y100.607 E785.01854
G1 X81.447 Y99.925 E785.02992
G1 X81.389 Y99.386 E785.03894
G1 X81.178 Y98.749 E785.0501
G1 X80.764 Y98.105 E785.06283
G1 X80.394 Y97.736 E785.07152
G1 X79.75 Y97.323 E785.08424
G1 X79.107 Y97.109 E785.09551
G1 X78.424 Y97.053 E785.10691
G1 X77.862 Y97.117 E785.11631
G1 X77.182 Y97.355 E785.12829
G1 X76.503 Y97.821 E785.14199
G1 X76.001 Y98.446 E785.15532
G1 X75.742 Y98.94 E785.1646
G1 X75.562 Y99.72 E785.17791
G1 X75.563 Y100.28 E785.18722
G1 X75.744 Y101.071 E785.20072
G0 F7200 X75.651 Y101.107
G0 X75.524 Y100.284
G0 X75.705 Y98.927
G0 X76.476 Y97.792
G0 X77.164 Y97.32
G0 X84.17 Y96.156
G0 X84.1 Y96.086
G1 F3000 X84.1 Y89.6 E785.30858
G1 X115.9 Y89.6 E785.83742
G1 X115.9 Y96.085 E785.94526
G1 X121.473 Y96.085 E786.03794
G1 X122.263 Y96.162 E786.05114
G1 X122.997 Y96.385 E786.0639
G1 X123.677 Y96.749 E786.07672
G1 X124.085 Y97.071 E786.08537
G1 X124.392 Y97.372 E786.09252
G1 X124.755 Y97.828 E786.10221
G1 X125.021 Y98.294 E786.11113
G1 X125.314 Y99.129 E786.12585
G1 X125.412 Y100 E786.14043
G1 X125.338 Y100.763 E786.15318
G1 X125.115 Y101.497 E786.16593
G1 X124.751 Y102.177 E786.17876
G1 X124.429 Y102.585 E786.1874
G1 X124.131 Y102.889 E786.19448
G1 X123.672 Y103.255 E786.20424
G1 X123.202 Y103.524 E786.21325
G1 X122.711 Y103.707 E786.22196
G1 X122.382 Y103.811 E786.2277
G1 X121.46 Y103.914 E786.24313
G1 X115.9 Y103.915 E786.33559
G1 X115.9 Y110.4 E786.44344
G1 X84.1 Y110.4 E786.97228
G1 X84.1 Y103.915 E787.08012
G1 X78.539 Y103.914 E787.1726
G1 X77.616 Y103.811 E787.18805
G1 X77.009 Y103.617 E787.19864
G1 X76.534 Y103.372 E787.20753
G1 X76.056 Y103.054 E787.21708
G1 X75.734 Y102.766 E787.22426
G1 X75.438 Y102.435 E787.23165
G1 X75.254 Y102.184 E787.23682
G1 X74.886 Y101.496 E787.2498
G1 X74.663 Y100.762 E787.26256
G1 X74.589 Y100 E787.27529
G1 X74.688 Y99.129 E787.28987
G1 X74.981 Y98.294 E787.30458
G1 X75.246 Y97.83 E787.31347
G1 X75.609 Y97.371 E787.3232
G1 X75.916 Y97.069 E787.33036
G1 X76.321 Y96.752 E787.33892
G1 X77.004 Y96.386 E787.3518
G1 X77.738 Y96.163 E787.36456
G1 X78.527 Y96.086 E787.37774
G1 X84.1 Y96.086 E787.47042
G0 F7200 X84.17 Y96.156
G0 X120.206 Y97.232
G0 X120.249 Y97.322
G1 F3000 X119.605 Y97.736 E787.48315
G1 X119.236 Y98.106 E787.49184
G1 X118.823 Y98.75 E787.50457
G1 X118.609 Y99.393 E787.51584
G1 X118.553 Y100.075 E787.52722
G1 X118.611 Y100.614 E787.53623
G1 X118.822 Y101.251 E787.54739
G1 X119.236 Y101.895 E787.56012
G1 X119.606 Y102.264 E787.56881
G1 X120.25 Y102.677 E787.58154
G1 X120.893 Y102.891 E787.59281
G1 X121.575 Y102.947 E787.60419
G1 X122.114 Y102.889 E787.6132
G1 X122.751 Y102.678 E787.62436
G1 X123.395 Y102.264 E787.63709
G1 X123.764 Y101.894 E787.64578
G1 X124.177 Y101.25 E787.65851
G1 X124.391 Y100.607 E787.66978
G1 X124.447 Y99.925 E787.68116
G1 X124.389 Y99.386 E787.69017
G1 X124.178 Y98.749 E787.70133
G1 X123.764 Y98.105 E787.71406
G1 X123.394 Y97.736 E787.72275
G1 X122.75 Y97.323 E787.73548
G1 X122.107 Y97.109 E787.74674
G1 X121.425 Y97.053 E787.75812
G1 X120.886 Y97.111 E787.76714
G1 X120.249 Y97.322 E787.7783
G0 F7200 X120.423 Y97.686
;TYPE:WALL-OUTER
G1 F1500 X119.858 Y98.049 E787.78947
G1 X119.55 Y98.358 E787.79672
G1 X119.187 Y98.924 E787.80791
G1 X119.004 Y99.474 E787.81754
G1 X118.955 Y100.07 E787.82749
G1 X119.004 Y100.529 E787.83517
G1 X119.186 Y101.077 E787.84477
G1 X119.549 Y101.642 E787.85594
G1 X119.858 Y101.95 E787.86319
G1 X120.424 Y102.313 E787.87437
G1 X120.974 Y102.496 E787.88401
G1 X121.57 Y102.545 E787.89396
G1 X122.029 Y102.496 E787.90164
G1 X122.577 Y102.314 E787.91124
G1 X123.142 Y101.951 E787.92241
G1 X123.45 Y101.642 E787.92966
G1 X123.813 Y101.076 E787.94084
G1 X123.996 Y100.526 E787.95048
G1 X124.045 Y99.93 E787.96043
G1 X123.996 Y99.471 E787.96811
G1 X123.814 Y98.923 E787.97771
G1 X123.451 Y98.358 E787.98888
G1 X123.142 Y98.05 E787.99613
G1 X122.576 Y97.687 E788.00731
G1 X122.026 Y97.504 E788.01695
G1 X121.43 Y97.455 E788.0269
G1 X120.971 Y97.504 E788.03457
G1 X120.423 Y97.686 E788.04418
G0 F7200 X120.255 Y97.794
G0 X119.985 Y97.373
G0 X84.2 Y95.686
G0 X83.7 Y95.686
G1 F1500 X83.7 Y89.2 E788.15204
G1 X116.3 Y89.2 E788.69418
G1 X116.3 Y95.685 E788.80203
G1 X121.491 Y95.685 E788.88835
G1 X122.343 Y95.768 E788.90259
G1 X123.152 Y96.014 E788.91665
G1 X123.896 Y96.412 E788.93068
G1 X124.346 Y96.767 E788.94021
G1 X124.692 Y97.107 E788.94828
G1 X125.087 Y97.603 E788.95883
G1 X125.385 Y98.124 E788.96881
G1 X125.706 Y99.04 E788.98495
G1 X125.814 Y100 E789.00101
G1 X125.732 Y100.843 E789.0151
G1 X125.486 Y101.652 E789.02916
G1 X125.088 Y102.396 E789.04319
G1 X124.733 Y102.846 E789.05273
G1 X124.394 Y103.191 E789.06077
G1 X123.897 Y103.587 E789.07134
G1 X123.371 Y103.888 E789.08142
G1 X122.851 Y104.082 E789.09065
G1 X122.462 Y104.205 E789.09743
G1 X121.486 Y104.314 E789.11376
G1 X116.3 Y104.315 E789.20001
G1 X116.3 Y110.8 E789.30785
G1 X83.7 Y110.8 E789.84999
G1 X83.7 Y104.315 E789.95784
G1 X78.513 Y104.314 E790.0441
G1 X77.534 Y104.205 E790.06048
G1 X76.854 Y103.987 E790.07235
G1 X76.336 Y103.72 E790.08205
G1 X75.808 Y103.369 E790.09259
G1 X75.451 Y103.049 E790.10056
G1 X75.127 Y102.688 E790.10863
G1 X74.913 Y102.395 E790.11466
G1 X74.515 Y101.651 E790.1287
G1 X74.269 Y100.842 E790.14276
G1 X74.187 Y100 E790.15683
G1 X74.296 Y99.04 E790.17289
G1 X74.617 Y98.124 E790.18904
G1 X74.914 Y97.605 E790.19898
G1 X75.308 Y97.107 E790.20954
G1 X75.657 Y96.764 E790.21768
G1 X76.102 Y96.415 E790.22708
G1 X76.849 Y96.015 E790.24117
G1 X77.658 Y95.769 E790.25524
G1 X78.509 Y95.686 E790.26946
G1 X83.7 Y95.686 E790.35578
G0 F7200 X83.7 Y95.486
G0 X84.2 Y95.486
G0 X77.854 Y97.079
G0 X76.476 Y97.792
G0 X75.968 Y98.425
G0 X75.523 Y99.716
G0 X75.688 Y101.172
G0 X76.121 Y100.924
G1 F1500 X76.472 Y101.536 E790.36751
G1 X76.782 Y101.885 E790.37528
G1 X77.365 Y102.285 E790.38704
G1 X77.952 Y102.491 E790.39738
G1 X78.5 Y102.552 E790.40655
G1 X79.029 Y102.496 E790.4154
G1 X79.577 Y102.314 E790.425
G1 X80.142 Y101.951 E790.43617
G1 X80.45 Y101.642 E790.44342
G1 X80.813 Y101.076 E790.45461
G1 X80.996 Y100.526 E790.46424
G1 X81.045 Y99.93 E790.47419
G1 X80.996 Y99.471 E790.48187
G1 X80.814 Y98.923 E790.49147
G1 X80.451 Y98.358 E790.50264
G1 X80.142 Y98.05 E790.50989
G1 X79.576 Y97.687 E790.52107
G1 X79.026 Y97.504 E790.53071
G1 X78.43 Y97.455 E790.54066
G1 X77.952 Y97.509 E790.54866
G1 X77.365 Y97.715 E790.559
G1 X76.778 Y98.118 E790.57085
G1 X76.337 Y98.666 E790.58254
G1 X76.12 Y99.08 E790.59032
G1 X75.962 Y99.765 E790.60201
G1 X75.963 Y100.234 E790.60981
G1 X76.121 Y100.924 E790.62158
G0 F7200 X76.22 Y101.097
G0 X75.377 Y101.215
;TYPE:SKIN
G1 F1500 X75.828 Y102 E790.63663
G1 X76.255 Y102.481 E790.64733
G1 X77.004 Y102.996 E790.66245
G1 X77.776 Y103.266 E790.67605
G1 X78.499 Y103.346 E790.68814
G1 X79.196 Y103.273 E790.6998
G1 X79.921 Y103.033 E790.7125
G1 X80.641 Y102.57 E790.72673
G1 X81.07 Y102.14 E790.73684
G1 X81.532 Y101.419 E790.75108
G1 X81.775 Y100.685 E790.76393
G1 X81.839 Y99.92 E790.7767
G1 X81.773 Y99.303 E790.78702
G1 X81.533 Y98.579 E790.79971
G1 X81.07 Y97.859 E790.81394
G1 X80.64 Y97.43 E790.82404
G1 X79.919 Y96.968 E790.83828
G1 X79.185 Y96.725 E790.85114
G1 X78.418 Y96.661 E790.86394
G1 X77.774 Y96.735 E790.87472
G1 X77.004 Y97.004 E790.88828
G1 X76.235 Y97.532 E790.9038
G1 X75.673 Y98.231 E790.91871
G1 X75.373 Y98.803 E790.92945
G1 X75.172 Y99.675 E790.94434
G1 X75.173 Y100.325 E790.95515
G1 X75.377 Y101.215 E790.97033
G0 F7200 X75.248 Y101.349
G1 F1500 X75.047 Y100.685 E790.98187
G1 X74.981 Y100.008 E790.99318
G1 X75.072 Y99.214 E791.00647
G1 X75.337 Y98.457 E791.01981
G1 X75.57 Y98.05 E791.02761
G1 X75.904 Y97.627 E791.03657
G1 X76.175 Y97.361 E791.04289
G1 X76.537 Y97.078 E791.05053
G1 X77.151 Y96.748 E791.06212
G1 X77.814 Y96.547 E791.07364
G1 X78.544 Y96.476 E791.08584
G1 X84.49 Y96.476 E791.18472
G1 X84.49 Y89.99 E791.29258
G1 X115.51 Y89.99 E791.80845
G1 X115.51 Y96.475 E791.91629
G1 X121.456 Y96.475 E792.01518
G1 X122.187 Y96.546 E792.02739
G1 X122.85 Y96.747 E792.03891
G1 X123.459 Y97.073 E792.0504
G1 X123.825 Y97.363 E792.05816
G1 X124.104 Y97.637 E792.06467
G1 X124.43 Y98.046 E792.07336
G1 X124.665 Y98.457 E792.08124
G1 X124.931 Y99.215 E792.0946
G1 X125.02 Y100 E792.10774
G1 X124.954 Y100.685 E792.11918
G1 X124.753 Y101.35 E792.13073
G1 X124.427 Y101.959 E792.14222
G1 X124.137 Y102.325 E792.14999
G1 X123.865 Y102.601 E792.15643
G1 X123.454 Y102.931 E792.1652
G1 X123.033 Y103.172 E792.17326
G1 X122.588 Y103.337 E792.18116
G1 X122.303 Y103.427 E792.18613
G1 X121.435 Y103.524 E792.20065
G1 X115.51 Y103.525 E792.29918
G1 X115.51 Y110.01 E792.40703
G1 X84.49 Y110.01 E792.92289
G1 X84.49 Y103.525 E793.03074
G1 X78.564 Y103.524 E793.12929
G1 X77.698 Y103.427 E793.14378
G1 X77.158 Y103.255 E793.15321
G1 X76.728 Y103.033 E793.16125
G1 X76.295 Y102.745 E793.1699
G1 X76.006 Y102.486 E793.17636
G1 X75.743 Y102.191 E793.18293
G1 X75.582 Y101.972 E793.18745
G1 X75.248 Y101.349 E793.1992
G0 F7200 X77.164 Y102.68
G0 X78.376 Y102.979
G0 X118.161 Y100.08
G1 F1500 X118.227 Y100.697 E793.20952
G1 X118.467 Y101.421 E793.22221
G1 X118.93 Y102.141 E793.23644
G1 X119.36 Y102.57 E793.24655
G1 X120.081 Y103.032 E793.26079
G1 X120.815 Y103.275 E793.27364
G1 X121.58 Y103.339 E793.28641
G1 X122.197 Y103.273 E793.29673
G1 X122.921 Y103.033 E793.30941
G1 X123.641 Y102.57 E793.32365
G1 X124.07 Y102.14 E793.33375
G1 X124.532 Y101.419 E793.34799
G1 X124.775 Y100.685 E793.36085
G1 X124.839 Y99.92 E793.37362
G1 X124.773 Y99.303 E793.38394
G1 X124.533 Y98.579 E793.39662
G1 X124.07 Y97.859 E793.41086
G1 X123.64 Y97.43 E793.42096
G1 X122.919 Y96.968 E793.4352
G1 X122.185 Y96.725 E793.44806
G1 X121.42 Y96.661 E793.46082
G1 X120.803 Y96.727 E793.47114
G1 X120.079 Y96.967 E793.48383
G1 X119.359 Y97.43 E793.49806
G1 X118.93 Y97.86 E793.50816
G1 X118.468 Y98.581 E793.5224
G1 X118.225 Y99.315 E793.53526
G1 X118.161 Y100.08 E793.54803
G0 F7200 X115.872 Y96.113
G0 X115.329 Y90.439
G1 F1500 X115.06 Y90.17 E793.55435
G0 F7200 X114.494 Y90.17
G1 F1500 X115.329 Y91.005 E793.57399
G0 F7200 X115.329 Y91.571
G1 F1500 X113.929 Y90.17 E793.60693
G0 F7200 X113.363 Y90.17
G1 F1500 X115.329 Y92.136 E793.65317
G0 F7200 X115.329 Y92.702
G1 F1500 X112.797 Y90.17 E793.71272
G0 F7200 X112.231 Y90.17
G1 F1500 X115.329 Y93.268 E793.78558
G0 F7200 X115.329 Y93.833
G1 F1500 X111.666 Y90.17 E793.87172
G0 F7200 X111.1 Y90.17
G1 F1500 X115.329 Y94.399 E793.97118
G0 F7200 X115.329 Y94.965
G1 F1500 X110.534 Y90.17 E794.08395
G0 F7200 X109.969 Y90.17
G1 F1500 X115.329 Y95.53 E794.21001
G0 F7200 X115.329 Y96.096
G1 F1500 X109.403 Y90.17 E794.34938
G0 F7200 X108.837 Y90.17
G1 F1500 X118.039 Y99.371 E794.56579
G0 F7200 X118.162 Y98.929
G1 F1500 X115.888 Y96.655 E794.61927
G0 F7200 X116.454 Y96.655
G1 F1500 X118.303 Y98.504 E794.66276
G0 F7200 X118.524 Y98.159
G1 F1500 X117.019 Y96.655 E794.69814
G0 F7200 X117.585 Y96.655
G1 F1500 X118.745 Y97.814 E794.72541
G0 F7200 X119.015 Y97.519
G1 F1500 X118.151 Y96.655 E794.74573
G0 F7200 X118.716 Y96.655
G1 F1500 X119.308 Y97.246 E794.75964
G0 F7200 X119.653 Y97.025
G1 F1500 X119.282 Y96.655 E794.76835
G0 F7200 X119.848 Y96.655
G1 F1500 X119.998 Y96.805 E794.77188
G0 F7200 X117.995 Y99.893
G1 F1500 X108.272 Y90.17 E795.00055
G0 F7200 X107.706 Y90.17
G1 F1500 X118.023 Y100.486 E795.24318
G0 F7200 X118.219 Y101.248
G1 F1500 X107.14 Y90.17 E795.50373
G0 F7200 X106.575 Y90.17
G1 F1500 X119.749 Y103.344 E795.81356
G0 F7200 X120.246 Y103.275
G1 F1500 X120.314 Y103.344 E795.81517
G0 F7200 X119.183 Y103.344
G1 F1500 X106.009 Y90.17 E796.125
G0 F7200 X105.443 Y90.17
G1 F1500 X118.617 Y103.344 E796.43484
G0 F7200 X118.052 Y103.344
G1 F1500 X104.878 Y90.17 E796.74467
G0 F7200 X104.312 Y90.17
G1 F1500 X117.486 Y103.344 E797.0545
G0 F7200 X116.92 Y103.344
G1 F1500 X103.746 Y90.17 E797.36433
G0 F7200 X103.181 Y90.17
G1 F1500 X116.355 Y103.344 E797.67417
G0 F7200 X115.789 Y103.344
G1 F1500 X102.615 Y90.17 E797.984
G0 F7200 X102.049 Y90.17
G1 F1500 X115.329 Y103.45 E798.29632
G0 F7200 X115.329 Y104.016
G1 F1500 X101.483 Y90.17 E798.62196
G0 F7200 X100.918 Y90.17
G1 F1500 X115.329 Y104.581 E798.96088
G0 F7200 X115.329 Y105.147
G1 F1500 X100.352 Y90.17 E799.31312
G0 F7200 X99.786 Y90.17
G1 F1500 X115.329 Y105.713 E799.67867
G0 F7200 X115.329 Y106.278
G1 F1500 X99.221 Y90.17 E800.0575
G0 F7200 X98.655 Y90.17
G1 F1500 X115.329 Y106.844 E800.44965
G0 F7200 X115.329 Y107.41
G1 F1500 X98.089 Y90.17 E800.85511
G0 F7200 X97.524 Y90.17
G1 F1500 X115.329 Y107.975 E801.27386
G0 F7200 X115.329 Y108.541
G1 F1500 X96.958 Y90.17 E801.70591
G0 F7200 X96.392 Y90.17
G1 F1500 X115.329 Y109.107 E802.15128
G0 F7200 X115.329 Y109.672
G1 F1500 X95.827 Y90.17 E802.60994
G0 F7200 X95.261 Y90.17
G1 F1500 X114.92 Y109.829 E803.07229
G0 F7200 X114.354 Y109.829
G1 F1500 X94.695 Y90.17 E803.53464
G0 F7200 X94.13 Y90.17
G1 F1500 X113.789 Y109.829 E803.99699
G0 F7200 X113.223 Y109.829
G1 F1500 X93.564 Y90.17 E804.45934
G0 F7200 X92.998 Y90.17
G1 F1500 X112.657 Y109.829 E804.92169
G0 F7200 X112.091 Y109.829
G1 F1500 X92.432 Y90.17 E805.38404
G0 F7200 X91.867 Y90.17
G1 F1500 X111.526 Y109.829 E805.84639
G0 F7200 X110.96 Y109.829
G1 F1500 X91.301 Y90.17 E806.30874
G0 F7200 X90.735 Y90.17
G1 F1500 X110.394 Y109.829 E806.77109
G0 F7200 X109.829 Y109.829
G1 F1500 X90.17 Y90.17 E807.23344
G0 F7200 X89.604 Y90.17
G1 F1500 X109.263 Y109.829 E807.69578
G0 F7200 X108.697 Y109.829
G1 F1500 X89.038 Y90.17 E808.15813
G0 F7200 X88.473 Y90.17
G1 F1500 X108.132 Y109.829 E808.62048
G0 F7200 X107.566 Y109.829
G1 F1500 X87.907 Y90.17 E809.08283
G0 F7200 X87.341 Y90.17
G1 F1500 X107 Y109.829 E809.54518
G0 F7200 X106.435 Y109.829
G1 F1500 X86.776 Y90.17 E810.00753
G0 F7200 X86.21 Y90.17
G1 F1500 X105.869 Y109.829 E810.46988
G0 F7200 X105.303 Y109.829
G1 F1500 X85.644 Y90.17 E810.93223
G0 F7200 X85.079 Y90.17
G1 F1500 X104.738 Y109.829 E811.39458
G0 F7200 X104.172 Y109.829
G1 F1500 X84.669 Y90.326 E811.85326
G0 F7200 X84.669 Y90.892
G1 F1500 X103.606 Y109.829 E812.29863
G0 F7200 X103.041 Y109.829
G1 F1500 X84.669 Y91.457 E812.73071
G0 F7200 X84.669 Y92.023
G1 F1500 X102.475 Y109.829 E813.14948
G0 F7200 X101.909 Y109.829
G1 F1500 X84.669 Y92.589 E813.55494
G0 F7200 X84.669 Y93.154
G1 F1500 X101.343 Y109.829 E813.9471
G0 F7200 X100.778 Y109.829
G1 F1500 X84.669 Y93.72 E814.32596
G0 F7200 X84.669 Y94.286
G1 F1500 X100.212 Y109.829 E814.69151
G0 F7200 X99.646 Y109.829
G1 F1500 X84.669 Y94.852 E815.04374
G0 F7200 X84.669 Y95.417
G1 F1500 X99.081 Y109.829 E815.38269
G0 F7200 X98.515 Y109.829
G1 F1500 X84.669 Y95.983 E815.70833
G0 F7200 X84.669 Y96.549
G1 F1500 X97.949 Y109.829 E816.02065
G0 F7200 X97.384 Y109.829
G1 F1500 X84.21 Y96.655 E816.33048
G0 F7200 X83.644 Y96.655
G1 F1500 X96.818 Y109.829 E816.64032
G0 F7200 X96.252 Y109.829
G1 F1500 X83.078 Y96.655 E816.95015
G0 F7200 X82.512 Y96.655
G1 F1500 X95.687 Y109.829 E817.25999
G0 F7200 X95.121 Y109.829
G1 F1500 X81.947 Y96.655 E817.56982
G0 F7200 X81.381 Y96.655
G1 F1500 X94.555 Y109.829 E817.87966
G0 F7200 X93.99 Y109.829
G1 F1500 X80.815 Y96.655 E818.1895
G0 F7200 X80.25 Y96.655
G1 F1500 X93.424 Y109.829 E818.49933
G0 F7200 X92.858 Y109.829
G1 F1500 X81.781 Y98.751 E818.75986
G0 F7200 X81.977 Y99.513
G1 F1500 X92.292 Y109.829 E819.00246
G0 F7200 X91.727 Y109.829
G1 F1500 X82.003 Y100.105 E819.23116
G0 F7200 X81.96 Y100.627
G1 F1500 X91.161 Y109.829 E819.44756
G0 F7200 X90.595 Y109.829
G1 F1500 X84.669 Y103.902 E819.58695
G0 F7200 X84.669 Y104.468
G1 F1500 X90.03 Y109.829 E819.71303
G0 F7200 X89.464 Y109.829
G1 F1500 X84.669 Y105.034 E819.8258
G0 F7200 X84.669 Y105.6
G1 F1500 X88.898 Y109.829 E819.92526
G0 F7200 X88.333 Y109.829
G1 F1500 X84.669 Y106.165 E820.01143
G0 F7200 X84.669 Y106.731
G1 F1500 X87.767 Y109.829 E820.08429
G0 F7200 X87.201 Y109.829
G1 F1500 X84.669 Y107.297 E820.14384
G0 F7200 X84.669 Y107.862
G1 F1500 X86.636 Y109.829 E820.1901
G0 F7200 X86.07 Y109.829
G1 F1500 X84.669 Y108.428 E820.22305
G0 F7200 X84.669 Y108.994
G1 F1500 X85.504 Y109.829 E820.24269
G0 F7200 X84.939 Y109.829
G1 F1500 X84.669 Y109.559 E820.24904
G0 F7200 X84.11 Y103.343
G1 F1500 X81.837 Y101.07 E820.30249
G0 F7200 X81.696 Y101.495
G1 F1500 X83.544 Y103.343 E820.34596
G0 F7200 X82.978 Y103.343
G1 F1500 X81.474 Y101.839 E820.38133
G0 F7200 X81.254 Y102.184
G1 F1500 X82.413 Y103.343 E820.40859
G0 F7200 X81.847 Y103.343
G1 F1500 X80.984 Y102.48 E820.42888
G0 F7200 X80.69 Y102.752
G1 F1500 X81.281 Y103.343 E820.44278
G0 F7200 X80.716 Y103.343
G1 F1500 X80.346 Y102.973 E820.45148
G0 F7200 X80.001 Y103.194
G1 F1500 X80.15 Y103.343 E820.45499
G0 F7200 X81.213 Y101.267
G0 X81.486 Y99.925
G0 X81.214 Y98.732
G0 X79.751 Y96.722
G1 F1500 X79.684 Y96.655 E820.45656
;MESH:NONMESH
G0 F600 X79.684 Y96.655 Z3
G0 F7200 X77.854 Y97.079
G0 X76.476 Y97.792
G0 X75.968 Y98.425
G0 X75.603 Y99.374
G0 X75.464 Y100.334
;TIME_ELAPSED:1678.363373
;LAYER:27
;TYPE:WALL-INNER
;MESH:drax_photo_base.stl
G1 F3000 X75.645 Y101.088 E820.46946
G1 X75.964 Y101.694 E820.48085
G1 X76.461 Y102.275 E820.49356
G1 X77.028 Y102.666 E820.50502
G1 X77.784 Y102.969 E820.51856
G1 X78.472 Y103.053 E820.53009
G1 X79.162 Y102.981 E820.54162
G1 X79.815 Y102.758 E820.5531
G1 X80.35 Y102.42 E820.56362
G1 X80.868 Y101.929 E820.57549
G1 X81.257 Y101.314 E820.58759
G1 X81.48 Y100.665 E820.59901
G1 X81.552 Y100.025 E820.60972
G1 X81.481 Y99.338 E820.6212
G1 X81.258 Y98.685 E820.63268
G1 X80.92 Y98.15 E820.6432
G1 X80.429 Y97.632 E820.65507
G1 X79.814 Y97.243 E820.66717
G1 X79.165 Y97.02 E820.67859
G1 X78.522 Y96.947 E820.68935
G1 X77.795 Y97.029 E820.70151
G1 X77.098 Y97.285 E820.71386
G1 X76.465 Y97.722 E820.72665
G1 X76.012 Y98.234 E820.73802
G1 X75.647 Y98.906 E820.75074
G1 X75.483 Y99.573 E820.76216
G1 X75.464 Y100.334 E820.77482
G0 F7200 X75.365 Y100.344
G0 X75.61 Y98.892
G0 X76.439 Y97.693
G0 X77.715 Y97.017
G0 X84.17 Y96.377
G0 X84.1 Y96.307
G1 F3000 X84.1 Y96.107 E820.77815
G1 X84.1 Y89.6 E820.88636
G1 X115.9 Y89.6 E821.4152
G1 X115.9 Y96.306 E821.52672
G1 X121.471 Y96.306 E821.61936
G1 X122.221 Y96.38 E821.6319
G1 X122.912 Y96.589 E821.6439
G1 X123.554 Y96.933 E821.65602
G1 X123.907 Y97.207 E821.66345
G1 X124.392 Y97.704 E821.67499
G1 X124.653 Y98.094 E821.6828
G1 X124.822 Y98.39 E821.68847
G1 X125.097 Y99.174 E821.70228
G1 X125.191 Y100.006 E821.71621
G1 X125.12 Y100.721 E821.72816
G1 X124.911 Y101.412 E821.74016
G1 X124.567 Y102.054 E821.75228
G1 X124.293 Y102.407 E821.75971
G1 X123.798 Y102.89 E821.77121
G1 X123.402 Y103.155 E821.77913
G1 X122.908 Y103.413 E821.7884
G1 X122.335 Y103.596 E821.7984
G1 X121.461 Y103.693 E821.81303
G1 X115.9 Y103.694 E821.90551
G1 X115.9 Y110.4 E822.01703
G1 X84.1 Y110.4 E822.54586
G1 X84.1 Y103.694 E822.65739
G1 X78.539 Y103.693 E822.74987
G1 X77.667 Y103.596 E822.76446
G1 X77.092 Y103.411 E822.7745
G1 X76.609 Y103.16 E822.78355
G1 X76.199 Y102.884 E822.79177
G1 X75.709 Y102.409 E822.80312
G1 X75.436 Y102.054 E822.81057
G1 X75.091 Y101.41 E822.82272
G1 X74.881 Y100.717 E822.83476
G1 X74.81 Y100.005 E822.84666
G1 X74.903 Y99.176 E822.86053
G1 X75.181 Y98.387 E822.87445
G1 X75.428 Y97.953 E822.88275
G1 X75.793 Y97.498 E822.89245
G1 X76.212 Y97.103 E822.90203
G1 X76.432 Y96.942 E822.90656
G1 X77.087 Y96.592 E822.91891
G1 X77.784 Y96.381 E822.93102
G1 X78.242 Y96.334 E822.93868
G1 X81.816 Y96.306 E822.99812
G1 X83.9 Y96.307 E823.03277
G1 X84.1 Y96.307 E823.03493
G0 F7200 X84.17 Y96.377
G0 X119.055 Y98.008
G0 X119.132 Y98.071
G1 F3000 X118.743 Y98.686 E823.04703
G1 X118.52 Y99.335 E823.05844
G1 X118.448 Y99.975 E823.06915
G1 X118.519 Y100.662 E823.08064
G1 X118.742 Y101.315 E823.09211
G1 X119.08 Y101.85 E823.10264
G1 X119.571 Y102.368 E823.1145
G1 X120.186 Y102.757 E823.12661
G1 X120.835 Y102.98 E823.13802
G1 X121.475 Y103.052 E823.14873
G1 X122.162 Y102.981 E823.16021
G1 X122.815 Y102.758 E823.17169
G1 X123.35 Y102.42 E823.18221
G1 X123.868 Y101.929 E823.19408
G1 X124.257 Y101.314 E823.20618
G1 X124.48 Y100.665 E823.2176
G1 X124.552 Y100.025 E823.22831
G1 X124.481 Y99.338 E823.23979
G1 X124.258 Y98.685 E823.25127
G1 X123.92 Y98.15 E823.26179
G1 X123.429 Y97.632 E823.27366
G1 X122.814 Y97.243 E823.28576
G1 X122.165 Y97.02 E823.29718
G1 X121.525 Y96.948 E823.30789
G1 X120.838 Y97.019 E823.31937
G1 X120.185 Y97.242 E823.33085
G1 X119.65 Y97.58 E823.34137
G1 X119.132 Y98.071 E823.35324
G0 F7200 X119.443 Y98.327
;TYPE:WALL-OUTER
G1 F1500 X119.106 Y98.86 E823.36373
G1 X118.913 Y99.423 E823.37362
G1 X118.85 Y99.977 E823.3829
G1 X118.912 Y100.576 E823.39291
G1 X119.105 Y101.141 E823.40284
G1 X119.397 Y101.603 E823.41193
G1 X119.827 Y102.057 E823.42233
G1 X120.36 Y102.394 E823.43282
G1 X120.923 Y102.587 E823.44271
G1 X121.477 Y102.65 E823.45199
G1 X122.076 Y102.588 E823.462
G1 X122.641 Y102.395 E823.47193
G1 X123.103 Y102.103 E823.48102
G1 X123.557 Y101.673 E823.49142
G1 X123.894 Y101.14 E823.5019
G1 X124.087 Y100.577 E823.5118
G1 X124.15 Y100.023 E823.52107
G1 X124.088 Y99.424 E823.53109
G1 X123.895 Y98.859 E823.54102
G1 X123.603 Y98.397 E823.55011
G1 X123.173 Y97.943 E823.56051
G1 X122.64 Y97.606 E823.57099
G1 X122.077 Y97.413 E823.58089
G1 X121.523 Y97.35 E823.59016
G1 X120.924 Y97.412 E823.60018
G1 X120.359 Y97.605 E823.61011
G1 X119.897 Y97.897 E823.6192
G1 X119.443 Y98.327 E823.62959
G0 F7200 X119.337 Y98.496
G0 X118.915 Y98.228
G0 X83.699 Y96.406
G0 X83.7 Y95.907
G1 F1500 X83.7 Y95.707 E823.63292
G1 X83.7 Y89.2 E823.74113
G1 X116.3 Y89.2 E824.28327
G1 X116.3 Y95.906 E824.39479
G1 X121.49 Y95.906 E824.4811
G1 X122.301 Y95.986 E824.49466
G1 X123.067 Y96.218 E824.50797
G1 X123.773 Y96.596 E824.52128
G1 X124.169 Y96.904 E824.52963
G1 X124.703 Y97.451 E824.54234
G1 X125 Y97.895 E824.55122
G1 X125.186 Y98.22 E824.55745
G1 X125.491 Y99.089 E824.57277
G1 X125.593 Y100 E824.58801
G1 X125.514 Y100.801 E824.6014
G1 X125.282 Y101.567 E824.61471
G1 X124.904 Y102.273 E824.62802
G1 X124.596 Y102.669 E824.63637
G1 X124.049 Y103.203 E824.64908
G1 X123.604 Y103.501 E824.65799
G1 X123.064 Y103.783 E824.66812
G1 X122.417 Y103.99 E824.67941
G1 X121.487 Y104.093 E824.69497
G1 X116.3 Y104.094 E824.78124
G1 X116.3 Y110.8 E824.89276
G1 X83.7 Y110.8 E825.4349
G1 X83.7 Y104.094 E825.54642
G1 X78.513 Y104.093 E825.63268
G1 X77.583 Y103.99 E825.64824
G1 X76.94 Y103.783 E825.65947
G1 X76.399 Y103.502 E825.66961
G1 X75.947 Y103.197 E825.67868
G1 X75.408 Y102.674 E825.69117
G1 X75.099 Y102.274 E825.69957
G1 X74.72 Y101.565 E825.71294
G1 X74.487 Y100.796 E825.72631
G1 X74.408 Y100 E825.73961
G1 X74.51 Y99.09 E825.75484
G1 X74.815 Y98.222 E825.77014
G1 X75.098 Y97.726 E825.77963
G1 X75.498 Y97.227 E825.79027
G1 X75.956 Y96.795 E825.80074
G1 X76.219 Y96.602 E825.80616
G1 X76.935 Y96.22 E825.81966
G1 X77.704 Y95.987 E825.83302
G1 X78.219 Y95.934 E825.84163
G1 X81.813 Y95.906 E825.9014
G1 X83.5 Y95.907 E825.92946
G1 X83.7 Y95.907 E825.93161
G0 F7200 X83.7 Y95.707
G0 X84.2 Y95.707
G0 X77.786 Y96.991
G0 X76.439 Y97.693
G0 X75.61 Y98.892
G0 X75.366 Y100.28
G0 X75.865 Y100.292
G1 F1500 X76.022 Y100.946 E825.9428
G1 X76.297 Y101.468 E825.95261
G1 X76.731 Y101.975 E825.96371
G1 X77.218 Y102.311 E825.97355
G1 X77.884 Y102.578 E825.98548
G1 X78.476 Y102.65 E825.9954
G1 X79.076 Y102.588 E826.00543
G1 X79.641 Y102.395 E826.01536
G1 X80.103 Y102.103 E826.02445
G1 X80.557 Y101.673 E826.03484
G1 X80.894 Y101.14 E826.04533
G1 X81.087 Y100.577 E826.05523
G1 X81.15 Y100.023 E826.0645
G1 X81.088 Y99.424 E826.07452
G1 X80.895 Y98.859 E826.08444
G1 X80.603 Y98.397 E826.09353
G1 X80.173 Y97.943 E826.10393
G1 X79.64 Y97.606 E826.11442
G1 X79.077 Y97.413 E826.12432
G1 X78.522 Y97.35 E826.13361
G1 X77.888 Y97.421 E826.14422
G1 X77.284 Y97.643 E826.15492
G1 X76.732 Y98.024 E826.16607
G1 X76.342 Y98.465 E826.17586
G1 X76.023 Y99.052 E826.18697
G1 X75.882 Y99.626 E826.1968
G1 X75.865 Y100.292 E826.20788
G0 F7200 X75.911 Y100.486
G0 X75.425 Y100.602
G0 X75.931 Y101.716
G0 X77.01 Y102.701
G0 X79.427 Y103.303
;TYPE:SKIN
G1 F1500 X79.985 Y103.113 E826.21768
G1 X80.59 Y102.73 E826.22959
G1 X81.172 Y102.179 E826.24292
G1 X81.612 Y101.484 E826.2566
G1 X81.862 Y100.751 E826.26948
G1 X81.944 Y100.027 E826.2816
G1 X81.865 Y99.254 E826.29452
G1 X81.613 Y98.515 E826.3075
G1 X81.23 Y97.91 E826.31941
G1 X80.679 Y97.328 E826.33274
G1 X79.984 Y96.888 E826.34642
G1 X79.475 Y96.714 E826.35536
G1 X81.819 Y96.696 E826.39434
G1 X84.49 Y96.697 E826.43876
G1 X84.49 Y89.99 E826.5503
G1 X115.51 Y89.99 E827.06617
G1 X115.51 Y96.696 E827.17769
G1 X120.575 Y96.696 E827.26192
G1 X120.015 Y96.887 E827.27176
G1 X119.41 Y97.27 E827.28367
G1 X118.828 Y97.821 E827.29699
G1 X118.388 Y98.516 E827.31067
G1 X118.138 Y99.249 E827.32355
G1 X118.056 Y99.973 E827.33567
G1 X118.135 Y100.746 E827.34859
G1 X118.387 Y101.485 E827.36158
G1 X118.77 Y102.09 E827.37348
G1 X119.321 Y102.672 E827.38681
G1 X120.016 Y103.112 E827.40049
G1 X120.576 Y103.303 E827.41033
G1 X115.51 Y103.304 E827.49458
G1 X115.51 Y110.01 E827.6061
G1 X84.49 Y110.01 E828.12197
G1 X84.49 Y103.304 E828.23349
G1 X79.427 Y103.303 E828.31769
G0 F7200 X80.898 Y101.954
G0 X84.128 Y96.335
G0 X84.67 Y90.692
G1 F1500 X85.192 Y90.169 E828.32997
G0 F7200 X85.758 Y90.169
G1 F1500 X84.67 Y91.257 E828.35556
G0 F7200 X84.67 Y91.823
G1 F1500 X86.324 Y90.169 E828.39446
G0 F7200 X86.889 Y90.169
G1 F1500 X84.67 Y92.389 E828.44666
G0 F7200 X84.67 Y92.954
G1 F1500 X87.455 Y90.169 E828.51216
G0 F7200 X88.021 Y90.169
G1 F1500 X84.67 Y93.52 E828.59097
G0 F7200 X84.67 Y94.086
G1 F1500 X88.587 Y90.169 E828.68309
G0 F7200 X89.152 Y90.169
G1 F1500 X84.67 Y94.651 E828.7885
G0 F7200 X84.67 Y95.217
G1 F1500 X89.718 Y90.169 E828.90722
G0 F7200 X90.284 Y90.169
G1 F1500 X84.67 Y95.783 E829.03926
G0 F7200 X84.67 Y96.348
G1 F1500 X90.849 Y90.169 E829.18458
G0 F7200 X91.415 Y90.169
G1 F1500 X82.073 Y99.511 E829.40429
G0 F7200 X81.982 Y99.036
G1 F1500 X84.143 Y96.875 E829.45511
G0 F7200 X83.577 Y96.875
G1 F1500 X81.838 Y98.615 E829.49602
G0 F7200 X81.651 Y98.236
G1 F1500 X83.012 Y96.875 E829.52803
G0 F7200 X82.447 Y96.875
G1 F1500 X81.431 Y97.89 E829.55191
G0 F7200 X81.171 Y97.584
G1 F1500 X81.881 Y96.875 E829.5686
G0 F7200 X81.312 Y96.878
G1 F1500 X80.895 Y97.295 E829.5784
G0 F7200 X80.575 Y97.049
G1 F1500 X80.742 Y96.882 E829.58233
G0 F7200 X82.125 Y100.025
G1 F1500 X91.981 Y90.169 E829.81413
G0 F7200 X92.546 Y90.169
G1 F1500 X82.052 Y100.663 E830.06093
G1 X81.982 Y100.733
G0 F7200 X81.805 Y101.476
G1 F1500 X93.112 Y90.169 E830.32686
G0 F7200 X93.678 Y90.169
G1 F1500 X80.724 Y103.123 E830.63151
G0 F7200 X81.29 Y103.123
G1 F1500 X94.243 Y90.169 E830.93616
G0 F7200 X94.809 Y90.169
G1 F1500 X81.856 Y103.123 E831.24081
G0 F7200 X82.421 Y103.123
G1 F1500 X95.375 Y90.169 E831.54547
G0 F7200 X95.94 Y90.169
G1 F1500 X82.987 Y103.123 E831.85011
G0 F7200 X83.553 Y103.123
G1 F1500 X96.506 Y90.169 E832.15476
G0 F7200 X97.072 Y90.169
G1 F1500 X84.118 Y103.123 E832.45942
G0 F7200 X84.67 Y103.137
G1 F1500 X97.638 Y90.169 E832.7644
G0 F7200 X98.203 Y90.169
G1 F1500 X84.67 Y103.702 E833.08268
G0 F7200 X84.67 Y104.268
G1 F1500 X98.769 Y90.169 E833.41427
G0 F7200 X99.335 Y90.169
G1 F1500 X84.67 Y104.834 E833.75916
G0 F7200 X84.67 Y105.399
G1 F1500 X99.9 Y90.169 E834.11735
G0 F7200 X100.466 Y90.169
G1 F1500 X84.67 Y105.965 E834.48885
G0 F7200 X84.67 Y106.531
G1 F1500 X101.032 Y90.169 E834.87366
G0 F7200 X101.597 Y90.169
G1 F1500 X84.67 Y107.096 E835.27175
G0 F7200 X84.67 Y107.662
G1 F1500 X102.163 Y90.169 E835.68316
G0 F7200 X102.729 Y90.169
G1 F1500 X84.67 Y108.228 E836.10788
G0 F7200 X84.67 Y108.794
G1 F1500 X103.294 Y90.169 E836.5459
G0 F7200 X103.86 Y90.169
G1 F1500 X84.67 Y109.359 E836.99722
G0 F7200 X84.765 Y109.829
G1 F1500 X104.426 Y90.169 E837.45961
G0 F7200 X104.991 Y90.169
G1 F1500 X85.331 Y109.829 E837.92198
G0 F7200 X85.897 Y109.829
G1 F1500 X105.557 Y90.169 E838.38435
G0 F7200 X106.123 Y90.169
G1 F1500 X86.462 Y109.829 E838.84674
G0 F7200 X87.028 Y109.829
G1 F1500 X106.688 Y90.169 E839.30911
G0 F7200 X107.254 Y90.169
G1 F1500 X87.594 Y109.829 E839.77148
G0 F7200 X88.159 Y109.829
G1 F1500 X107.82 Y90.169 E840.23387
G0 F7200 X108.386 Y90.169
G1 F1500 X88.725 Y109.829 E840.69625
G0 F7200 X89.291 Y109.829
G1 F1500 X108.951 Y90.169 E841.15863
G0 F7200 X109.517 Y90.169
G1 F1500 X89.857 Y109.829 E841.621
G0 F7200 X90.422 Y109.829
G1 F1500 X110.083 Y90.169 E842.08338
G0 F7200 X110.648 Y90.169
G1 F1500 X90.988 Y109.829 E842.54576
G0 F7200 X91.554 Y109.829
G1 F1500 X111.214 Y90.169 E843.00813
G0 F7200 X111.78 Y90.169
G1 F1500 X92.119 Y109.829 E843.47052
G0 F7200 X92.685 Y109.829
G1 F1500 X112.345 Y90.169 E843.93289
G0 F7200 X112.911 Y90.169
G1 F1500 X93.251 Y109.829 E844.39526
G0 F7200 X93.816 Y109.829
G1 F1500 X113.477 Y90.169 E844.85765
G0 F7200 X114.042 Y90.169
G1 F1500 X94.382 Y109.829 E845.32002
G0 F7200 X94.948 Y109.829
G1 F1500 X114.608 Y90.169 E845.78239
G0 F7200 X115.174 Y90.169
G1 F1500 X95.513 Y109.829 E846.24478
G0 F7200 X96.079 Y109.829
G1 F1500 X115.329 Y90.58 E846.6975
G0 F7200 X115.329 Y91.146
G1 F1500 X96.645 Y109.829 E847.1369
G0 F7200 X97.21 Y109.829
G1 F1500 X115.329 Y91.711 E847.56302
G0 F7200 X115.329 Y92.277
G1 F1500 X97.776 Y109.829 E847.97583
G0 F7200 X98.342 Y109.829
G1 F1500 X115.329 Y92.843 E848.37533
G0 F7200 X115.329 Y93.408
G1 F1500 X98.907 Y109.829 E848.76154
G0 F7200 X99.473 Y109.829
G1 F1500 X115.329 Y93.974 E849.13443
G0 F7200 X115.329 Y94.54
G1 F1500 X100.039 Y109.829 E849.49402
G0 F7200 X100.605 Y109.829
G1 F1500 X115.329 Y95.105 E849.8403
G0 F7200 X115.329 Y95.671
G1 F1500 X101.17 Y109.829 E850.17329
G0 F7200 X101.736 Y109.829
G1 F1500 X115.329 Y96.237 E850.49297
G0 F7200 X115.329 Y96.802
G1 F1500 X102.302 Y109.829 E850.79934
G0 F7200 X102.867 Y109.829
G1 F1500 X115.821 Y96.875 E851.104
G0 F7200 X116.387 Y96.875
G1 F1500 X103.433 Y109.829 E851.40866
G0 F7200 X103.999 Y109.829
G1 F1500 X116.953 Y96.875 E851.71332
G0 F7200 X117.519 Y96.875
G1 F1500 X104.564 Y109.829 E852.01799
G0 F7200 X105.13 Y109.829
G1 F1500 X118.084 Y96.875 E852.32264
G0 F7200 X118.65 Y96.875
G1 F1500 X105.696 Y109.829 E852.6273
G0 F7200 X106.261 Y109.829
G1 F1500 X119.216 Y96.875 E852.93197
G1 X119.286 Y96.805
G0 F7200 X118.228 Y98.428
G1 F1500 X106.827 Y109.829 E853.20011
G0 F7200 X107.393 Y109.829
G1 F1500 X117.953 Y99.269 E853.44846
G0 F7200 X117.881 Y99.907
G1 F1500 X107.958 Y109.829 E853.68182
G0 F7200 X108.524 Y109.829
G1 F1500 X117.92 Y100.433 E853.9028
G0 F7200 X118.002 Y100.917
G1 F1500 X115.795 Y103.124 E853.95471
G0 F7200 X116.361 Y103.124
G1 F1500 X118.146 Y101.339 E853.99669
G0 F7200 X118.325 Y101.725
G1 F1500 X116.927 Y103.124 E854.02958
G0 F7200 X117.493 Y103.123
G1 F1500 X118.544 Y102.072 E854.0543
G0 F7200 X118.799 Y102.383
G1 F1500 X118.059 Y103.123 E854.0717
G0 F7200 X118.624 Y103.123
G1 F1500 X119.074 Y102.674 E854.08227
G0 F7200 X119.387 Y102.927
G1 F1500 X119.19 Y103.123 E854.08689
G0 F7200 X115.329 Y103.591
G1 F1500 X109.09 Y109.829 E854.23361
G0 F7200 X109.655 Y109.829
G1 F1500 X115.329 Y104.156 E854.36704
G0 F7200 X115.329 Y104.722
G1 F1500 X110.221 Y109.829 E854.48717
G0 F7200 X110.787 Y109.829
G1 F1500 X115.329 Y105.288 E854.59397
G0 F7200 X115.329 Y105.853
G1 F1500 X111.353 Y109.829 E854.68748
G0 F7200 X111.918 Y109.829
G1 F1500 X115.329 Y106.419 E854.76769
G0 F7200 X115.329 Y106.985
G1 F1500 X112.484 Y109.829 E854.83459
G0 F7200 X113.05 Y109.829
G1 F1500 X115.329 Y107.55 E854.88819
G0 F7200 X115.329 Y108.116
G1 F1500 X113.615 Y109.829 E854.92849
G0 F7200 X114.181 Y109.829
G1 F1500 X115.329 Y108.682 E854.95548
G0 F7200 X115.329 Y109.247
G1 F1500 X114.747 Y109.829 E854.96916
G1 X114.677 Y109.899
G0 F7200 X115.872 Y103.666
G0 X120.78 Y103.513
;TYPE:SKIN
G1 F1500 X121.103 Y103.19 E854.97296
G0 F7200 X121.357 Y103.219
G1 F1500 X121.063 Y103.513 E854.97642
G0 F7200 X121.346 Y103.513
G1 F1500 X121.645 Y103.214 E854.97994
G0 F7200 X121.652 Y103.49
G1 F1500 X121.961 Y103.181 E854.98357
G0 F7200 X121.97 Y103.455
G1 F1500 X122.303 Y103.122 E854.98749
G0 F7200 X122.288 Y103.42
G1 F1500 X122.732 Y102.975 E854.99271
G0 F7200 X122.702 Y103.289
G1 F1500 X123.373 Y102.617 E855.00061
G0 F7200 X123.234 Y103.039
G1 F1500 X124.527 Y101.746 E855.01581
G0 F7200 X124.112 Y101.879
G1 F1500 X124.786 Y101.204 E855.02375
G0 F7200 X124.475 Y101.232
G1 F1500 X124.908 Y100.8 E855.02883
G0 F7200 X124.621 Y100.803
G1 F1500 X124.964 Y100.461 E855.03286
G0 F7200 X124.683 Y100.459
G1 F1500 X124.995 Y100.147 E855.03653
G0 F7200 X124.719 Y100.14
G1 F1500 X124.993 Y99.866 E855.03975
G0 F7200 X124.964 Y99.612
G1 F1500 X124.715 Y99.861 E855.04268
G0 F7200 X124.689 Y99.605
G1 F1500 X124.935 Y99.358 E855.04558
G0 F7200 X124.887 Y99.123
G1 F1500 X124.662 Y99.348 E855.04822
G0 F7200 X124.599 Y99.128
G1 F1500 X124.814 Y98.914 E855.05074
G0 F7200 X124.74 Y98.705
G1 F1500 X124.527 Y98.917 E855.05324
G0 F7200 X124.456 Y98.706
G1 F1500 X124.667 Y98.495 E855.05572
G0 F7200 X124.568 Y98.311
G1 F1500 X124.364 Y98.515 E855.05812
G0 F7200 X124.254 Y98.342
G1 F1500 X124.462 Y98.134 E855.06057
G0 F7200 X124.349 Y97.964
G1 F1500 X124.145 Y98.169 E855.06297
G0 F7200 X124.028 Y98.002
G1 F1500 X124.233 Y97.798 E855.06538
G0 F7200 X124.092 Y97.655
G1 F1500 X123.89 Y97.857 E855.06775
G0 F7200 X123.752 Y97.712
G1 F1500 X123.952 Y97.512 E855.07011
G0 F7200 X123.812 Y97.37
G1 F1500 X123.615 Y97.567 E855.07242
G0 F7200 X123.46 Y97.44
G1 F1500 X123.658 Y97.242 E855.07475
G0 F7200 X123.499 Y97.118
G1 F1500 X123.286 Y97.33 E855.07725
G0 F7200 X123.113 Y97.22
G1 F1500 X123.322 Y97.012 E855.0797
G0 F7200 X123.138 Y96.913
G1 F1500 X122.94 Y97.111 E855.08203
G0 F7200 X122.74 Y97.028
G1 F1500 X122.954 Y96.814 E855.08455
G0 F7200 X122.757 Y96.728
G1 F1500 X122.529 Y96.956 E855.08723
G0 F7200 X122.318 Y96.884
G1 F1500 X122.54 Y96.662 E855.08984
G0 F7200 X122.322 Y96.597
G1 F1500 X122.088 Y96.831 E855.09259
G0 F7200 X121.834 Y96.802
G1 F1500 X122.089 Y96.547 E855.09559
G0 F7200 X121.832 Y96.522
G1 F1500 X121.58 Y96.773 E855.09855
G0 F7200 X121.574 Y96.496
G1 F1500 X121.278 Y96.793 E855.10203
G0 F7200 X121.303 Y96.485
G1 F1500 X120.963 Y96.825 E855.10603
G0 F7200 X120.777 Y96.728
G1 F1500 X121.02 Y96.485 E855.10889
G0 F7200 X119.626 Y97.549
G0 X118.707 Y98.669
G0 X118.408 Y99.975
G0 X118.706 Y101.332
G0 X119.496 Y102.345
G0 X120.848 Y103.162
G1 F1500 X120.786 Y103.224 E855.10962
G0 F7200 X79.256 Y103.46
G1 F1500 X79.204 Y103.511 E855.11022
G0 F7200 X78.921 Y103.511
G1 F1500 X79.215 Y103.217 E855.11368
G0 F7200 X78.969 Y103.181
G1 F1500 X78.638 Y103.511 E855.11757
G0 F7200 X78.375 Y103.492
G1 F1500 X78.653 Y103.214 E855.12084
G0 F7200 X78.365 Y103.219
G1 F1500 X78.12 Y103.464 E855.12372
G0 F7200 X77.865 Y103.436
G1 F1500 X78.113 Y103.188 E855.12663
G0 F7200 X77.86 Y103.158
G1 F1500 X77.625 Y103.393 E855.1294
G0 F7200 X77.411 Y103.325
G1 F1500 X77.635 Y103.101 E855.13203
G0 F7200 X77.433 Y103.02
G1 F1500 X77.196 Y103.256 E855.13481
G0 F7200 X77.006 Y103.164
G1 F1500 X77.231 Y102.939 E855.13746
G0 F7200 X77.029 Y102.858
G1 F1500 X76.82 Y103.067 E855.13991
G0 F7200 X76.641 Y102.963
G1 F1500 X76.846 Y102.758 E855.14233
G0 F7200 X76.679 Y102.642
G1 F1500 X76.472 Y102.85 E855.14477
G0 F7200 X76.303 Y102.735
G1 F1500 X76.511 Y102.527 E855.14721
G0 F7200 X76.344 Y102.412
G1 F1500 X76.16 Y102.596 E855.14938
G0 F7200 X76.016 Y102.456
G1 F1500 X76.212 Y102.261 E855.15167
G0 F7200 X76.081 Y102.109
G1 F1500 X75.873 Y102.317 E855.15412
G0 F7200 X75.746 Y102.161
G1 F1500 X75.951 Y101.957 E855.15652
G0 F7200 X75.82 Y101.804
G1 F1500 X75.623 Y102.001 E855.15884
G0 F7200 X75.517 Y101.824
G1 F1500 X75.721 Y101.621 E855.16123
G0 F7200 X75.624 Y101.435
G1 F1500 X75.418 Y101.64 E855.16365
G0 F7200 X75.319 Y101.457
G1 F1500 X75.526 Y101.249 E855.16609
G0 F7200 X75.449 Y101.044
G1 F1500 X75.233 Y101.26 E855.16863
G0 F7200 X75.167 Y101.043
G1 F1500 X75.393 Y100.817 E855.17129
G0 F7200 X75.338 Y100.589
G1 F1500 X75.101 Y100.826 E855.17408
G0 F7200 X75.049 Y100.595
G1 F1500 X75.283 Y100.361 E855.17683
G0 F7200 X75.024 Y100.338
G1 F1500 X75.289 Y100.072 E855.17995
G0 F7200 X75.297 Y99.781
G1 F1500 X74.998 Y100.081 E855.18347
G0 F7200 X75.016 Y99.78
G1 F1500 X75.321 Y99.475 E855.18706
G0 F7200 X75.051 Y99.462
G1 F1500 X75.412 Y99.101 E855.1913
G0 F7200 X75.114 Y99.116
G1 F1500 X75.58 Y98.65 E855.19678
G0 F7200 X75.268 Y98.679
G1 F1500 X76.207 Y97.741 E855.20782
G0 F7200 X76.405 Y97.543
G1 F1500 X77.206 Y96.742 E855.21724
G0 F7200 X77.16 Y97.07
G1 F1500 X77.611 Y96.619 E855.22254
G0 F7200 X77.607 Y96.906
G1 F1500 X77.972 Y96.541 E855.22683
G0 F7200 X77.968 Y96.828
G1 F1500 X78.283 Y96.513 E855.23054
G0 F7200 X78.287 Y96.792
G1 F1500 X78.568 Y96.51 E855.23385
G0 F7200 X78.589 Y96.773
G1 F1500 X78.853 Y96.508 E855.23696
G0 F7200 X79.139 Y96.505
G1 F1500 X78.843 Y96.802 E855.24044
G0 F7200 X79.096 Y96.831
G1 F1500 X79.29 Y96.637 E855.24273
G0 F7200 X76.622 Y97.042
G1 F1500 X75.531 Y98.133 E855.25556
G0 F7200 X75.592 Y98.17
;MESH:NONMESH
G0 F600 X75.592 Y98.17 Z3.1
G0 F7200 X75.444 Y99.568
G0 X75.608 Y101.102
G0 X76.435 Y102.304
G0 X77.775 Y103.007
G0 X84.128 Y103.666
G0 X86.4 Y108.1
;TIME_ELAPSED:1764.918545
;LAYER:28
;TYPE:WALL-INNER
;MESH:drax_photo_base.stl
G1 F3000 X113.6 Y108.1 E855.70789
G1 X113.6 Y91.9 E855.9773
G1 X86.4 Y91.9 E856.42964
G1 X86.4 Y108.1 E856.69905
G0 F7200 X86.33 Y108.17
G0 X113.6 Y108.3
G0 X113.6 Y108.4
G1 F3000 X86.4 Y108.4 E857.0383
G1 X86.1 Y108.4 E857.04329
G1 X86.1 Y108.1 E857.04828
G1 X86.1 Y91.9 E857.25033
G1 X86.1 Y91.6 E857.25532
G1 X86.4 Y91.6 E857.26031
G1 X113.6 Y91.6 E857.59956
G1 X113.9 Y91.6 E857.60455
G1 X113.9 Y91.9 E857.60954
G1 X113.9 Y108.1 E857.8116
G1 X113.9 Y108.4 E857.81659
G1 X113.6 Y108.4 E857.82157
G0 F7200 X113.6 Y108.3
G0 X86.372 Y108.128
G0 X86.8 Y107.7
;TYPE:WALL-OUTER
G1 F1500 X113.2 Y107.7 E858.26061
G1 X113.2 Y92.3 E858.51671
G1 X86.8 Y92.3 E858.95575
G1 X86.8 Y107.7 E859.21185
G0 F7200 X87 Y107.7
G0 X87 Y108.2
G0 X86.17 Y108.33
G0 X85.7 Y108.8
G1 F1500 X85.7 Y91.2 E859.50454
G1 X114.3 Y91.2 E859.98016
G1 X114.3 Y108.8 E860.27285
G1 X85.7 Y108.8 E860.74847
G0 F7200 X85.7 Y108.6
G0 X86.118 Y108.382
;MESH:NONMESH
G0 F600 X86.118 Y108.382 Z3.2
G0 F7200 X86.4 Y108.1
;TIME_ELAPSED:1776.234295
;LAYER:29
;TYPE:WALL-INNER
;MESH:drax_photo_base.stl
G1 F3000 X113.6 Y108.1 E861.2008
G1 X113.6 Y91.9 E861.47021
G1 X86.4 Y91.9 E861.92255
G1 X86.4 Y108.1 E862.19196
G0 F7200 X86.33 Y108.17
G0 X113.6 Y108.3
G0 X113.6 Y108.4
G1 F3000 X86.4 Y108.4 E862.53121
G1 X86.1 Y108.4 E862.5362
G1 X86.1 Y108.1 E862.54119
G1 X86.1 Y91.9 E862.74324
G1 X86.1 Y91.6 E862.74823
G1 X86.4 Y91.6 E862.75322
G1 X113.6 Y91.6 E863.09247
G1 X113.9 Y91.6 E863.09746
G1 X113.9 Y91.9 E863.10245
G1 X113.9 Y108.1 E863.30451
G1 X113.9 Y108.4 E863.3095
G1 X113.6 Y108.4 E863.31449
G0 F7200 X113.6 Y108.3
G0 X86.372 Y108.128
G0 X86.8 Y107.7
;TYPE:WALL-OUTER
G1 F1500 X113.2 Y107.7 E863.75352
G1 X113.2 Y92.3 E864.00962
G1 X86.8 Y92.3 E864.44866
G1 X86.8 Y107.7 E864.70476
G0 F7200 X87 Y107.7
G0 X87 Y108.2
G0 X86.17 Y108.33
G0 X85.7 Y108.8
G1 F1500 X85.7 Y91.2 E864.99745
G1 X114.3 Y91.2 E865.47307
G1 X114.3 Y108.8 E865.76576
G1 X85.7 Y108.8 E866.24138
G0 F7200 X85.7 Y108.6
G0 X86.118 Y108.382
;MESH:NONMESH
G0 F600 X86.118 Y108.382 Z3.3
G0 F7200 X86.4 Y108.1
;TIME_ELAPSED:1787.550046
;LAYER:30
;TYPE:WALL-INNER
;MESH:drax_photo_base.stl
G1 F3000 X113.6 Y108.1 E866.69372
G1 X113.6 Y91.9 E866.96312
G1 X86.4 Y91.9 E867.41546
G1 X86.4 Y108.1 E867.68487
G0 F7200 X86.33 Y108.17
G0 X113.6 Y108.3
G0 X113.6 Y108.4
G1 F3000 X86.4 Y108.4 E868.02412
G1 X86.1 Y108.4 E868.02911
G1 X86.1 Y108.1 E868.0341
G1 X86.1 Y91.9 E868.23615
G1 X86.1 Y91.6 E868.24114
G1 X86.4 Y91.6 E868.24613
G1 X113.6 Y91.6 E868.58539
G1 X113.9 Y91.6 E868.59037
G1 X113.9 Y91.9 E868.59536
G1 X113.9 Y108.1 E868.79742
G1 X113.9 Y108.4 E868.80241
G1 X113.6 Y108.4 E868.8074
G0 F7200 X113.6 Y108.3
G0 X86.372 Y108.128
G0 X86.8 Y107.7
;TYPE:WALL-OUTER
G1 F1500 X113.2 Y107.7 E869.24643
G1 X113.2 Y92.3 E869.50253
G1 X86.8 Y92.3 E869.94157
G1 X86.8 Y107.7 E870.19767
G0 F7200 X87 Y107.7
G0 X87 Y108.2
G0 X86.17 Y108.33
G0 X85.7 Y108.8
G1 F1500 X85.7 Y91.2 E870.49036
G1 X114.3 Y91.2 E870.96598
G1 X114.3 Y108.8 E871.25867
G1 X85.7 Y108.8 E871.73429
G0 F7200 X85.7 Y108.6
G0 X86.118 Y108.382
;MESH:NONMESH
G0 F600 X86.118 Y108.382 Z3.4
G0 F7200 X86.4 Y108.1
;TIME_ELAPSED:1798.865796
;LAYER:31
;TYPE:WALL-INNER
;MESH:drax_photo_base.stl
G1 F3000 X113.6 Y108.1 E872.18663
G1 X113.6 Y91.9 E872.45603
G1 X86.4 Y91.9 E872.90837
G1 X86.4 Y108.1 E873.17778
G0 F7200 X86.33 Y108.17
G0 X113.6 Y108.3
G0 X113.6 Y108.4
G1 F3000 X86.4 Y108.4 E873.51703
G1 X86.1 Y108.4 E873.52202
G1 X86.1 Y108.1 E873.52701
G1 X86.1 Y91.9 E873.72907
G1 X86.1 Y91.6 E873.73405
G1 X86.4 Y91.6 E873.73904
G1 X113.6 Y91.6 E874.0783
G1 X113.9 Y91.6 E874.08329
G1 X113.9 Y91.9 E874.08828
G1 X113.9 Y108.1 E874.29033
G1 X113.9 Y108.4 E874.29532
G1 X113.6 Y108.4 E874.30031
G0 F7200 X113.6 Y108.3
G0 X86.372 Y108.128
G0 X86.8 Y107.7
;TYPE:WALL-OUTER
G1 F1500 X113.2 Y107.7 E874.73934
G1 X113.2 Y92.3 E874.99545
G1 X86.8 Y92.3 E875.43448
G1 X86.8 Y107.7 E875.69058
G0 F7200 X87 Y107.7
G0 X87 Y108.2
G0 X86.17 Y108.33
G0 X85.7 Y108.8
G1 F1500 X85.7 Y91.2 E875.98327
G1 X114.3 Y91.2 E876.45889
G1 X114.3 Y108.8 E876.75158
G1 X85.7 Y108.8 E877.2272
G0 F7200 X85.7 Y108.6
G0 X86.118 Y108.382
;MESH:NONMESH
G0 F600 X86.118 Y108.382 Z3.5
G0 F7200 X86.4 Y108.1
;TIME_ELAPSED:1810.181546
;LAYER:32
;TYPE:WALL-INNER
;MESH:drax_photo_base.stl
G1 F3000 X113.6 Y108.1 E877.67954
G1 X113.6 Y91.9 E877.94895
G1 X86.4 Y91.9 E878.40128
G1 X86.4 Y108.1 E878.67069
G0 F7200 X86.33 Y108.17
G0 X113.6 Y108.3
G0 X113.6 Y108.4
G1 F3000 X86.4 Y108.4 E879.00994
G1 X86.1 Y108.4 E879.01493
G1 X86.1 Y108.1 E879.01992
G1 X86.1 Y91.9 E879.22198
G1 X86.1 Y91.6 E879.22697
G1 X86.4 Y91.6 E879.23196
G1 X113.6 Y91.6 E879.57121
G1 X113.9 Y91.6 E879.5762
G1 X113.9 Y91.9 E879.58119
G1 X113.9 Y108.1 E879.78324
G1 X113.9 Y108.4 E879.78823
G1 X113.6 Y108.4 E879.79322
G0 F7200 X113.6 Y108.3
G0 X86.372 Y108.128
G0 X86.8 Y107.7
;TYPE:WALL-OUTER
G1 F1500 X113.2 Y107.7 E880.23225
G1 X113.2 Y92.3 E880.48836
G1 X86.8 Y92.3 E880.92739
G1 X86.8 Y107.7 E881.18349
G0 F7200 X87 Y107.7
G0 X87 Y108.2
G0 X86.17 Y108.33
G0 X85.7 Y108.8
G1 F1500 X85.7 Y91.2 E881.47618
G1 X114.3 Y91.2 E881.9518
G1 X114.3 Y108.8 E882.24449
G1 X85.7 Y108.8 E882.72011
G0 F7200 X85.7 Y108.6
G0 X86.118 Y108.382
;MESH:NONMESH
G0 F600 X86.118 Y108.382 Z3.6
G0 F7200 X86.4 Y108.1
;TIME_ELAPSED:1821.497296
;LAYER:33
;TYPE:WALL-INNER
;MESH:drax_photo_base.stl
G1 F3000 X113.6 Y108.1 E883.17245
G1 X113.6 Y91.9 E883.44186
G1 X86.4 Y91.9 E883.89419
G1 X86.4 Y108.1 E884.1636
G0 F7200 X86.33 Y108.17
G0 X113.6 Y108.3
G0 X113.6 Y108.4
G1 F3000 X86.4 Y108.4 E884.50285
G1 X86.1 Y108.4 E884.50784
G1 X86.1 Y108.1 E884.51283
G1 X86.1 Y91.9 E884.71489
G1 X86.1 Y91.6 E884.71988
G1 X86.4 Y91.6 E884.72487
G1 X113.6 Y91.6 E885.06412
G1 X113.9 Y91.6 E885.06911
G1 X113.9 Y91.9 E885.0741
G1 X113.9 Y108.1 E885.27615
G1 X113.9 Y108.4 E885.28114
G1 X113.6 Y108.4 E885.28613
G0 F7200 X113.6 Y108.3
G0 X86.372 Y108.128
G0 X86.8 Y107.7
;TYPE:WALL-OUTER
G1 F1500 X113.2 Y107.7 E885.72516
G1 X113.2 Y92.3 E885.98127
G1 X86.8 Y92.3 E886.4203
G1 X86.8 Y107.7 E886.6764
G0 F7200 X87 Y107.7
G0 X87 Y108.2
G0 X86.17 Y108.33
G0 X85.7 Y108.8
G1 F1500 X85.7 Y91.2 E886.96909
G1 X114.3 Y91.2 E887.44471
G1 X114.3 Y108.8 E887.7374
G1 X85.7 Y108.8 E888.21302
G0 F7200 X85.7 Y108.6
G0 X86.118 Y108.382
;MESH:NONMESH
G0 F600 X86.118 Y108.382 Z3.7
G0 F7200 X86.4 Y108.1
;TIME_ELAPSED:1832.813047
;LAYER:34
;TYPE:WALL-INNER
;MESH:drax_photo_base.stl
G1 F3000 X113.6 Y108.1 E888.66536
G1 X113.6 Y91.9 E888.93477
G1 X86.4 Y91.9 E889.38711
G1 X86.4 Y108.1 E889.65651
G0 F7200 X86.33 Y108.17
G0 X113.6 Y108.3
G0 X113.6 Y108.4
G1 F3000 X86.4 Y108.4 E889.99577
G1 X86.1 Y108.4 E890.00076
G1 X86.1 Y108.1 E890.00574
G1 X86.1 Y91.9 E890.2078
G1 X86.1 Y91.6 E890.21279
G1 X86.4 Y91.6 E890.21778
G1 X113.6 Y91.6 E890.55703
G1 X113.9 Y91.6 E890.56202
G1 X113.9 Y91.9 E890.56701
G1 X113.9 Y108.1 E890.76906
G1 X113.9 Y108.4 E890.77405
G1 X113.6 Y108.4 E890.77904
G0 F7200 X113.6 Y108.3
G0 X86.372 Y108.128
G0 X86.8 Y107.7
;TYPE:WALL-OUTER
G1 F1500 X113.2 Y107.7 E891.21808
G1 X113.2 Y92.3 E891.47418
G1 X86.8 Y92.3 E891.91321
G1 X86.8 Y107.7 E892.16932
G0 F7200 X87 Y107.7
G0 X87 Y108.2
G0 X86.17 Y108.33
G0 X85.7 Y108.8
G1 F1500 X85.7 Y91.2 E892.46201
G1 X114.3 Y91.2 E892.93763
G1 X114.3 Y108.8 E893.23031
G1 X85.7 Y108.8 E893.70593
G0 F7200 X85.7 Y108.6
G0 X86.118 Y108.382
;MESH:NONMESH
G0 F600 X86.118 Y108.382 Z3.8
G0 F7200 X86.4 Y108.1
;TIME_ELAPSED:1844.128797
;LAYER:35
;TYPE:WALL-INNER
;MESH:drax_photo_base.stl
G1 F3000 X113.6 Y108.1 E894.15827
G1 X113.6 Y91.9 E894.42768
G1 X86.4 Y91.9 E894.88002
G1 X86.4 Y108.1 E895.14942
G0 F7200 X86.33 Y108.17
G0 X113.6 Y108.3
G0 X113.6 Y108.4
G1 F3000 X86.4 Y108.4 E895.48868
G1 X86.1 Y108.4 E895.49367
G1 X86.1 Y108.1 E895.49866
G1 X86.1 Y91.9 E895.70071
G1 X86.1 Y91.6 E895.7057
G1 X86.4 Y91.6 E895.71069
G1 X113.6 Y91.6 E896.04994
G1 X113.9 Y91.6 E896.05493
G1 X113.9 Y91.9 E896.05992
G1 X113.9 Y108.1 E896.26198
G1 X113.9 Y108.4 E896.26696
G1 X113.6 Y108.4 E896.27195
G0 F7200 X113.6 Y108.3
G0 X86.372 Y108.128
G0 X86.8 Y107.7
;TYPE:WALL-OUTER
G1 F1500 X113.2 Y107.7 E896.71099
G1 X113.2 Y92.3 E896.96709
G1 X86.8 Y92.3 E897.40612
G1 X86.8 Y107.7 E897.66223
G0 F7200 X87 Y107.7
G0 X87 Y108.2
G0 X86.17 Y108.33
G0 X85.7 Y108.8
G1 F1500 X85.7 Y91.2 E897.95492
G1 X114.3 Y91.2 E898.43054
G1 X114.3 Y108.8 E898.72323
G1 X85.7 Y108.8 E899.19885
G0 F7200 X85.7 Y108.6
G0 X86.118 Y108.382
;MESH:NONMESH
G0 F600 X86.118 Y108.382 Z3.9
G0 F7200 X86.4 Y108.1
;TIME_ELAPSED:1855.444547
;LAYER:36
;TYPE:WALL-INNER
;MESH:drax_photo_base.stl
G1 F3000 X113.6 Y108.1 E899.65118
G1 X113.6 Y91.9 E899.92059
G1 X86.4 Y91.9 E900.37293
G1 X86.4 Y108.1 E900.64234
G0 F7200 X86.33 Y108.17
G0 X113.6 Y108.3
G0 X113.6 Y108.4
G1 F3000 X86.4 Y108.4 E900.98159
G1 X86.1 Y108.4 E900.98658
G1 X86.1 Y108.1 E900.99157
G1 X86.1 Y91.9 E901.19362
G1 X86.1 Y91.6 E901.19861
G1 X86.4 Y91.6 E901.2036
G1 X113.6 Y91.6 E901.54285
G1 X113.9 Y91.6 E901.54784
G1 X113.9 Y91.9 E901.55283
G1 X113.9 Y108.1 E901.75489
G1 X113.9 Y108.4 E901.75988
G1 X113.6 Y108.4 E901.76487
G0 F7200 X113.6 Y108.3
G0 X86.372 Y108.128
G0 X86.8 Y107.7
;TYPE:WALL-OUTER
G1 F1500 X113.2 Y107.7 E902.2039
G1 X113.2 Y92.3 E902.46
G1 X86.8 Y92.3 E902.89904
G1 X86.8 Y107.7 E903.15514
G0 F7200 X87 Y107.7
G0 X87 Y108.2
G0 X86.17 Y108.33
G0 X85.7 Y108.8
G1 F1500 X85.7 Y91.2 E903.44783
G1 X114.3 Y91.2 E903.92345
G1 X114.3 Y108.8 E904.21614
G1 X85.7 Y108.8 E904.69176
G0 F7200 X85.7 Y108.6
G0 X86.118 Y108.382
;MESH:NONMESH
G0 F600 X86.118 Y108.382 Z4
G0 F7200 X86.4 Y108.1
;TIME_ELAPSED:1866.760298
;LAYER:37
;TYPE:WALL-INNER
;MESH:drax_photo_base.stl
G1 F3000 X113.6 Y108.1 E905.14409
G1 X113.6 Y91.9 E905.4135
G1 X86.4 Y91.9 E905.86584
G1 X86.4 Y108.1 E906.13525
G0 F7200 X86.33 Y108.17
G0 X113.6 Y108.3
G0 X113.6 Y108.4
G1 F3000 X86.4 Y108.4 E906.4745
G1 X86.1 Y108.4 E906.47949
G1 X86.1 Y108.1 E906.48448
G1 X86.1 Y91.9 E906.68653
G1 X86.1 Y91.6 E906.69152
G1 X86.4 Y91.6 E906.69651
G1 X113.6 Y91.6 E907.03576
G1 X113.9 Y91.6 E907.04075
G1 X113.9 Y91.9 E907.04574
G1 X113.9 Y108.1 E907.2478
G1 X113.9 Y108.4 E907.25279
G1 X113.6 Y108.4 E907.25778
G0 F7200 X113.6 Y108.3
G0 X86.372 Y108.128
G0 X86.8 Y107.7
;TYPE:WALL-OUTER
G1 F1500 X113.2 Y107.7 E907.69681
G1 X113.2 Y92.3 E907.95291
G1 X86.8 Y92.3 E908.39195
G1 X86.8 Y107.7 E908.64805
G0 F7200 X87 Y107.7
G0 X87 Y108.2
G0 X86.17 Y108.33
G0 X85.7 Y108.8
G1 F1500 X85.7 Y91.2 E908.94074
G1 X114.3 Y91.2 E909.41636
G1 X114.3 Y108.8 E909.70905
G1 X85.7 Y108.8 E910.18467
G0 F7200 X85.7 Y108.6
G0 X86.118 Y108.382
;MESH:NONMESH
G0 F600 X86.118 Y108.382 Z4.1
G0 F7200 X86.4 Y108.1
;TIME_ELAPSED:1878.076048
;LAYER:38
;TYPE:WALL-INNER
;MESH:drax_photo_base.stl
G1 F3000 X113.6 Y108.1 E910.63701
G1 X113.6 Y91.9 E910.90641
G1 X86.4 Y91.9 E911.35875
G1 X86.4 Y108.1 E911.62816
G0 F7200 X86.33 Y108.17
G0 X113.6 Y108.3
G0 X113.6 Y108.4
G1 F3000 X86.4 Y108.4 E911.96741
G1 X86.1 Y108.4 E911.9724
G1 X86.1 Y108.1 E911.97739
G1 X86.1 Y91.9 E912.17944
G1 X86.1 Y91.6 E912.18443
G1 X86.4 Y91.6 E912.18942
G1 X113.6 Y91.6 E912.52868
G1 X113.9 Y91.6 E912.53367
G1 X113.9 Y91.9 E912.53865
G1 X113.9 Y108.1 E912.74071
G1 X113.9 Y108.4 E912.7457
G1 X113.6 Y108.4 E912.75069
G0 F7200 X113.6 Y108.3
G0 X86.372 Y108.128
G0 X86.8 Y107.7
;TYPE:WALL-OUTER
G1 F1500 X113.2 Y107.7 E913.18972
G1 X113.2 Y92.3 E913.44582
G1 X86.8 Y92.3 E913.88486
G1 X86.8 Y107.7 E914.14096
G0 F7200 X87 Y107.7
G0 X87 Y108.2
G0 X86.17 Y108.33
G0 X85.7 Y108.8
G1 F1500 X85.7 Y91.2 E914.43365
G1 X114.3 Y91.2 E914.90927
G1 X114.3 Y108.8 E915.20196
G1 X85.7 Y108.8 E915.67758
G0 F7200 X85.7 Y108.6
G0 X86.118 Y108.382
;MESH:NONMESH
G0 F600 X86.118 Y108.382 Z4.2
G0 F7200 X86.4 Y108.1
;TIME_ELAPSED:1889.391798
;LAYER:39
;TYPE:WALL-INNER
;MESH:drax_photo_base.stl
G1 F3000 X113.6 Y108.1 E916.12992
G1 X113.6 Y91.9 E916.39932
G1 X86.4 Y91.9 E916.85166
G1 X86.4 Y108.1 E917.12107
G0 F7200 X86.33 Y108.17
G0 X113.6 Y108.3
G0 X113.6 Y108.4
G1 F3000 X86.4 Y108.4 E917.46032
G1 X86.1 Y108.4 E917.46531
G1 X86.1 Y108.1 E917.4703
G1 X86.1 Y91.9 E917.67236
G1 X86.1 Y91.6 E917.67735
G1 X86.4 Y91.6 E917.68233
G1 X113.6 Y91.6 E918.02159
G1 X113.9 Y91.6 E918.02658
G1 X113.9 Y91.9 E918.03157
G1 X113.9 Y108.1 E918.23362
G1 X113.9 Y108.4 E918.23861
G1 X113.6 Y108.4 E918.2436
G0 F7200 X113.6 Y108.3
G0 X86.372 Y108.128
G0 X86.8 Y107.7
;TYPE:WALL-OUTER
G1 F1500 X113.2 Y107.7 E918.68263
G1 X113.2 Y92.3 E918.93874
G1 X86.8 Y92.3 E919.37777
G1 X86.8 Y107.7 E919.63387
G0 F7200 X87 Y107.7
G0 X87 Y108.2
G0 X86.17 Y108.33
G0 X85.7 Y108.8
G1 F1500 X85.7 Y91.2 E919.92656
G1 X114.3 Y91.2 E920.40218
G1 X114.3 Y108.8 E920.69487
G1 X85.7 Y108.8 E921.17049
G0 F7200 X85.7 Y108.6
G0 X86.118 Y108.382
;MESH:NONMESH
G0 F600 X86.118 Y108.382 Z4.3
G0 F7200 X86.4 Y108.1
;TIME_ELAPSED:1900.707548
;LAYER:40
;TYPE:WALL-INNER
;MESH:drax_photo_base.stl
G1 F3000 X113.6 Y108.1 E921.62283
G1 X113.6 Y91.9 E921.89224
G1 X86.4 Y91.9 E922.34457
G1 X86.4 Y108.1 E922.61398
G0 F7200 X86.33 Y108.17
G0 X113.6 Y108.3
G0 X113.6 Y108.4
G1 F3000 X86.4 Y108.4 E922.95323
G1 X86.1 Y108.4 E922.95822
G1 X86.1 Y108.1 E922.96321
G1 X86.1 Y91.9 E923.16527
G1 X86.1 Y91.6 E923.17026
G1 X86.4 Y91.6 E923.17525
G1 X113.6 Y91.6 E923.5145
G1 X113.9 Y91.6 E923.51949
G1 X113.9 Y91.9 E923.52448
G1 X113.9 Y108.1 E923.72653
G1 X113.9 Y108.4 E923.73152
G1 X113.6 Y108.4 E923.73651
G0 F7200 X113.6 Y108.3
G0 X86.372 Y108.128
G0 X86.8 Y107.7
;TYPE:WALL-OUTER
G1 F1500 X113.2 Y107.7 E924.17554
G1 X113.2 Y92.3 E924.43165
G1 X86.8 Y92.3 E924.87068
G1 X86.8 Y107.7 E925.12678
G0 F7200 X87 Y107.7
G0 X87 Y108.2
G0 X86.17 Y108.33
G0 X85.7 Y108.8
G1 F1500 X85.7 Y91.2 E925.41947
G1 X114.3 Y91.2 E925.89509
G1 X114.3 Y108.8 E926.18778
G1 X85.7 Y108.8 E926.6634
G0 F7200 X85.7 Y108.6
G0 X86.118 Y108.382
;MESH:NONMESH
G0 F600 X86.118 Y108.382 Z4.4
G0 F7200 X86.4 Y108.1
;TIME_ELAPSED:1912.023299
;LAYER:41
;TYPE:WALL-INNER
;MESH:drax_photo_base.stl
G1 F3000 X113.6 Y108.1 E927.11574
G1 X113.6 Y91.9 E927.38515
G1 X86.4 Y91.9 E927.83748
G1 X86.4 Y108.1 E928.10689
G0 F7200 X86.33 Y108.17
G0 X113.6 Y108.3
G0 X113.6 Y108.4
G1 F3000 X86.4 Y108.4 E928.44615
G1 X86.1 Y108.4 E928.45113
G1 X86.1 Y108.1 E928.45612
G1 X86.1 Y91.9 E928.65818
G1 X86.1 Y91.6 E928.66317
G1 X86.4 Y91.6 E928.66816
G1 X113.6 Y91.6 E929.00741
G1 X113.9 Y91.6 E929.0124
G1 X113.9 Y91.9 E929.01739
G1 X113.9 Y108.1 E929.21944
G1 X113.9 Y108.4 E929.22443
G1 X113.6 Y108.4 E929.22942
G0 F7200 X113.6 Y108.3
G0 X86.372 Y108.128
G0 X86.8 Y107.7
;TYPE:WALL-OUTER
G1 F1500 X113.2 Y107.7 E929.66846
G1 X113.2 Y92.3 E929.92456
G1 X86.8 Y92.3 E930.36359
G1 X86.8 Y107.7 E930.6197
G0 F7200 X87 Y107.7
G0 X87 Y108.2
G0 X86.17 Y108.33
G0 X85.7 Y108.8
G1 F1500 X85.7 Y91.2 E930.91238
G1 X114.3 Y91.2 E931.388
G1 X114.3 Y108.8 E931.68069
G1 X85.7 Y108.8 E932.15631
G0 F7200 X85.7 Y108.6
G0 X86.118 Y108.382
;MESH:NONMESH
G0 F600 X86.118 Y108.382 Z4.5
G0 F7200 X86.4 Y108.1
;TIME_ELAPSED:1923.339049
;LAYER:42
;TYPE:WALL-INNER
;MESH:drax_photo_base.stl
G1 F3000 X113.6 Y108.1 E932.60865
G1 X113.6 Y91.9 E932.87806
G1 X86.4 Y91.9 E933.3304
G1 X86.4 Y108.1 E933.5998
G0 F7200 X86.33 Y108.17
G0 X113.6 Y108.3
G0 X113.6 Y108.4
G1 F3000 X86.4 Y108.4 E933.93906
G1 X86.1 Y108.4 E933.94405
G1 X86.1 Y108.1 E933.94903
G1 X86.1 Y91.9 E934.15109
G1 X86.1 Y91.6 E934.15608
G1 X86.4 Y91.6 E934.16107
G1 X113.6 Y91.6 E934.50032
G1 X113.9 Y91.6 E934.50531
G1 X113.9 Y91.9 E934.5103
G1 X113.9 Y108.1 E934.71235
G1 X113.9 Y108.4 E934.71734
G1 X113.6 Y108.4 E934.72233
G0 F7200 X113.6 Y108.3
G0 X86.372 Y108.128
G0 X86.8 Y107.7
;TYPE:WALL-OUTER
G1 F1500 X113.2 Y107.7 E935.16137
G1 X113.2 Y92.3 E935.41747
G1 X86.8 Y92.3 E935.8565
G1 X86.8 Y107.7 E936.11261
G0 F7200 X87 Y107.7
G0 X87 Y108.2
G0 X86.17 Y108.33
G0 X85.7 Y108.8
G1 F1500 X85.7 Y91.2 E936.4053
G1 X114.3 Y91.2 E936.88092
G1 X114.3 Y108.8 E937.1736
G1 X85.7 Y108.8 E937.64922
G0 F7200 X85.7 Y108.6
G0 X86.118 Y108.382
;MESH:NONMESH
G0 F600 X86.118 Y108.382 Z4.6
G0 F7200 X86.4 Y108.1
;TIME_ELAPSED:1934.654799
;LAYER:43
;TYPE:WALL-INNER
;MESH:drax_photo_base.stl
G1 F3000 X113.6 Y108.1 E938.10156
G1 X113.6 Y91.9 E938.37097
G1 X86.4 Y91.9 E938.82331
G1 X86.4 Y108.1 E939.09271
G0 F7200 X86.33 Y108.17
G0 X113.6 Y108.3
G0 X113.6 Y108.4
G1 F3000 X86.4 Y108.4 E939.43197
G1 X86.1 Y108.4 E939.43696
G1 X86.1 Y108.1 E939.44195
G1 X86.1 Y91.9 E939.644
G1 X86.1 Y91.6 E939.64899
G1 X86.4 Y91.6 E939.65398
G1 X113.6 Y91.6 E939.99323
G1 X113.9 Y91.6 E939.99822
G1 X113.9 Y91.9 E940.00321
G1 X113.9 Y108.1 E940.20527
G1 X113.9 Y108.4 E940.21026
G1 X113.6 Y108.4 E940.21524
G0 F7200 X113.6 Y108.3
G0 X86.372 Y108.128
G0 X86.8 Y107.7
;TYPE:WALL-OUTER
G1 F1500 X113.2 Y107.7 E940.65428
G1 X113.2 Y92.3 E940.91038
G1 X86.8 Y92.3 E941.34941
G1 X86.8 Y107.7 E941.60552
G0 F7200 X87 Y107.7
G0 X87 Y108.2
G0 X86.17 Y108.33
G0 X85.7 Y108.8
G1 F1500 X85.7 Y91.2 E941.89821
G1 X114.3 Y91.2 E942.37383
G1 X114.3 Y108.8 E942.66652
G1 X85.7 Y108.8 E943.14214
G0 F7200 X85.7 Y108.6
G0 X86.118 Y108.382
;MESH:NONMESH
G0 F600 X86.118 Y108.382 Z4.7
G0 F7200 X86.4 Y108.1
;TIME_ELAPSED:1945.970550
;LAYER:44
;TYPE:WALL-INNER
;MESH:drax_photo_base.stl
G1 F3000 X113.6 Y108.1 E943.59447
G1 X113.6 Y91.9 E943.86388
G1 X86.4 Y91.9 E944.31622
G1 X86.4 Y108.1 E944.58563
G0 F7200 X86.33 Y108.17
G0 X113.6 Y108.3
G0 X113.6 Y108.4
G1 F3000 X86.4 Y108.4 E944.92488
G1 X86.1 Y108.4 E944.92987
G1 X86.1 Y108.1 E944.93486
G1 X86.1 Y91.9 E945.13691
G1 X86.1 Y91.6 E945.1419
G1 X86.4 Y91.6 E945.14689
G1 X113.6 Y91.6 E945.48614
G1 X113.9 Y91.6 E945.49113
G1 X113.9 Y91.9 E945.49612
G1 X113.9 Y108.1 E945.69818
G1 X113.9 Y108.4 E945.70317
G1 X113.6 Y108.4 E945.70816
G0 F7200 X113.6 Y108.3
G0 X86.372 Y108.128
G0 X86.8 Y107.7
;TYPE:WALL-OUTER
G1 F1500 X113.2 Y107.7 E946.14719
G1 X113.2 Y92.3 E946.40329
G1 X86.8 Y92.3 E946.84233
G1 X86.8 Y107.7 E947.09843
G0 F7200 X87 Y107.7
G0 X87 Y108.2
G0 X86.17 Y108.33
G0 X85.7 Y108.8
G1 F1500 X85.7 Y91.2 E947.39112
G1 X114.3 Y91.2 E947.86674
G1 X114.3 Y108.8 E948.15943
G1 X85.7 Y108.8 E948.63505
G0 F7200 X85.7 Y108.6
G0 X86.118 Y108.382
;MESH:NONMESH
G0 F600 X86.118 Y108.382 Z4.8
G0 F7200 X86.4 Y108.1
;TIME_ELAPSED:1957.286300
;LAYER:45
;TYPE:WALL-INNER
;MESH:drax_photo_base.stl
G1 F3000 X113.6 Y108.1 E949.08739
G1 X113.6 Y91.9 E949.35679
G1 X86.4 Y91.9 E949.80913
G1 X86.4 Y108.1 E950.07854
G0 F7200 X86.33 Y108.17
G0 X113.6 Y108.3
G0 X113.6 Y108.4
G1 F3000 X86.4 Y108.4 E950.41779
G1 X86.1 Y108.4 E950.42278
G1 X86.1 Y108.1 E950.42777
G1 X86.1 Y91.9 E950.62982
G1 X86.1 Y91.6 E950.63481
G1 X86.4 Y91.6 E950.6398
G1 X113.6 Y91.6 E950.97906
G1 X113.9 Y91.6 E950.98404
G1 X113.9 Y91.9 E950.98903
G1 X113.9 Y108.1 E951.19109
G1 X113.9 Y108.4 E951.19608
G1 X113.6 Y108.4 E951.20107
G0 F7200 X113.6 Y108.3
G0 X86.372 Y108.128
G0 X86.8 Y107.7
;TYPE:WALL-OUTER
G1 F1500 X113.2 Y107.7 E951.6401
G1 X113.2 Y92.3 E951.8962
G1 X86.8 Y92.3 E952.33524
G1 X86.8 Y107.7 E952.59134
G0 F7200 X87 Y107.7
G0 X87 Y108.2
G0 X86.17 Y108.33
G0 X85.7 Y108.8
G1 F1500 X85.7 Y91.2 E952.88403
G1 X114.3 Y91.2 E953.35965
G1 X114.3 Y108.8 E953.65234
G1 X85.7 Y108.8 E954.12796
G0 F7200 X85.7 Y108.6
G0 X86.118 Y108.382
;MESH:NONMESH
G0 F600 X86.118 Y108.382 Z4.9
G0 F7200 X86.4 Y108.1
;TIME_ELAPSED:1968.602050
;LAYER:46
;TYPE:WALL-INNER
;MESH:drax_photo_base.stl
G1 F3000 X113.6 Y108.1 E954.5803
G1 X113.6 Y91.9 E954.8497
G1 X86.4 Y91.9 E955.30204
G1 X86.4 Y108.1 E955.57145
G0 F7200 X86.33 Y108.17
G0 X113.6 Y108.3
G0 X113.6 Y108.4
G1 F3000 X86.4 Y108.4 E955.9107
G1 X86.1 Y108.4 E955.91569
G1 X86.1 Y108.1 E955.92068
G1 X86.1 Y91.9 E956.12274
G1 X86.1 Y91.6 E956.12772
G1 X86.4 Y91.6 E956.13271
G1 X113.6 Y91.6 E956.47197
G1 X113.9 Y91.6 E956.47696
G1 X113.9 Y91.9 E956.48194
G1 X113.9 Y108.1 E956.684
G1 X113.9 Y108.4 E956.68899
G1 X113.6 Y108.4 E956.69398
G0 F7200 X113.6 Y108.3
G0 X86.372 Y108.128
G0 X86.8 Y107.7
;TYPE:WALL-OUTER
G1 F1500 X113.2 Y107.7 E957.13301
G1 X113.2 Y92.3 E957.38911
G1 X86.8 Y92.3 E957.82815
G1 X86.8 Y107.7 E958.08425
G0 F7200 X87 Y107.7
G0 X87 Y108.2
G0 X86.17 Y108.33
G0 X85.7 Y108.8
G1 F1500 X85.7 Y91.2 E958.37694
G1 X114.3 Y91.2 E958.85256
G1 X114.3 Y108.8 E959.14525
G1 X85.7 Y108.8 E959.62087
G0 F7200 X85.7 Y108.6
G0 X86.118 Y108.382
;MESH:NONMESH
G0 F600 X86.118 Y108.382 Z5
G0 F7200 X86.4 Y108.1
;TIME_ELAPSED:1979.917800
;LAYER:47
;TYPE:WALL-INNER
;MESH:drax_photo_base.stl
G1 F3000 X113.6 Y108.1 E960.07321
G1 X113.6 Y91.9 E960.34261
G1 X86.4 Y91.9 E960.79495
G1 X86.4 Y108.1 E961.06436
G0 F7200 X86.33 Y108.17
G0 X113.6 Y108.3
G0 X113.6 Y108.4
G1 F3000 X86.4 Y108.4 E961.40361
G1 X86.1 Y108.4 E961.4086
G1 X86.1 Y108.1 E961.41359
G1 X86.1 Y91.9 E961.61565
G1 X86.1 Y91.6 E961.62064
G1 X86.4 Y91.6 E961.62562
G1 X113.6 Y91.6 E961.96488
G1 X113.9 Y91.6 E961.96987
G1 X113.9 Y91.9 E961.97486
G1 X113.9 Y108.1 E962.17691
G1 X113.9 Y108.4 E962.1819
G1 X113.6 Y108.4 E962.18689
G0 F7200 X113.6 Y108.3
G0 X86.372 Y108.128
G0 X86.8 Y107.7
;TYPE:WALL-OUTER
G1 F1500 X113.2 Y107.7 E962.62592
G1 X113.2 Y92.3 E962.88203
G1 X86.8 Y92.3 E963.32106
G1 X86.8 Y107.7 E963.57716
G0 F7200 X87 Y107.7
G0 X87 Y108.2
G0 X86.17 Y108.33
G0 X85.7 Y108.8
G1 F1500 X85.7 Y91.2 E963.86985
G1 X114.3 Y91.2 E964.34547
G1 X114.3 Y108.8 E964.63816
G1 X85.7 Y108.8 E965.11378
G0 F7200 X85.7 Y108.6
G0 X86.118 Y108.382
;MESH:NONMESH
G0 F600 X86.118 Y108.382 Z5.1
G0 F7200 X86.4 Y108.1
;TIME_ELAPSED:1991.233551
;LAYER:48
;TYPE:WALL-INNER
;MESH:drax_photo_base.stl
G1 F3000 X113.6 Y108.1 E965.56612
G1 X113.6 Y91.9 E965.83553
G1 X86.4 Y91.9 E966.28786
G1 X86.4 Y108.1 E966.55727
G0 F7200 X86.33 Y108.17
G0 X113.6 Y108.3
G0 X113.6 Y108.4
G1 F3000 X86.4 Y108.4 E966.89652
G1 X86.1 Y108.4 E966.90151
G1 X86.1 Y108.1 E966.9065
G1 X86.1 Y91.9 E967.10856
G1 X86.1 Y91.6 E967.11355
G1 X86.4 Y91.6 E967.11854
G1 X113.6 Y91.6 E967.45779
G1 X113.9 Y91.6 E967.46278
G1 X113.9 Y91.9 E967.46777
G1 X113.9 Y108.1 E967.66982
G1 X113.9 Y108.4 E967.67481
G1 X113.6 Y108.4 E967.6798
G0 F7200 X113.6 Y108.3
G0 X86.372 Y108.128
G0 X86.8 Y107.7
;TYPE:WALL-OUTER
G1 F1500 X113.2 Y107.7 E968.11883
G1 X113.2 Y92.3 E968.37494
G1 X86.8 Y92.3 E968.81397
G1 X86.8 Y107.7 E969.07007
G0 F7200 X87 Y107.7
G0 X87 Y108.2
G0 X86.17 Y108.33
G0 X85.7 Y108.8
G1 F1500 X85.7 Y91.2 E969.36276
G1 X114.3 Y91.2 E969.83838
G1 X114.3 Y108.8 E970.13107
G1 X85.7 Y108.8 E970.60669
G0 F7200 X85.7 Y108.6
G0 X86.118 Y108.382
;MESH:NONMESH
G0 F600 X86.118 Y108.382 Z5.2
G0 F7200 X86.4 Y108.1
;TIME_ELAPSED:2002.549301
;LAYER:49
;TYPE:WALL-INNER
;MESH:drax_photo_base.stl
G1 F3000 X113.6 Y108.1 E971.05903
G1 X113.6 Y91.9 E971.32844
G1 X86.4 Y91.9 E971.78078
G1 X86.4 Y108.1 E972.05018
G0 F7200 X86.33 Y108.17
G0 X113.6 Y108.3
G0 X113.6 Y108.4
G1 F3000 X86.4 Y108.4 E972.38944
G1 X86.1 Y108.4 E972.39442
G1 X86.1 Y108.1 E972.39941
G1 X86.1 Y91.9 E972.60147
G1 X86.1 Y91.6 E972.60646
G1 X86.4 Y91.6 E972.61145
G1 X113.6 Y91.6 E972.9507
G1 X113.9 Y91.6 E972.95569
G1 X113.9 Y91.9 E972.96068
G1 X113.9 Y108.1 E973.16273
G1 X113.9 Y108.4 E973.16772
G1 X113.6 Y108.4 E973.17271
G0 F7200 X113.6 Y108.3
G0 X86.372 Y108.128
G0 X86.8 Y107.7
;TYPE:WALL-OUTER
G1 F1500 X113.2 Y107.7 E973.61175
G1 X113.2 Y92.3 E973.86785
G1 X86.8 Y92.3 E974.30688
G1 X86.8 Y107.7 E974.56299
G0 F7200 X87 Y107.7
G0 X87 Y108.2
G0 X86.17 Y108.33
G0 X85.7 Y108.8
G1 F1500 X85.7 Y91.2 E974.85567
G1 X114.3 Y91.2 E975.33129
G1 X114.3 Y108.8 E975.62398
G1 X85.7 Y108.8 E976.0996
G0 F7200 X85.7 Y108.6
G0 X86.118 Y108.382
;MESH:NONMESH
G0 F600 X86.118 Y108.382 Z5.3
G0 F7200 X86.4 Y108.1
;TIME_ELAPSED:2013.865051
;LAYER:50
;TYPE:WALL-INNER
;MESH:drax_photo_base.stl
G1 F3000 X113.6 Y108.1 E976.55194
G1 X113.6 Y91.9 E976.82135
G1 X86.4 Y91.9 E977.27369
G1 X86.4 Y108.1 E977.54309
G0 F7200 X86.33 Y108.17
G0 X113.6 Y108.3
G0 X113.6 Y108.4
G1 F3000 X86.4 Y108.4 E977.88235
G1 X86.1 Y108.4 E977.88734
G1 X86.1 Y108.1 E977.89233
G1 X86.1 Y91.9 E978.09438
G1 X86.1 Y91.6 E978.09937
G1 X86.4 Y91.6 E978.10436
G1 X113.6 Y91.6 E978.44361
G1 X113.9 Y91.6 E978.4486
G1 X113.9 Y91.9 E978.45359
G1 X113.9 Y108.1 E978.65565
G1 X113.9 Y108.4 E978.66063
G1 X113.6 Y108.4 E978.66562
G0 F7200 X113.6 Y108.3
G0 X86.372 Y108.128
G0 X86.8 Y107.7
;TYPE:WALL-OUTER
G1 F1500 X113.2 Y107.7 E979.10466
G1 X113.2 Y92.3 E979.36076
G1 X86.8 Y92.3 E979.79979
G1 X86.8 Y107.7 E980.0559
G0 F7200 X87 Y107.7
G0 X87 Y108.2
G0 X86.17 Y108.33
G0 X85.7 Y108.8
G1 F1500 X85.7 Y91.2 E980.34859
G1 X114.3 Y91.2 E980.82421
G1 X114.3 Y108.8 E981.1169
G1 X85.7 Y108.8 E981.59252
G0 F7200 X85.7 Y108.6
G0 X86.118 Y108.382
;MESH:NONMESH
G0 F600 X86.118 Y108.382 Z5.4
G0 F7200 X86.4 Y108.1
;TIME_ELAPSED:2025.180801
;LAYER:51
;TYPE:WALL-INNER
;MESH:drax_photo_base.stl
G1 F3000 X113.6 Y108.1 E982.04485
G1 X113.6 Y91.9 E982.31426
G1 X86.4 Y91.9 E982.7666
G1 X86.4 Y108.1 E983.03601
G0 F7200 X86.33 Y108.17
G0 X113.6 Y108.3
G0 X113.6 Y108.4
G1 F3000 X86.4 Y108.4 E983.37526
G1 X86.1 Y108.4 E983.38025
G1 X86.1 Y108.1 E983.38524
G1 X86.1 Y91.9 E983.58729
G1 X86.1 Y91.6 E983.59228
G1 X86.4 Y91.6 E983.59727
G1 X113.6 Y91.6 E983.93652
G1 X113.9 Y91.6 E983.94151
G1 X113.9 Y91.9 E983.9465
G1 X113.9 Y108.1 E984.14856
G1 X113.9 Y108.4 E984.15355
G1 X113.6 Y108.4 E984.15853
G0 F7200 X113.6 Y108.3
G0 X86.372 Y108.128
G0 X86.8 Y107.7
;TYPE:WALL-OUTER
G1 F1500 X113.2 Y107.7 E984.59757
G1 X113.2 Y92.3 E984.85367
G1 X86.8 Y92.3 E985.29271
G1 X86.8 Y107.7 E985.54881
G0 F7200 X87 Y107.7
G0 X87 Y108.2
G0 X86.17 Y108.33
G0 X85.7 Y108.8
G1 F1500 X85.7 Y91.2 E985.8415
G1 X114.3 Y91.2 E986.31712
G1 X114.3 Y108.8 E986.60981
G1 X85.7 Y108.8 E987.08543
G0 F7200 X85.7 Y108.6
G0 X86.118 Y108.382
;MESH:NONMESH
G0 F600 X86.118 Y108.382 Z5.5
G0 F7200 X86.4 Y108.1
;TIME_ELAPSED:2036.496552
;LAYER:52
;TYPE:WALL-INNER
;MESH:drax_photo_base.stl
G1 F3000 X113.6 Y108.1 E987.53776
G1 X113.6 Y91.9 E987.80717
G1 X86.4 Y91.9 E988.25951
G1 X86.4 Y108.1 E988.52892
G0 F7200 X86.33 Y108.17
G0 X113.6 Y108.3
G0 X113.6 Y108.4
G1 F3000 X86.4 Y108.4 E988.86817
G1 X86.1 Y108.4 E988.87316
G1 X86.1 Y108.1 E988.87815
G1 X86.1 Y91.9 E989.0802
G1 X86.1 Y91.6 E989.08519
G1 X86.4 Y91.6 E989.09018
G1 X113.6 Y91.6 E989.42943
G1 X113.9 Y91.6 E989.43442
G1 X113.9 Y91.9 E989.43941
G1 X113.9 Y108.1 E989.64147
G1 X113.9 Y108.4 E989.64646
G1 X113.6 Y108.4 E989.65145
G0 F7200 X113.6 Y108.3
G0 X86.372 Y108.128
G0 X86.8 Y107.7
;TYPE:WALL-OUTER
G1 F1500 X113.2 Y107.7 E990.09048
G1 X113.2 Y92.3 E990.34658
G1 X86.8 Y92.3 E990.78562
G1 X86.8 Y107.7 E991.04172
G0 F7200 X87 Y107.7
G0 X87 Y108.2
G0 X86.17 Y108.33
G0 X85.7 Y108.8
G1 F1500 X85.7 Y91.2 E991.33441
G1 X114.3 Y91.2 E991.81003
G1 X114.3 Y108.8 E992.10272
G1 X85.7 Y108.8 E992.57834
G0 F7200 X85.7 Y108.6
G0 X86.118 Y108.382
;MESH:NONMESH
G0 F600 X86.118 Y108.382 Z5.6
G0 F7200 X86.4 Y108.1
;TIME_ELAPSED:2047.812302
;LAYER:53
;TYPE:WALL-INNER
;MESH:drax_photo_base.stl
G1 F3000 X113.6 Y108.1 E993.03068
G1 X113.6 Y91.9 E993.30008
G1 X86.4 Y91.9 E993.75242
G1 X86.4 Y108.1 E994.02183
G0 F7200 X86.33 Y108.17
G0 X113.6 Y108.3
G0 X113.6 Y108.4
G1 F3000 X86.4 Y108.4 E994.36108
G1 X86.1 Y108.4 E994.36607
G1 X86.1 Y108.1 E994.37106
G1 X86.1 Y91.9 E994.57311
G1 X86.1 Y91.6 E994.5781
G1 X86.4 Y91.6 E994.58309
G1 X113.6 Y91.6 E994.92235
G1 X113.9 Y91.6 E994.92733
G1 X113.9 Y91.9 E994.93232
G1 X113.9 Y108.1 E995.13438
G1 X113.9 Y108.4 E995.13937
G1 X113.6 Y108.4 E995.14436
G0 F7200 X113.6 Y108.3
G0 X86.372 Y108.128
G0 X86.8 Y107.7
;TYPE:WALL-OUTER
G1 F1500 X113.2 Y107.7 E995.58339
G1 X113.2 Y92.3 E995.83949
G1 X86.8 Y92.3 E996.27853
G1 X86.8 Y107.7 E996.53463
G0 F7200 X87 Y107.7
G0 X87 Y108.2
G0 X86.17 Y108.33
G0 X85.7 Y108.8
G1 F1500 X85.7 Y91.2 E996.82732
G1 X114.3 Y91.2 E997.30294
G1 X114.3 Y108.8 E997.59563
G1 X85.7 Y108.8 E998.07125
G0 F7200 X85.7 Y108.6
G0 X86.118 Y108.382
;MESH:NONMESH
G0 F600 X86.118 Y108.382 Z5.7
G0 F7200 X86.4 Y108.1
;TIME_ELAPSED:2059.128052
;LAYER:54
;TYPE:WALL-INNER
;MESH:drax_photo_base.stl
G1 F3000 X113.6 Y108.1 E998.52359
G1 X113.6 Y91.9 E998.79299
G1 X86.4 Y91.9 E999.24533
G1 X86.4 Y108.1 E999.51474
G0 F7200 X86.33 Y108.17
G0 X113.6 Y108.3
G0 X113.6 Y108.4
G1 F3000 X86.4 Y108.4 E999.85399
G1 X86.1 Y108.4 E999.85898
G1 X86.1 Y108.1 E999.86397
G1 X86.1 Y91.9 E1000.06603
G1 X86.1 Y91.6 E1000.07101
G1 X86.4 Y91.6 E1000.076
G1 X113.6 Y91.6 E1000.41526
G1 X113.9 Y91.6 E1000.42025
G1 X113.9 Y91.9 E1000.42524
G1 X113.9 Y108.1 E1000.62729
G1 X113.9 Y108.4 E1000.63228
G1 X113.6 Y108.4 E1000.63727
G0 F7200 X113.6 Y108.3
G0 X86.372 Y108.128
G0 X86.8 Y107.7
;TYPE:WALL-OUTER
G1 F1500 X113.2 Y107.7 E1001.0763
G1 X113.2 Y92.3 E1001.33241
G1 X86.8 Y92.3 E1001.77144
G1 X86.8 Y107.7 E1002.02754
G0 F7200 X87 Y107.7
G0 X87 Y108.2
G0 X86.17 Y108.33
G0 X85.7 Y108.8
G1 F1500 X85.7 Y91.2 E1002.32023
G1 X114.3 Y91.2 E1002.79585
G1 X114.3 Y108.8 E1003.08854
G1 X85.7 Y108.8 E1003.56416
G0 F7200 X85.7 Y108.6
G0 X86.118 Y108.382
;MESH:NONMESH
G0 F600 X86.118 Y108.382 Z5.8
G0 F7200 X86.4 Y108.1
;TIME_ELAPSED:2070.443803
;LAYER:55
;TYPE:WALL-INNER
;MESH:drax_photo_base.stl
G1 F3000 X113.6 Y108.1 E1004.0165
G1 X113.6 Y91.9 E1004.28591
G1 X86.4 Y91.9 E1004.73824
G1 X86.4 Y108.1 E1005.00765
G0 F7200 X86.33 Y108.17
G0 X113.6 Y108.3
G0 X113.6 Y108.4
G1 F3000 X86.4 Y108.4 E1005.3469
G1 X86.1 Y108.4 E1005.35189
G1 X86.1 Y108.1 E1005.35688
G1 X86.1 Y91.9 E1005.55894
G1 X86.1 Y91.6 E1005.56393
G1 X86.4 Y91.6 E1005.56892
G1 X113.6 Y91.6 E1005.90817
G1 X113.9 Y91.6 E1005.91316
G1 X113.9 Y91.9 E1005.91815
G1 X113.9 Y108.1 E1006.1202
G1 X113.9 Y108.4 E1006.12519
G1 X113.6 Y108.4 E1006.13018
G0 F7200 X113.6 Y108.3
G0 X86.372 Y108.128
G0 X86.8 Y107.7
;TYPE:WALL-OUTER
G1 F1500 X113.2 Y107.7 E1006.56921
G1 X113.2 Y92.3 E1006.82532
G1 X86.8 Y92.3 E1007.26435
G1 X86.8 Y107.7 E1007.52045
G0 F7200 X87 Y107.7
G0 X87 Y108.2
G0 X86.17 Y108.33
G0 X85.7 Y108.8
G1 F1500 X85.7 Y91.2 E1007.81314
G1 X114.3 Y91.2 E1008.28876
G1 X114.3 Y108.8 E1008.58145
G1 X85.7 Y108.8 E1009.05707
G0 F7200 X85.7 Y108.6
G0 X86.118 Y108.382
;MESH:NONMESH
G0 F600 X86.118 Y108.382 Z5.9
G0 F7200 X86.4 Y108.1
;TIME_ELAPSED:2081.759553
;LAYER:56
;TYPE:WALL-INNER
;MESH:drax_photo_base.stl
G1 F3000 X113.6 Y108.1 E1009.50941
G1 X113.6 Y91.9 E1009.77882
G1 X86.4 Y91.9 E1010.23115
G1 X86.4 Y108.1 E1010.50056
G0 F7200 X86.33 Y108.17
G0 X113.6 Y108.3
G0 X113.6 Y108.4
G1 F3000 X86.4 Y108.4 E1010.83981
G1 X86.1 Y108.4 E1010.8448
G1 X86.1 Y108.1 E1010.84979
G1 X86.1 Y91.9 E1011.05185
G1 X86.1 Y91.6 E1011.05684
G1 X86.4 Y91.6 E1011.06183
G1 X113.6 Y91.6 E1011.40108
G1 X113.9 Y91.6 E1011.40607
G1 X113.9 Y91.9 E1011.41106
G1 X113.9 Y108.1 E1011.61311
G1 X113.9 Y108.4 E1011.6181
G1 X113.6 Y108.4 E1011.62309
G0 F7200 X113.6 Y108.3
G0 X86.372 Y108.128
G0 X86.8 Y107.7
;TYPE:WALL-OUTER
G1 F1500 X113.2 Y107.7 E1012.06212
G1 X113.2 Y92.3 E1012.31823
G1 X86.8 Y92.3 E1012.75726
G1 X86.8 Y107.7 E1013.01336
G0 F7200 X87 Y107.7
G0 X87 Y108.2
G0 X86.17 Y108.33
G0 X85.7 Y108.8
G1 F1500 X85.7 Y91.2 E1013.30605
G1 X114.3 Y91.2 E1013.78167
G1 X114.3 Y108.8 E1014.07436
G1 X85.7 Y108.8 E1014.54998
G0 F7200 X85.7 Y108.6
G0 X86.118 Y108.382
;MESH:NONMESH
G0 F600 X86.118 Y108.382 Z6
G0 F7200 X86.4 Y108.1
;TIME_ELAPSED:2093.075303
;LAYER:57
;TYPE:WALL-INNER
;MESH:drax_photo_base.stl
G1 F3000 X113.6 Y108.1 E1015.00232
G1 X113.6 Y91.9 E1015.27173
G1 X86.4 Y91.9 E1015.72407
G1 X86.4 Y108.1 E1015.99347
G0 F7200 X86.33 Y108.17
G0 X113.6 Y108.3
G0 X113.6 Y108.4
G1 F3000 X86.4 Y108.4 E1016.33273
G1 X86.1 Y108.4 E1016.33772
G1 X86.1 Y108.1 E1016.3427
G1 X86.1 Y91.9 E1016.54476
G1 X86.1 Y91.6 E1016.54975
G1 X86.4 Y91.6 E1016.55474
G1 X113.6 Y91.6 E1016.89399
G1 X113.9 Y91.6 E1016.89898
G1 X113.9 Y91.9 E1016.90397
G1 X113.9 Y108.1 E1017.10602
G1 X113.9 Y108.4 E1017.11101
G1 X113.6 Y108.4 E1017.116
G0 F7200 X113.6 Y108.3
G0 X86.372 Y108.128
G0 X86.8 Y107.7
;TYPE:WALL-OUTER
G1 F1500 X113.2 Y107.7 E1017.55504
G1 X113.2 Y92.3 E1017.81114
G1 X86.8 Y92.3 E1018.25017
G1 X86.8 Y107.7 E1018.50628
G0 F7200 X87 Y107.7
G0 X87 Y108.2
G0 X86.17 Y108.33
G0 X85.7 Y108.8
G1 F1500 X85.7 Y91.2 E1018.79897
G1 X114.3 Y91.2 E1019.27459
G1 X114.3 Y108.8 E1019.56727
G1 X85.7 Y108.8 E1020.04289
G0 F7200 X85.7 Y108.6
G0 X86.118 Y108.382
;MESH:NONMESH
G0 F600 X86.118 Y108.382 Z6.1
G0 F7200 X86.4 Y108.1
;TIME_ELAPSED:2104.391053
;LAYER:58
;TYPE:WALL-INNER
;MESH:drax_photo_base.stl
G1 F3000 X113.6 Y108.1 E1020.49523
G1 X113.6 Y91.9 E1020.76464
G1 X86.4 Y91.9 E1021.21698
G1 X86.4 Y108.1 E1021.48638
G0 F7200 X86.33 Y108.17
G0 X113.6 Y108.3
G0 X113.6 Y108.4
G1 F3000 X86.4 Y108.4 E1021.82564
G1 X86.1 Y108.4 E1021.83063
G1 X86.1 Y108.1 E1021.83562
G1 X86.1 Y91.9 E1022.03767
G1 X86.1 Y91.6 E1022.04266
G1 X86.4 Y91.6 E1022.04765
G1 X113.6 Y91.6 E1022.3869
G1 X113.9 Y91.6 E1022.39189
G1 X113.9 Y91.9 E1022.39688
G1 X113.9 Y108.1 E1022.59894
G1 X113.9 Y108.4 E1022.60392
G1 X113.6 Y108.4 E1022.60891
G0 F7200 X113.6 Y108.3
G0 X86.372 Y108.128
G0 X86.8 Y107.7
;TYPE:WALL-OUTER
G1 F1500 X113.2 Y107.7 E1023.04795
G1 X113.2 Y92.3 E1023.30405
G1 X86.8 Y92.3 E1023.74308
G1 X86.8 Y107.7 E1023.99919
G0 F7200 X87 Y107.7
G0 X87 Y108.2
G0 X86.17 Y108.33
G0 X85.7 Y108.8
G1 F1500 X85.7 Y91.2 E1024.29188
G1 X114.3 Y91.2 E1024.7675
G1 X114.3 Y108.8 E1025.06019
G1 X85.7 Y108.8 E1025.53581
G0 F7200 X85.7 Y108.6
G0 X86.118 Y108.382
;MESH:NONMESH
G0 F600 X86.118 Y108.382 Z6.2
G0 F7200 X86.4 Y108.1
;TIME_ELAPSED:2115.706804
;LAYER:59
;TYPE:WALL-INNER
;MESH:drax_photo_base.stl
G1 F3000 X113.6 Y108.1 E1025.98814
G1 X113.6 Y91.9 E1026.25755
G1 X86.4 Y91.9 E1026.70989
G1 X86.4 Y108.1 E1026.9793
G0 F7200 X86.33 Y108.17
G0 X113.6 Y108.3
G0 X113.6 Y108.4
G1 F3000 X86.4 Y108.4 E1027.31855
G1 X86.1 Y108.4 E1027.32354
G1 X86.1 Y108.1 E1027.32853
G1 X86.1 Y91.9 E1027.53058
G1 X86.1 Y91.6 E1027.53557
G1 X86.4 Y91.6 E1027.54056
G1 X113.6 Y91.6 E1027.87981
G1 X113.9 Y91.6 E1027.8848
G1 X113.9 Y91.9 E1027.88979
G1 X113.9 Y108.1 E1028.09185
G1 X113.9 Y108.4 E1028.09684
G1 X113.6 Y108.4 E1028.10183
G0 F7200 X113.6 Y108.3
G0 X86.372 Y108.128
G0 X86.8 Y107.7
;TYPE:WALL-OUTER
G1 F1500 X113.2 Y107.7 E1028.54086
G1 X113.2 Y92.3 E1028.79696
G1 X86.8 Y92.3 E1029.236
G1 X86.8 Y107.7 E1029.4921
G0 F7200 X87 Y107.7
G0 X87 Y108.2
G0 X86.17 Y108.33
G0 X85.7 Y108.8
G1 F1500 X85.7 Y91.2 E1029.78479
G1 X114.3 Y91.2 E1030.26041
G1 X114.3 Y108.8 E1030.5531
G1 X85.7 Y108.8 E1031.02872
G0 F7200 X85.7 Y108.6
G0 X86.118 Y108.382
;MESH:NONMESH
G0 F600 X86.118 Y108.382 Z6.3
G0 F7200 X86.4 Y108.1
;TIME_ELAPSED:2127.022554
;LAYER:60
;TYPE:WALL-INNER
;MESH:drax_photo_base.stl
G1 F3000 X113.6 Y108.1 E1031.48105
G1 X113.6 Y91.9 E1031.75046
G1 X86.4 Y91.9 E1032.2028
G1 X86.4 Y108.1 E1032.47221
G0 F7200 X86.33 Y108.17
G0 X113.6 Y108.3
G0 X113.6 Y108.4
G1 F3000 X86.4 Y108.4 E1032.81146
G1 X86.1 Y108.4 E1032.81645
G1 X86.1 Y108.1 E1032.82144
G1 X86.1 Y91.9 E1033.02349
G1 X86.1 Y91.6 E1033.02848
G1 X86.4 Y91.6 E1033.03347
G1 X113.6 Y91.6 E1033.37272
G1 X113.9 Y91.6 E1033.37771
G1 X113.9 Y91.9 E1033.3827
G1 X113.9 Y108.1 E1033.58476
G1 X113.9 Y108.4 E1033.58975
G1 X113.6 Y108.4 E1033.59474
G0 F7200 X113.6 Y108.3
G0 X86.372 Y108.128
G0 X86.8 Y107.7
;TYPE:WALL-OUTER
G1 F1500 X113.2 Y107.7 E1034.03377
G1 X113.2 Y92.3 E1034.28987
G1 X86.8 Y92.3 E1034.72891
G1 X86.8 Y107.7 E1034.98501
G0 F7200 X87 Y107.7
G0 X87 Y108.2
G0 X86.17 Y108.33
G0 X85.7 Y108.8
G1 F1500 X85.7 Y91.2 E1035.2777
G1 X114.3 Y91.2 E1035.75332
G1 X114.3 Y108.8 E1036.04601
G1 X85.7 Y108.8 E1036.52163
G0 F7200 X85.7 Y108.6
G0 X86.118 Y108.382
;TIME_ELAPSED:2138.278593
G1 F1500 E1030.02163
M140 S0
M107
M104 S0
M140 S0
;Retract the filament
G92 E1
G1 E-1 F300
G28 X0 Y0
M84
M82 ;absolute extrusion mode
M104 S0
;End of Gcode
;SETTING_3 {"global_quality": "[general]\\nversion = 4\\nname = Fine #2\\ndefini
;SETTING_3 tion = custom\\n\\n[metadata]\\ntype = quality_changes\\nquality_type
;SETTING_3  = normal\\n\\n[values]\\nadhesion_type = skirt\\nmaterial_bed_temper
;SETTING_3 ature = 70\\n\\n", "extruder_quality": ["[general]\\nversion = 4\\nna
;SETTING_3 me = Fine #2\\ndefinition = custom\\n\\n[metadata]\\nposition = 0\\nt
;SETTING_3 ype = quality_changes\\nquality_type = normal\\n\\n[values]\\nbottom_
;SETTING_3 thickness = =top_bottom_thickness\\ninfill_sparse_density = 30\\nmate
;SETTING_3 rial_print_temperature = 190\\nspeed_print = 50\\n\\n", "[general]\\n
;SETTING_3 version = 4\\nname = Fine #2\\ndefinition = fdmprinter\\n\\n[metadata
;SETTING_3 ]\\nposition = 1\\ntype = quality_changes\\nquality_type = normal\\n\
;SETTING_3 \n[values]\\n\\n", "[general]\\nversion = 4\\nname = Fine #2\\ndefini
;SETTING_3 tion = fdmprinter\\n\\n[metadata]\\nposition = 2\\ntype = quality_cha
;SETTING_3 nges\\nquality_type = normal\\n\\n[values]\\n\\n", "[general]\\nversi
;SETTING_3 on = 4\\nname = Fine #2\\ndefinition = fdmprinter\\n\\n[metadata]\\np
;SETTING_3 osition = 3\\ntype = quality_changes\\nquality_type = normal\\n\\n[va
;SETTING_3 lues]\\n\\n", "[general]\\nversion = 4\\nname = Fine #2\\ndefinition 
;SETTING_3 = fdmprinter\\n\\n[metadata]\\nposition = 4\\ntype = quality_changes\
;SETTING_3 \nquality_type = normal\\n\\n[values]\\n\\n", "[general]\\nversion = 
;SETTING_3 4\\nname = Fine #2\\ndefinition = fdmprinter\\n\\n[metadata]\\npositi
;SETTING_3 on = 5\\ntype = quality_changes\\nquality_type = normal\\n\\n[values]
;SETTING_3 \\n\\n", "[general]\\nversion = 4\\nname = Fine #2\\ndefinition = fdm
;SETTING_3 printer\\n\\n[metadata]\\nposition = 6\\ntype = quality_changes\\nqua
;SETTING_3 lity_type = normal\\n\\n[values]\\n\\n", "[general]\\nversion = 4\\nn
;SETTING_3 ame = Fine #2\\ndefinition = fdmprinter\\n\\n[metadata]\\nposition = 
;SETTING_3 7\\ntype = quality_changes\\nquality_type = normal\\n\\n[values]\\n\\
;SETTING_3 n"]}
